Invoice_ID,PO_ID,Supplier_ID,Invoice_Date,Receipt_Date,Due_Date,Invoice_Amount_INR,Currency,Exchange_Rate_to_INR,Payment_Status,Paid_Date,Matching_Status,Invoice_Approval_Status
INV000001,PO000001,S0123,2025-10-22,2025-11-27,2026-01-11,29087465.92,INR,1.0,Paid,2026-01-06,Three-Way Match,Approved
INV000002,PO000002,S0045,2025-06-11,2025-06-26,2025-09-24,17115124.14,INR,1.0,Pending,,Manual Review,Pending
INV000003,PO000003,S0053,2025-06-06,2025-06-18,2025-08-17,52336400.51,INR,1.0,Paid,2025-08-15,Three-Way Match,Approved
INV000004,PO000004,S0018,2025-07-02,2025-07-18,2025-09-01,5524050.12,INR,1.0,Overdue,,Three-Way Match,Approved
INV000005,PO000005,S0023,2025-07-28,2025-08-07,2025-09-21,26987299.57,INR,1.0,Pending,,Three-Way Match,Approved
INV000006,PO000006,S0065,2025-06-18,2025-06-30,2025-07-30,7275950.86,INR,1.0,Paid,2025-07-22,Three-Way Match,Approved
INV000007,PO000007,S0054,2025-04-13,2025-05-04,2025-06-18,25724980.19,INR,1.0,Paid,2025-06-08,Manual Review,Approved
INV000008,PO000008,S0099,2025-01-24,2025-02-12,2025-03-29,50409512.26,INR,1.0,Paid,2025-03-20,Three-Way Match,Pending
INV000009,PO000009,S0056,2025-04-10,2025-05-07,2025-08-05,1156616.39,INR,1.0,Paid,2025-07-31,Three-Way Match,Approved
INV000010,PO000010,S0005,2025-06-22,2025-07-07,2025-08-21,1497965.25,INR,1.0,Paid,2025-08-17,Three-Way Match,Pending
INV000011,PO000011,S0003,2025-10-26,2025-11-07,2026-02-05,15124740.52,INR,1.0,Paid,2026-02-05,Manual Review,Approved
INV000012,PO000012,S0053,2025-07-17,2025-07-30,2025-10-28,30588794.67,INR,1.0,Paid,2025-10-18,Manual Review,Pending
INV000013,PO000013,S0019,2025-11-15,2025-12-23,2026-01-22,61966863.26,INR,1.0,Paid,2026-01-15,Manual Review,Approved
INV000014,PO000014,S0003,2025-01-27,2025-02-21,2025-03-23,35931138.04,INR,1.0,Paid,2025-03-21,Three-Way Match,Pending
INV000015,PO000015,S0113,2026-02-19,2026-03-03,2026-04-02,65128120.28,INR,1.0,Overdue,,Three-Way Match,Approved
INV000016,PO000016,S0111,2025-06-16,2025-07-04,2025-08-03,32288736.7,INR,1.0,Paid,2025-08-02,Three-Way Match,Approved
INV000017,PO000017,S0045,2025-03-22,2025-04-05,2025-05-20,9096621.56,INR,1.0,Pending,,Three-Way Match,Pending
INV000018,PO000018,S0062,2025-10-14,2025-10-27,2025-11-26,25736524.25,INR,1.0,Paid,2025-11-20,Three-Way Match,Pending
INV000019,PO000019,S0091,2025-04-03,2025-04-23,2025-07-22,92020201.55,INR,1.0,Pending,,Manual Review,Pending
INV000020,PO000020,S0103,2025-07-01,2025-07-26,2025-09-24,16969405.57,INR,1.0,Paid,2025-09-19,Three-Way Match,Approved
INV000021,PO000021,S0119,2026-04-09,2026-04-15,2026-07-14,43823966.48,INR,1.0,Pending,,Manual Review,Approved
INV000022,PO000022,S0027,2025-11-06,2025-11-16,2025-12-31,10458017.53,INR,1.0,Overdue,,Three-Way Match,Pending
INV000023,PO000023,S0020,2025-02-28,2025-04-03,2025-07-02,20554938.0,INR,1.0,Pending,,Three-Way Match,Approved
INV000024,PO000024,S0054,2026-04-26,2026-05-20,2026-06-19,16059294.45,INR,1.0,Partially Paid,,Three-Way Match,Pending
INV000025,PO000025,S0122,2026-03-18,2026-03-29,2026-04-28,72069260.4,INR,1.0,Paid,2026-04-19,Three-Way Match,Approved
INV000026,PO000026,S0076,2025-03-16,2025-04-12,2025-05-12,4354715.78,INR,1.0,Paid,2025-05-02,Three-Way Match,Approved
INV000027,PO000027,S0082,2025-12-04,2025-12-20,2026-01-19,4858600.71,INR,1.0,Pending,,Three-Way Match,Approved
INV000028,PO000028,S0036,2026-07-01,2026-07-26,2026-09-09,48969583.75,INR,1.0,Partially Paid,,Three-Way Match,Approved
INV000029,PO000029,S0039,2025-05-19,2025-06-15,2025-09-13,48288755.12,INR,1.0,Paid,2025-09-06,Three-Way Match,Approved
INV000030,PO000030,S0109,2025-08-04,2025-08-28,2025-11-26,6164461.47,INR,1.0,Paid,2025-11-23,Three-Way Match,Approved
INV000031,PO000031,S0028,2025-02-01,2025-02-15,2025-03-17,33860954.19,INR,1.0,Paid,2025-03-14,Manual Review,Approved
INV000032,PO000032,S0040,2026-06-16,2026-07-02,2026-09-30,9008304.22,INR,1.0,Overdue,,Three-Way Match,Pending
INV000033,PO000033,S0090,2025-05-20,2025-06-13,2025-09-11,24650997.75,INR,1.0,Paid,2025-09-06,Manual Review,Approved
INV000034,PO000034,S0002,2025-12-28,2026-01-12,2026-03-13,8095240.55,INR,1.0,Paid,2026-03-09,Three-Way Match,Approved
INV000035,PO000035,S0035,2025-10-25,2025-11-06,2025-12-06,16664808.2,INR,1.0,Paid,2025-11-28,Three-Way Match,Approved
INV000036,PO000036,S0004,2025-11-18,2025-12-15,2026-03-15,50537617.46,INR,1.0,Paid,2026-03-08,Manual Review,Approved
INV000037,PO000037,S0036,2025-06-17,2025-07-08,2025-09-06,4617813.31,INR,1.0,Paid,2025-08-27,Three-Way Match,Approved
INV000038,PO000038,S0119,2025-06-17,2025-06-28,2025-08-27,35909639.82,INR,1.0,Paid,2025-08-17,Three-Way Match,Approved
INV000039,PO000039,S0072,2025-05-29,2025-06-27,2025-08-11,32112728.32,INR,1.0,Overdue,,Three-Way Match,Approved
INV000040,PO000040,S0109,2025-03-25,2025-04-23,2025-05-23,35709068.36,INR,1.0,Paid,2025-05-23,Three-Way Match,Approved
INV000041,PO000041,S0063,2026-06-06,2026-06-22,2026-07-22,25814374.42,INR,1.0,Paid,2026-07-19,Three-Way Match,Approved
INV000042,PO000042,S0073,2025-12-24,2025-12-29,2026-02-27,18638394.75,INR,1.0,Paid,2026-02-24,Three-Way Match,Approved
INV000043,PO000043,S0026,2025-12-07,2025-12-24,2026-03-24,26255758.87,INR,1.0,Paid,2026-03-19,Three-Way Match,Approved
INV000044,PO000044,S0110,2025-08-04,2025-08-19,2025-09-18,30277406.28,INR,1.0,Pending,,Three-Way Match,Pending
INV000045,PO000045,S0001,2025-11-22,2025-12-04,2026-03-04,36001262.77,INR,1.0,Overdue,,Three-Way Match,Pending
INV000046,PO000046,S0093,2025-06-11,2025-06-22,2025-08-21,30373968.46,INR,1.0,Overdue,,Three-Way Match,Approved
INV000047,PO000047,S0002,2025-04-21,2025-05-20,2025-08-18,62507686.77,INR,1.0,Partially Paid,,Three-Way Match,Approved
INV000048,PO000048,S0118,2025-10-26,2025-11-29,2026-01-13,11308400.34,INR,1.0,Paid,2026-01-09,Three-Way Match,Approved
INV000049,PO000049,S0116,2025-01-17,2025-02-09,2025-03-11,30826960.15,INR,1.0,Paid,2025-03-08,Three-Way Match,Approved
INV000050,PO000050,S0010,2025-07-24,2025-08-22,2025-10-21,19616880.08,INR,1.0,Paid,2025-10-18,Three-Way Match,Pending
INV000051,PO000051,S0112,2026-01-04,2026-02-08,2026-05-09,11457737.78,INR,1.0,Paid,2026-05-06,Three-Way Match,Pending
INV000052,PO000052,S0107,2025-06-02,2025-07-02,2025-08-31,9276908.48,INR,1.0,Paid,2025-08-30,Manual Review,Pending
INV000053,PO000053,S0039,2025-05-27,2025-06-17,2025-09-15,75283241.39,INR,1.0,Paid,2025-09-14,Manual Review,Approved
INV000054,PO000054,S0040,2025-01-06,2025-01-21,2025-02-20,1094548.22,INR,1.0,Paid,2025-02-19,Three-Way Match,Pending
INV000055,PO000055,S0098,2026-03-02,2026-03-19,2026-06-17,7919638.38,INR,1.0,Paid,2026-06-11,Manual Review,Approved
INV000056,PO000056,S0004,2025-03-03,2025-03-25,2025-05-09,3624808.39,INR,1.0,Paid,2025-05-08,Three-Way Match,Approved
INV000057,PO000057,S0103,2025-03-26,2025-04-23,2025-05-23,66292411.87,INR,1.0,Paid,2025-05-20,Three-Way Match,Approved
INV000058,PO000058,S0080,2025-01-29,2025-02-21,2025-04-22,42823848.0,INR,1.0,Pending,,Three-Way Match,Approved
INV000059,PO000059,S0035,2025-01-25,2025-02-03,2025-03-20,949622.79,INR,1.0,Pending,,Manual Review,Approved
INV000060,PO000060,S0029,2025-12-23,2026-01-21,2026-04-21,45054394.83,INR,1.0,Paid,2026-04-17,Three-Way Match,Approved
INV000061,PO000061,S0118,2026-05-20,2026-06-22,2026-07-22,21336954.53,INR,1.0,Overdue,,Manual Review,Pending
INV000062,PO000062,S0056,2025-05-12,2025-06-18,2025-08-02,40465489.13,INR,1.0,Pending,,Three-Way Match,Approved
INV000063,PO000063,S0113,2026-07-03,2026-07-07,2026-09-05,35724743.14,INR,1.0,Paid,2026-08-27,Manual Review,Approved
INV000064,PO000064,S0079,2025-09-17,2025-10-22,2025-12-21,7395160.24,INR,1.0,Paid,2025-12-18,Three-Way Match,Approved
INV000065,PO000065,S0124,2025-01-06,2025-02-03,2025-03-05,26212521.49,INR,1.0,Paid,2025-03-05,Three-Way Match,Pending
INV000066,PO000066,S0058,2025-12-13,2026-01-15,2026-03-01,25670475.19,INR,1.0,Paid,2026-03-01,Three-Way Match,Approved
INV000067,PO000067,S0117,2025-06-07,2025-07-09,2025-08-23,9141350.38,INR,1.0,Paid,2025-08-21,Three-Way Match,Approved
INV000068,PO000068,S0003,2026-03-25,2026-04-08,2026-05-08,38773791.23,INR,1.0,Partially Paid,,Three-Way Match,Approved
INV000069,PO000069,S0077,2025-10-06,2025-10-27,2025-11-26,28758640.93,INR,1.0,Paid,2025-11-26,Three-Way Match,Pending
INV000070,PO000070,S0024,2026-06-02,2026-07-01,2026-08-15,33875782.09,INR,1.0,Overdue,,Manual Review,Pending
INV000071,PO000071,S0088,2025-10-19,2025-11-23,2026-01-07,45837474.61,INR,1.0,Paid,2025-12-29,Manual Review,Pending
INV000072,PO000072,S0070,2026-06-17,2026-07-16,2026-10-14,14345439.12,INR,1.0,Pending,,Three-Way Match,Approved
INV000073,PO000073,S0062,2025-01-03,2025-01-09,2025-04-09,40146742.34,INR,1.0,Pending,,Three-Way Match,Approved
INV000074,PO000074,S0067,2025-02-14,2025-02-27,2025-03-29,52855117.99,INR,1.0,Overdue,,Three-Way Match,Approved
INV000075,PO000075,S0111,2025-04-02,2025-04-23,2025-06-22,46564577.78,INR,1.0,Paid,2025-06-17,Manual Review,Approved
INV000076,PO000076,S0054,2026-02-19,2026-03-09,2026-06-07,11938496.22,INR,1.0,Paid,2026-05-28,Three-Way Match,Pending
INV000077,PO000077,S0010,2025-04-10,2025-05-05,2025-07-04,36212428.61,INR,1.0,Paid,2025-06-30,Three-Way Match,Pending
INV000078,PO000078,S0108,2025-04-06,2025-05-10,2025-06-24,31823904.2,INR,1.0,Paid,2025-06-21,Three-Way Match,Pending
INV000079,PO000079,S0041,2026-06-10,2026-06-28,2026-09-26,58950413.39,INR,1.0,Paid,2026-09-20,Three-Way Match,Pending
INV000080,PO000080,S0040,2025-03-07,2025-03-17,2025-05-01,17840084.68,INR,1.0,Paid,2025-04-24,Manual Review,Approved
INV000081,PO000081,S0030,2026-05-12,2026-05-28,2026-07-27,83280434.4,INR,1.0,Paid,2026-07-22,Three-Way Match,Approved
INV000082,PO000082,S0079,2025-02-01,2025-03-03,2025-04-17,459908.85,INR,1.0,Paid,2025-04-10,Manual Review,Approved
INV000083,PO000083,S0032,2025-05-15,2025-05-25,2025-07-24,2531809.33,INR,1.0,Paid,2025-07-19,Three-Way Match,Approved
INV000084,PO000084,S0051,2025-11-28,2025-12-12,2026-01-26,11118078.94,INR,1.0,Paid,2026-01-16,Three-Way Match,Approved
INV000085,PO000085,S0043,2026-07-21,2026-08-01,2026-09-30,8136882.02,INR,1.0,Paid,2026-09-20,Three-Way Match,Approved
INV000086,PO000086,S0052,2025-03-03,2025-03-24,2025-05-23,48885196.57,INR,1.0,Paid,2025-05-15,Three-Way Match,Approved
INV000087,PO000087,S0007,2025-10-06,2025-10-27,2025-12-26,6466454.94,INR,1.0,Paid,2025-12-26,Three-Way Match,Pending
INV000088,PO000088,S0107,2025-01-22,2025-02-17,2025-05-18,37929656.46,INR,1.0,Paid,2025-05-12,Manual Review,Approved
INV000089,PO000089,S0032,2026-04-15,2026-04-23,2026-05-23,26944185.37,INR,1.0,Paid,2026-05-14,Three-Way Match,Approved
INV000090,PO000090,S0122,2025-05-12,2025-05-22,2025-07-21,30651163.95,INR,1.0,Paid,2025-07-19,Manual Review,Approved
INV000091,PO000091,S0099,2026-05-28,2026-06-11,2026-07-11,71311378.03,INR,1.0,Paid,2026-07-04,Three-Way Match,Approved
INV000092,PO000092,S0070,2025-04-20,2025-05-21,2025-06-20,1746468.12,INR,1.0,Paid,2025-06-14,Manual Review,Pending
INV000093,PO000093,S0035,2026-01-09,2026-01-22,2026-03-23,16976378.39,INR,1.0,Pending,,Manual Review,Pending
INV000094,PO000094,S0109,2025-09-02,2025-10-05,2025-11-04,23539737.42,INR,1.0,Paid,2025-10-29,Three-Way Match,Approved
INV000095,PO000095,S0078,2025-12-03,2026-01-07,2026-02-21,24214507.62,INR,1.0,Pending,,Three-Way Match,Pending
INV000096,PO000096,S0031,2025-03-15,2025-04-24,2025-05-24,37172382.17,INR,1.0,Paid,2025-05-24,Manual Review,Pending
INV000097,PO000097,S0077,2025-04-30,2025-06-12,2025-08-11,1411941.02,INR,1.0,Paid,2025-08-04,Three-Way Match,Pending
INV000098,PO000098,S0031,2025-10-31,2025-11-22,2025-12-22,9174568.43,INR,1.0,Paid,2025-12-19,Three-Way Match,Approved
INV000099,PO000099,S0003,2026-02-26,2026-03-13,2026-04-27,2051937.6,INR,1.0,Overdue,,Three-Way Match,Pending
INV000100,PO000100,S0108,2026-02-08,2026-03-18,2026-05-17,70195762.56,INR,1.0,Pending,,Three-Way Match,Approved
INV000101,PO000101,S0042,2026-05-20,2026-06-17,2026-07-17,16908753.65,INR,1.0,Overdue,,Manual Review,Approved
INV000102,PO000102,S0007,2026-03-01,2026-04-02,2026-05-17,5331465.13,INR,1.0,Paid,2026-05-13,Manual Review,Approved
INV000103,PO000103,S0003,2025-08-17,2025-09-09,2025-10-09,29618128.5,INR,1.0,Paid,2025-09-29,Three-Way Match,Approved
INV000104,PO000104,S0028,2025-05-26,2025-06-04,2025-08-03,650190.69,INR,1.0,Paid,2025-07-27,Three-Way Match,Approved
INV000105,PO000105,S0019,2026-01-15,2026-02-17,2026-04-03,28861697.34,INR,1.0,Paid,2026-03-26,Three-Way Match,Approved
INV000106,PO000106,S0068,2025-02-04,2025-02-21,2025-05-22,20181158.85,INR,1.0,Paid,2025-05-15,Three-Way Match,Approved
INV000107,PO000107,S0051,2026-07-19,2026-08-05,2026-09-19,24422909.07,INR,1.0,Paid,2026-09-15,Three-Way Match,Pending
INV000108,PO000108,S0040,2025-04-22,2025-05-12,2025-07-11,85645604.33,INR,1.0,Partially Paid,,Three-Way Match,Approved
INV000109,PO000109,S0054,2025-05-07,2025-05-28,2025-06-27,15243026.53,INR,1.0,Overdue,,Three-Way Match,Approved
INV000110,PO000110,S0060,2025-03-26,2025-04-21,2025-05-21,49245333.14,INR,1.0,Paid,2025-05-20,Three-Way Match,Approved
INV000111,PO000111,S0080,2026-02-27,2026-03-23,2026-05-07,28979838.55,INR,1.0,Pending,,Three-Way Match,Pending
INV000112,PO000112,S0120,2026-05-23,2026-06-21,2026-09-19,27315103.23,INR,1.0,Pending,,Manual Review,Pending
INV000113,PO000113,S0098,2026-04-18,2026-05-04,2026-08-02,36786148.36,INR,1.0,Pending,,Three-Way Match,Approved
INV000114,PO000114,S0076,2025-11-23,2025-12-23,2026-02-21,63194690.37,INR,1.0,Paid,2026-02-11,Three-Way Match,Approved
INV000115,PO000115,S0013,2025-11-05,2025-12-04,2026-03-04,17546999.57,INR,1.0,Paid,2026-03-02,Three-Way Match,Approved
INV000116,PO000116,S0059,2026-05-03,2026-06-09,2026-09-07,6774862.6,INR,1.0,Paid,2026-09-07,Three-Way Match,Approved
INV000117,PO000117,S0047,2026-01-27,2026-02-24,2026-04-25,9596570.4,INR,1.0,Paid,2026-04-24,Manual Review,Approved
INV000118,PO000118,S0002,2025-07-25,2025-08-13,2025-09-12,8145441.75,INR,1.0,Overdue,,Three-Way Match,Pending
INV000119,PO000119,S0065,2025-07-19,2025-07-22,2025-09-05,64537543.02,INR,1.0,Paid,2025-09-03,Three-Way Match,Approved
INV000120,PO000120,S0054,2026-07-23,2026-08-15,2026-10-14,1807540.05,INR,1.0,Paid,2026-10-08,Three-Way Match,Approved
INV000121,PO000121,S0069,2026-02-28,2026-03-10,2026-04-09,15687971.73,INR,1.0,Paid,2026-04-06,Three-Way Match,Approved
INV000122,PO000122,S0002,2025-09-17,2025-10-01,2025-11-30,21532799.28,INR,1.0,Paid,2025-11-27,Manual Review,Approved
INV000123,PO000123,S0097,2025-02-09,2025-03-03,2025-05-02,13530064.43,INR,1.0,Paid,2025-04-22,Manual Review,Approved
INV000124,PO000124,S0014,2025-10-22,2025-11-16,2025-12-16,74729637.9,INR,1.0,Pending,,Three-Way Match,Approved
INV000125,PO000125,S0012,2025-01-20,2025-02-22,2025-03-24,9573383.68,INR,1.0,Paid,2025-03-14,Manual Review,Approved
INV000126,PO000126,S0066,2025-11-30,2026-01-04,2026-02-18,1451177.23,INR,1.0,Paid,2026-02-09,Three-Way Match,Approved
INV000127,PO000127,S0062,2026-06-08,2026-06-23,2026-08-07,1560115.13,INR,1.0,Pending,,Manual Review,Approved
INV000128,PO000128,S0019,2026-07-28,2026-09-01,2026-11-30,5885696.46,INR,1.0,Paid,2026-11-25,Three-Way Match,Approved
INV000129,PO000129,S0028,2025-10-24,2025-11-02,2026-01-31,17278378.84,INR,1.0,Paid,2026-01-24,Three-Way Match,Approved
INV000130,PO000130,S0066,2025-06-13,2025-07-17,2025-10-15,61827560.97,INR,1.0,Pending,,Three-Way Match,Approved
INV000131,PO000131,S0006,2025-05-31,2025-06-14,2025-07-29,49265053.83,INR,1.0,Partially Paid,,Manual Review,Approved
INV000132,PO000132,S0107,2025-08-22,2025-09-25,2025-11-09,30775239.15,INR,1.0,Paid,2025-11-02,Three-Way Match,Approved
INV000133,PO000133,S0110,2025-10-21,2025-11-02,2025-12-17,53952116.0,INR,1.0,Paid,2025-12-10,Three-Way Match,Approved
INV000134,PO000134,S0081,2026-04-23,2026-05-08,2026-07-07,10020527.6,INR,1.0,Paid,2026-07-04,Three-Way Match,Approved
INV000135,PO000135,S0072,2025-12-17,2026-01-15,2026-03-16,90836627.16,INR,1.0,Pending,,Three-Way Match,Approved
INV000136,PO000136,S0090,2025-05-29,2025-06-14,2025-09-12,20914622.91,INR,1.0,Pending,,Three-Way Match,Approved
INV000137,PO000137,S0004,2026-07-18,2026-07-28,2026-09-11,20022557.83,INR,1.0,Paid,2026-09-05,Three-Way Match,Approved
INV000138,PO000138,S0026,2026-02-05,2026-03-02,2026-05-31,4688088.86,INR,1.0,Paid,2026-05-21,Three-Way Match,Pending
INV000139,PO000139,S0117,2025-08-26,2025-09-25,2025-12-24,5669204.83,INR,1.0,Paid,2025-12-16,Manual Review,Pending
INV000140,PO000140,S0035,2025-07-09,2025-07-15,2025-10-13,1849671.52,INR,1.0,Paid,2025-10-06,Manual Review,Approved
INV000141,PO000141,S0073,2025-05-11,2025-05-20,2025-07-19,16044148.48,INR,1.0,Paid,2025-07-13,Three-Way Match,Pending
INV000142,PO000142,S0105,2026-03-11,2026-03-23,2026-06-21,53299431.75,INR,1.0,Paid,2026-06-11,Three-Way Match,Approved
INV000143,PO000143,S0083,2025-08-08,2025-09-01,2025-11-30,6418499.87,INR,1.0,Paid,2025-11-24,Three-Way Match,Approved
INV000144,PO000144,S0098,2026-04-20,2026-05-05,2026-06-04,6175164.18,INR,1.0,Pending,,Three-Way Match,Approved
INV000145,PO000145,S0007,2026-02-26,2026-03-26,2026-05-25,18510243.26,INR,1.0,Paid,2026-05-24,Three-Way Match,Approved
INV000146,PO000146,S0035,2025-08-06,2025-08-19,2025-09-18,7217444.05,INR,1.0,Paid,2025-09-11,Three-Way Match,Approved
INV000147,PO000147,S0048,2025-08-14,2025-08-27,2025-10-26,8103303.46,INR,1.0,Pending,,Three-Way Match,Pending
INV000148,PO000148,S0115,2025-06-25,2025-07-23,2025-09-21,18920035.74,INR,1.0,Paid,2025-09-19,Manual Review,Pending
INV000149,PO000149,S0039,2026-07-15,2026-08-01,2026-10-30,12856594.67,INR,1.0,Paid,2026-10-27,Three-Way Match,Pending
INV000150,PO000150,S0052,2025-03-06,2025-03-30,2025-04-29,29195310.31,INR,1.0,Paid,2025-04-26,Manual Review,Approved
INV000151,PO000151,S0013,2025-10-03,2025-10-29,2025-11-28,36677579.04,INR,1.0,Paid,2025-11-28,Three-Way Match,Pending
INV000152,PO000152,S0070,2026-01-10,2026-02-08,2026-04-09,36231430.43,INR,1.0,Paid,2026-04-05,Manual Review,Approved
INV000153,PO000153,S0099,2025-01-09,2025-01-25,2025-02-24,67326183.78,INR,1.0,Pending,,Manual Review,Approved
INV000154,PO000154,S0071,2025-08-04,2025-09-02,2025-11-01,47657409.94,INR,1.0,Paid,2025-11-01,Three-Way Match,Approved
INV000155,PO000155,S0039,2026-03-03,2026-04-01,2026-06-30,28992579.2,INR,1.0,Partially Paid,,Manual Review,Approved
INV000156,PO000156,S0097,2025-08-27,2025-09-18,2025-11-02,25516935.12,INR,1.0,Paid,2025-10-29,Three-Way Match,Approved
INV000157,PO000157,S0082,2026-01-02,2026-01-10,2026-04-10,3957424.98,INR,1.0,Pending,,Three-Way Match,Approved
INV000158,PO000158,S0097,2025-06-30,2025-07-14,2025-09-12,16385157.71,INR,1.0,Partially Paid,,Manual Review,Approved
INV000159,PO000159,S0021,2026-05-09,2026-05-25,2026-07-24,90979461.06,INR,1.0,Paid,2026-07-16,Three-Way Match,Approved
INV000160,PO000160,S0005,2025-03-26,2025-04-07,2025-05-22,29804947.66,INR,1.0,Pending,,Three-Way Match,Pending
INV000161,PO000161,S0064,2025-01-03,2025-01-27,2025-02-26,18629110.71,INR,1.0,Paid,2025-02-18,Three-Way Match,Approved
INV000162,PO000162,S0107,2025-08-25,2025-09-25,2025-10-25,9524903.53,INR,1.0,Partially Paid,,Three-Way Match,Approved
INV000163,PO000163,S0080,2026-05-29,2026-06-28,2026-08-12,23296115.52,INR,1.0,Paid,2026-08-07,Three-Way Match,Approved
INV000164,PO000164,S0046,2025-02-25,2025-03-29,2025-06-27,9791757.36,INR,1.0,Pending,,Three-Way Match,Pending
INV000165,PO000165,S0055,2025-09-06,2025-09-30,2025-11-29,7659122.36,INR,1.0,Paid,2025-11-23,Three-Way Match,Approved
INV000166,PO000166,S0088,2025-05-05,2025-05-31,2025-07-15,26099108.3,INR,1.0,Paid,2025-07-07,Three-Way Match,Approved
INV000167,PO000167,S0112,2025-09-26,2025-10-29,2025-12-13,62917432.25,INR,1.0,Paid,2025-12-04,Three-Way Match,Pending
INV000168,PO000168,S0018,2025-11-16,2025-11-28,2025-12-28,88114661.52,INR,1.0,Pending,,Manual Review,Approved
INV000169,PO000169,S0090,2026-06-13,2026-06-29,2026-07-29,58974380.87,INR,1.0,Partially Paid,,Three-Way Match,Pending
INV000170,PO000170,S0080,2025-02-28,2025-03-25,2025-06-23,384981.31,INR,1.0,Paid,2025-06-13,Manual Review,Pending
INV000171,PO000171,S0078,2025-11-16,2025-12-09,2026-01-08,19515015.83,INR,1.0,Paid,2026-01-01,Manual Review,Approved
INV000172,PO000172,S0010,2026-06-28,2026-07-21,2026-10-19,21003050.27,INR,1.0,Paid,2026-10-15,Three-Way Match,Approved
INV000173,PO000173,S0077,2026-07-27,2026-08-17,2026-10-16,79617537.88,INR,1.0,Pending,,Three-Way Match,Approved
INV000174,PO000174,S0062,2025-04-28,2025-05-01,2025-06-30,48346800.24,INR,1.0,Paid,2025-06-28,Three-Way Match,Approved
INV000175,PO000175,S0039,2025-07-30,2025-08-17,2025-10-16,6297074.72,INR,1.0,Paid,2025-10-16,Manual Review,Approved
INV000176,PO000176,S0109,2025-09-30,2025-10-28,2025-11-27,496159.07,INR,1.0,Paid,2025-11-22,Three-Way Match,Approved
INV000177,PO000177,S0032,2025-06-05,2025-06-11,2025-07-26,55818031.88,INR,1.0,Paid,2025-07-17,Three-Way Match,Approved
INV000178,PO000178,S0006,2026-01-16,2026-01-23,2026-04-23,63640122.12,INR,1.0,Paid,2026-04-19,Three-Way Match,Pending
INV000179,PO000179,S0037,2026-03-14,2026-04-17,2026-06-16,11342647.17,INR,1.0,Pending,,Three-Way Match,Pending
INV000180,PO000180,S0078,2026-06-13,2026-07-12,2026-10-10,3924151.88,INR,1.0,Paid,2026-10-04,Manual Review,Pending
INV000181,PO000181,S0078,2026-02-27,2026-03-22,2026-04-21,36790744.98,INR,1.0,Partially Paid,,Three-Way Match,Approved
INV000182,PO000182,S0108,2025-12-29,2026-02-05,2026-04-06,62557071.13,INR,1.0,Paid,2026-03-31,Three-Way Match,Approved
INV000183,PO000183,S0004,2026-04-22,2026-05-07,2026-06-21,2517628.51,INR,1.0,Paid,2026-06-20,Manual Review,Approved
INV000184,PO000184,S0019,2026-07-07,2026-08-13,2026-09-27,51047134.16,INR,1.0,Paid,2026-09-18,Three-Way Match,Approved
INV000185,PO000185,S0007,2025-11-23,2025-12-20,2026-02-18,13651553.23,INR,1.0,Paid,2026-02-16,Three-Way Match,Approved
INV000186,PO000186,S0121,2026-05-25,2026-06-15,2026-08-14,31862429.86,INR,1.0,Paid,2026-08-08,Manual Review,Approved
INV000187,PO000187,S0081,2025-10-07,2025-10-18,2025-12-17,22820241.76,INR,1.0,Paid,2025-12-14,Three-Way Match,Pending
INV000188,PO000188,S0068,2025-08-22,2025-09-15,2025-10-30,10208047.31,INR,1.0,Pending,,Three-Way Match,Pending
INV000189,PO000189,S0043,2025-12-31,2026-01-16,2026-04-16,41829932.95,INR,1.0,Overdue,,Three-Way Match,Approved
INV000190,PO000190,S0051,2026-05-27,2026-06-13,2026-09-11,18633645.63,INR,1.0,Paid,2026-09-11,Manual Review,Pending
INV000191,PO000191,S0003,2026-02-26,2026-03-13,2026-05-12,5491645.25,INR,1.0,Paid,2026-05-06,Manual Review,Approved
INV000192,PO000192,S0106,2025-09-06,2025-09-11,2025-11-10,5468090.05,INR,1.0,Paid,2025-11-01,Three-Way Match,Pending
INV000193,PO000193,S0011,2026-01-12,2026-02-11,2026-03-13,24064145.2,INR,1.0,Pending,,Three-Way Match,Pending
INV000194,PO000194,S0050,2026-04-27,2026-05-15,2026-06-29,32982753.53,INR,1.0,Paid,2026-06-25,Three-Way Match,Approved
INV000195,PO000195,S0113,2026-02-22,2026-03-08,2026-04-22,27826786.38,INR,1.0,Paid,2026-04-18,Three-Way Match,Approved
INV000196,PO000196,S0048,2025-03-07,2025-03-29,2025-04-28,20539800.31,INR,1.0,Paid,2025-04-22,Manual Review,Approved
INV000197,PO000197,S0084,2026-03-30,2026-05-05,2026-08-03,27301897.63,INR,1.0,Overdue,,Three-Way Match,Pending
INV000198,PO000198,S0001,2026-04-05,2026-04-22,2026-05-22,20610837.62,INR,1.0,Pending,,Three-Way Match,Pending
INV000199,PO000199,S0059,2025-02-20,2025-03-19,2025-05-18,54477544.2,INR,1.0,Overdue,,Three-Way Match,Approved
INV000200,PO000200,S0056,2025-05-16,2025-06-15,2025-09-13,53010193.06,INR,1.0,Paid,2025-09-09,Manual Review,Approved
INV000201,PO000201,S0090,2025-06-14,2025-07-01,2025-08-30,19570529.36,INR,1.0,Paid,2025-08-23,Three-Way Match,Approved
INV000202,PO000202,S0053,2026-02-23,2026-03-09,2026-04-23,15114396.02,INR,1.0,Paid,2026-04-17,Manual Review,Approved
INV000203,PO000203,S0066,2026-01-21,2026-02-24,2026-04-25,50712982.13,INR,1.0,Paid,2026-04-22,Manual Review,Approved
INV000204,PO000204,S0058,2026-05-19,2026-06-26,2026-08-10,29470788.4,INR,1.0,Paid,2026-08-01,Manual Review,Approved
INV000205,PO000205,S0105,2026-06-30,2026-07-12,2026-09-10,11256725.29,INR,1.0,Paid,2026-09-06,Manual Review,Pending
INV000206,PO000206,S0071,2026-07-30,2026-09-02,2026-12-01,5182959.06,INR,1.0,Paid,2026-11-22,Manual Review,Approved
INV000207,PO000207,S0054,2026-08-01,2026-08-19,2026-10-03,77015924.24,INR,1.0,Paid,2026-09-30,Three-Way Match,Pending
INV000208,PO000208,S0018,2026-08-04,2026-08-20,2026-11-18,1533480.09,INR,1.0,Partially Paid,,Three-Way Match,Approved
INV000209,PO000209,S0031,2025-09-02,2025-10-01,2025-11-15,12136242.96,INR,1.0,Pending,,Three-Way Match,Approved
INV000210,PO000210,S0100,2025-10-20,2025-11-29,2025-12-29,9100632.61,INR,1.0,Overdue,,Manual Review,Pending
INV000211,PO000211,S0015,2026-07-03,2026-07-17,2026-08-16,59487479.51,INR,1.0,Overdue,,Manual Review,Pending
INV000212,PO000212,S0125,2025-09-09,2025-10-08,2026-01-06,8802052.54,INR,1.0,Overdue,,Three-Way Match,Pending
INV000213,PO000213,S0094,2025-03-20,2025-04-22,2025-05-22,61888480.02,INR,1.0,Paid,2025-05-19,Three-Way Match,Pending
INV000214,PO000214,S0023,2025-09-01,2025-09-15,2025-12-14,1895481.97,INR,1.0,Paid,2025-12-09,Three-Way Match,Pending
INV000215,PO000215,S0089,2026-01-07,2026-02-02,2026-03-04,3394407.8,INR,1.0,Pending,,Three-Way Match,Pending
INV000216,PO000216,S0029,2025-05-15,2025-06-14,2025-08-13,24652745.78,INR,1.0,Overdue,,Three-Way Match,Pending
INV000217,PO000217,S0049,2026-03-14,2026-03-25,2026-04-24,25394496.89,INR,1.0,Paid,2026-04-20,Manual Review,Approved
INV000218,PO000218,S0028,2026-04-10,2026-04-23,2026-06-07,12470492.7,INR,1.0,Paid,2026-05-28,Three-Way Match,Pending
INV000219,PO000219,S0056,2026-07-25,2026-08-27,2026-09-26,823659.33,INR,1.0,Paid,2026-09-16,Three-Way Match,Pending
INV000220,PO000220,S0005,2025-09-26,2025-10-10,2026-01-08,2222837.77,INR,1.0,Paid,2026-01-02,Three-Way Match,Pending
INV000221,PO000221,S0080,2025-10-14,2025-11-06,2026-02-04,735863.69,INR,1.0,Paid,2026-01-26,Manual Review,Approved
INV000222,PO000222,S0100,2025-10-23,2025-11-23,2025-12-23,2406374.14,INR,1.0,Pending,,Three-Way Match,Pending
INV000223,PO000223,S0054,2025-08-27,2025-09-21,2025-10-21,3654505.57,INR,1.0,Paid,2025-10-16,Manual Review,Pending
INV000224,PO000224,S0106,2026-04-08,2026-04-21,2026-05-21,20202268.82,INR,1.0,Paid,2026-05-20,Three-Way Match,Approved
INV000225,PO000225,S0123,2025-11-29,2025-12-30,2026-02-28,11887430.94,INR,1.0,Paid,2026-02-18,Three-Way Match,Approved
INV000226,PO000226,S0001,2026-01-01,2026-01-16,2026-03-17,28228548.5,INR,1.0,Paid,2026-03-13,Three-Way Match,Approved
INV000227,PO000227,S0029,2026-04-29,2026-05-31,2026-07-15,34461181.83,INR,1.0,Pending,,Three-Way Match,Approved
INV000228,PO000228,S0124,2025-07-08,2025-08-06,2025-10-05,60943768.23,INR,1.0,Paid,2025-09-27,Three-Way Match,Approved
INV000229,PO000229,S0060,2025-12-31,2026-01-22,2026-02-21,576704.6,INR,1.0,Pending,,Three-Way Match,Approved
INV000230,PO000230,S0004,2026-06-01,2026-06-21,2026-08-05,17214184.21,INR,1.0,Paid,2026-08-05,Three-Way Match,Approved
INV000231,PO000231,S0070,2026-07-29,2026-09-06,2026-11-05,25067149.14,INR,1.0,Paid,2026-11-01,Three-Way Match,Pending
INV000232,PO000232,S0125,2026-05-02,2026-05-30,2026-08-28,19918506.93,INR,1.0,Paid,2026-08-18,Manual Review,Approved
INV000233,PO000233,S0077,2025-07-08,2025-08-10,2025-10-09,14385890.2,INR,1.0,Paid,2025-10-04,Three-Way Match,Approved
INV000234,PO000234,S0090,2025-02-23,2025-03-17,2025-04-16,22946414.17,INR,1.0,Paid,2025-04-15,Manual Review,Approved
INV000235,PO000235,S0035,2026-06-06,2026-06-21,2026-09-19,12941875.96,INR,1.0,Paid,2026-09-10,Three-Way Match,Approved
INV000236,PO000236,S0032,2025-10-23,2025-11-08,2026-02-06,46189037.56,INR,1.0,Paid,2026-02-01,Three-Way Match,Approved
INV000237,PO000237,S0022,2025-04-21,2025-05-01,2025-05-31,55142169.96,INR,1.0,Pending,,Three-Way Match,Pending
INV000238,PO000238,S0038,2026-03-21,2026-03-28,2026-05-12,28693960.29,INR,1.0,Paid,2026-05-10,Three-Way Match,Approved
INV000239,PO000239,S0064,2026-07-15,2026-08-08,2026-09-22,35824050.56,INR,1.0,Paid,2026-09-21,Three-Way Match,Approved
INV000240,PO000240,S0071,2025-10-26,2025-11-24,2026-01-23,39339540.51,INR,1.0,Pending,,Manual Review,Pending
INV000241,PO000241,S0049,2025-03-29,2025-04-08,2025-05-08,103717423.6,INR,1.0,Paid,2025-05-03,Manual Review,Approved
INV000242,PO000242,S0083,2026-03-12,2026-03-26,2026-06-24,14707056.39,INR,1.0,Pending,,Three-Way Match,Approved
INV000243,PO000243,S0060,2026-06-13,2026-07-02,2026-08-31,65178150.46,INR,1.0,Paid,2026-08-31,Manual Review,Approved
INV000244,PO000244,S0098,2025-11-17,2025-12-02,2026-01-16,5499922.37,INR,1.0,Paid,2026-01-08,Manual Review,Approved
INV000245,PO000245,S0010,2025-11-24,2025-12-19,2026-03-19,63900326.47,INR,1.0,Overdue,,Three-Way Match,Approved
INV000246,PO000246,S0040,2026-05-17,2026-05-30,2026-07-29,72758830.28,INR,1.0,Paid,2026-07-19,Manual Review,Approved
INV000247,PO000247,S0102,2026-02-24,2026-04-02,2026-07-01,13355200.01,INR,1.0,Paid,2026-06-22,Manual Review,Approved
INV000248,PO000248,S0007,2026-06-09,2026-07-05,2026-08-04,666839.79,INR,1.0,Paid,2026-07-27,Three-Way Match,Pending
INV000249,PO000249,S0113,2026-03-31,2026-04-13,2026-05-13,12508633.99,INR,1.0,Paid,2026-05-10,Manual Review,Approved
INV000250,PO000250,S0047,2025-08-05,2025-09-17,2025-11-01,8185456.59,INR,1.0,Paid,2025-10-27,Three-Way Match,Approved
INV000251,PO000251,S0011,2025-12-02,2025-12-31,2026-01-30,21928453.15,INR,1.0,Pending,,Manual Review,Approved
INV000252,PO000252,S0082,2026-03-20,2026-03-28,2026-04-27,67862911.35,INR,1.0,Paid,2026-04-20,Manual Review,Approved
INV000253,PO000253,S0043,2025-07-22,2025-08-14,2025-09-28,4537889.79,INR,1.0,Pending,,Manual Review,Approved
INV000254,PO000254,S0074,2025-05-06,2025-05-25,2025-07-24,461244.94,INR,1.0,Overdue,,Three-Way Match,Approved
INV000255,PO000255,S0115,2025-11-18,2025-12-18,2026-03-18,47772235.51,INR,1.0,Pending,,Three-Way Match,Pending
INV000256,PO000256,S0117,2025-04-11,2025-05-10,2025-07-09,34400500.15,INR,1.0,Paid,2025-06-29,Three-Way Match,Approved
INV000257,PO000257,S0042,2026-02-07,2026-03-07,2026-04-21,22030074.19,INR,1.0,Paid,2026-04-16,Manual Review,Approved
INV000258,PO000258,S0090,2025-02-14,2025-03-08,2025-04-07,9201593.86,INR,1.0,Overdue,,Three-Way Match,Approved
INV000259,PO000259,S0017,2025-03-25,2025-04-26,2025-06-25,16823580.26,INR,1.0,Paid,2025-06-22,Manual Review,Approved
INV000260,PO000260,S0085,2025-01-26,2025-02-02,2025-05-03,10692894.31,INR,1.0,Pending,,Three-Way Match,Approved
INV000261,PO000261,S0045,2025-06-30,2025-07-08,2025-08-22,45267519.9,INR,1.0,Paid,2025-08-14,Manual Review,Approved
INV000262,PO000262,S0053,2025-11-29,2025-12-03,2026-02-01,2311278.89,INR,1.0,Pending,,Manual Review,Pending
INV000263,PO000263,S0026,2025-04-02,2025-04-27,2025-06-11,69128314.0,INR,1.0,Paid,2025-06-07,Three-Way Match,Approved
INV000264,PO000264,S0125,2025-12-11,2026-01-11,2026-04-11,4556596.99,INR,1.0,Paid,2026-04-10,Three-Way Match,Approved
INV000265,PO000265,S0122,2025-11-17,2025-11-21,2026-01-05,19403189.98,INR,1.0,Overdue,,Three-Way Match,Approved
INV000266,PO000266,S0038,2025-08-18,2025-08-29,2025-11-27,1593872.49,INR,1.0,Paid,2025-11-22,Manual Review,Approved
INV000267,PO000267,S0014,2025-08-11,2025-09-01,2025-11-30,9626951.09,INR,1.0,Paid,2025-11-25,Three-Way Match,Pending
INV000268,PO000268,S0074,2025-05-16,2025-06-02,2025-08-01,967506.28,INR,1.0,Paid,2025-07-28,Three-Way Match,Pending
INV000269,PO000269,S0072,2025-07-11,2025-08-01,2025-09-30,26152626.56,INR,1.0,Paid,2025-09-24,Three-Way Match,Pending
INV000270,PO000270,S0034,2025-07-28,2025-08-25,2025-09-24,22309164.11,INR,1.0,Pending,,Three-Way Match,Approved
INV000271,PO000271,S0118,2025-07-08,2025-08-14,2025-09-28,14926416.6,INR,1.0,Paid,2025-09-21,Three-Way Match,Approved
INV000272,PO000272,S0054,2025-02-12,2025-03-08,2025-04-22,22512440.53,INR,1.0,Paid,2025-04-13,Three-Way Match,Pending
INV000273,PO000273,S0059,2025-11-14,2025-12-12,2026-02-10,1251905.45,INR,1.0,Paid,2026-02-07,Manual Review,Approved
INV000274,PO000274,S0008,2025-03-14,2025-03-31,2025-04-30,41484251.27,INR,1.0,Pending,,Manual Review,Approved
INV000275,PO000275,S0032,2025-02-24,2025-03-08,2025-06-06,83137172.64,INR,1.0,Paid,2025-05-29,Three-Way Match,Approved
INV000276,PO000276,S0058,2026-02-11,2026-03-16,2026-06-14,26938767.1,INR,1.0,Paid,2026-06-08,Three-Way Match,Approved
INV000277,PO000277,S0048,2025-07-20,2025-08-12,2025-09-26,21283249.93,INR,1.0,Paid,2025-09-22,Three-Way Match,Approved
INV000278,PO000278,S0045,2025-12-28,2026-01-12,2026-03-13,8888584.76,INR,1.0,Paid,2026-03-13,Three-Way Match,Approved
INV000279,PO000279,S0086,2025-03-03,2025-03-28,2025-04-27,1961633.69,INR,1.0,Partially Paid,,Three-Way Match,Pending
INV000280,PO000280,S0111,2026-07-12,2026-07-26,2026-08-25,7625579.63,INR,1.0,Paid,2026-08-21,Three-Way Match,Approved
INV000281,PO000281,S0018,2025-08-31,2025-09-21,2025-12-20,28869750.61,INR,1.0,Paid,2025-12-11,Manual Review,Approved
INV000282,PO000282,S0085,2026-01-06,2026-01-18,2026-03-04,48643701.67,INR,1.0,Pending,,Three-Way Match,Approved
INV000283,PO000283,S0117,2025-10-28,2025-11-22,2026-02-20,43234716.45,INR,1.0,Paid,2026-02-12,Manual Review,Approved
INV000284,PO000284,S0035,2026-05-31,2026-06-17,2026-08-01,32767721.81,INR,1.0,Pending,,Three-Way Match,Approved
INV000285,PO000285,S0039,2025-11-14,2025-12-22,2026-02-20,28229242.64,INR,1.0,Partially Paid,,Three-Way Match,Approved
INV000286,PO000286,S0086,2026-07-11,2026-08-08,2026-09-07,17485735.74,INR,1.0,Pending,,Manual Review,Pending
INV000287,PO000287,S0081,2025-01-10,2025-01-22,2025-04-22,16490504.68,INR,1.0,Paid,2025-04-19,Manual Review,Pending
INV000288,PO000288,S0076,2026-04-15,2026-05-16,2026-06-15,2732690.67,INR,1.0,Paid,2026-06-12,Three-Way Match,Pending
INV000289,PO000289,S0021,2025-02-14,2025-02-22,2025-03-24,11481795.77,INR,1.0,Paid,2025-03-24,Manual Review,Approved
INV000290,PO000290,S0110,2025-01-11,2025-01-22,2025-04-22,14314506.3,INR,1.0,Paid,2025-04-16,Manual Review,Pending
INV000291,PO000291,S0036,2026-02-03,2026-02-20,2026-04-06,50056096.65,INR,1.0,Overdue,,Manual Review,Approved
INV000292,PO000292,S0104,2026-03-21,2026-04-14,2026-05-14,2104144.75,INR,1.0,Paid,2026-05-10,Three-Way Match,Approved
INV000293,PO000293,S0027,2025-05-01,2025-05-22,2025-08-20,71779045.98,INR,1.0,Paid,2025-08-16,Manual Review,Approved
INV000294,PO000294,S0100,2026-03-24,2026-04-30,2026-07-29,265138.83,INR,1.0,Partially Paid,,Three-Way Match,Approved
INV000295,PO000295,S0073,2025-08-15,2025-08-28,2025-10-27,842674.36,INR,1.0,Paid,2025-10-18,Manual Review,Approved
INV000296,PO000296,S0062,2026-04-22,2026-05-03,2026-08-01,70025709.09,INR,1.0,Pending,,Three-Way Match,Pending
INV000297,PO000297,S0072,2025-12-23,2026-01-24,2026-04-24,4881009.91,INR,1.0,Paid,2026-04-23,Three-Way Match,Approved
INV000298,PO000298,S0092,2026-05-30,2026-06-13,2026-08-12,35466073.75,INR,1.0,Partially Paid,,Three-Way Match,Pending
INV000299,PO000299,S0040,2025-11-29,2025-12-14,2026-02-12,18417592.18,INR,1.0,Paid,2026-02-11,Manual Review,Pending
INV000300,PO000300,S0119,2026-05-05,2026-05-15,2026-07-14,3980127.02,INR,1.0,Paid,2026-07-14,Three-Way Match,Approved
INV000301,PO000301,S0060,2025-12-19,2026-01-05,2026-02-04,3932003.6,INR,1.0,Paid,2026-01-28,Three-Way Match,Approved
INV000302,PO000302,S0026,2025-09-09,2025-10-10,2025-12-09,11298816.78,INR,1.0,Pending,,Manual Review,Approved
INV000303,PO000303,S0118,2026-08-03,2026-09-10,2026-12-09,18884098.08,INR,1.0,Pending,,Three-Way Match,Approved
INV000304,PO000304,S0106,2025-03-19,2025-03-27,2025-04-26,9044504.39,INR,1.0,Paid,2025-04-18,Three-Way Match,Approved
INV000305,PO000305,S0059,2026-07-23,2026-08-18,2026-09-17,36365785.99,INR,1.0,Paid,2026-09-12,Manual Review,Approved
INV000306,PO000306,S0059,2026-07-08,2026-08-05,2026-10-04,33522334.95,INR,1.0,Paid,2026-10-01,Three-Way Match,Approved
INV000307,PO000307,S0097,2025-10-13,2025-10-25,2025-12-09,926724.56,INR,1.0,Pending,,Three-Way Match,Approved
INV000308,PO000308,S0070,2025-07-22,2025-08-29,2025-10-13,831085.82,INR,1.0,Pending,,Manual Review,Approved
INV000309,PO000309,S0058,2025-02-14,2025-03-16,2025-06-14,18451419.04,INR,1.0,Partially Paid,,Three-Way Match,Pending
INV000310,PO000310,S0017,2025-01-18,2025-02-17,2025-03-19,9301696.07,INR,1.0,Pending,,Three-Way Match,Approved
INV000311,PO000311,S0116,2025-09-24,2025-10-30,2025-11-29,788216.71,INR,1.0,Paid,2025-11-24,Three-Way Match,Approved
INV000312,PO000312,S0081,2025-09-03,2025-09-24,2025-11-23,12359555.3,INR,1.0,Pending,,Three-Way Match,Pending
INV000313,PO000313,S0070,2026-05-16,2026-06-13,2026-07-28,30370775.95,INR,1.0,Paid,2026-07-18,Three-Way Match,Approved
INV000314,PO000314,S0087,2025-05-09,2025-06-04,2025-07-04,88338957.1,INR,1.0,Pending,,Three-Way Match,Approved
INV000315,PO000315,S0028,2025-04-01,2025-04-05,2025-07-04,20597876.2,INR,1.0,Paid,2025-06-26,Manual Review,Approved
INV000316,PO000316,S0101,2025-04-07,2025-04-16,2025-05-16,12575155.71,INR,1.0,Partially Paid,,Three-Way Match,Approved
INV000317,PO000317,S0082,2025-11-15,2025-11-25,2025-12-25,23399475.23,INR,1.0,Pending,,Three-Way Match,Approved
INV000318,PO000318,S0039,2026-01-14,2026-02-09,2026-04-10,14445200.37,INR,1.0,Partially Paid,,Three-Way Match,Approved
INV000319,PO000319,S0110,2025-01-13,2025-01-27,2025-03-13,18315306.06,INR,1.0,Paid,2025-03-06,Manual Review,Approved
INV000320,PO000320,S0014,2026-03-25,2026-04-10,2026-05-10,35707827.77,INR,1.0,Paid,2026-05-02,Three-Way Match,Approved
INV000321,PO000321,S0087,2025-07-18,2025-08-13,2025-09-12,11540283.29,INR,1.0,Pending,,Three-Way Match,Pending
INV000322,PO000322,S0048,2025-07-24,2025-08-09,2025-11-07,23482887.93,INR,1.0,Paid,2025-10-31,Three-Way Match,Pending
INV000323,PO000323,S0058,2025-05-30,2025-07-05,2025-09-03,38171331.22,INR,1.0,Paid,2025-09-02,Three-Way Match,Approved
INV000324,PO000324,S0069,2026-03-18,2026-04-04,2026-05-19,32484383.72,INR,1.0,Paid,2026-05-09,Manual Review,Approved
INV000325,PO000325,S0122,2025-06-27,2025-07-01,2025-07-31,58238785.68,INR,1.0,Paid,2025-07-26,Manual Review,Approved
INV000326,PO000326,S0085,2026-04-05,2026-04-17,2026-06-01,28300399.65,INR,1.0,Overdue,,Three-Way Match,Approved
INV000327,PO000327,S0067,2026-06-15,2026-06-29,2026-08-28,22353784.94,INR,1.0,Pending,,Three-Way Match,Pending
INV000328,PO000328,S0109,2026-01-04,2026-01-25,2026-03-26,24906892.34,INR,1.0,Paid,2026-03-19,Three-Way Match,Approved
INV000329,PO000329,S0075,2026-04-06,2026-05-01,2026-06-15,4786664.3,INR,1.0,Paid,2026-06-11,Three-Way Match,Approved
INV000330,PO000330,S0116,2025-04-30,2025-05-24,2025-06-23,3759033.45,INR,1.0,Pending,,Three-Way Match,Approved
INV000331,PO000331,S0056,2025-10-22,2025-11-22,2026-01-21,10722876.51,INR,1.0,Pending,,Three-Way Match,Approved
INV000332,PO000332,S0035,2025-03-25,2025-04-06,2025-05-06,90269672.57,INR,1.0,Paid,2025-05-03,Manual Review,Approved
INV000333,PO000333,S0058,2026-01-10,2026-02-13,2026-04-14,20207878.28,INR,1.0,Paid,2026-04-14,Three-Way Match,Pending
INV000334,PO000334,S0027,2026-06-29,2026-07-27,2026-10-25,18149689.24,INR,1.0,Paid,2026-10-24,Three-Way Match,Pending
INV000335,PO000335,S0030,2026-07-22,2026-08-09,2026-11-07,26750193.9,INR,1.0,Partially Paid,,Three-Way Match,Pending
INV000336,PO000336,S0113,2025-08-17,2025-09-01,2025-11-30,60324845.21,INR,1.0,Overdue,,Manual Review,Approved
INV000337,PO000337,S0114,2025-04-13,2025-05-07,2025-06-21,48410543.56,INR,1.0,Paid,2025-06-20,Manual Review,Approved
INV000338,PO000338,S0060,2026-04-16,2026-05-15,2026-06-29,65309684.52,INR,1.0,Paid,2026-06-23,Three-Way Match,Approved
INV000339,PO000339,S0091,2025-11-02,2025-11-20,2026-01-19,7094381.69,INR,1.0,Paid,2026-01-12,Three-Way Match,Approved
INV000340,PO000340,S0072,2026-07-20,2026-08-11,2026-09-10,31535367.96,INR,1.0,Paid,2026-09-01,Manual Review,Approved
INV000341,PO000341,S0031,2025-08-29,2025-09-25,2025-10-25,28810405.33,INR,1.0,Paid,2025-10-21,Three-Way Match,Approved
INV000342,PO000342,S0039,2026-04-07,2026-04-27,2026-05-27,852990.74,INR,1.0,Paid,2026-05-24,Three-Way Match,Approved
INV000343,PO000343,S0106,2025-03-18,2025-03-28,2025-05-12,12823337.51,INR,1.0,Paid,2025-05-03,Three-Way Match,Approved
INV000344,PO000344,S0025,2025-07-18,2025-08-15,2025-10-14,3943307.65,INR,1.0,Overdue,,Three-Way Match,Approved
INV000345,PO000345,S0015,2026-03-22,2026-04-03,2026-05-18,80881.75,INR,1.0,Pending,,Three-Way Match,Approved
INV000346,PO000346,S0070,2026-06-12,2026-07-11,2026-10-09,75240971.8,INR,1.0,Paid,2026-10-06,Three-Way Match,Approved
INV000347,PO000347,S0087,2025-05-15,2025-06-05,2025-07-05,14892635.3,INR,1.0,Paid,2025-07-03,Manual Review,Approved
INV000348,PO000348,S0120,2025-02-10,2025-03-12,2025-04-11,9571154.65,INR,1.0,Partially Paid,,Three-Way Match,Pending
INV000349,PO000349,S0118,2025-08-21,2025-09-25,2025-12-24,25743264.56,INR,1.0,Paid,2025-12-21,Three-Way Match,Pending
INV000350,PO000350,S0001,2025-05-11,2025-05-21,2025-07-20,65239753.44,INR,1.0,Paid,2025-07-18,Three-Way Match,Approved
INV000351,PO000351,S0079,2025-04-11,2025-05-17,2025-07-01,16644179.48,INR,1.0,Paid,2025-06-21,Three-Way Match,Approved
INV000352,PO000352,S0045,2025-01-11,2025-01-18,2025-03-04,21972098.1,INR,1.0,Paid,2025-02-27,Manual Review,Approved
INV000353,PO000353,S0101,2025-08-27,2025-09-12,2025-10-27,44551404.15,INR,1.0,Paid,2025-10-25,Manual Review,Approved
INV000354,PO000354,S0108,2025-08-27,2025-09-28,2025-11-27,44589613.16,INR,1.0,Partially Paid,,Three-Way Match,Approved
INV000355,PO000355,S0095,2025-12-13,2026-01-09,2026-03-10,6362617.35,INR,1.0,Paid,2026-03-08,Three-Way Match,Approved
INV000356,PO000356,S0054,2025-08-24,2025-09-14,2025-12-13,49468358.07,INR,1.0,Paid,2025-12-11,Three-Way Match,Approved
INV000357,PO000357,S0022,2026-07-07,2026-07-18,2026-09-01,74185470.02,INR,1.0,Paid,2026-08-23,Three-Way Match,Approved
INV000358,PO000358,S0040,2025-08-15,2025-08-31,2025-09-30,26097830.45,INR,1.0,Paid,2025-09-20,Manual Review,Approved
INV000359,PO000359,S0100,2025-12-31,2026-02-02,2026-03-19,20834027.51,INR,1.0,Paid,2026-03-10,Manual Review,Pending
INV000360,PO000360,S0078,2025-03-02,2025-04-03,2025-05-18,11748638.86,INR,1.0,Paid,2025-05-12,Three-Way Match,Pending
INV000361,PO000361,S0096,2025-09-26,2025-10-30,2025-11-29,10734868.56,INR,1.0,Paid,2025-11-27,Manual Review,Approved
INV000362,PO000362,S0084,2025-12-16,2026-01-13,2026-02-27,441355.71,INR,1.0,Paid,2026-02-20,Three-Way Match,Approved
INV000363,PO000363,S0080,2025-09-13,2025-10-06,2025-11-20,1385201.09,INR,1.0,Overdue,,Manual Review,Approved
INV000364,PO000364,S0099,2026-03-26,2026-04-11,2026-07-10,8366437.95,INR,1.0,Paid,2026-07-04,Manual Review,Pending
INV000365,PO000365,S0100,2025-05-31,2025-06-27,2025-08-26,5192487.25,INR,1.0,Paid,2025-08-19,Three-Way Match,Approved
INV000366,PO000366,S0071,2026-04-08,2026-05-14,2026-06-13,68747416.14,INR,1.0,Paid,2026-06-06,Three-Way Match,Approved
INV000367,PO000367,S0097,2025-02-08,2025-02-27,2025-05-28,18605732.68,INR,1.0,Pending,,Three-Way Match,Approved
INV000368,PO000368,S0010,2026-01-03,2026-01-26,2026-02-25,51776783.88,INR,1.0,Pending,,Three-Way Match,Approved
INV000369,PO000369,S0072,2025-11-18,2025-12-13,2026-02-11,4853270.6,INR,1.0,Overdue,,Three-Way Match,Approved
INV000370,PO000370,S0054,2025-09-18,2025-10-03,2026-01-01,10085708.18,INR,1.0,Paid,2025-12-23,Three-Way Match,Approved
INV000371,PO000371,S0079,2026-05-29,2026-07-07,2026-08-21,38079919.07,INR,1.0,Overdue,,Three-Way Match,Approved
INV000372,PO000372,S0021,2026-02-27,2026-03-08,2026-06-06,52896003.92,INR,1.0,Pending,,Manual Review,Pending
INV000373,PO000373,S0035,2025-10-23,2025-11-04,2025-12-04,65502889.47,INR,1.0,Overdue,,Three-Way Match,Approved
INV000374,PO000374,S0087,2026-01-22,2026-02-22,2026-04-23,19268719.65,INR,1.0,Overdue,,Three-Way Match,Approved
INV000375,PO000375,S0087,2025-04-30,2025-05-30,2025-07-29,11391649.57,INR,1.0,Paid,2025-07-29,Manual Review,Approved
INV000376,PO000376,S0105,2025-11-18,2025-11-24,2026-01-23,62330894.06,INR,1.0,Paid,2026-01-15,Manual Review,Pending
INV000377,PO000377,S0052,2025-06-02,2025-07-07,2025-10-05,17674078.24,INR,1.0,Paid,2025-09-26,Three-Way Match,Approved
INV000378,PO000378,S0025,2025-04-24,2025-05-28,2025-08-26,21665303.09,INR,1.0,Paid,2025-08-19,Manual Review,Pending
INV000379,PO000379,S0044,2025-05-08,2025-05-26,2025-08-24,1159551.27,INR,1.0,Paid,2025-08-23,Three-Way Match,Pending
INV000380,PO000380,S0074,2025-09-21,2025-10-07,2025-12-06,14193161.03,INR,1.0,Paid,2025-12-05,Manual Review,Approved
INV000381,PO000381,S0096,2025-10-25,2025-11-26,2025-12-26,25798211.84,INR,1.0,Paid,2025-12-16,Three-Way Match,Approved
INV000382,PO000382,S0051,2026-07-21,2026-08-01,2026-09-30,12978031.35,INR,1.0,Paid,2026-09-28,Manual Review,Approved
INV000383,PO000383,S0108,2025-06-07,2025-07-10,2025-08-09,36533669.64,INR,1.0,Paid,2025-08-07,Manual Review,Approved
INV000384,PO000384,S0021,2026-02-18,2026-02-23,2026-04-24,46193029.15,INR,1.0,Paid,2026-04-20,Manual Review,Pending
INV000385,PO000385,S0037,2025-03-16,2025-04-21,2025-07-20,26501623.89,INR,1.0,Paid,2025-07-13,Three-Way Match,Approved
INV000386,PO000386,S0093,2025-12-27,2026-01-09,2026-02-08,63774466.45,INR,1.0,Partially Paid,,Manual Review,Pending
INV000387,PO000387,S0044,2025-07-19,2025-08-12,2025-11-10,36152959.49,INR,1.0,Paid,2025-11-07,Manual Review,Approved
INV000388,PO000388,S0122,2026-01-17,2026-01-26,2026-04-26,25713685.31,INR,1.0,Paid,2026-04-25,Three-Way Match,Approved
INV000389,PO000389,S0071,2026-01-24,2026-02-28,2026-04-29,36614792.01,INR,1.0,Paid,2026-04-21,Manual Review,Approved
INV000390,PO000390,S0066,2026-05-13,2026-06-08,2026-07-08,3751417.86,INR,1.0,Paid,2026-07-02,Three-Way Match,Pending
INV000391,PO000391,S0051,2025-02-12,2025-03-03,2025-05-02,21406962.75,INR,1.0,Paid,2025-04-29,Manual Review,Approved
INV000392,PO000392,S0048,2026-05-30,2026-06-19,2026-08-03,27222959.79,INR,1.0,Paid,2026-07-28,Manual Review,Approved
INV000393,PO000393,S0042,2025-03-30,2025-04-25,2025-06-09,2776267.1,INR,1.0,Paid,2025-06-03,Three-Way Match,Pending
INV000394,PO000394,S0068,2025-12-22,2026-01-10,2026-02-09,15128476.67,INR,1.0,Paid,2026-02-05,Three-Way Match,Approved
INV000395,PO000395,S0015,2026-07-09,2026-07-18,2026-10-16,4006690.14,INR,1.0,Paid,2026-10-10,Three-Way Match,Approved
INV000396,PO000396,S0074,2026-03-30,2026-04-13,2026-05-13,21754367.2,INR,1.0,Pending,,Three-Way Match,Pending
INV000397,PO000397,S0055,2025-04-26,2025-05-19,2025-07-03,48774788.15,INR,1.0,Partially Paid,,Three-Way Match,Pending
INV000398,PO000398,S0030,2025-01-23,2025-02-01,2025-04-02,15949541.0,INR,1.0,Overdue,,Three-Way Match,Pending
INV000399,PO000399,S0115,2026-07-23,2026-08-28,2026-11-26,29668378.18,INR,1.0,Paid,2026-11-25,Three-Way Match,Pending
INV000400,PO000400,S0010,2025-12-27,2026-01-23,2026-04-23,45524384.47,INR,1.0,Paid,2026-04-17,Manual Review,Approved
INV000401,PO000401,S0045,2025-09-06,2025-09-19,2025-12-18,14964805.02,INR,1.0,Paid,2025-12-15,Three-Way Match,Pending
INV000402,PO000402,S0026,2025-10-19,2025-11-11,2025-12-26,74777654.5,INR,1.0,Paid,2025-12-22,Three-Way Match,Approved
INV000403,PO000403,S0062,2025-11-29,2025-12-12,2026-03-12,77252588.34,INR,1.0,Paid,2026-03-05,Three-Way Match,Approved
INV000404,PO000404,S0026,2025-11-21,2025-12-17,2026-02-15,37838511.61,INR,1.0,Paid,2026-02-07,Three-Way Match,Pending
INV000405,PO000405,S0070,2026-07-31,2026-08-31,2026-10-15,5826372.0,INR,1.0,Pending,,Manual Review,Approved
INV000406,PO000406,S0030,2026-04-18,2026-05-07,2026-06-06,37591362.57,INR,1.0,Paid,2026-05-27,Three-Way Match,Approved
INV000407,PO000407,S0039,2026-01-13,2026-02-06,2026-04-07,70833919.91,INR,1.0,Overdue,,Three-Way Match,Approved
INV000408,PO000408,S0033,2025-10-11,2025-10-19,2025-12-03,59112310.92,INR,1.0,Paid,2025-12-01,Manual Review,Approved
INV000409,PO000409,S0030,2025-09-11,2025-09-25,2025-10-25,49910200.78,INR,1.0,Partially Paid,,Three-Way Match,Pending
INV000410,PO000410,S0086,2026-05-24,2026-06-14,2026-08-13,35821340.95,INR,1.0,Paid,2026-08-11,Three-Way Match,Pending
INV000411,PO000411,S0029,2025-08-31,2025-09-30,2025-10-30,893155.53,INR,1.0,Paid,2025-10-27,Three-Way Match,Approved
INV000412,PO000412,S0052,2025-02-20,2025-03-16,2025-06-14,12764453.05,INR,1.0,Partially Paid,,Manual Review,Pending
INV000413,PO000413,S0084,2026-02-05,2026-03-15,2026-04-14,43995200.09,INR,1.0,Paid,2026-04-06,Three-Way Match,Approved
INV000414,PO000414,S0097,2025-11-08,2025-12-02,2026-01-01,3727556.65,INR,1.0,Paid,2025-12-26,Three-Way Match,Pending
INV000415,PO000415,S0061,2025-06-02,2025-06-19,2025-08-03,19957628.76,INR,1.0,Overdue,,Three-Way Match,Approved
INV000416,PO000416,S0065,2025-07-15,2025-07-24,2025-09-07,36200989.52,INR,1.0,Pending,,Manual Review,Approved
INV000417,PO000417,S0059,2026-06-08,2026-07-10,2026-09-08,58971315.98,INR,1.0,Paid,2026-09-06,Three-Way Match,Approved
INV000418,PO000418,S0075,2026-01-26,2026-02-14,2026-05-15,82369218.99,INR,1.0,Pending,,Three-Way Match,Approved
INV000419,PO000419,S0097,2025-12-09,2025-12-29,2026-03-29,20953977.66,INR,1.0,Pending,,Three-Way Match,Approved
INV000420,PO000420,S0072,2025-01-27,2025-02-19,2025-03-21,52097228.46,INR,1.0,Pending,,Manual Review,Approved
INV000421,PO000421,S0067,2025-04-09,2025-04-16,2025-07-15,35513072.49,INR,1.0,Paid,2025-07-12,Manual Review,Approved
INV000422,PO000422,S0015,2026-04-27,2026-05-02,2026-07-31,45349898.59,INR,1.0,Partially Paid,,Manual Review,Approved
INV000423,PO000423,S0036,2025-03-28,2025-04-14,2025-05-29,34214912.26,INR,1.0,Overdue,,Manual Review,Approved
INV000424,PO000424,S0033,2026-03-23,2026-03-29,2026-05-28,31838359.2,INR,1.0,Paid,2026-05-26,Manual Review,Pending
INV000425,PO000425,S0042,2025-02-07,2025-03-10,2025-06-08,40409179.92,INR,1.0,Paid,2025-05-29,Manual Review,Approved
INV000426,PO000426,S0112,2025-04-22,2025-05-17,2025-08-15,35642561.45,INR,1.0,Paid,2025-08-13,Manual Review,Pending
INV000427,PO000427,S0035,2025-10-18,2025-11-01,2025-12-31,36565569.69,INR,1.0,Paid,2025-12-23,Three-Way Match,Approved
INV000428,PO000428,S0105,2025-12-27,2026-01-04,2026-02-18,7769763.95,INR,1.0,Pending,,Three-Way Match,Approved
INV000429,PO000429,S0113,2025-05-17,2025-05-30,2025-07-14,18292589.99,INR,1.0,Paid,2025-07-08,Manual Review,Approved
INV000430,PO000430,S0086,2025-06-27,2025-07-22,2025-08-21,35964594.19,INR,1.0,Overdue,,Three-Way Match,Approved
INV000431,PO000431,S0019,2025-12-21,2026-01-15,2026-03-16,75793536.87,INR,1.0,Pending,,Three-Way Match,Approved
INV000432,PO000432,S0002,2025-10-03,2025-10-23,2026-01-21,2211982.48,INR,1.0,Paid,2026-01-16,Manual Review,Approved
INV000433,PO000433,S0004,2025-05-01,2025-05-12,2025-08-10,33887614.14,INR,1.0,Paid,2025-07-31,Three-Way Match,Approved
INV000434,PO000434,S0028,2025-01-28,2025-02-04,2025-03-21,19555505.33,INR,1.0,Overdue,,Manual Review,Approved
INV000435,PO000435,S0071,2025-04-24,2025-05-27,2025-07-26,30642446.98,INR,1.0,Pending,,Manual Review,Pending
INV000436,PO000436,S0051,2025-05-19,2025-06-01,2025-07-01,21416039.17,INR,1.0,Pending,,Three-Way Match,Approved
INV000437,PO000437,S0061,2025-05-18,2025-06-02,2025-08-01,5520533.53,INR,1.0,Overdue,,Three-Way Match,Pending
INV000438,PO000438,S0113,2025-07-22,2025-07-31,2025-10-29,13723278.34,INR,1.0,Pending,,Three-Way Match,Approved
INV000439,PO000439,S0120,2025-06-18,2025-07-20,2025-10-18,26549327.11,INR,1.0,Paid,2025-10-15,Three-Way Match,Pending
INV000440,PO000440,S0093,2025-11-16,2025-11-24,2025-12-24,16996014.34,INR,1.0,Paid,2025-12-14,Three-Way Match,Approved
INV000441,PO000441,S0110,2026-06-03,2026-06-14,2026-09-12,13531773.48,INR,1.0,Pending,,Three-Way Match,Approved
INV000442,PO000442,S0117,2026-07-04,2026-07-28,2026-08-27,24316548.97,INR,1.0,Partially Paid,,Manual Review,Pending
INV000443,PO000443,S0111,2026-05-11,2026-05-26,2026-07-25,30984820.23,INR,1.0,Overdue,,Manual Review,Approved
INV000444,PO000444,S0073,2025-12-24,2026-01-01,2026-01-31,27104658.04,INR,1.0,Paid,2026-01-21,Three-Way Match,Pending
INV000445,PO000445,S0118,2025-12-05,2025-12-31,2026-03-31,17525217.11,INR,1.0,Paid,2026-03-31,Manual Review,Pending
INV000446,PO000446,S0115,2026-07-14,2026-08-07,2026-09-21,60994172.91,INR,1.0,Pending,,Manual Review,Approved
INV000447,PO000447,S0047,2025-03-24,2025-04-25,2025-06-09,61659238.85,INR,1.0,Paid,2025-06-01,Three-Way Match,Approved
INV000448,PO000448,S0068,2026-02-20,2026-03-11,2026-05-10,8753501.65,INR,1.0,Paid,2026-05-01,Three-Way Match,Pending
INV000449,PO000449,S0094,2025-06-25,2025-07-30,2025-08-29,17584559.84,INR,1.0,Pending,,Three-Way Match,Pending
INV000450,PO000450,S0039,2025-11-20,2025-12-13,2026-03-13,53295333.13,INR,1.0,Pending,,Manual Review,Pending
INV000451,PO000451,S0094,2025-02-21,2025-03-24,2025-05-08,54121059.26,INR,1.0,Paid,2025-05-02,Three-Way Match,Approved
INV000452,PO000452,S0086,2025-01-13,2025-02-11,2025-03-13,576765.43,INR,1.0,Paid,2025-03-06,Three-Way Match,Approved
INV000453,PO000453,S0045,2025-09-12,2025-09-25,2025-11-24,35137180.44,INR,1.0,Overdue,,Three-Way Match,Pending
INV000454,PO000454,S0079,2026-02-16,2026-03-19,2026-04-18,20041689.9,INR,1.0,Pending,,Three-Way Match,Approved
INV000455,PO000455,S0036,2026-01-06,2026-01-21,2026-03-07,660921.82,INR,1.0,Paid,2026-03-02,Three-Way Match,Approved
INV000456,PO000456,S0103,2025-10-18,2025-11-15,2025-12-15,6035068.46,INR,1.0,Paid,2025-12-09,Manual Review,Approved
INV000457,PO000457,S0028,2026-01-10,2026-01-20,2026-02-19,28998938.49,INR,1.0,Paid,2026-02-09,Manual Review,Pending
INV000458,PO000458,S0121,2026-01-30,2026-02-19,2026-03-21,45652749.21,INR,1.0,Paid,2026-03-16,Three-Way Match,Approved
INV000459,PO000459,S0042,2025-07-20,2025-08-12,2025-09-11,12836601.0,INR,1.0,Paid,2025-09-11,Three-Way Match,Approved
INV000460,PO000460,S0001,2025-12-03,2025-12-24,2026-03-24,25364319.08,INR,1.0,Pending,,Three-Way Match,Approved
INV000461,PO000461,S0078,2026-04-29,2026-05-26,2026-07-10,323872.56,INR,1.0,Paid,2026-07-07,Manual Review,Approved
INV000462,PO000462,S0079,2025-06-26,2025-08-05,2025-10-04,4244165.86,INR,1.0,Paid,2025-09-30,Three-Way Match,Approved
INV000463,PO000463,S0042,2026-01-31,2026-03-03,2026-04-02,62999306.15,INR,1.0,Paid,2026-04-01,Three-Way Match,Pending
INV000464,PO000464,S0005,2026-05-23,2026-06-02,2026-07-17,3185942.35,INR,1.0,Paid,2026-07-14,Manual Review,Approved
INV000465,PO000465,S0113,2025-03-15,2025-03-20,2025-05-19,16945360.56,INR,1.0,Paid,2025-05-17,Three-Way Match,Approved
INV000466,PO000466,S0075,2025-09-05,2025-10-01,2025-11-15,72716580.21,INR,1.0,Paid,2025-11-13,Three-Way Match,Approved
INV000467,PO000467,S0097,2025-06-01,2025-06-15,2025-07-15,40821816.25,INR,1.0,Paid,2025-07-14,Three-Way Match,Approved
INV000468,PO000468,S0101,2025-03-21,2025-04-01,2025-05-01,29827864.65,INR,1.0,Paid,2025-04-29,Three-Way Match,Approved
INV000469,PO000469,S0121,2025-07-05,2025-07-24,2025-09-07,66248447.9,INR,1.0,Paid,2025-09-05,Three-Way Match,Approved
INV000470,PO000470,S0105,2026-03-24,2026-04-02,2026-05-17,34819072.23,INR,1.0,Paid,2026-05-11,Three-Way Match,Pending
INV000471,PO000471,S0049,2025-12-20,2026-01-01,2026-03-02,25523223.68,INR,1.0,Partially Paid,,Manual Review,Approved
INV000472,PO000472,S0039,2026-06-08,2026-06-30,2026-08-14,68234419.09,INR,1.0,Pending,,Three-Way Match,Pending
INV000473,PO000473,S0039,2025-07-08,2025-08-07,2025-10-06,12550341.52,INR,1.0,Partially Paid,,Three-Way Match,Pending
INV000474,PO000474,S0033,2025-10-10,2025-10-20,2025-12-04,4170320.51,INR,1.0,Paid,2025-11-25,Three-Way Match,Approved
INV000475,PO000475,S0099,2025-07-26,2025-08-12,2025-11-10,27247174.77,INR,1.0,Partially Paid,,Three-Way Match,Pending
INV000476,PO000476,S0078,2026-03-29,2026-05-01,2026-07-30,3938826.81,INR,1.0,Pending,,Manual Review,Pending
INV000477,PO000477,S0085,2026-05-13,2026-05-22,2026-08-20,2777676.22,INR,1.0,Partially Paid,,Three-Way Match,Approved
INV000478,PO000478,S0010,2025-01-18,2025-02-15,2025-05-16,38384726.93,INR,1.0,Paid,2025-05-15,Three-Way Match,Pending
INV000479,PO000479,S0070,2025-01-25,2025-02-25,2025-04-26,61408532.5,INR,1.0,Paid,2025-04-23,Manual Review,Approved
INV000480,PO000480,S0100,2026-03-19,2026-04-26,2026-07-25,38226373.05,INR,1.0,Paid,2026-07-15,Three-Way Match,Approved
INV000481,PO000481,S0072,2025-12-09,2026-01-14,2026-04-14,67616097.03,INR,1.0,Pending,,Three-Way Match,Approved
INV000482,PO000482,S0114,2025-05-07,2025-06-03,2025-07-18,18229504.18,INR,1.0,Paid,2025-07-16,Three-Way Match,Approved
INV000483,PO000483,S0059,2025-08-25,2025-09-24,2025-10-24,21531353.09,INR,1.0,Paid,2025-10-24,Manual Review,Approved
INV000484,PO000484,S0083,2025-03-18,2025-04-05,2025-07-04,28769946.93,INR,1.0,Paid,2025-06-29,Manual Review,Pending
INV000485,PO000485,S0094,2025-07-07,2025-08-13,2025-10-12,34684142.97,INR,1.0,Paid,2025-10-11,Three-Way Match,Approved
INV000486,PO000486,S0056,2025-09-09,2025-10-14,2025-11-28,54086416.19,INR,1.0,Paid,2025-11-20,Three-Way Match,Approved
INV000487,PO000487,S0003,2025-01-17,2025-01-29,2025-04-29,40078744.59,INR,1.0,Paid,2025-04-24,Manual Review,Approved
INV000488,PO000488,S0124,2025-03-13,2025-04-11,2025-05-26,31417419.31,INR,1.0,Paid,2025-05-16,Three-Way Match,Approved
INV000489,PO000489,S0054,2025-12-18,2026-01-07,2026-02-21,74226261.18,INR,1.0,Overdue,,Manual Review,Pending
INV000490,PO000490,S0023,2026-07-25,2026-08-02,2026-09-16,6723664.58,INR,1.0,Paid,2026-09-13,Three-Way Match,Pending
INV000491,PO000491,S0107,2026-02-15,2026-03-17,2026-04-16,26132827.7,INR,1.0,Paid,2026-04-08,Three-Way Match,Pending
INV000492,PO000492,S0069,2025-01-23,2025-02-10,2025-03-27,10145101.66,INR,1.0,Paid,2025-03-19,Manual Review,Pending
INV000493,PO000493,S0117,2025-06-16,2025-07-15,2025-09-13,17691254.21,INR,1.0,Paid,2025-09-06,Three-Way Match,Approved
INV000494,PO000494,S0087,2025-05-30,2025-06-19,2025-09-17,7633543.95,INR,1.0,Paid,2025-09-10,Manual Review,Pending
INV000495,PO000495,S0057,2025-01-15,2025-01-28,2025-02-27,17912715.58,INR,1.0,Pending,,Manual Review,Approved
INV000496,PO000496,S0118,2025-03-28,2025-04-30,2025-06-29,35865443.06,INR,1.0,Pending,,Three-Way Match,Approved
INV000497,PO000497,S0066,2025-01-12,2025-02-12,2025-04-13,29954875.45,INR,1.0,Paid,2025-04-10,Manual Review,Pending
INV000498,PO000498,S0052,2026-01-22,2026-02-28,2026-04-14,3993942.48,INR,1.0,Paid,2026-04-11,Three-Way Match,Approved
INV000499,PO000499,S0032,2025-07-05,2025-07-18,2025-09-01,18160378.81,INR,1.0,Paid,2025-09-01,Three-Way Match,Pending
INV000500,PO000500,S0098,2026-08-03,2026-08-19,2026-10-03,56434559.55,INR,1.0,Paid,2026-09-26,Three-Way Match,Approved
INV000501,PO000501,S0063,2025-05-27,2025-06-21,2025-07-21,13949795.3,INR,1.0,Paid,2025-07-15,Three-Way Match,Approved
INV000502,PO000502,S0114,2025-07-12,2025-08-03,2025-09-17,5915897.05,INR,1.0,Paid,2025-09-10,Three-Way Match,Approved
INV000503,PO000503,S0003,2026-02-20,2026-03-04,2026-04-18,28246767.71,INR,1.0,Paid,2026-04-11,Manual Review,Pending
INV000504,PO000504,S0092,2025-05-21,2025-06-11,2025-07-26,33040510.7,INR,1.0,Pending,,Three-Way Match,Approved
INV000505,PO000505,S0025,2025-11-17,2025-12-13,2026-02-11,23256419.87,INR,1.0,Paid,2026-02-01,Manual Review,Approved
INV000506,PO000506,S0114,2026-05-14,2026-06-15,2026-08-14,44179509.68,INR,1.0,Pending,,Manual Review,Pending
INV000507,PO000507,S0028,2026-07-31,2026-08-14,2026-09-13,14993984.39,INR,1.0,Paid,2026-09-04,Manual Review,Approved
INV000508,PO000508,S0073,2025-02-24,2025-03-06,2025-06-04,17618772.25,INR,1.0,Paid,2025-06-03,Three-Way Match,Approved
INV000509,PO000509,S0098,2026-01-27,2026-02-10,2026-04-11,14987717.15,INR,1.0,Paid,2026-04-02,Three-Way Match,Pending
INV000510,PO000510,S0084,2026-08-03,2026-09-03,2026-10-18,19989423.72,INR,1.0,Paid,2026-10-17,Three-Way Match,Approved
INV000511,PO000511,S0096,2026-06-25,2026-07-29,2026-08-28,74237403.72,INR,1.0,Paid,2026-08-21,Three-Way Match,Approved
INV000512,PO000512,S0098,2025-08-13,2025-08-23,2025-11-21,70154634.26,INR,1.0,Pending,,Three-Way Match,Pending
INV000513,PO000513,S0051,2026-01-09,2026-01-25,2026-02-24,68303699.73,INR,1.0,Pending,,Manual Review,Approved
INV000514,PO000514,S0075,2026-01-12,2026-02-08,2026-03-10,51847187.11,INR,1.0,Pending,,Three-Way Match,Approved
INV000515,PO000515,S0117,2025-01-13,2025-02-07,2025-03-24,2337921.6,INR,1.0,Paid,2025-03-22,Manual Review,Approved
INV000516,PO000516,S0012,2025-02-18,2025-03-14,2025-04-28,19110940.44,INR,1.0,Paid,2025-04-27,Manual Review,Approved
INV000517,PO000517,S0039,2025-11-22,2025-12-18,2026-02-01,20317785.62,INR,1.0,Pending,,Manual Review,Approved
INV000518,PO000518,S0022,2025-11-17,2025-12-08,2026-01-22,45029843.06,INR,1.0,Pending,,Three-Way Match,Approved
INV000519,PO000519,S0067,2025-08-04,2025-08-10,2025-10-09,10598231.36,INR,1.0,Overdue,,Manual Review,Approved
INV000520,PO000520,S0074,2026-04-19,2026-05-02,2026-06-01,21308791.83,INR,1.0,Partially Paid,,Three-Way Match,Pending
INV000521,PO000521,S0115,2025-08-04,2025-09-01,2025-10-16,47723333.67,INR,1.0,Pending,,Manual Review,Approved
INV000522,PO000522,S0097,2025-11-25,2025-12-14,2026-02-12,13524368.33,INR,1.0,Pending,,Manual Review,Approved
INV000523,PO000523,S0073,2025-02-14,2025-02-20,2025-04-21,2324470.27,INR,1.0,Partially Paid,,Three-Way Match,Pending
INV000524,PO000524,S0122,2025-11-10,2025-11-17,2025-12-17,19801779.5,INR,1.0,Pending,,Three-Way Match,Pending
INV000525,PO000525,S0014,2025-02-04,2025-02-26,2025-04-27,32884055.03,INR,1.0,Paid,2025-04-18,Three-Way Match,Approved
INV000526,PO000526,S0123,2026-03-21,2026-04-17,2026-06-16,7548773.29,INR,1.0,Overdue,,Three-Way Match,Approved
INV000527,PO000527,S0020,2026-02-27,2026-03-31,2026-05-30,20329049.12,INR,1.0,Partially Paid,,Three-Way Match,Pending
INV000528,PO000528,S0044,2025-11-28,2025-12-11,2026-02-09,2827196.62,INR,1.0,Paid,2026-01-30,Three-Way Match,Pending
INV000529,PO000529,S0092,2026-05-19,2026-06-08,2026-07-23,1416756.51,INR,1.0,Paid,2026-07-20,Three-Way Match,Pending
INV000530,PO000530,S0059,2026-05-27,2026-06-23,2026-09-21,57744909.27,INR,1.0,Paid,2026-09-19,Manual Review,Approved
INV000531,PO000531,S0101,2026-04-17,2026-04-27,2026-06-11,24312590.58,INR,1.0,Paid,2026-06-06,Three-Way Match,Approved
INV000532,PO000532,S0005,2025-03-02,2025-03-13,2025-06-11,50309857.5,INR,1.0,Paid,2025-06-09,Three-Way Match,Approved
INV000533,PO000533,S0055,2025-11-20,2025-12-10,2026-01-24,80838262.04,INR,1.0,Pending,,Three-Way Match,Approved
INV000534,PO000534,S0056,2025-11-16,2025-12-24,2026-02-22,5049572.71,INR,1.0,Pending,,Three-Way Match,Pending
INV000535,PO000535,S0042,2026-06-27,2026-07-23,2026-09-21,423906.24,INR,1.0,Paid,2026-09-19,Manual Review,Pending
INV000536,PO000536,S0012,2026-05-07,2026-06-09,2026-07-09,5227856.02,INR,1.0,Paid,2026-07-03,Three-Way Match,Pending
INV000537,PO000537,S0107,2026-05-24,2026-06-18,2026-09-16,403476.82,INR,1.0,Paid,2026-09-08,Three-Way Match,Approved
INV000538,PO000538,S0020,2025-02-27,2025-03-24,2025-04-23,61889775.67,INR,1.0,Overdue,,Three-Way Match,Pending
INV000539,PO000539,S0122,2025-03-25,2025-04-01,2025-05-16,8250796.61,INR,1.0,Paid,2025-05-13,Manual Review,Approved
INV000540,PO000540,S0020,2026-05-30,2026-06-30,2026-08-29,5115043.18,INR,1.0,Paid,2026-08-22,Three-Way Match,Pending
INV000541,PO000541,S0029,2025-08-11,2025-09-10,2025-12-09,13857353.29,INR,1.0,Paid,2025-12-08,Three-Way Match,Approved
INV000542,PO000542,S0073,2025-01-25,2025-02-01,2025-03-03,25608276.77,INR,1.0,Paid,2025-02-28,Three-Way Match,Approved
INV000543,PO000543,S0116,2026-07-06,2026-08-05,2026-09-19,10010854.51,INR,1.0,Partially Paid,,Manual Review,Pending
INV000544,PO000544,S0012,2025-07-04,2025-07-29,2025-08-28,3566742.85,INR,1.0,Paid,2025-08-18,Three-Way Match,Approved
INV000545,PO000545,S0122,2025-04-20,2025-04-28,2025-07-27,796168.94,INR,1.0,Pending,,Manual Review,Pending
INV000546,PO000546,S0123,2025-08-01,2025-08-27,2025-10-11,20542872.34,INR,1.0,Paid,2025-10-06,Manual Review,Pending
INV000547,PO000547,S0013,2025-09-01,2025-09-24,2025-11-23,55221525.37,INR,1.0,Paid,2025-11-20,Manual Review,Approved
INV000548,PO000548,S0118,2025-02-24,2025-04-01,2025-06-30,2806368.74,INR,1.0,Paid,2025-06-24,Three-Way Match,Approved
INV000549,PO000549,S0022,2025-10-12,2025-10-20,2025-11-19,70759261.66,INR,1.0,Paid,2025-11-09,Manual Review,Pending
INV000550,PO000550,S0085,2025-11-15,2025-11-29,2026-01-13,34952046.18,INR,1.0,Partially Paid,,Manual Review,Pending
INV000551,PO000551,S0067,2025-10-02,2025-10-11,2025-11-10,54386299.03,INR,1.0,Partially Paid,,Manual Review,Pending
INV000552,PO000552,S0005,2025-04-29,2025-05-13,2025-07-12,47892706.99,INR,1.0,Overdue,,Three-Way Match,Approved
INV000553,PO000553,S0060,2026-04-02,2026-04-28,2026-06-27,15911506.19,INR,1.0,Paid,2026-06-23,Manual Review,Approved
INV000554,PO000554,S0077,2025-10-23,2025-11-14,2026-01-13,5140884.9,INR,1.0,Overdue,,Three-Way Match,Approved
INV000555,PO000555,S0052,2026-02-16,2026-03-14,2026-04-13,3352265.07,INR,1.0,Paid,2026-04-08,Three-Way Match,Approved
INV000556,PO000556,S0101,2025-03-08,2025-03-21,2025-05-20,50869398.27,INR,1.0,Paid,2025-05-14,Manual Review,Pending
INV000557,PO000557,S0071,2026-06-27,2026-08-01,2026-10-30,46446576.09,INR,1.0,Paid,2026-10-26,Three-Way Match,Approved
INV000558,PO000558,S0074,2025-03-29,2025-04-16,2025-07-15,6174936.18,INR,1.0,Paid,2025-07-09,Three-Way Match,Approved
INV000559,PO000559,S0060,2025-08-28,2025-09-15,2025-10-30,72211900.74,INR,1.0,Paid,2025-10-30,Three-Way Match,Approved
INV000560,PO000560,S0033,2026-07-02,2026-07-06,2026-08-05,43771050.97,INR,1.0,Overdue,,Manual Review,Pending
INV000561,PO000561,S0095,2025-04-29,2025-05-27,2025-07-26,5600050.62,INR,1.0,Paid,2025-07-20,Manual Review,Approved
INV000562,PO000562,S0083,2026-05-16,2026-05-30,2026-07-29,15469913.63,INR,1.0,Paid,2026-07-23,Manual Review,Approved
INV000563,PO000563,S0084,2026-05-06,2026-06-11,2026-09-09,9234531.31,INR,1.0,Paid,2026-08-30,Three-Way Match,Approved
INV000564,PO000564,S0060,2025-02-20,2025-03-17,2025-06-15,67162943.69,INR,1.0,Paid,2025-06-12,Manual Review,Approved
INV000565,PO000565,S0105,2026-05-30,2026-06-06,2026-08-05,62753144.1,INR,1.0,Pending,,Three-Way Match,Approved
INV000566,PO000566,S0033,2025-12-02,2025-12-14,2026-02-12,47887639.41,INR,1.0,Overdue,,Three-Way Match,Approved
INV000567,PO000567,S0021,2025-12-26,2026-01-06,2026-04-06,13295872.56,INR,1.0,Overdue,,Three-Way Match,Approved
INV000568,PO000568,S0123,2026-06-01,2026-07-01,2026-08-15,27177870.86,INR,1.0,Paid,2026-08-07,Manual Review,Approved
INV000569,PO000569,S0104,2026-07-09,2026-08-07,2026-09-21,37426047.19,INR,1.0,Paid,2026-09-15,Three-Way Match,Approved
INV000570,PO000570,S0004,2026-07-13,2026-07-30,2026-08-29,23387272.08,INR,1.0,Paid,2026-08-22,Manual Review,Approved
INV000571,PO000571,S0053,2025-01-13,2025-01-16,2025-04-16,21415427.48,INR,1.0,Paid,2025-04-13,Manual Review,Approved
INV000572,PO000572,S0038,2025-06-21,2025-07-02,2025-08-01,36415442.96,INR,1.0,Paid,2025-07-24,Three-Way Match,Approved
INV000573,PO000573,S0078,2025-05-29,2025-06-28,2025-07-28,36822698.02,INR,1.0,Paid,2025-07-22,Three-Way Match,Approved
INV000574,PO000574,S0089,2025-06-18,2025-07-12,2025-10-10,42890726.54,INR,1.0,Paid,2025-10-05,Three-Way Match,Approved
INV000575,PO000575,S0024,2026-03-27,2026-04-19,2026-06-03,94007063.41,INR,1.0,Paid,2026-05-24,Three-Way Match,Approved
INV000576,PO000576,S0114,2025-09-06,2025-10-07,2026-01-05,10872822.58,INR,1.0,Paid,2025-12-31,Three-Way Match,Pending
INV000577,PO000577,S0073,2026-01-20,2026-01-24,2026-03-25,36046594.72,INR,1.0,Paid,2026-03-22,Manual Review,Approved
INV000578,PO000578,S0093,2025-04-03,2025-04-14,2025-05-14,49143120.96,INR,1.0,Paid,2025-05-13,Three-Way Match,Approved
INV000579,PO000579,S0038,2026-01-30,2026-02-10,2026-04-11,22435310.15,INR,1.0,Paid,2026-04-01,Three-Way Match,Pending
INV000580,PO000580,S0006,2026-04-15,2026-04-21,2026-05-21,39714719.47,INR,1.0,Paid,2026-05-20,Three-Way Match,Pending
INV000581,PO000581,S0071,2025-10-09,2025-11-12,2026-01-11,68249632.25,INR,1.0,Pending,,Three-Way Match,Pending
INV000582,PO000582,S0019,2025-02-24,2025-03-30,2025-05-14,19447060.09,INR,1.0,Pending,,Manual Review,Approved
INV000583,PO000583,S0057,2025-04-17,2025-04-29,2025-06-13,24139498.61,INR,1.0,Pending,,Three-Way Match,Pending
INV000584,PO000584,S0105,2025-01-18,2025-01-25,2025-04-25,68073962.21,INR,1.0,Partially Paid,,Manual Review,Pending
INV000585,PO000585,S0036,2026-07-18,2026-08-11,2026-10-10,3755149.45,INR,1.0,Paid,2026-10-03,Manual Review,Approved
INV000586,PO000586,S0013,2026-06-15,2026-07-14,2026-08-28,3989603.79,INR,1.0,Paid,2026-08-19,Three-Way Match,Approved
INV000587,PO000587,S0024,2025-01-12,2025-02-09,2025-03-26,92361706.03,INR,1.0,Paid,2025-03-26,Three-Way Match,Approved
INV000588,PO000588,S0105,2025-07-07,2025-07-22,2025-09-20,15356752.93,INR,1.0,Paid,2025-09-10,Three-Way Match,Approved
INV000589,PO000589,S0122,2025-10-05,2025-10-09,2025-12-08,20690093.28,INR,1.0,Paid,2025-12-02,Three-Way Match,Pending
INV000590,PO000590,S0013,2025-11-12,2025-12-15,2026-01-14,79829169.84,INR,1.0,Pending,,Manual Review,Approved
INV000591,PO000591,S0030,2025-05-21,2025-05-31,2025-08-29,12575710.28,INR,1.0,Pending,,Three-Way Match,Pending
INV000592,PO000592,S0092,2026-04-02,2026-04-21,2026-05-21,54124233.59,INR,1.0,Paid,2026-05-20,Manual Review,Pending
INV000593,PO000593,S0018,2025-10-16,2025-11-01,2025-12-16,19726818.83,INR,1.0,Paid,2025-12-13,Three-Way Match,Approved
INV000594,PO000594,S0078,2025-09-01,2025-10-06,2025-11-20,74412125.2,INR,1.0,Paid,2025-11-14,Three-Way Match,Approved
INV000595,PO000595,S0043,2025-04-27,2025-05-12,2025-06-11,80705984.23,INR,1.0,Paid,2025-06-05,Three-Way Match,Approved
INV000596,PO000596,S0062,2025-10-13,2025-10-19,2025-12-03,28113534.98,INR,1.0,Overdue,,Manual Review,Approved
INV000597,PO000597,S0086,2025-12-16,2026-01-12,2026-02-11,15301722.58,INR,1.0,Paid,2026-02-04,Three-Way Match,Approved
INV000598,PO000598,S0109,2026-01-30,2026-02-22,2026-04-08,10398570.66,INR,1.0,Paid,2026-04-08,Three-Way Match,Approved
INV000599,PO000599,S0057,2025-12-03,2025-12-27,2026-03-27,16685775.14,INR,1.0,Paid,2026-03-17,Three-Way Match,Pending
INV000600,PO000600,S0069,2025-08-25,2025-09-04,2025-10-04,55326193.85,INR,1.0,Paid,2025-09-29,Three-Way Match,Approved
INV000601,PO000601,S0078,2025-02-20,2025-03-18,2025-04-17,27829813.37,INR,1.0,Paid,2025-04-08,Three-Way Match,Pending
INV000602,PO000602,S0057,2025-11-30,2025-12-16,2026-01-15,3334947.1,INR,1.0,Overdue,,Three-Way Match,Approved
INV000603,PO000603,S0019,2025-09-05,2025-10-07,2025-11-06,17408505.71,INR,1.0,Overdue,,Three-Way Match,Approved
INV000604,PO000604,S0020,2026-01-05,2026-02-04,2026-03-06,8386406.15,INR,1.0,Overdue,,Three-Way Match,Pending
INV000605,PO000605,S0053,2025-06-21,2025-06-24,2025-08-08,73876356.49,INR,1.0,Paid,2025-07-30,Three-Way Match,Pending
INV000606,PO000606,S0069,2026-03-17,2026-04-03,2026-05-03,52653452.02,INR,1.0,Paid,2026-04-23,Three-Way Match,Pending
INV000607,PO000607,S0083,2026-03-26,2026-04-17,2026-05-17,84395538.39,INR,1.0,Partially Paid,,Manual Review,Pending
INV000608,PO000608,S0037,2025-01-20,2025-02-25,2025-03-27,3095247.23,INR,1.0,Paid,2025-03-27,Manual Review,Approved
INV000609,PO000609,S0118,2025-06-14,2025-07-16,2025-09-14,60915670.32,INR,1.0,Paid,2025-09-04,Three-Way Match,Approved
INV000610,PO000610,S0092,2025-07-15,2025-07-26,2025-09-09,12697702.28,INR,1.0,Pending,,Three-Way Match,Approved
INV000611,PO000611,S0081,2026-04-26,2026-05-08,2026-08-06,23103096.27,INR,1.0,Overdue,,Three-Way Match,Approved
INV000612,PO000612,S0063,2026-01-16,2026-02-01,2026-05-02,2636428.88,INR,1.0,Paid,2026-04-22,Manual Review,Pending
INV000613,PO000613,S0092,2026-03-06,2026-03-19,2026-04-18,19683354.8,INR,1.0,Paid,2026-04-16,Manual Review,Pending
INV000614,PO000614,S0047,2025-01-21,2025-02-24,2025-04-25,23645233.67,INR,1.0,Paid,2025-04-15,Three-Way Match,Approved
INV000615,PO000615,S0048,2026-01-21,2026-02-02,2026-05-03,19227403.81,INR,1.0,Paid,2026-04-23,Manual Review,Pending
INV000616,PO000616,S0111,2025-06-29,2025-07-21,2025-08-20,13506569.05,INR,1.0,Paid,2025-08-19,Three-Way Match,Approved
INV000617,PO000617,S0119,2025-07-05,2025-07-15,2025-09-13,28107463.32,INR,1.0,Paid,2025-09-09,Manual Review,Approved
INV000618,PO000618,S0097,2026-01-03,2026-01-25,2026-02-24,25555104.33,INR,1.0,Paid,2026-02-21,Three-Way Match,Approved
INV000619,PO000619,S0025,2025-09-08,2025-10-09,2025-11-23,12881126.07,INR,1.0,Pending,,Three-Way Match,Approved
INV000620,PO000620,S0122,2026-07-10,2026-07-16,2026-08-15,43046772.25,INR,1.0,Pending,,Manual Review,Approved
INV000621,PO000621,S0075,2025-04-25,2025-05-19,2025-07-03,14020354.22,INR,1.0,Pending,,Three-Way Match,Pending
INV000622,PO000622,S0021,2025-09-05,2025-09-13,2025-10-13,57037943.59,INR,1.0,Paid,2025-10-07,Manual Review,Pending
INV000623,PO000623,S0060,2025-09-29,2025-10-22,2025-12-06,47599239.09,INR,1.0,Overdue,,Three-Way Match,Approved
INV000624,PO000624,S0061,2025-07-06,2025-07-21,2025-09-19,3438320.18,INR,1.0,Pending,,Manual Review,Pending
INV000625,PO000625,S0041,2025-10-07,2025-10-21,2025-12-05,39593942.73,INR,1.0,Overdue,,Three-Way Match,Pending
INV000626,PO000626,S0107,2025-04-21,2025-05-24,2025-08-22,13121491.72,INR,1.0,Paid,2025-08-12,Three-Way Match,Approved
INV000627,PO000627,S0067,2026-07-05,2026-07-14,2026-08-28,11162474.44,INR,1.0,Pending,,Manual Review,Approved
INV000628,PO000628,S0102,2026-05-05,2026-06-03,2026-09-01,65506569.77,INR,1.0,Overdue,,Manual Review,Pending
INV000629,PO000629,S0009,2025-05-21,2025-06-12,2025-09-10,95478553.81,INR,1.0,Paid,2025-09-09,Three-Way Match,Approved
INV000630,PO000630,S0066,2025-08-26,2025-09-26,2025-10-26,11489978.35,INR,1.0,Pending,,Three-Way Match,Approved
INV000631,PO000631,S0038,2025-03-29,2025-04-07,2025-05-22,41470005.92,INR,1.0,Paid,2025-05-22,Three-Way Match,Approved
INV000632,PO000632,S0040,2025-11-12,2025-11-20,2026-01-19,12586945.13,INR,1.0,Paid,2026-01-15,Manual Review,Approved
INV000633,PO000633,S0077,2025-01-10,2025-02-04,2025-04-05,2947857.25,INR,1.0,Paid,2025-03-26,Three-Way Match,Pending
INV000634,PO000634,S0124,2025-12-08,2026-01-04,2026-04-04,17705391.77,INR,1.0,Pending,,Manual Review,Approved
INV000635,PO000635,S0029,2026-01-28,2026-03-06,2026-05-05,39685897.86,INR,1.0,Paid,2026-04-27,Manual Review,Approved
INV000636,PO000636,S0027,2025-09-28,2025-10-11,2025-11-10,69011588.59,INR,1.0,Paid,2025-11-04,Three-Way Match,Pending
INV000637,PO000637,S0064,2026-07-31,2026-08-19,2026-09-18,25646501.75,INR,1.0,Paid,2026-09-09,Three-Way Match,Approved
INV000638,PO000638,S0053,2025-03-15,2025-03-24,2025-04-23,7266857.72,INR,1.0,Paid,2025-04-16,Manual Review,Pending
INV000639,PO000639,S0063,2025-12-12,2025-12-26,2026-01-25,26005602.48,INR,1.0,Partially Paid,,Three-Way Match,Approved
INV000640,PO000640,S0114,2025-10-08,2025-10-29,2025-12-28,4241613.84,INR,1.0,Paid,2025-12-18,Three-Way Match,Approved
INV000641,PO000641,S0056,2025-01-18,2025-02-20,2025-04-06,25733220.0,INR,1.0,Paid,2025-04-03,Three-Way Match,Pending
INV000642,PO000642,S0125,2025-08-06,2025-09-02,2025-11-01,7125202.79,INR,1.0,Pending,,Three-Way Match,Approved
INV000643,PO000643,S0088,2026-05-08,2026-06-13,2026-07-13,39376968.22,INR,1.0,Pending,,Three-Way Match,Approved
INV000644,PO000644,S0067,2026-02-12,2026-02-23,2026-03-25,72238164.49,INR,1.0,Paid,2026-03-19,Three-Way Match,Approved
INV000645,PO000645,S0070,2025-09-09,2025-10-17,2025-11-16,2956423.67,INR,1.0,Overdue,,Three-Way Match,Pending
INV000646,PO000646,S0014,2025-10-28,2025-11-17,2025-12-17,73687759.41,INR,1.0,Partially Paid,,Manual Review,Approved
INV000647,PO000647,S0084,2025-08-29,2025-09-29,2025-11-28,5206400.0,INR,1.0,Paid,2025-11-18,Three-Way Match,Pending
INV000648,PO000648,S0038,2025-11-21,2025-11-25,2026-02-23,501339.19,INR,1.0,Pending,,Manual Review,Approved
INV000649,PO000649,S0002,2026-04-03,2026-04-22,2026-06-06,10365542.51,INR,1.0,Paid,2026-06-02,Three-Way Match,Approved
INV000650,PO000650,S0104,2025-04-13,2025-05-11,2025-07-10,42592827.87,INR,1.0,Partially Paid,,Three-Way Match,Approved
INV000651,PO000651,S0044,2025-07-02,2025-07-17,2025-10-15,9872654.37,INR,1.0,Paid,2025-10-07,Three-Way Match,Pending
INV000652,PO000652,S0051,2025-04-20,2025-05-19,2025-06-18,72747240.14,INR,1.0,Paid,2025-06-14,Three-Way Match,Pending
INV000653,PO000653,S0011,2025-03-06,2025-03-31,2025-04-30,12518054.02,INR,1.0,Pending,,Three-Way Match,Approved
INV000654,PO000654,S0101,2025-12-31,2026-01-05,2026-02-04,10794429.29,INR,1.0,Pending,,Three-Way Match,Approved
INV000655,PO000655,S0110,2025-07-05,2025-07-15,2025-10-13,1290655.04,INR,1.0,Paid,2025-10-11,Manual Review,Approved
INV000656,PO000656,S0063,2025-07-17,2025-07-29,2025-09-12,79748972.49,INR,1.0,Paid,2025-09-06,Manual Review,Approved
INV000657,PO000657,S0086,2025-03-06,2025-04-03,2025-06-02,25061785.3,INR,1.0,Overdue,,Three-Way Match,Approved
INV000658,PO000658,S0119,2025-10-08,2025-10-11,2026-01-09,32589980.15,INR,1.0,Overdue,,Three-Way Match,Pending
INV000659,PO000659,S0023,2025-06-17,2025-06-23,2025-08-07,17342871.49,INR,1.0,Paid,2025-08-01,Manual Review,Pending
INV000660,PO000660,S0098,2026-05-04,2026-05-19,2026-08-17,2296080.63,INR,1.0,Paid,2026-08-16,Three-Way Match,Approved
INV000661,PO000661,S0069,2026-05-10,2026-05-27,2026-07-26,16475565.67,INR,1.0,Pending,,Three-Way Match,Pending
INV000662,PO000662,S0085,2025-04-22,2025-05-05,2025-06-04,8860343.68,INR,1.0,Paid,2025-05-31,Three-Way Match,Pending
INV000663,PO000663,S0107,2026-05-17,2026-06-20,2026-09-18,2005894.31,INR,1.0,Paid,2026-09-11,Three-Way Match,Pending
INV000664,PO000664,S0029,2025-12-01,2026-01-02,2026-03-03,6954071.34,INR,1.0,Paid,2026-02-25,Manual Review,Approved
INV000665,PO000665,S0116,2026-07-17,2026-08-11,2026-09-10,35995733.28,INR,1.0,Paid,2026-09-02,Manual Review,Approved
INV000666,PO000666,S0113,2025-03-29,2025-04-05,2025-05-05,510835.13,INR,1.0,Paid,2025-04-26,Manual Review,Approved
INV000667,PO000667,S0021,2025-07-08,2025-07-21,2025-09-19,6175505.05,INR,1.0,Paid,2025-09-15,Three-Way Match,Pending
INV000668,PO000668,S0039,2025-03-07,2025-04-04,2025-06-03,27371744.18,INR,1.0,Paid,2025-05-24,Manual Review,Approved
INV000669,PO000669,S0084,2025-07-14,2025-08-15,2025-09-14,31996466.46,INR,1.0,Paid,2025-09-04,Three-Way Match,Approved
INV000670,PO000670,S0117,2026-03-21,2026-04-14,2026-06-13,40766223.96,INR,1.0,Pending,,Three-Way Match,Approved
INV000671,PO000671,S0072,2026-02-18,2026-03-15,2026-04-29,37351770.83,INR,1.0,Paid,2026-04-19,Manual Review,Approved
INV000672,PO000672,S0007,2025-12-20,2026-01-13,2026-03-14,47970370.35,INR,1.0,Paid,2026-03-09,Three-Way Match,Pending
INV000673,PO000673,S0084,2025-01-20,2025-02-20,2025-05-21,6241395.69,INR,1.0,Paid,2025-05-20,Three-Way Match,Approved
INV000674,PO000674,S0107,2025-08-07,2025-09-05,2025-11-04,47343483.48,INR,1.0,Paid,2025-10-30,Manual Review,Pending
INV000675,PO000675,S0050,2025-01-07,2025-01-26,2025-03-12,25524021.74,INR,1.0,Paid,2025-03-02,Three-Way Match,Approved
INV000676,PO000676,S0017,2025-06-06,2025-07-09,2025-08-08,46163153.49,INR,1.0,Pending,,Three-Way Match,Approved
INV000677,PO000677,S0018,2025-06-22,2025-07-09,2025-08-23,46775637.05,INR,1.0,Paid,2025-08-13,Manual Review,Approved
INV000678,PO000678,S0117,2025-12-31,2026-01-25,2026-03-11,6826490.07,INR,1.0,Paid,2026-03-05,Three-Way Match,Pending
INV000679,PO000679,S0094,2025-11-02,2025-12-01,2026-01-15,21190987.76,INR,1.0,Overdue,,Three-Way Match,Approved
INV000680,PO000680,S0021,2025-04-12,2025-04-29,2025-06-13,32518846.59,INR,1.0,Paid,2025-06-04,Three-Way Match,Approved
INV000681,PO000681,S0092,2025-04-20,2025-05-09,2025-07-08,2419513.72,INR,1.0,Paid,2025-07-05,Manual Review,Approved
INV000682,PO000682,S0036,2026-02-16,2026-03-12,2026-04-26,1687576.91,INR,1.0,Partially Paid,,Manual Review,Approved
INV000683,PO000683,S0058,2025-05-19,2025-06-20,2025-07-20,50147446.9,INR,1.0,Paid,2025-07-18,Three-Way Match,Approved
INV000684,PO000684,S0096,2026-03-11,2026-04-10,2026-07-09,59977405.93,INR,1.0,Paid,2026-07-02,Three-Way Match,Pending
INV000685,PO000685,S0072,2025-09-13,2025-10-09,2026-01-07,31663510.46,INR,1.0,Paid,2026-01-02,Three-Way Match,Approved
INV000686,PO000686,S0095,2025-06-22,2025-07-16,2025-08-15,44300622.64,INR,1.0,Pending,,Three-Way Match,Approved
INV000687,PO000687,S0112,2026-01-18,2026-02-17,2026-04-18,45385623.32,INR,1.0,Pending,,Three-Way Match,Pending
INV000688,PO000688,S0067,2025-03-16,2025-03-25,2025-04-24,4734680.03,INR,1.0,Pending,,Manual Review,Approved
INV000689,PO000689,S0120,2025-12-29,2026-01-24,2026-02-23,14882066.19,INR,1.0,Paid,2026-02-23,Three-Way Match,Pending
INV000690,PO000690,S0023,2025-05-04,2025-05-12,2025-06-26,44113327.16,INR,1.0,Pending,,Manual Review,Pending
INV000691,PO000691,S0004,2025-01-14,2025-01-30,2025-03-31,23695142.93,INR,1.0,Partially Paid,,Three-Way Match,Approved
INV000692,PO000692,S0038,2025-02-10,2025-02-21,2025-04-22,11966735.7,INR,1.0,Paid,2025-04-13,Manual Review,Approved
INV000693,PO000693,S0041,2025-05-25,2025-06-15,2025-07-30,13073938.53,INR,1.0,Paid,2025-07-21,Three-Way Match,Approved
INV000694,PO000694,S0066,2025-11-01,2025-11-23,2026-01-22,34520296.08,INR,1.0,Paid,2026-01-12,Manual Review,Approved
INV000695,PO000695,S0033,2025-01-05,2025-01-11,2025-02-25,10286276.13,INR,1.0,Paid,2025-02-20,Three-Way Match,Approved
INV000696,PO000696,S0121,2025-10-19,2025-11-11,2025-12-26,28493886.15,INR,1.0,Paid,2025-12-26,Manual Review,Approved
INV000697,PO000697,S0053,2025-07-12,2025-07-18,2025-10-16,5825964.59,INR,1.0,Paid,2025-10-06,Three-Way Match,Pending
INV000698,PO000698,S0053,2026-03-17,2026-03-24,2026-05-23,13679356.25,INR,1.0,Paid,2026-05-23,Three-Way Match,Approved
INV000699,PO000699,S0058,2025-06-27,2025-07-29,2025-08-28,12042890.23,INR,1.0,Paid,2025-08-28,Three-Way Match,Approved
INV000700,PO000700,S0097,2025-06-24,2025-07-15,2025-08-29,7387307.71,INR,1.0,Pending,,Three-Way Match,Pending
INV000701,PO000701,S0117,2025-06-24,2025-07-24,2025-09-07,21196187.37,INR,1.0,Pending,,Three-Way Match,Approved
INV000702,PO000702,S0064,2026-04-14,2026-05-07,2026-08-05,35333868.15,INR,1.0,Pending,,Three-Way Match,Approved
INV000703,PO000703,S0031,2025-07-21,2025-08-12,2025-09-11,2924315.15,INR,1.0,Overdue,,Three-Way Match,Approved
INV000704,PO000704,S0114,2026-06-11,2026-07-06,2026-09-04,39310891.48,INR,1.0,Paid,2026-08-27,Manual Review,Pending
INV000705,PO000705,S0094,2025-07-23,2025-08-26,2025-11-24,6837468.75,INR,1.0,Pending,,Manual Review,Approved
INV000706,PO000706,S0118,2025-05-01,2025-06-03,2025-08-02,15188345.79,INR,1.0,Paid,2025-08-02,Three-Way Match,Approved
INV000707,PO000707,S0097,2025-12-27,2026-01-19,2026-03-20,4861375.34,INR,1.0,Paid,2026-03-10,Manual Review,Approved
INV000708,PO000708,S0043,2025-11-09,2025-11-27,2026-01-11,32645625.04,INR,1.0,Paid,2026-01-06,Three-Way Match,Approved
INV000709,PO000709,S0045,2026-04-25,2026-05-06,2026-08-04,15088803.54,INR,1.0,Paid,2026-07-31,Three-Way Match,Approved
INV000710,PO000710,S0093,2025-02-12,2025-02-28,2025-05-29,47268367.62,INR,1.0,Paid,2025-05-25,Three-Way Match,Approved
INV000711,PO000711,S0037,2025-07-04,2025-08-10,2025-11-08,88273839.38,INR,1.0,Overdue,,Three-Way Match,Pending
INV000712,PO000712,S0018,2025-01-14,2025-02-12,2025-05-13,73660322.99,INR,1.0,Paid,2025-05-12,Three-Way Match,Approved
INV000713,PO000713,S0005,2025-03-16,2025-03-23,2025-06-21,25728501.62,INR,1.0,Paid,2025-06-14,Three-Way Match,Pending
INV000714,PO000714,S0116,2025-07-12,2025-08-13,2025-09-12,47840916.19,INR,1.0,Paid,2025-09-07,Three-Way Match,Pending
INV000715,PO000715,S0033,2026-04-10,2026-04-23,2026-05-23,1830346.62,INR,1.0,Paid,2026-05-19,Three-Way Match,Approved
INV000716,PO000716,S0025,2025-01-12,2025-02-17,2025-04-03,12890529.62,INR,1.0,Paid,2025-04-01,Three-Way Match,Approved
INV000717,PO000717,S0016,2026-06-11,2026-07-12,2026-08-26,29802735.3,INR,1.0,Partially Paid,,Three-Way Match,Approved
INV000718,PO000718,S0047,2025-05-01,2025-06-14,2025-08-13,4860833.44,INR,1.0,Overdue,,Three-Way Match,Approved
INV000719,PO000719,S0003,2026-05-19,2026-05-29,2026-07-13,10299921.48,INR,1.0,Paid,2026-07-07,Three-Way Match,Approved
INV000720,PO000720,S0014,2025-05-14,2025-05-26,2025-07-25,33996424.16,INR,1.0,Paid,2025-07-20,Manual Review,Approved
INV000721,PO000721,S0034,2026-05-10,2026-06-11,2026-08-10,53648620.27,INR,1.0,Paid,2026-08-04,Manual Review,Approved
INV000722,PO000722,S0077,2026-06-26,2026-07-17,2026-08-31,42672452.03,INR,1.0,Paid,2026-08-24,Three-Way Match,Pending
INV000723,PO000723,S0041,2026-02-15,2026-02-26,2026-03-28,65978692.37,INR,1.0,Overdue,,Three-Way Match,Pending
INV000724,PO000724,S0119,2026-06-20,2026-06-28,2026-08-12,66594091.12,INR,1.0,Paid,2026-08-02,Three-Way Match,Approved
INV000725,PO000725,S0027,2026-07-10,2026-07-28,2026-09-11,47568014.54,INR,1.0,Paid,2026-09-08,Three-Way Match,Approved
INV000726,PO000726,S0067,2025-02-14,2025-02-21,2025-04-07,47612436.76,INR,1.0,Paid,2025-04-02,Three-Way Match,Approved
INV000727,PO000727,S0070,2025-04-20,2025-05-23,2025-08-21,13377496.91,INR,1.0,Pending,,Three-Way Match,Approved
INV000728,PO000728,S0020,2026-06-03,2026-07-01,2026-08-15,7708455.0,INR,1.0,Overdue,,Three-Way Match,Pending
INV000729,PO000729,S0124,2026-06-22,2026-07-27,2026-10-25,28434182.63,INR,1.0,Overdue,,Manual Review,Approved
INV000730,PO000730,S0007,2025-01-13,2025-02-05,2025-05-06,45983287.65,INR,1.0,Paid,2025-04-30,Three-Way Match,Pending
INV000731,PO000731,S0010,2025-09-10,2025-10-16,2025-12-15,9997250.68,INR,1.0,Overdue,,Three-Way Match,Pending
INV000732,PO000732,S0072,2025-04-09,2025-05-06,2025-07-05,11454586.12,INR,1.0,Paid,2025-07-01,Three-Way Match,Approved
INV000733,PO000733,S0008,2026-05-24,2026-06-10,2026-07-25,2416236.05,INR,1.0,Paid,2026-07-21,Three-Way Match,Approved
INV000734,PO000734,S0010,2025-01-13,2025-02-07,2025-03-09,8595056.0,INR,1.0,Paid,2025-03-09,Three-Way Match,Pending
INV000735,PO000735,S0031,2026-04-01,2026-04-26,2026-06-10,16665983.44,INR,1.0,Paid,2026-06-07,Three-Way Match,Pending
INV000736,PO000736,S0125,2026-01-10,2026-02-07,2026-03-24,38950911.41,INR,1.0,Paid,2026-03-14,Three-Way Match,Approved
INV000737,PO000737,S0091,2025-02-28,2025-03-17,2025-05-16,12014792.01,INR,1.0,Pending,,Three-Way Match,Approved
INV000738,PO000738,S0004,2026-05-18,2026-06-02,2026-07-17,47748691.65,INR,1.0,Partially Paid,,Three-Way Match,Pending
INV000739,PO000739,S0112,2025-12-15,2026-01-17,2026-04-17,73247452.84,INR,1.0,Paid,2026-04-17,Three-Way Match,Approved
INV000740,PO000740,S0124,2026-04-02,2026-04-29,2026-05-29,12859426.67,INR,1.0,Partially Paid,,Three-Way Match,Approved
INV000741,PO000741,S0052,2025-04-07,2025-05-05,2025-07-04,1307392.61,INR,1.0,Paid,2025-06-29,Three-Way Match,Pending
INV000742,PO000742,S0008,2025-04-27,2025-05-07,2025-08-05,34454076.8,INR,1.0,Pending,,Three-Way Match,Approved
INV000743,PO000743,S0002,2026-06-16,2026-07-07,2026-08-21,41404649.09,INR,1.0,Paid,2026-08-19,Manual Review,Approved
INV000744,PO000744,S0001,2026-03-26,2026-04-08,2026-07-07,28738593.45,INR,1.0,Paid,2026-06-27,Three-Way Match,Pending
INV000745,PO000745,S0001,2025-01-14,2025-01-27,2025-04-27,4025185.9,INR,1.0,Pending,,Manual Review,Approved
INV000746,PO000746,S0052,2025-04-08,2025-05-04,2025-06-03,42234247.1,INR,1.0,Paid,2025-06-02,Manual Review,Approved
INV000747,PO000747,S0033,2025-08-18,2025-08-31,2025-11-29,45785206.37,INR,1.0,Paid,2025-11-27,Manual Review,Pending
INV000748,PO000748,S0024,2026-05-22,2026-06-17,2026-08-16,10805224.14,INR,1.0,Pending,,Manual Review,Pending
INV000749,PO000749,S0096,2025-02-15,2025-03-22,2025-04-21,524816.6,INR,1.0,Paid,2025-04-19,Three-Way Match,Pending
INV000750,PO000750,S0008,2025-09-15,2025-10-02,2025-12-31,16253798.83,INR,1.0,Paid,2025-12-31,Three-Way Match,Approved
INV000751,PO000751,S0091,2025-09-28,2025-10-27,2025-11-26,37129854.5,INR,1.0,Partially Paid,,Manual Review,Approved
INV000752,PO000752,S0053,2025-12-09,2025-12-21,2026-03-21,10303088.56,INR,1.0,Pending,,Manual Review,Approved
INV000753,PO000753,S0068,2025-01-26,2025-02-15,2025-03-17,3118302.56,INR,1.0,Paid,2025-03-17,Three-Way Match,Approved
INV000754,PO000754,S0059,2026-05-05,2026-05-31,2026-08-29,39722445.34,INR,1.0,Overdue,,Three-Way Match,Approved
INV000755,PO000755,S0123,2025-07-17,2025-08-20,2025-10-04,2646580.44,INR,1.0,Paid,2025-09-25,Three-Way Match,Approved
INV000756,PO000756,S0084,2025-04-16,2025-05-13,2025-06-27,30277108.33,INR,1.0,Paid,2025-06-20,Three-Way Match,Approved
INV000757,PO000757,S0028,2025-02-11,2025-02-26,2025-05-27,22119833.88,INR,1.0,Pending,,Three-Way Match,Approved
INV000758,PO000758,S0012,2026-04-26,2026-05-30,2026-06-29,70811116.6,INR,1.0,Paid,2026-06-28,Three-Way Match,Approved
INV000759,PO000759,S0019,2026-04-22,2026-05-26,2026-07-25,41169877.01,INR,1.0,Paid,2026-07-20,Manual Review,Pending
INV000760,PO000760,S0096,2025-12-20,2026-01-23,2026-02-22,91125137.75,INR,1.0,Pending,,Three-Way Match,Approved
INV000761,PO000761,S0072,2026-06-29,2026-07-25,2026-10-23,16724037.84,INR,1.0,Paid,2026-10-14,Manual Review,Approved
INV000762,PO000762,S0044,2025-08-28,2025-09-19,2025-11-18,89796284.24,INR,1.0,Overdue,,Manual Review,Pending
INV000763,PO000763,S0107,2025-11-06,2025-12-02,2026-01-16,9569088.28,INR,1.0,Paid,2026-01-15,Three-Way Match,Approved
INV000764,PO000764,S0122,2026-02-16,2026-03-07,2026-04-06,35213175.0,INR,1.0,Paid,2026-04-04,Three-Way Match,Approved
INV000765,PO000765,S0105,2025-05-07,2025-05-21,2025-07-20,29542947.16,INR,1.0,Pending,,Manual Review,Approved
INV000766,PO000766,S0125,2026-04-22,2026-05-26,2026-07-10,3421505.77,INR,1.0,Paid,2026-07-06,Three-Way Match,Approved
INV000767,PO000767,S0040,2025-01-23,2025-02-02,2025-03-04,36841348.52,INR,1.0,Pending,,Manual Review,Approved
INV000768,PO000768,S0017,2025-11-12,2025-12-16,2026-01-15,7884593.61,INR,1.0,Paid,2026-01-06,Three-Way Match,Pending
INV000769,PO000769,S0044,2025-01-17,2025-02-02,2025-05-03,54326716.12,INR,1.0,Paid,2025-04-30,Three-Way Match,Approved
INV000770,PO000770,S0055,2025-02-14,2025-03-07,2025-04-21,12967075.35,INR,1.0,Paid,2025-04-12,Three-Way Match,Pending
INV000771,PO000771,S0056,2025-01-23,2025-02-28,2025-04-29,37864389.34,INR,1.0,Pending,,Three-Way Match,Approved
INV000772,PO000772,S0016,2026-03-14,2026-04-21,2026-06-05,11445565.26,INR,1.0,Paid,2026-05-26,Three-Way Match,Approved
INV000773,PO000773,S0064,2025-12-12,2026-01-12,2026-03-13,16820645.27,INR,1.0,Paid,2026-03-13,Three-Way Match,Pending
INV000774,PO000774,S0052,2025-02-24,2025-03-27,2025-05-11,5675229.28,INR,1.0,Pending,,Three-Way Match,Approved
INV000775,PO000775,S0050,2025-02-09,2025-02-18,2025-04-19,46576165.72,INR,1.0,Paid,2025-04-15,Three-Way Match,Approved
INV000776,PO000776,S0060,2026-01-19,2026-02-07,2026-03-09,31805723.26,INR,1.0,Overdue,,Manual Review,Approved
INV000777,PO000777,S0025,2026-07-02,2026-07-30,2026-08-29,95623050.64,INR,1.0,Paid,2026-08-24,Three-Way Match,Approved
INV000778,PO000778,S0106,2025-10-07,2025-10-20,2025-12-04,13962991.66,INR,1.0,Paid,2025-12-03,Manual Review,Pending
INV000779,PO000779,S0064,2025-12-25,2026-01-21,2026-03-22,65477779.39,INR,1.0,Pending,,Three-Way Match,Approved
INV000780,PO000780,S0115,2025-03-17,2025-04-19,2025-05-19,7887435.83,INR,1.0,Pending,,Three-Way Match,Approved
INV000781,PO000781,S0083,2026-03-29,2026-04-19,2026-06-03,43143613.4,INR,1.0,Pending,,Three-Way Match,Pending
INV000782,PO000782,S0104,2025-05-09,2025-06-04,2025-07-19,5018289.6,INR,1.0,Paid,2025-07-16,Three-Way Match,Pending
INV000783,PO000783,S0094,2025-01-21,2025-02-23,2025-03-25,2771717.67,INR,1.0,Paid,2025-03-15,Manual Review,Approved
INV000784,PO000784,S0025,2025-01-05,2025-02-04,2025-05-05,59824080.77,INR,1.0,Paid,2025-04-27,Manual Review,Approved
INV000785,PO000785,S0013,2025-12-15,2026-01-14,2026-04-14,56357750.51,INR,1.0,Paid,2026-04-12,Manual Review,Pending
INV000786,PO000786,S0073,2025-11-15,2025-11-24,2025-12-24,36260613.48,INR,1.0,Overdue,,Three-Way Match,Approved
INV000787,PO000787,S0107,2025-06-18,2025-07-15,2025-08-14,43940927.07,INR,1.0,Paid,2025-08-14,Manual Review,Approved
INV000788,PO000788,S0115,2025-03-06,2025-03-29,2025-05-13,40374275.63,INR,1.0,Partially Paid,,Three-Way Match,Approved
INV000789,PO000789,S0034,2025-02-14,2025-03-14,2025-05-13,93142821.82,INR,1.0,Paid,2025-05-08,Three-Way Match,Approved
INV000790,PO000790,S0068,2026-04-01,2026-04-27,2026-05-27,22541881.49,INR,1.0,Paid,2026-05-21,Three-Way Match,Pending
INV000791,PO000791,S0030,2026-04-23,2026-05-11,2026-07-10,36061599.95,INR,1.0,Overdue,,Three-Way Match,Pending
INV000792,PO000792,S0019,2025-03-09,2025-04-06,2025-05-21,84757464.41,INR,1.0,Paid,2025-05-17,Three-Way Match,Approved
INV000793,PO000793,S0028,2026-05-23,2026-05-30,2026-06-29,37933596.46,INR,1.0,Paid,2026-06-22,Three-Way Match,Approved
INV000794,PO000794,S0079,2026-04-11,2026-05-08,2026-07-07,13194605.64,INR,1.0,Pending,,Manual Review,Approved
INV000795,PO000795,S0029,2026-02-22,2026-03-26,2026-04-25,77468306.71,INR,1.0,Paid,2026-04-20,Manual Review,Pending
INV000796,PO000796,S0105,2026-03-23,2026-03-31,2026-06-29,34342467.72,INR,1.0,Paid,2026-06-21,Three-Way Match,Pending
INV000797,PO000797,S0091,2026-02-01,2026-02-16,2026-05-17,36499413.03,INR,1.0,Paid,2026-05-08,Three-Way Match,Pending
INV000798,PO000798,S0122,2025-08-27,2025-08-31,2025-09-30,671686.4,INR,1.0,Paid,2025-09-28,Three-Way Match,Approved
INV000799,PO000799,S0092,2025-08-17,2025-09-03,2025-11-02,1242695.47,INR,1.0,Paid,2025-10-29,Three-Way Match,Pending
INV000800,PO000800,S0095,2025-05-18,2025-06-10,2025-09-08,728034.68,INR,1.0,Paid,2025-08-29,Three-Way Match,Pending
INV000801,PO000801,S0105,2025-09-29,2025-10-08,2025-11-07,41854109.14,INR,1.0,Paid,2025-11-06,Manual Review,Approved
INV000802,PO000802,S0086,2025-12-11,2026-01-14,2026-02-28,6932361.68,INR,1.0,Paid,2026-02-25,Three-Way Match,Approved
INV000803,PO000803,S0079,2025-04-14,2025-05-11,2025-08-09,79542534.79,INR,1.0,Pending,,Three-Way Match,Approved
INV000804,PO000804,S0083,2026-04-11,2026-04-29,2026-05-29,70538097.12,INR,1.0,Pending,,Three-Way Match,Approved
INV000805,PO000805,S0101,2025-04-10,2025-04-18,2025-07-17,34769043.96,INR,1.0,Paid,2025-07-07,Three-Way Match,Approved
INV000806,PO000806,S0064,2025-03-06,2025-03-26,2025-06-24,5825512.97,INR,1.0,Paid,2025-06-19,Manual Review,Approved
INV000807,PO000807,S0057,2025-11-23,2025-12-12,2026-03-12,9936372.33,INR,1.0,Paid,2026-03-11,Three-Way Match,Approved
INV000808,PO000808,S0004,2025-09-13,2025-10-07,2025-11-06,6796795.66,INR,1.0,Paid,2025-11-04,Manual Review,Approved
INV000809,PO000809,S0047,2025-07-01,2025-07-29,2025-09-12,16873620.28,INR,1.0,Paid,2025-09-02,Three-Way Match,Approved
INV000810,PO000810,S0002,2025-10-06,2025-10-19,2025-12-18,101150466.4,INR,1.0,Paid,2025-12-08,Manual Review,Approved
INV000811,PO000811,S0114,2026-04-18,2026-05-10,2026-08-08,42667379.08,INR,1.0,Pending,,Manual Review,Approved
INV000812,PO000812,S0124,2025-02-22,2025-03-26,2025-04-25,55189134.47,INR,1.0,Paid,2025-04-22,Three-Way Match,Approved
INV000813,PO000813,S0048,2025-11-14,2025-12-05,2026-03-05,20480203.91,INR,1.0,Pending,,Manual Review,Approved
INV000814,PO000814,S0072,2026-01-12,2026-02-10,2026-05-11,58149826.6,INR,1.0,Pending,,Three-Way Match,Approved
INV000815,PO000815,S0088,2025-12-31,2026-01-28,2026-03-14,13970495.28,INR,1.0,Paid,2026-03-08,Manual Review,Pending
INV000816,PO000816,S0016,2025-05-27,2025-06-30,2025-08-14,61140309.32,INR,1.0,Paid,2025-08-08,Three-Way Match,Approved
INV000817,PO000817,S0031,2026-03-15,2026-04-02,2026-07-01,6439989.51,INR,1.0,Paid,2026-06-23,Three-Way Match,Approved
INV000818,PO000818,S0037,2025-11-06,2025-12-06,2026-01-05,12228833.78,INR,1.0,Pending,,Three-Way Match,Approved
INV000819,PO000819,S0082,2025-07-25,2025-08-01,2025-09-30,39929812.08,INR,1.0,Pending,,Three-Way Match,Pending
INV000820,PO000820,S0076,2026-07-09,2026-08-05,2026-11-03,26523420.08,INR,1.0,Paid,2026-10-24,Manual Review,Pending
INV000821,PO000821,S0084,2025-06-03,2025-07-03,2025-09-01,16465525.5,INR,1.0,Paid,2025-08-27,Three-Way Match,Approved
INV000822,PO000822,S0101,2025-12-19,2026-01-05,2026-04-05,50293166.44,INR,1.0,Overdue,,Three-Way Match,Approved
INV000823,PO000823,S0049,2025-07-15,2025-07-30,2025-10-28,60929789.15,INR,1.0,Paid,2025-10-18,Three-Way Match,Pending
INV000824,PO000824,S0111,2026-05-23,2026-06-11,2026-07-11,48414962.49,INR,1.0,Overdue,,Manual Review,Pending
INV000825,PO000825,S0107,2026-07-07,2026-08-06,2026-09-05,19021178.54,INR,1.0,Overdue,,Three-Way Match,Approved
INV000826,PO000826,S0002,2026-02-24,2026-03-08,2026-04-22,18068600.73,INR,1.0,Paid,2026-04-21,Three-Way Match,Pending
INV000827,PO000827,S0048,2025-04-17,2025-05-07,2025-06-21,6597099.8,INR,1.0,Paid,2025-06-11,Three-Way Match,Approved
INV000828,PO000828,S0096,2026-06-11,2026-07-14,2026-10-12,25491097.03,INR,1.0,Paid,2026-10-10,Three-Way Match,Approved
INV000829,PO000829,S0086,2026-02-21,2026-03-17,2026-05-01,68933238.64,INR,1.0,Paid,2026-05-01,Three-Way Match,Approved
INV000830,PO000830,S0067,2025-04-01,2025-04-14,2025-07-13,2927956.76,INR,1.0,Pending,,Three-Way Match,Approved
INV000831,PO000831,S0064,2026-08-04,2026-08-26,2026-11-24,20650043.11,INR,1.0,Partially Paid,,Three-Way Match,Approved
INV000832,PO000832,S0077,2025-11-18,2025-12-13,2026-02-11,19014036.21,INR,1.0,Paid,2026-02-01,Three-Way Match,Pending
INV000833,PO000833,S0103,2025-06-26,2025-07-29,2025-08-28,11585357.52,INR,1.0,Paid,2025-08-25,Manual Review,Approved
INV000834,PO000834,S0090,2026-05-12,2026-06-05,2026-08-04,3234085.05,INR,1.0,Paid,2026-07-27,Three-Way Match,Approved
INV000835,PO000835,S0094,2025-01-01,2025-01-29,2025-04-29,53227218.48,INR,1.0,Paid,2025-04-28,Manual Review,Pending
INV000836,PO000836,S0053,2025-06-30,2025-07-24,2025-08-23,69957077.71,INR,1.0,Paid,2025-08-13,Manual Review,Approved
INV000837,PO000837,S0027,2025-10-10,2025-10-24,2025-12-23,6476760.39,INR,1.0,Paid,2025-12-23,Three-Way Match,Pending
INV000838,PO000838,S0118,2025-05-05,2025-06-03,2025-09-01,23119450.48,INR,1.0,Paid,2025-08-28,Manual Review,Approved
INV000839,PO000839,S0004,2026-07-08,2026-07-28,2026-08-27,600612.32,INR,1.0,Paid,2026-08-20,Three-Way Match,Pending
INV000840,PO000840,S0093,2026-05-20,2026-06-05,2026-07-20,25747624.4,INR,1.0,Paid,2026-07-13,Three-Way Match,Pending
INV000841,PO000841,S0102,2026-07-25,2026-08-26,2026-10-10,59334296.04,INR,1.0,Paid,2026-10-07,Manual Review,Approved
INV000842,PO000842,S0025,2025-04-06,2025-05-12,2025-07-11,15102919.84,INR,1.0,Paid,2025-07-08,Three-Way Match,Approved
INV000843,PO000843,S0048,2026-07-06,2026-07-21,2026-09-04,16577974.76,INR,1.0,Paid,2026-09-02,Three-Way Match,Pending
INV000844,PO000844,S0091,2026-01-29,2026-02-21,2026-03-23,3383592.81,INR,1.0,Pending,,Manual Review,Pending
INV000845,PO000845,S0082,2025-12-16,2025-12-31,2026-03-01,4101964.13,INR,1.0,Pending,,Three-Way Match,Approved
INV000846,PO000846,S0058,2026-02-15,2026-03-24,2026-04-23,19276511.0,INR,1.0,Paid,2026-04-19,Manual Review,Pending
INV000847,PO000847,S0061,2025-08-20,2025-09-02,2025-11-01,89489768.92,INR,1.0,Paid,2025-10-28,Three-Way Match,Approved
INV000848,PO000848,S0054,2026-07-27,2026-08-23,2026-10-22,49942604.57,INR,1.0,Paid,2026-10-14,Three-Way Match,Pending
INV000849,PO000849,S0036,2025-05-26,2025-06-11,2025-07-11,47509080.95,INR,1.0,Paid,2025-07-06,Manual Review,Approved
INV000850,PO000850,S0007,2026-07-07,2026-08-05,2026-09-04,27831205.34,INR,1.0,Paid,2026-08-28,Manual Review,Pending
INV000851,PO000851,S0084,2025-05-29,2025-07-04,2025-08-03,24188639.47,INR,1.0,Overdue,,Three-Way Match,Pending
INV000852,PO000852,S0104,2025-09-21,2025-10-15,2026-01-13,862167.94,INR,1.0,Paid,2026-01-08,Manual Review,Pending
INV000853,PO000853,S0026,2025-08-10,2025-09-05,2025-11-04,33871206.37,INR,1.0,Paid,2025-11-02,Three-Way Match,Approved
INV000854,PO000854,S0065,2025-03-04,2025-03-11,2025-06-09,30645280.56,INR,1.0,Paid,2025-05-30,Manual Review,Approved
INV000855,PO000855,S0022,2025-07-01,2025-07-16,2025-10-14,26799633.55,INR,1.0,Pending,,Three-Way Match,Approved
INV000856,PO000856,S0026,2026-04-11,2026-04-30,2026-06-29,41721768.46,INR,1.0,Paid,2026-06-22,Three-Way Match,Pending
INV000857,PO000857,S0017,2025-07-02,2025-07-28,2025-08-27,3339266.83,INR,1.0,Paid,2025-08-19,Manual Review,Pending
INV000858,PO000858,S0056,2026-04-21,2026-05-29,2026-08-27,95421043.96,INR,1.0,Paid,2026-08-18,Three-Way Match,Approved
INV000859,PO000859,S0028,2026-03-02,2026-03-14,2026-04-13,2782982.94,INR,1.0,Paid,2026-04-03,Manual Review,Pending
INV000860,PO000860,S0064,2026-04-02,2026-04-30,2026-07-29,5503674.51,INR,1.0,Pending,,Three-Way Match,Approved
INV000861,PO000861,S0114,2025-11-24,2025-12-24,2026-02-22,61871288.89,INR,1.0,Partially Paid,,Three-Way Match,Approved
INV000862,PO000862,S0056,2026-06-09,2026-07-14,2026-10-12,1053177.41,INR,1.0,Paid,2026-10-11,Three-Way Match,Pending
INV000863,PO000863,S0045,2025-09-24,2025-09-29,2025-10-29,19772178.35,INR,1.0,Paid,2025-10-19,Manual Review,Approved
INV000864,PO000864,S0067,2025-10-03,2025-10-28,2025-12-12,42358079.87,INR,1.0,Overdue,,Three-Way Match,Approved
INV000865,PO000865,S0007,2025-04-17,2025-05-19,2025-07-03,22676769.77,INR,1.0,Paid,2025-06-26,Three-Way Match,Approved
INV000866,PO000866,S0038,2025-08-03,2025-08-09,2025-09-08,41905616.41,INR,1.0,Paid,2025-09-04,Three-Way Match,Approved
INV000867,PO000867,S0094,2025-08-16,2025-09-13,2025-10-28,6345087.29,INR,1.0,Paid,2025-10-19,Three-Way Match,Approved
INV000868,PO000868,S0034,2025-05-12,2025-06-11,2025-08-10,51500621.45,INR,1.0,Paid,2025-07-31,Three-Way Match,Approved
INV000869,PO000869,S0058,2025-06-22,2025-07-26,2025-10-24,64675611.71,INR,1.0,Paid,2025-10-15,Manual Review,Approved
INV000870,PO000870,S0055,2025-06-20,2025-07-06,2025-10-04,66512510.31,INR,1.0,Paid,2025-10-03,Manual Review,Pending
INV000871,PO000871,S0010,2025-04-28,2025-05-22,2025-06-21,13153318.22,INR,1.0,Pending,,Manual Review,Pending
INV000872,PO000872,S0069,2025-06-17,2025-07-07,2025-08-21,24320074.02,INR,1.0,Paid,2025-08-13,Three-Way Match,Approved
INV000873,PO000873,S0009,2025-07-15,2025-07-31,2025-09-29,10814685.12,INR,1.0,Overdue,,Three-Way Match,Approved
INV000874,PO000874,S0016,2026-06-14,2026-07-12,2026-08-11,6050026.69,INR,1.0,Paid,2026-08-09,Three-Way Match,Pending
INV000875,PO000875,S0016,2025-10-25,2025-12-02,2026-01-01,21011792.97,INR,1.0,Paid,2025-12-23,Three-Way Match,Approved
INV000876,PO000876,S0102,2025-09-15,2025-10-20,2025-11-19,2037507.69,INR,1.0,Overdue,,Three-Way Match,Pending
INV000877,PO000877,S0044,2025-10-10,2025-11-05,2026-02-03,14393050.46,INR,1.0,Paid,2026-02-01,Manual Review,Approved
INV000878,PO000878,S0002,2025-10-26,2025-11-16,2025-12-16,49449140.78,INR,1.0,Partially Paid,,Three-Way Match,Approved
INV000879,PO000879,S0123,2025-12-07,2026-01-11,2026-02-10,58688637.13,INR,1.0,Paid,2026-02-05,Manual Review,Pending
INV000880,PO000880,S0081,2025-05-13,2025-06-01,2025-07-16,23543952.84,INR,1.0,Paid,2025-07-09,Three-Way Match,Approved
INV000881,PO000881,S0102,2026-01-09,2026-02-18,2026-04-19,57152135.58,INR,1.0,Paid,2026-04-14,Three-Way Match,Approved
INV000882,PO000882,S0076,2025-05-10,2025-06-02,2025-07-17,6001955.52,INR,1.0,Paid,2025-07-08,Three-Way Match,Approved
INV000883,PO000883,S0099,2025-08-08,2025-08-15,2025-09-14,5615571.01,INR,1.0,Partially Paid,,Manual Review,Pending
INV000884,PO000884,S0095,2026-02-04,2026-03-05,2026-05-04,26083138.43,INR,1.0,Paid,2026-05-01,Three-Way Match,Approved
INV000885,PO000885,S0109,2025-12-17,2026-01-10,2026-04-10,6737381.17,INR,1.0,Paid,2026-04-02,Three-Way Match,Approved
INV000886,PO000886,S0007,2025-11-01,2025-11-25,2026-01-09,54194036.07,INR,1.0,Paid,2026-01-05,Three-Way Match,Approved
INV000887,PO000887,S0063,2025-12-01,2025-12-21,2026-02-19,7026226.83,INR,1.0,Paid,2026-02-11,Three-Way Match,Approved
INV000888,PO000888,S0056,2026-08-04,2026-09-09,2026-12-08,104664785.3,INR,1.0,Overdue,,Three-Way Match,Pending
INV000889,PO000889,S0120,2025-02-01,2025-03-12,2025-06-10,4390161.05,INR,1.0,Overdue,,Three-Way Match,Pending
INV000890,PO000890,S0019,2025-09-09,2025-10-15,2025-11-29,22629429.83,INR,1.0,Overdue,,Manual Review,Approved
INV000891,PO000891,S0028,2025-05-20,2025-06-01,2025-08-30,7688310.71,INR,1.0,Partially Paid,,Three-Way Match,Pending
INV000892,PO000892,S0012,2025-04-01,2025-04-25,2025-06-09,3286984.46,INR,1.0,Pending,,Three-Way Match,Approved
INV000893,PO000893,S0088,2025-12-17,2026-01-22,2026-03-08,11994053.73,INR,1.0,Paid,2026-03-07,Three-Way Match,Approved
INV000894,PO000894,S0035,2026-01-24,2026-02-05,2026-03-22,62118514.38,INR,1.0,Paid,2026-03-22,Manual Review,Pending
INV000895,PO000895,S0011,2026-04-09,2026-05-08,2026-08-06,10057329.11,INR,1.0,Overdue,,Three-Way Match,Approved
INV000896,PO000896,S0063,2025-03-19,2025-03-26,2025-06-24,50638214.42,INR,1.0,Overdue,,Three-Way Match,Pending
INV000897,PO000897,S0073,2026-04-22,2026-04-24,2026-07-23,1574666.94,INR,1.0,Pending,,Three-Way Match,Pending
INV000898,PO000898,S0009,2025-03-20,2025-04-02,2025-07-01,61234765.54,INR,1.0,Paid,2025-06-29,Three-Way Match,Pending
INV000899,PO000899,S0095,2025-03-20,2025-04-16,2025-05-31,48491506.96,INR,1.0,Paid,2025-05-28,Three-Way Match,Approved
INV000900,PO000900,S0084,2025-10-15,2025-11-16,2026-02-14,47821218.06,INR,1.0,Paid,2026-02-12,Three-Way Match,Approved
INV000901,PO000901,S0066,2025-05-27,2025-06-21,2025-08-05,78039211.74,INR,1.0,Paid,2025-07-30,Three-Way Match,Pending
INV000902,PO000902,S0011,2026-04-14,2026-05-10,2026-07-09,18896647.11,INR,1.0,Pending,,Three-Way Match,Approved
INV000903,PO000903,S0118,2026-06-02,2026-07-10,2026-08-24,4051336.24,INR,1.0,Overdue,,Three-Way Match,Pending
INV000904,PO000904,S0105,2025-07-29,2025-08-02,2025-09-01,42160517.89,INR,1.0,Paid,2025-08-22,Three-Way Match,Approved
INV000905,PO000905,S0070,2025-05-09,2025-06-08,2025-07-23,28350717.1,INR,1.0,Paid,2025-07-17,Manual Review,Approved
INV000906,PO000906,S0033,2025-12-01,2025-12-05,2026-01-04,23342799.14,INR,1.0,Paid,2026-01-01,Three-Way Match,Pending
INV000907,PO000907,S0004,2025-01-12,2025-01-28,2025-03-14,480376.51,INR,1.0,Paid,2025-03-09,Three-Way Match,Approved
INV000908,PO000908,S0053,2025-04-21,2025-05-03,2025-06-02,5793613.94,INR,1.0,Paid,2025-05-26,Manual Review,Approved
INV000909,PO000909,S0120,2025-02-17,2025-03-14,2025-05-13,11269618.59,INR,1.0,Paid,2025-05-12,Three-Way Match,Pending
INV000910,PO000910,S0083,2025-01-11,2025-01-29,2025-02-28,6835373.41,INR,1.0,Paid,2025-02-24,Manual Review,Approved
INV000911,PO000911,S0124,2026-03-29,2026-04-19,2026-06-18,54392617.49,INR,1.0,Paid,2026-06-16,Three-Way Match,Pending
INV000912,PO000912,S0094,2025-01-23,2025-02-28,2025-05-29,995441.23,INR,1.0,Paid,2025-05-25,Manual Review,Approved
INV000913,PO000913,S0034,2026-04-07,2026-05-08,2026-06-22,12684423.77,INR,1.0,Paid,2026-06-21,Three-Way Match,Approved
INV000914,PO000914,S0092,2025-01-28,2025-02-18,2025-03-20,28016256.99,INR,1.0,Paid,2025-03-12,Three-Way Match,Pending
INV000915,PO000915,S0016,2025-04-23,2025-05-26,2025-07-10,16509102.91,INR,1.0,Paid,2025-07-06,Manual Review,Pending
INV000916,PO000916,S0033,2026-07-16,2026-07-29,2026-08-28,10930862.08,INR,1.0,Overdue,,Three-Way Match,Approved
INV000917,PO000917,S0120,2026-07-23,2026-08-19,2026-11-17,3803176.83,INR,1.0,Paid,2026-11-07,Three-Way Match,Approved
INV000918,PO000918,S0119,2025-03-24,2025-04-04,2025-06-03,99774127.62,INR,1.0,Pending,,Manual Review,Pending
INV000919,PO000919,S0031,2025-12-10,2026-01-02,2026-03-03,65601100.46,INR,1.0,Paid,2026-02-26,Three-Way Match,Approved
INV000920,PO000920,S0041,2026-02-01,2026-02-13,2026-03-30,34258669.89,INR,1.0,Overdue,,Three-Way Match,Pending
INV000921,PO000921,S0004,2025-04-08,2025-05-01,2025-06-15,66493462.25,INR,1.0,Paid,2025-06-05,Manual Review,Pending
INV000922,PO000922,S0066,2025-06-27,2025-07-25,2025-09-23,9753875.95,INR,1.0,Paid,2025-09-21,Manual Review,Pending
INV000923,PO000923,S0115,2025-10-09,2025-10-31,2026-01-29,2011875.21,INR,1.0,Pending,,Three-Way Match,Approved
INV000924,PO000924,S0082,2025-07-18,2025-08-02,2025-09-16,39523839.42,INR,1.0,Paid,2025-09-16,Manual Review,Approved
INV000925,PO000925,S0100,2025-10-08,2025-11-14,2025-12-14,4737405.67,INR,1.0,Pending,,Manual Review,Approved
INV000926,PO000926,S0091,2025-06-04,2025-06-26,2025-08-25,8717644.05,INR,1.0,Paid,2025-08-22,Three-Way Match,Pending
INV000927,PO000927,S0085,2026-07-09,2026-07-17,2026-08-16,3385516.94,INR,1.0,Paid,2026-08-07,Three-Way Match,Approved
INV000928,PO000928,S0095,2026-02-23,2026-03-29,2026-06-27,9970712.74,INR,1.0,Paid,2026-06-25,Three-Way Match,Approved
INV000929,PO000929,S0114,2025-07-14,2025-08-09,2025-09-08,20585234.47,INR,1.0,Paid,2025-09-03,Three-Way Match,Approved
INV000930,PO000930,S0016,2025-04-05,2025-05-09,2025-06-23,71014511.83,INR,1.0,Paid,2025-06-23,Manual Review,Approved
INV000931,PO000931,S0045,2026-03-08,2026-03-15,2026-04-29,64387327.85,INR,1.0,Paid,2026-04-21,Three-Way Match,Approved
INV000932,PO000932,S0026,2026-07-30,2026-08-16,2026-10-15,36542264.72,INR,1.0,Partially Paid,,Manual Review,Approved
INV000933,PO000933,S0063,2025-11-12,2025-11-23,2026-01-07,51240825.1,INR,1.0,Paid,2025-12-30,Three-Way Match,Approved
INV000934,PO000934,S0017,2026-02-04,2026-03-11,2026-05-10,56049961.77,INR,1.0,Pending,,Three-Way Match,Approved
INV000935,PO000935,S0093,2025-03-20,2025-03-30,2025-05-14,2695261.22,INR,1.0,Partially Paid,,Manual Review,Approved
INV000936,PO000936,S0048,2025-06-21,2025-07-07,2025-08-21,21758507.92,INR,1.0,Paid,2025-08-20,Three-Way Match,Approved
INV000937,PO000937,S0094,2026-05-28,2026-06-28,2026-08-27,2060088.01,INR,1.0,Pending,,Manual Review,Approved
INV000938,PO000938,S0073,2026-02-27,2026-03-09,2026-04-23,3386571.3,INR,1.0,Paid,2026-04-13,Three-Way Match,Pending
INV000939,PO000939,S0049,2026-03-20,2026-03-24,2026-06-22,23921484.5,INR,1.0,Pending,,Manual Review,Pending
INV000940,PO000940,S0049,2025-07-05,2025-07-11,2025-10-09,3376880.05,INR,1.0,Pending,,Three-Way Match,Approved
INV000941,PO000941,S0124,2026-04-09,2026-05-03,2026-07-02,9319940.53,INR,1.0,Paid,2026-07-01,Three-Way Match,Pending
INV000942,PO000942,S0079,2026-01-16,2026-02-15,2026-04-16,42992541.5,INR,1.0,Paid,2026-04-13,Three-Way Match,Pending
INV000943,PO000943,S0103,2026-07-12,2026-08-10,2026-09-24,17786575.44,INR,1.0,Pending,,Three-Way Match,Approved
INV000944,PO000944,S0101,2026-05-27,2026-06-05,2026-09-03,79323284.66,INR,1.0,Pending,,Manual Review,Approved
INV000945,PO000945,S0108,2025-10-22,2025-11-24,2026-01-23,9687701.88,INR,1.0,Paid,2026-01-20,Three-Way Match,Approved
INV000946,PO000946,S0083,2025-11-07,2025-11-23,2026-01-07,66060030.45,INR,1.0,Overdue,,Three-Way Match,Approved
INV000947,PO000947,S0073,2025-06-09,2025-06-19,2025-08-18,56394663.77,INR,1.0,Paid,2025-08-11,Manual Review,Pending
INV000948,PO000948,S0060,2025-05-23,2025-06-10,2025-07-25,52018842.83,INR,1.0,Partially Paid,,Manual Review,Approved
INV000949,PO000949,S0050,2026-01-11,2026-01-23,2026-03-09,45161611.14,INR,1.0,Paid,2026-03-05,Three-Way Match,Approved
INV000950,PO000950,S0115,2026-04-18,2026-05-19,2026-08-17,10726894.83,INR,1.0,Paid,2026-08-11,Three-Way Match,Approved
INV000951,PO000951,S0055,2026-02-11,2026-03-07,2026-06-05,52974933.71,INR,1.0,Paid,2026-05-30,Three-Way Match,Approved
INV000952,PO000952,S0092,2025-02-13,2025-02-28,2025-04-14,49249953.27,INR,1.0,Paid,2025-04-14,Manual Review,Pending
INV000953,PO000953,S0074,2026-02-27,2026-03-10,2026-04-09,4712313.13,INR,1.0,Paid,2026-04-07,Manual Review,Approved
INV000954,PO000954,S0096,2025-01-14,2025-02-19,2025-03-21,20756037.05,INR,1.0,Paid,2025-03-21,Three-Way Match,Pending
INV000955,PO000955,S0050,2026-01-04,2026-01-26,2026-03-12,2693939.26,INR,1.0,Overdue,,Three-Way Match,Approved
INV000956,PO000956,S0081,2026-01-17,2026-01-27,2026-04-27,47382474.26,INR,1.0,Paid,2026-04-17,Three-Way Match,Approved
INV000957,PO000957,S0091,2025-02-10,2025-03-04,2025-05-03,31532374.71,INR,1.0,Pending,,Three-Way Match,Pending
INV000958,PO000958,S0007,2025-09-29,2025-10-27,2026-01-25,97442122.38,INR,1.0,Paid,2026-01-17,Manual Review,Approved
INV000959,PO000959,S0059,2026-02-24,2026-03-22,2026-04-21,39587350.9,INR,1.0,Paid,2026-04-11,Three-Way Match,Pending
INV000960,PO000960,S0049,2025-09-06,2025-09-09,2025-10-09,16495800.82,INR,1.0,Paid,2025-10-02,Three-Way Match,Approved
INV000961,PO000961,S0124,2025-02-13,2025-03-05,2025-04-04,20910442.9,INR,1.0,Paid,2025-04-03,Manual Review,Approved
INV000962,PO000962,S0096,2026-05-07,2026-06-18,2026-08-02,7378458.07,INR,1.0,Paid,2026-08-01,Manual Review,Approved
INV000963,PO000963,S0052,2025-06-06,2025-06-27,2025-09-25,9826499.3,INR,1.0,Pending,,Three-Way Match,Approved
INV000964,PO000964,S0024,2025-01-18,2025-02-17,2025-03-19,23153580.21,INR,1.0,Overdue,,Three-Way Match,Pending
INV000965,PO000965,S0098,2025-07-03,2025-07-18,2025-09-01,18400720.97,INR,1.0,Paid,2025-08-30,Three-Way Match,Approved
INV000966,PO000966,S0099,2025-02-17,2025-03-09,2025-04-23,15998763.41,INR,1.0,Paid,2025-04-23,Three-Way Match,Approved
INV000967,PO000967,S0100,2026-05-28,2026-07-04,2026-10-02,25937744.1,INR,1.0,Paid,2026-09-23,Manual Review,Pending
INV000968,PO000968,S0070,2025-12-29,2026-02-04,2026-04-05,170862.78,INR,1.0,Overdue,,Three-Way Match,Approved
INV000969,PO000969,S0060,2025-09-29,2025-10-31,2026-01-29,27112210.49,INR,1.0,Pending,,Three-Way Match,Approved
INV000970,PO000970,S0033,2025-08-07,2025-08-13,2025-09-12,61934850.4,INR,1.0,Paid,2025-09-08,Three-Way Match,Pending
INV000971,PO000971,S0036,2026-03-22,2026-04-07,2026-07-06,20074223.17,INR,1.0,Paid,2026-06-27,Three-Way Match,Approved
INV000972,PO000972,S0009,2025-08-07,2025-08-24,2025-09-23,14824659.04,INR,1.0,Paid,2025-09-14,Three-Way Match,Approved
INV000973,PO000973,S0050,2025-01-15,2025-01-27,2025-02-26,5415593.19,INR,1.0,Paid,2025-02-18,Manual Review,Approved
INV000974,PO000974,S0100,2025-09-27,2025-10-29,2026-01-27,1523480.87,INR,1.0,Paid,2026-01-18,Manual Review,Approved
INV000975,PO000975,S0098,2026-07-15,2026-08-03,2026-09-02,13109003.84,INR,1.0,Pending,,Manual Review,Pending
INV000976,PO000976,S0014,2026-04-27,2026-05-22,2026-06-21,16343366.48,INR,1.0,Paid,2026-06-17,Manual Review,Pending
INV000977,PO000977,S0072,2025-12-29,2026-01-20,2026-04-20,34400932.07,INR,1.0,Paid,2026-04-14,Three-Way Match,Approved
INV000978,PO000978,S0095,2025-08-17,2025-09-07,2025-10-22,49423704.65,INR,1.0,Paid,2025-10-16,Three-Way Match,Approved
INV000979,PO000979,S0022,2026-06-15,2026-06-25,2026-07-25,21477363.74,INR,1.0,Paid,2026-07-25,Three-Way Match,Approved
INV000980,PO000980,S0035,2025-05-17,2025-06-04,2025-09-02,89002494.09,INR,1.0,Paid,2025-08-25,Manual Review,Approved
INV000981,PO000981,S0096,2025-11-26,2026-01-05,2026-02-19,28915181.66,INR,1.0,Pending,,Manual Review,Pending
INV000982,PO000982,S0112,2026-01-31,2026-02-23,2026-03-25,313719.02,INR,1.0,Paid,2026-03-21,Three-Way Match,Approved
INV000983,PO000983,S0059,2025-08-08,2025-09-14,2025-11-13,3814474.64,INR,1.0,Pending,,Three-Way Match,Pending
INV000984,PO000984,S0062,2026-03-25,2026-04-02,2026-05-02,13531907.66,INR,1.0,Pending,,Three-Way Match,Approved
INV000985,PO000985,S0068,2025-09-18,2025-10-06,2026-01-04,9105659.93,INR,1.0,Paid,2026-01-02,Three-Way Match,Approved
INV000986,PO000986,S0018,2025-02-22,2025-03-07,2025-06-05,53608940.14,INR,1.0,Paid,2025-05-28,Three-Way Match,Approved
INV000987,PO000987,S0022,2025-10-29,2025-11-17,2025-12-17,362043.12,INR,1.0,Pending,,Three-Way Match,Approved
INV000988,PO000988,S0025,2025-08-11,2025-09-12,2025-10-27,23187312.66,INR,1.0,Pending,,Three-Way Match,Approved
INV000989,PO000989,S0005,2026-06-10,2026-06-19,2026-09-17,21369353.33,INR,1.0,Pending,,Three-Way Match,Approved
INV000990,PO000990,S0098,2025-03-29,2025-04-13,2025-05-13,3697940.49,INR,1.0,Paid,2025-05-11,Three-Way Match,Pending
INV000991,PO000991,S0109,2026-04-28,2026-05-23,2026-08-21,57387192.79,INR,1.0,Pending,,Three-Way Match,Approved
INV000992,PO000992,S0125,2025-01-01,2025-02-07,2025-03-24,15215079.1,INR,1.0,Paid,2025-03-16,Three-Way Match,Approved
INV000993,PO000993,S0051,2025-10-08,2025-10-19,2025-12-03,93332539.49,INR,1.0,Overdue,,Manual Review,Approved
INV000994,PO000994,S0078,2026-04-10,2026-05-09,2026-08-07,11096332.32,INR,1.0,Paid,2026-07-31,Three-Way Match,Approved
INV000995,PO000995,S0113,2025-02-07,2025-02-12,2025-04-13,41305866.16,INR,1.0,Paid,2025-04-11,Three-Way Match,Approved
INV000996,PO000996,S0021,2025-06-28,2025-07-11,2025-09-09,17718145.2,INR,1.0,Paid,2025-09-01,Three-Way Match,Approved
INV000997,PO000997,S0085,2025-07-21,2025-08-02,2025-09-01,28180179.03,INR,1.0,Overdue,,Manual Review,Pending
INV000998,PO000998,S0071,2025-08-06,2025-09-06,2025-10-06,39980530.16,INR,1.0,Pending,,Manual Review,Pending
INV000999,PO000999,S0025,2025-03-09,2025-04-10,2025-06-09,8182751.23,INR,1.0,Pending,,Three-Way Match,Approved
INV001000,PO001000,S0096,2025-08-05,2025-09-12,2025-10-12,8041105.0,INR,1.0,Pending,,Manual Review,Approved
INV001001,PO001001,S0115,2025-05-21,2025-06-16,2025-09-14,35120832.26,INR,1.0,Pending,,Manual Review,Pending
INV001002,PO001002,S0122,2025-01-30,2025-02-13,2025-03-30,23985520.08,INR,1.0,Paid,2025-03-29,Manual Review,Approved
INV001003,PO001003,S0051,2025-11-20,2025-11-29,2026-01-13,58543206.48,INR,1.0,Pending,,Three-Way Match,Pending
INV001004,PO001004,S0098,2025-02-10,2025-02-23,2025-05-24,11680752.52,INR,1.0,Pending,,Three-Way Match,Pending
INV001005,PO001005,S0064,2026-06-07,2026-06-24,2026-08-23,7754931.31,INR,1.0,Paid,2026-08-20,Three-Way Match,Approved
INV001006,PO001006,S0083,2025-04-09,2025-05-01,2025-07-30,60318940.06,INR,1.0,Paid,2025-07-26,Three-Way Match,Pending
INV001007,PO001007,S0042,2025-12-31,2026-01-30,2026-03-16,8492872.0,INR,1.0,Paid,2026-03-13,Three-Way Match,Pending
INV001008,PO001008,S0095,2025-03-10,2025-04-07,2025-05-07,26017419.87,INR,1.0,Paid,2025-04-27,Manual Review,Approved
INV001009,PO001009,S0124,2025-07-14,2025-08-13,2025-09-27,2326336.17,INR,1.0,Paid,2025-09-23,Three-Way Match,Approved
INV001010,PO001010,S0001,2025-03-18,2025-03-27,2025-04-26,10156271.85,INR,1.0,Paid,2025-04-19,Three-Way Match,Pending
INV001011,PO001011,S0065,2026-06-24,2026-07-08,2026-08-22,61288573.04,INR,1.0,Paid,2026-08-13,Manual Review,Approved
INV001012,PO001012,S0070,2025-11-23,2025-12-31,2026-01-30,55129883.05,INR,1.0,Paid,2026-01-23,Three-Way Match,Pending
INV001013,PO001013,S0025,2025-10-05,2025-11-02,2025-12-17,3692236.61,INR,1.0,Overdue,,Manual Review,Approved
INV001014,PO001014,S0105,2025-05-12,2025-05-20,2025-07-19,42988994.5,INR,1.0,Paid,2025-07-09,Three-Way Match,Pending
INV001015,PO001015,S0039,2025-07-13,2025-08-01,2025-09-30,18487252.98,INR,1.0,Paid,2025-09-28,Three-Way Match,Pending
INV001016,PO001016,S0051,2025-01-23,2025-02-05,2025-04-06,40212070.13,INR,1.0,Partially Paid,,Three-Way Match,Approved
INV001017,PO001017,S0123,2025-01-25,2025-02-26,2025-04-12,46141784.19,INR,1.0,Paid,2025-04-04,Three-Way Match,Approved
INV001018,PO001018,S0062,2025-04-30,2025-05-05,2025-06-19,16299451.5,INR,1.0,Paid,2025-06-14,Manual Review,Approved
INV001019,PO001019,S0024,2025-09-23,2025-10-16,2026-01-14,41362104.11,INR,1.0,Paid,2026-01-08,Manual Review,Pending
INV001020,PO001020,S0110,2026-02-18,2026-03-03,2026-05-02,4140995.58,INR,1.0,Pending,,Manual Review,Approved
INV001021,PO001021,S0022,2025-04-14,2025-05-04,2025-06-18,3529361.54,INR,1.0,Paid,2025-06-14,Three-Way Match,Approved
INV001022,PO001022,S0026,2026-01-09,2026-02-02,2026-03-19,12538733.38,INR,1.0,Paid,2026-03-11,Manual Review,Approved
INV001023,PO001023,S0043,2025-09-11,2025-10-01,2025-11-15,957911.23,INR,1.0,Paid,2025-11-06,Manual Review,Approved
INV001024,PO001024,S0042,2025-04-15,2025-05-19,2025-07-18,48220497.62,INR,1.0,Paid,2025-07-11,Three-Way Match,Approved
INV001025,PO001025,S0002,2025-03-30,2025-04-17,2025-07-16,71677096.6,INR,1.0,Overdue,,Manual Review,Approved
INV001026,PO001026,S0092,2025-10-07,2025-10-23,2025-12-22,5244183.16,INR,1.0,Paid,2025-12-21,Manual Review,Approved
INV001027,PO001027,S0081,2025-08-21,2025-09-02,2025-10-02,22919900.86,INR,1.0,Paid,2025-09-24,Three-Way Match,Approved
INV001028,PO001028,S0096,2026-01-03,2026-02-12,2026-03-14,47377706.87,INR,1.0,Paid,2026-03-04,Manual Review,Approved
INV001029,PO001029,S0022,2025-10-19,2025-11-04,2025-12-19,12168559.69,INR,1.0,Paid,2025-12-09,Manual Review,Approved
INV001030,PO001030,S0016,2025-10-27,2025-11-27,2026-02-25,28747072.18,INR,1.0,Paid,2026-02-16,Manual Review,Approved
INV001031,PO001031,S0063,2025-10-29,2025-11-13,2025-12-13,57366566.97,INR,1.0,Partially Paid,,Three-Way Match,Pending
INV001032,PO001032,S0057,2025-01-27,2025-02-17,2025-04-18,12554386.24,INR,1.0,Pending,,Manual Review,Approved
INV001033,PO001033,S0107,2026-05-11,2026-06-09,2026-09-07,9535825.51,INR,1.0,Overdue,,Three-Way Match,Approved
INV001034,PO001034,S0029,2025-02-18,2025-03-26,2025-06-24,41425685.39,INR,1.0,Paid,2025-06-19,Three-Way Match,Approved
INV001035,PO001035,S0083,2025-09-04,2025-09-26,2025-11-25,5587159.65,INR,1.0,Paid,2025-11-16,Three-Way Match,Approved
INV001036,PO001036,S0018,2026-04-11,2026-04-24,2026-07-23,95257780.0,INR,1.0,Overdue,,Three-Way Match,Approved
INV001037,PO001037,S0058,2025-05-09,2025-06-21,2025-07-21,29103192.07,INR,1.0,Paid,2025-07-20,Three-Way Match,Approved
INV001038,PO001038,S0121,2026-07-19,2026-08-03,2026-09-02,8302643.81,INR,1.0,Paid,2026-09-01,Manual Review,Approved
INV001039,PO001039,S0040,2025-10-10,2025-11-03,2025-12-03,28608724.89,INR,1.0,Paid,2025-11-28,Three-Way Match,Pending
INV001040,PO001040,S0051,2026-03-30,2026-04-12,2026-05-27,28150279.8,INR,1.0,Paid,2026-05-23,Three-Way Match,Pending
INV001041,PO001041,S0055,2025-01-11,2025-02-05,2025-03-07,19782139.91,INR,1.0,Paid,2025-03-07,Three-Way Match,Pending
INV001042,PO001042,S0066,2025-11-01,2025-11-27,2026-01-11,14506753.42,INR,1.0,Partially Paid,,Three-Way Match,Pending
INV001043,PO001043,S0003,2026-05-13,2026-05-26,2026-08-24,5068955.39,INR,1.0,Paid,2026-08-16,Three-Way Match,Approved
INV001044,PO001044,S0086,2025-10-14,2025-11-03,2026-02-01,56202315.37,INR,1.0,Paid,2026-01-22,Manual Review,Approved
INV001045,PO001045,S0087,2026-03-10,2026-03-30,2026-05-14,54206811.87,INR,1.0,Paid,2026-05-04,Three-Way Match,Approved
INV001046,PO001046,S0097,2026-03-11,2026-03-28,2026-06-26,30083303.25,INR,1.0,Paid,2026-06-21,Manual Review,Pending
INV001047,PO001047,S0098,2026-04-09,2026-04-20,2026-06-19,5742666.41,INR,1.0,Overdue,,Three-Way Match,Approved
INV001048,PO001048,S0069,2026-02-27,2026-03-13,2026-04-27,10241072.03,INR,1.0,Paid,2026-04-19,Three-Way Match,Approved
INV001049,PO001049,S0118,2025-02-22,2025-03-29,2025-04-28,11268668.08,INR,1.0,Paid,2025-04-26,Three-Way Match,Approved
INV001050,PO001050,S0014,2025-11-03,2025-11-19,2026-01-18,55970302.01,INR,1.0,Pending,,Manual Review,Approved
INV001051,PO001051,S0034,2026-04-23,2026-05-23,2026-08-21,13827515.59,INR,1.0,Paid,2026-08-21,Manual Review,Pending
INV001052,PO001052,S0017,2025-08-24,2025-09-29,2025-11-13,7550410.63,INR,1.0,Pending,,Manual Review,Pending
INV001053,PO001053,S0124,2025-03-05,2025-04-02,2025-05-17,43725986.46,INR,1.0,Paid,2025-05-15,Manual Review,Approved
INV001054,PO001054,S0082,2025-03-18,2025-03-24,2025-05-23,6609972.81,INR,1.0,Partially Paid,,Manual Review,Approved
INV001055,PO001055,S0122,2025-04-06,2025-04-09,2025-06-08,2149475.0,INR,1.0,Paid,2025-06-03,Manual Review,Approved
INV001056,PO001056,S0021,2025-01-08,2025-01-16,2025-02-15,38975645.09,INR,1.0,Partially Paid,,Three-Way Match,Approved
INV001057,PO001057,S0124,2025-01-28,2025-02-16,2025-05-17,3910635.81,INR,1.0,Paid,2025-05-09,Manual Review,Approved
INV001058,PO001058,S0032,2025-06-25,2025-07-02,2025-08-31,3354762.66,INR,1.0,Paid,2025-08-28,Manual Review,Pending
INV001059,PO001059,S0064,2026-07-19,2026-08-08,2026-09-07,56932795.85,INR,1.0,Pending,,Manual Review,Approved
INV001060,PO001060,S0086,2026-03-18,2026-04-16,2026-05-31,17588302.57,INR,1.0,Partially Paid,,Three-Way Match,Pending
INV001061,PO001061,S0055,2025-07-10,2025-08-02,2025-10-31,3718210.83,INR,1.0,Pending,,Manual Review,Approved
INV001062,PO001062,S0040,2025-11-21,2025-12-03,2026-02-01,58540501.25,INR,1.0,Pending,,Three-Way Match,Approved
INV001063,PO001063,S0061,2025-10-15,2025-11-06,2025-12-06,64523808.46,INR,1.0,Pending,,Three-Way Match,Approved
INV001064,PO001064,S0117,2025-06-25,2025-07-26,2025-08-25,30559553.68,INR,1.0,Paid,2025-08-20,Three-Way Match,Approved
INV001065,PO001065,S0098,2025-10-28,2025-11-07,2026-02-05,11461685.35,INR,1.0,Paid,2026-01-28,Three-Way Match,Approved
INV001066,PO001066,S0101,2026-07-11,2026-07-16,2026-09-14,18089794.26,INR,1.0,Paid,2026-09-04,Manual Review,Approved
INV001067,PO001067,S0051,2025-02-25,2025-03-18,2025-06-16,5529344.37,INR,1.0,Pending,,Manual Review,Approved
INV001068,PO001068,S0118,2026-02-15,2026-03-14,2026-04-13,37050929.03,INR,1.0,Paid,2026-04-11,Three-Way Match,Approved
INV001069,PO001069,S0076,2025-03-06,2025-04-07,2025-06-06,64734221.1,INR,1.0,Paid,2025-06-02,Three-Way Match,Approved
INV001070,PO001070,S0032,2025-03-23,2025-04-05,2025-06-04,46213066.86,INR,1.0,Paid,2025-05-27,Manual Review,Approved
INV001071,PO001071,S0020,2025-09-18,2025-10-10,2025-12-09,5397128.08,INR,1.0,Overdue,,Three-Way Match,Approved
INV001072,PO001072,S0049,2025-12-01,2025-12-27,2026-01-26,15036723.16,INR,1.0,Paid,2026-01-19,Manual Review,Approved
INV001073,PO001073,S0052,2026-04-05,2026-05-04,2026-06-03,25192151.72,INR,1.0,Paid,2026-05-27,Three-Way Match,Approved
INV001074,PO001074,S0023,2026-03-04,2026-03-18,2026-06-16,53016466.97,INR,1.0,Paid,2026-06-14,Three-Way Match,Pending
INV001075,PO001075,S0105,2025-02-01,2025-02-09,2025-03-26,23460075.16,INR,1.0,Paid,2025-03-20,Three-Way Match,Approved
INV001076,PO001076,S0021,2025-09-24,2025-10-01,2025-10-31,9818440.27,INR,1.0,Paid,2025-10-25,Three-Way Match,Approved
INV001077,PO001077,S0024,2025-09-17,2025-10-09,2025-12-08,44220398.0,INR,1.0,Overdue,,Three-Way Match,Approved
INV001078,PO001078,S0070,2025-09-06,2025-10-07,2025-12-06,59310236.56,INR,1.0,Paid,2025-11-26,Manual Review,Approved
INV001079,PO001079,S0052,2026-02-25,2026-04-07,2026-05-07,6264118.68,INR,1.0,Partially Paid,,Three-Way Match,Pending
INV001080,PO001080,S0042,2026-04-18,2026-05-13,2026-08-11,1387839.43,INR,1.0,Paid,2026-08-10,Three-Way Match,Approved
INV001081,PO001081,S0099,2026-02-23,2026-03-09,2026-04-08,20092970.6,INR,1.0,Paid,2026-04-05,Manual Review,Approved
INV001082,PO001082,S0003,2026-05-13,2026-05-30,2026-07-14,19936769.7,INR,1.0,Paid,2026-07-04,Manual Review,Pending
INV001083,PO001083,S0003,2026-04-21,2026-05-02,2026-07-31,15558456.93,INR,1.0,Pending,,Manual Review,Pending
INV001084,PO001084,S0068,2025-07-05,2025-07-27,2025-08-26,15784225.61,INR,1.0,Overdue,,Three-Way Match,Approved
INV001085,PO001085,S0032,2026-04-09,2026-04-20,2026-05-20,31669763.82,INR,1.0,Paid,2026-05-14,Three-Way Match,Approved
INV001086,PO001086,S0035,2025-02-12,2025-02-23,2025-05-24,47693812.64,INR,1.0,Paid,2025-05-22,Manual Review,Approved
INV001087,PO001087,S0024,2025-04-11,2025-05-13,2025-06-27,8584215.91,INR,1.0,Paid,2025-06-21,Three-Way Match,Approved
INV001088,PO001088,S0115,2026-01-12,2026-02-03,2026-05-04,40046006.12,INR,1.0,Paid,2026-04-29,Three-Way Match,Approved
INV001089,PO001089,S0010,2025-02-22,2025-03-22,2025-05-21,5772074.1,INR,1.0,Paid,2025-05-11,Three-Way Match,Approved
INV001090,PO001090,S0029,2026-03-20,2026-04-15,2026-05-15,10773819.42,INR,1.0,Paid,2026-05-14,Three-Way Match,Approved
INV001091,PO001091,S0095,2025-03-20,2025-04-12,2025-05-27,53406329.85,INR,1.0,Paid,2025-05-26,Three-Way Match,Approved
INV001092,PO001092,S0041,2025-07-27,2025-08-12,2025-09-11,9071241.96,INR,1.0,Paid,2025-09-07,Three-Way Match,Approved
INV001093,PO001093,S0042,2025-07-03,2025-07-31,2025-10-29,3372028.25,INR,1.0,Paid,2025-10-19,Manual Review,Pending
INV001094,PO001094,S0072,2025-06-05,2025-07-03,2025-09-01,15639428.17,INR,1.0,Paid,2025-08-26,Manual Review,Pending
INV001095,PO001095,S0121,2025-08-24,2025-09-13,2025-11-12,40455805.05,INR,1.0,Paid,2025-11-05,Manual Review,Approved
INV001096,PO001096,S0083,2026-04-20,2026-05-25,2026-07-24,41897186.84,INR,1.0,Overdue,,Three-Way Match,Pending
INV001097,PO001097,S0024,2025-04-05,2025-04-29,2025-06-28,39525780.84,INR,1.0,Paid,2025-06-21,Three-Way Match,Pending
INV001098,PO001098,S0034,2025-04-09,2025-05-10,2025-08-08,9510444.02,INR,1.0,Paid,2025-08-07,Three-Way Match,Approved
INV001099,PO001099,S0121,2025-12-22,2026-01-21,2026-02-20,8105567.37,INR,1.0,Paid,2026-02-18,Three-Way Match,Approved
INV001100,PO001100,S0007,2026-02-25,2026-03-27,2026-05-11,50564149.54,INR,1.0,Pending,,Three-Way Match,Approved
INV001101,PO001101,S0091,2026-04-05,2026-04-25,2026-05-25,40406187.74,INR,1.0,Paid,2026-05-18,Three-Way Match,Approved
INV001102,PO001102,S0096,2025-12-08,2026-01-12,2026-02-26,15745397.79,INR,1.0,Pending,,Three-Way Match,Approved
INV001103,PO001103,S0084,2025-05-29,2025-06-25,2025-08-09,39207122.87,INR,1.0,Paid,2025-07-31,Manual Review,Pending
INV001104,PO001104,S0089,2025-06-11,2025-07-03,2025-08-17,13448601.06,INR,1.0,Paid,2025-08-17,Three-Way Match,Approved
INV001105,PO001105,S0007,2026-04-27,2026-05-29,2026-06-28,73931178.17,INR,1.0,Pending,,Manual Review,Approved
INV001106,PO001106,S0105,2025-11-13,2025-11-16,2025-12-16,25285108.62,INR,1.0,Paid,2025-12-07,Three-Way Match,Pending
INV001107,PO001107,S0066,2025-06-28,2025-08-02,2025-09-16,26162288.44,INR,1.0,Paid,2025-09-11,Three-Way Match,Pending
INV001108,PO001108,S0027,2026-05-17,2026-06-07,2026-07-22,32356976.52,INR,1.0,Paid,2026-07-15,Three-Way Match,Pending
INV001109,PO001109,S0003,2026-06-15,2026-06-30,2026-09-28,47084062.72,INR,1.0,Paid,2026-09-21,Three-Way Match,Pending
INV001110,PO001110,S0082,2025-01-08,2025-01-23,2025-03-09,31143403.59,INR,1.0,Pending,,Manual Review,Approved
INV001111,PO001111,S0108,2025-12-05,2026-01-14,2026-02-28,51608027.16,INR,1.0,Pending,,Three-Way Match,Approved
INV001112,PO001112,S0042,2025-01-14,2025-02-06,2025-05-07,11575780.46,INR,1.0,Paid,2025-05-04,Manual Review,Approved
INV001113,PO001113,S0120,2026-04-17,2026-05-17,2026-07-16,38598592.52,INR,1.0,Paid,2026-07-08,Three-Way Match,Approved
INV001114,PO001114,S0094,2025-10-16,2025-11-12,2025-12-12,611274.81,INR,1.0,Paid,2025-12-04,Three-Way Match,Approved
INV001115,PO001115,S0060,2025-03-18,2025-04-15,2025-07-14,6001833.63,INR,1.0,Paid,2025-07-07,Three-Way Match,Approved
INV001116,PO001116,S0014,2025-07-23,2025-08-16,2025-09-15,8467800.82,INR,1.0,Overdue,,Three-Way Match,Pending
INV001117,PO001117,S0042,2026-03-08,2026-04-02,2026-05-02,67813512.83,INR,1.0,Overdue,,Manual Review,Pending
INV001118,PO001118,S0003,2025-12-08,2025-12-21,2026-03-21,10077086.98,INR,1.0,Paid,2026-03-21,Manual Review,Approved
INV001119,PO001119,S0105,2025-07-21,2025-08-03,2025-11-01,34616548.19,INR,1.0,Paid,2025-10-24,Three-Way Match,Approved
INV001120,PO001120,S0054,2025-07-20,2025-08-08,2025-09-07,1128072.05,INR,1.0,Paid,2025-09-06,Three-Way Match,Pending
INV001121,PO001121,S0002,2025-04-04,2025-04-23,2025-07-22,9509651.03,INR,1.0,Paid,2025-07-22,Three-Way Match,Approved
INV001122,PO001122,S0067,2026-02-24,2026-03-03,2026-04-02,22712728.74,INR,1.0,Paid,2026-03-30,Manual Review,Pending
INV001123,PO001123,S0026,2025-11-20,2025-12-13,2026-03-13,26697574.32,INR,1.0,Pending,,Manual Review,Approved
INV001124,PO001124,S0097,2025-05-30,2025-06-21,2025-08-05,38265223.02,INR,1.0,Paid,2025-07-27,Three-Way Match,Approved
INV001125,PO001125,S0042,2025-08-19,2025-09-13,2025-10-28,1652112.68,INR,1.0,Pending,,Manual Review,Approved
INV001126,PO001126,S0056,2025-09-21,2025-10-19,2025-11-18,91629810.84,INR,1.0,Paid,2025-11-10,Three-Way Match,Pending
INV001127,PO001127,S0023,2025-02-05,2025-02-10,2025-03-12,6864286.98,INR,1.0,Paid,2025-03-12,Manual Review,Approved
INV001128,PO001128,S0048,2026-02-26,2026-03-16,2026-05-15,10056453.17,INR,1.0,Paid,2026-05-10,Manual Review,Approved
INV001129,PO001129,S0099,2025-09-04,2025-09-19,2025-12-18,60764422.65,INR,1.0,Paid,2025-12-18,Three-Way Match,Approved
INV001130,PO001130,S0008,2025-07-09,2025-07-16,2025-08-15,22744891.05,INR,1.0,Paid,2025-08-09,Three-Way Match,Approved
INV001131,PO001131,S0020,2026-03-26,2026-04-25,2026-07-24,23087490.03,INR,1.0,Paid,2026-07-21,Three-Way Match,Approved
INV001132,PO001132,S0060,2025-06-28,2025-07-24,2025-09-07,6058.58,INR,1.0,Paid,2025-09-04,Three-Way Match,Pending
INV001133,PO001133,S0125,2026-04-12,2026-05-19,2026-07-03,4264110.56,INR,1.0,Overdue,,Three-Way Match,Approved
INV001134,PO001134,S0068,2026-03-26,2026-04-15,2026-06-14,3510844.9,INR,1.0,Overdue,,Three-Way Match,Pending
INV001135,PO001135,S0034,2025-02-07,2025-03-07,2025-04-21,26779707.64,INR,1.0,Paid,2025-04-13,Three-Way Match,Approved
INV001136,PO001136,S0086,2025-05-05,2025-06-01,2025-08-30,3632895.75,INR,1.0,Paid,2025-08-25,Three-Way Match,Approved
INV001137,PO001137,S0105,2025-03-22,2025-03-25,2025-05-24,1663015.97,INR,1.0,Overdue,,Three-Way Match,Approved
INV001138,PO001138,S0080,2026-04-18,2026-05-17,2026-07-01,6726459.19,INR,1.0,Paid,2026-06-27,Manual Review,Approved
INV001139,PO001139,S0094,2026-03-20,2026-04-25,2026-06-09,46484248.07,INR,1.0,Paid,2026-05-31,Three-Way Match,Approved
INV001140,PO001140,S0088,2025-07-11,2025-08-08,2025-10-07,8184993.22,INR,1.0,Pending,,Manual Review,Pending
INV001141,PO001141,S0105,2026-05-15,2026-05-22,2026-07-21,50869572.66,INR,1.0,Paid,2026-07-16,Manual Review,Approved
INV001142,PO001142,S0044,2026-01-12,2026-02-03,2026-04-04,53831774.75,INR,1.0,Paid,2026-04-04,Three-Way Match,Approved
INV001143,PO001143,S0046,2025-12-22,2026-01-16,2026-02-15,86932621.19,INR,1.0,Paid,2026-02-07,Manual Review,Approved
INV001144,PO001144,S0101,2025-11-26,2025-12-16,2026-03-16,8820667.84,INR,1.0,Paid,2026-03-12,Three-Way Match,Approved
INV001145,PO001145,S0083,2026-05-03,2026-05-21,2026-07-05,30882310.47,INR,1.0,Overdue,,Three-Way Match,Pending
INV001146,PO001146,S0094,2025-11-11,2025-12-17,2026-03-17,903307.56,INR,1.0,Pending,,Three-Way Match,Approved
INV001147,PO001147,S0023,2025-09-24,2025-10-02,2025-11-16,49764675.66,INR,1.0,Paid,2025-11-13,Three-Way Match,Approved
INV001148,PO001148,S0119,2026-01-15,2026-01-17,2026-04-17,52628459.86,INR,1.0,Pending,,Three-Way Match,Approved
INV001149,PO001149,S0041,2025-05-02,2025-05-17,2025-07-01,32344570.8,INR,1.0,Pending,,Three-Way Match,Approved
INV001150,PO001150,S0043,2025-12-16,2026-01-05,2026-03-06,29129285.04,INR,1.0,Overdue,,Manual Review,Approved
INV001151,PO001151,S0026,2026-02-16,2026-03-08,2026-05-07,4703484.94,INR,1.0,Overdue,,Three-Way Match,Approved
INV001152,PO001152,S0014,2026-06-05,2026-06-24,2026-09-22,9685338.56,INR,1.0,Paid,2026-09-19,Three-Way Match,Approved
INV001153,PO001153,S0075,2025-07-14,2025-08-12,2025-11-10,30263884.85,INR,1.0,Paid,2025-10-31,Manual Review,Pending
INV001154,PO001154,S0066,2026-01-07,2026-02-08,2026-05-09,20305723.02,INR,1.0,Paid,2026-04-30,Three-Way Match,Approved
INV001155,PO001155,S0089,2026-03-08,2026-04-03,2026-06-02,89768695.63,INR,1.0,Paid,2026-05-27,Three-Way Match,Pending
INV001156,PO001156,S0080,2025-01-22,2025-02-11,2025-03-13,4841628.55,INR,1.0,Paid,2025-03-06,Manual Review,Approved
INV001157,PO001157,S0021,2025-01-05,2025-01-20,2025-03-06,28963136.6,INR,1.0,Paid,2025-03-02,Manual Review,Approved
INV001158,PO001158,S0054,2025-08-28,2025-09-19,2025-10-19,31813370.28,INR,1.0,Overdue,,Manual Review,Approved
INV001159,PO001159,S0087,2025-03-20,2025-04-06,2025-05-21,9069671.87,INR,1.0,Paid,2025-05-11,Manual Review,Approved
INV001160,PO001160,S0073,2026-02-08,2026-02-12,2026-03-14,10926654.78,INR,1.0,Paid,2026-03-09,Three-Way Match,Approved
INV001161,PO001161,S0113,2026-06-04,2026-06-12,2026-08-11,39696746.63,INR,1.0,Paid,2026-08-10,Manual Review,Approved
INV001162,PO001162,S0087,2025-08-01,2025-08-19,2025-10-18,10037511.03,INR,1.0,Paid,2025-10-18,Three-Way Match,Approved
INV001163,PO001163,S0117,2025-05-18,2025-06-09,2025-08-08,64943121.55,INR,1.0,Paid,2025-08-04,Three-Way Match,Approved
INV001164,PO001164,S0031,2025-06-09,2025-07-02,2025-08-01,10926631.94,INR,1.0,Overdue,,Three-Way Match,Approved
INV001165,PO001165,S0045,2026-04-25,2026-05-11,2026-07-10,37209994.22,INR,1.0,Paid,2026-07-05,Manual Review,Approved
INV001166,PO001166,S0121,2025-06-09,2025-07-02,2025-09-30,935537.78,INR,1.0,Paid,2025-09-27,Three-Way Match,Approved
INV001167,PO001167,S0093,2026-07-25,2026-08-03,2026-11-01,3773004.92,INR,1.0,Paid,2026-10-28,Three-Way Match,Pending
INV001168,PO001168,S0083,2026-01-11,2026-02-05,2026-03-07,83557769.67,INR,1.0,Partially Paid,,Three-Way Match,Approved
INV001169,PO001169,S0049,2025-07-21,2025-07-28,2025-09-26,60446068.61,INR,1.0,Pending,,Three-Way Match,Pending
INV001170,PO001170,S0102,2026-01-23,2026-02-27,2026-05-28,30913994.65,INR,1.0,Paid,2026-05-21,Manual Review,Approved
INV001171,PO001171,S0114,2025-03-31,2025-04-29,2025-06-13,28422719.28,INR,1.0,Paid,2025-06-04,Three-Way Match,Pending
INV001172,PO001172,S0058,2025-11-25,2025-12-30,2026-03-30,28401387.72,INR,1.0,Paid,2026-03-20,Three-Way Match,Pending
INV001173,PO001173,S0028,2026-05-07,2026-05-27,2026-07-11,71377072.38,INR,1.0,Paid,2026-07-04,Manual Review,Pending
INV001174,PO001174,S0066,2025-12-31,2026-01-31,2026-03-02,64430694.71,INR,1.0,Paid,2026-02-28,Three-Way Match,Pending
INV001175,PO001175,S0056,2025-01-11,2025-02-09,2025-03-26,14062182.92,INR,1.0,Paid,2025-03-26,Manual Review,Approved
INV001176,PO001176,S0080,2025-11-04,2025-11-26,2026-02-24,30027795.83,INR,1.0,Partially Paid,,Three-Way Match,Pending
INV001177,PO001177,S0012,2025-02-08,2025-03-05,2025-04-19,35482414.72,INR,1.0,Paid,2025-04-19,Manual Review,Approved
INV001178,PO001178,S0034,2025-09-13,2025-10-14,2025-11-28,59917686.11,INR,1.0,Paid,2025-11-23,Three-Way Match,Approved
INV001179,PO001179,S0069,2025-03-30,2025-04-19,2025-07-18,12886443.77,INR,1.0,Pending,,Three-Way Match,Approved
INV001180,PO001180,S0055,2026-07-13,2026-08-08,2026-09-07,29959937.34,INR,1.0,Paid,2026-08-30,Three-Way Match,Pending
INV001181,PO001181,S0007,2025-03-06,2025-03-27,2025-05-11,70921495.6,INR,1.0,Pending,,Manual Review,Pending
INV001182,PO001182,S0046,2025-08-09,2025-09-18,2025-12-17,33323150.92,INR,1.0,Paid,2025-12-12,Three-Way Match,Pending
INV001183,PO001183,S0023,2026-01-27,2026-02-01,2026-03-18,13068086.08,INR,1.0,Paid,2026-03-12,Manual Review,Approved
INV001184,PO001184,S0097,2025-08-19,2025-09-02,2025-12-01,4090038.23,INR,1.0,Paid,2025-11-26,Three-Way Match,Pending
INV001185,PO001185,S0066,2025-05-27,2025-06-19,2025-08-03,84508590.82,INR,1.0,Paid,2025-07-31,Manual Review,Pending
INV001186,PO001186,S0009,2026-02-22,2026-03-08,2026-04-07,18540253.82,INR,1.0,Paid,2026-04-04,Three-Way Match,Approved
INV001187,PO001187,S0062,2025-08-24,2025-09-05,2025-10-05,18045558.48,INR,1.0,Paid,2025-09-26,Manual Review,Approved
INV001188,PO001188,S0029,2025-01-12,2025-02-20,2025-04-06,4755244.23,INR,1.0,Paid,2025-04-05,Three-Way Match,Approved
INV001189,PO001189,S0013,2025-06-28,2025-07-29,2025-09-12,26470265.55,INR,1.0,Pending,,Three-Way Match,Approved
INV001190,PO001190,S0122,2025-07-26,2025-08-01,2025-09-30,8733043.43,INR,1.0,Pending,,Three-Way Match,Pending
INV001191,PO001191,S0067,2026-03-13,2026-03-24,2026-05-08,40397823.48,INR,1.0,Paid,2026-05-04,Three-Way Match,Approved
INV001192,PO001192,S0013,2026-04-24,2026-05-22,2026-07-21,8568925.85,INR,1.0,Paid,2026-07-13,Three-Way Match,Pending
INV001193,PO001193,S0052,2026-03-29,2026-04-22,2026-06-21,25693635.87,INR,1.0,Pending,,Manual Review,Pending
INV001194,PO001194,S0049,2025-01-03,2025-01-11,2025-04-11,1405680.06,INR,1.0,Paid,2025-04-09,Three-Way Match,Approved
INV001195,PO001195,S0045,2025-01-15,2025-02-02,2025-03-04,76217709.08,INR,1.0,Paid,2025-03-02,Manual Review,Approved
INV001196,PO001196,S0022,2026-04-03,2026-04-12,2026-05-27,15062766.45,INR,1.0,Pending,,Three-Way Match,Approved
INV001197,PO001197,S0057,2026-04-13,2026-05-05,2026-06-04,22979024.13,INR,1.0,Pending,,Three-Way Match,Pending
INV001198,PO001198,S0075,2025-10-05,2025-10-28,2026-01-26,24012962.07,INR,1.0,Paid,2026-01-20,Three-Way Match,Approved
INV001199,PO001199,S0123,2025-08-22,2025-09-26,2025-12-25,14076513.61,INR,1.0,Paid,2025-12-18,Manual Review,Approved
INV001200,PO001200,S0066,2026-07-31,2026-08-23,2026-10-07,6774104.3,INR,1.0,Paid,2026-09-28,Manual Review,Approved
INV001201,PO001201,S0109,2025-12-27,2026-01-16,2026-03-02,30299833.59,INR,1.0,Paid,2026-02-23,Three-Way Match,Approved
INV001202,PO001202,S0111,2026-05-22,2026-06-10,2026-07-25,4604568.67,INR,1.0,Pending,,Manual Review,Approved
INV001203,PO001203,S0060,2026-07-26,2026-08-13,2026-11-11,15477013.23,INR,1.0,Paid,2026-11-06,Three-Way Match,Pending
INV001204,PO001204,S0074,2025-12-16,2025-12-29,2026-01-28,47353384.54,INR,1.0,Paid,2026-01-21,Manual Review,Pending
INV001205,PO001205,S0091,2025-09-08,2025-10-05,2026-01-03,8038317.21,INR,1.0,Paid,2025-12-25,Manual Review,Approved
INV001206,PO001206,S0045,2025-11-18,2025-11-30,2026-01-14,53960442.45,INR,1.0,Paid,2026-01-09,Three-Way Match,Approved
INV001207,PO001207,S0108,2025-12-22,2026-01-17,2026-03-03,76745259.43,INR,1.0,Paid,2026-02-28,Three-Way Match,Approved
INV001208,PO001208,S0054,2025-07-19,2025-08-08,2025-09-07,18255708.54,INR,1.0,Paid,2025-09-02,Manual Review,Approved
INV001209,PO001209,S0046,2025-01-26,2025-02-28,2025-04-29,15715516.14,INR,1.0,Overdue,,Three-Way Match,Pending
INV001210,PO001210,S0052,2025-01-14,2025-02-17,2025-05-18,26355367.28,INR,1.0,Paid,2025-05-13,Manual Review,Approved
INV001211,PO001211,S0078,2025-11-21,2025-12-17,2026-03-17,13434523.73,INR,1.0,Paid,2026-03-08,Three-Way Match,Approved
INV001212,PO001212,S0084,2025-01-31,2025-03-03,2025-04-02,7011379.5,INR,1.0,Overdue,,Three-Way Match,Approved
INV001213,PO001213,S0070,2026-02-12,2026-03-20,2026-06-18,9251996.77,INR,1.0,Paid,2026-06-13,Three-Way Match,Approved
INV001214,PO001214,S0089,2025-09-24,2025-10-25,2026-01-23,18299807.69,INR,1.0,Paid,2026-01-18,Three-Way Match,Pending
INV001215,PO001215,S0067,2025-11-24,2025-12-09,2026-02-07,33612811.52,INR,1.0,Paid,2026-01-31,Manual Review,Approved
INV001216,PO001216,S0019,2026-06-06,2026-07-14,2026-09-12,12881477.07,INR,1.0,Paid,2026-09-09,Manual Review,Pending
INV001217,PO001217,S0072,2025-07-15,2025-08-09,2025-09-23,15502390.24,INR,1.0,Pending,,Three-Way Match,Pending
INV001218,PO001218,S0004,2026-07-09,2026-07-21,2026-09-19,5987021.7,INR,1.0,Partially Paid,,Manual Review,Pending
INV001219,PO001219,S0111,2025-11-23,2025-12-07,2026-03-07,22442345.62,INR,1.0,Paid,2026-02-25,Three-Way Match,Pending
INV001220,PO001220,S0026,2025-11-20,2025-12-18,2026-02-16,7381270.83,INR,1.0,Paid,2026-02-16,Manual Review,Approved
INV001221,PO001221,S0011,2025-09-02,2025-10-07,2025-11-06,29553827.94,INR,1.0,Paid,2025-11-03,Three-Way Match,Approved
INV001222,PO001222,S0092,2025-12-17,2025-12-30,2026-01-29,62846692.24,INR,1.0,Paid,2026-01-23,Three-Way Match,Approved
INV001223,PO001223,S0046,2025-11-15,2025-12-17,2026-01-31,22907725.71,INR,1.0,Partially Paid,,Three-Way Match,Pending
INV001224,PO001224,S0114,2025-08-06,2025-08-25,2025-10-24,13035775.93,INR,1.0,Paid,2025-10-22,Three-Way Match,Pending
INV001225,PO001225,S0015,2025-09-14,2025-09-23,2025-10-23,32343282.56,INR,1.0,Partially Paid,,Three-Way Match,Approved
INV001226,PO001226,S0104,2025-10-06,2025-10-31,2026-01-29,1913096.19,INR,1.0,Pending,,Manual Review,Pending
INV001227,PO001227,S0106,2025-07-03,2025-07-19,2025-09-02,74089977.76,INR,1.0,Paid,2025-08-30,Three-Way Match,Approved
INV001228,PO001228,S0103,2026-07-26,2026-08-15,2026-11-13,59376869.59,INR,1.0,Pending,,Three-Way Match,Pending
INV001229,PO001229,S0070,2026-01-31,2026-03-01,2026-04-30,7660289.9,INR,1.0,Overdue,,Three-Way Match,Approved
INV001230,PO001230,S0002,2025-10-26,2025-11-07,2026-01-06,1935983.72,INR,1.0,Paid,2026-01-04,Three-Way Match,Pending
INV001231,PO001231,S0061,2025-12-25,2026-01-01,2026-01-31,26598817.01,INR,1.0,Paid,2026-01-30,Manual Review,Approved
INV001232,PO001232,S0098,2026-03-05,2026-03-22,2026-05-21,6037805.05,INR,1.0,Paid,2026-05-15,Manual Review,Pending
INV001233,PO001233,S0033,2026-05-01,2026-05-08,2026-06-07,84019949.59,INR,1.0,Pending,,Three-Way Match,Approved
INV001234,PO001234,S0002,2026-07-05,2026-07-20,2026-09-03,32033395.06,INR,1.0,Paid,2026-08-29,Three-Way Match,Pending
INV001235,PO001235,S0044,2026-06-09,2026-06-25,2026-07-25,32329838.05,INR,1.0,Paid,2026-07-18,Manual Review,Approved
INV001236,PO001236,S0086,2026-01-12,2026-01-31,2026-03-02,73466935.75,INR,1.0,Paid,2026-02-23,Three-Way Match,Pending
INV001237,PO001237,S0001,2026-07-05,2026-07-15,2026-08-14,10790930.4,INR,1.0,Paid,2026-08-09,Manual Review,Approved
INV001238,PO001238,S0065,2025-07-27,2025-08-09,2025-09-23,25229215.12,INR,1.0,Overdue,,Manual Review,Pending
INV001239,PO001239,S0077,2025-09-16,2025-10-09,2025-11-08,30313574.92,INR,1.0,Paid,2025-11-08,Three-Way Match,Approved
INV001240,PO001240,S0038,2026-02-28,2026-03-15,2026-06-13,22053103.25,INR,1.0,Paid,2026-06-04,Manual Review,Approved
INV001241,PO001241,S0006,2025-07-10,2025-07-14,2025-08-13,31479846.63,INR,1.0,Overdue,,Manual Review,Approved
INV001242,PO001242,S0064,2025-11-05,2025-11-26,2026-02-24,54025200.48,INR,1.0,Paid,2026-02-16,Three-Way Match,Pending
INV001243,PO001243,S0012,2025-12-24,2026-01-26,2026-04-26,69191884.94,INR,1.0,Overdue,,Manual Review,Approved
INV001244,PO001244,S0082,2025-08-08,2025-08-15,2025-09-29,70450956.79,INR,1.0,Paid,2025-09-19,Three-Way Match,Approved
INV001245,PO001245,S0114,2026-02-09,2026-03-06,2026-04-20,7688372.79,INR,1.0,Paid,2026-04-12,Three-Way Match,Approved
INV001246,PO001246,S0040,2025-03-25,2025-03-30,2025-06-28,942778.02,INR,1.0,Paid,2025-06-21,Three-Way Match,Approved
INV001247,PO001247,S0057,2026-06-29,2026-07-18,2026-09-16,41494138.15,INR,1.0,Paid,2026-09-10,Three-Way Match,Approved
INV001248,PO001248,S0008,2026-01-08,2026-01-23,2026-04-23,59660589.57,INR,1.0,Overdue,,Three-Way Match,Approved
INV001249,PO001249,S0034,2026-03-18,2026-04-18,2026-06-02,2307716.55,INR,1.0,Paid,2026-05-23,Three-Way Match,Approved
INV001250,PO001250,S0040,2026-03-04,2026-03-18,2026-05-02,46380026.2,INR,1.0,Paid,2026-04-22,Manual Review,Pending
INV001251,PO001251,S0034,2025-05-24,2025-06-19,2025-09-17,31347619.76,INR,1.0,Paid,2025-09-07,Three-Way Match,Approved
INV001252,PO001252,S0030,2025-05-08,2025-05-18,2025-08-16,25561192.01,INR,1.0,Pending,,Three-Way Match,Approved
INV001253,PO001253,S0036,2025-04-13,2025-04-30,2025-07-29,79979604.56,INR,1.0,Pending,,Three-Way Match,Approved
INV001254,PO001254,S0088,2026-07-06,2026-08-07,2026-09-21,3099662.86,INR,1.0,Paid,2026-09-18,Three-Way Match,Approved
INV001255,PO001255,S0091,2026-03-31,2026-04-22,2026-06-06,46851037.41,INR,1.0,Paid,2026-06-06,Three-Way Match,Pending
INV001256,PO001256,S0015,2026-06-03,2026-06-17,2026-08-01,45725780.32,INR,1.0,Overdue,,Three-Way Match,Approved
INV001257,PO001257,S0121,2026-04-02,2026-04-21,2026-06-05,27493862.21,INR,1.0,Paid,2026-06-05,Three-Way Match,Approved
INV001258,PO001258,S0011,2025-04-05,2025-05-07,2025-07-06,33783571.55,INR,1.0,Paid,2025-06-27,Manual Review,Approved
INV001259,PO001259,S0121,2026-05-11,2026-05-27,2026-07-26,3401386.76,INR,1.0,Pending,,Three-Way Match,Approved
INV001260,PO001260,S0020,2026-06-11,2026-07-15,2026-08-29,28130435.16,INR,1.0,Partially Paid,,Three-Way Match,Approved
INV001261,PO001261,S0063,2026-01-04,2026-01-25,2026-03-26,2894890.25,INR,1.0,Paid,2026-03-22,Manual Review,Approved
INV001262,PO001262,S0034,2025-11-01,2025-12-06,2026-02-04,46849131.28,INR,1.0,Paid,2026-02-01,Manual Review,Approved
INV001263,PO001263,S0003,2025-10-04,2025-10-22,2025-12-06,46390981.64,INR,1.0,Partially Paid,,Three-Way Match,Approved
INV001264,PO001264,S0026,2026-01-07,2026-02-01,2026-05-02,39415565.52,INR,1.0,Paid,2026-04-23,Three-Way Match,Approved
INV001265,PO001265,S0110,2026-03-09,2026-03-21,2026-04-20,34676170.82,INR,1.0,Paid,2026-04-16,Three-Way Match,Pending
INV001266,PO001266,S0043,2026-04-20,2026-05-05,2026-06-04,19558546.85,INR,1.0,Paid,2026-05-31,Three-Way Match,Approved
INV001267,PO001267,S0004,2026-07-21,2026-08-01,2026-09-15,6778512.53,INR,1.0,Paid,2026-09-13,Three-Way Match,Pending
INV001268,PO001268,S0037,2026-07-22,2026-08-27,2026-09-26,5933525.59,INR,1.0,Paid,2026-09-21,Three-Way Match,Approved
INV001269,PO001269,S0059,2026-06-30,2026-07-27,2026-09-25,45677517.61,INR,1.0,Overdue,,Three-Way Match,Pending
INV001270,PO001270,S0051,2026-06-24,2026-07-05,2026-09-03,28615357.6,INR,1.0,Partially Paid,,Three-Way Match,Approved
INV001271,PO001271,S0061,2025-05-28,2025-06-16,2025-07-31,56430145.57,INR,1.0,Overdue,,Three-Way Match,Pending
INV001272,PO001272,S0038,2025-05-30,2025-06-05,2025-07-05,6813120.96,INR,1.0,Pending,,Manual Review,Approved
INV001273,PO001273,S0040,2025-12-03,2025-12-16,2026-01-15,73825317.74,INR,1.0,Paid,2026-01-06,Three-Way Match,Approved
INV001274,PO001274,S0075,2025-06-29,2025-07-25,2025-08-24,7373355.88,INR,1.0,Pending,,Three-Way Match,Approved
INV001275,PO001275,S0097,2026-07-27,2026-08-18,2026-10-17,46025759.05,INR,1.0,Paid,2026-10-08,Manual Review,Approved
INV001276,PO001276,S0120,2025-03-06,2025-04-02,2025-05-17,24013068.94,INR,1.0,Paid,2025-05-11,Three-Way Match,Pending
INV001277,PO001277,S0007,2025-07-06,2025-08-07,2025-09-21,25926877.07,INR,1.0,Paid,2025-09-19,Three-Way Match,Pending
INV001278,PO001278,S0063,2025-10-23,2025-11-04,2025-12-04,1686280.84,INR,1.0,Paid,2025-12-04,Manual Review,Approved
INV001279,PO001279,S0051,2025-03-01,2025-03-20,2025-05-04,650666.66,INR,1.0,Paid,2025-04-27,Manual Review,Approved
INV001280,PO001280,S0098,2026-05-22,2026-06-02,2026-07-17,157595.23,INR,1.0,Paid,2026-07-14,Three-Way Match,Approved
INV001281,PO001281,S0072,2026-02-06,2026-03-03,2026-04-02,740974.83,INR,1.0,Paid,2026-03-23,Three-Way Match,Pending
INV001282,PO001282,S0047,2026-01-29,2026-02-25,2026-04-11,3882144.02,INR,1.0,Paid,2026-04-01,Three-Way Match,Approved
INV001283,PO001283,S0005,2026-01-01,2026-01-05,2026-04-05,15767534.37,INR,1.0,Paid,2026-03-30,Three-Way Match,Approved
INV001284,PO001284,S0071,2025-07-30,2025-08-29,2025-10-28,22835697.47,INR,1.0,Paid,2025-10-19,Three-Way Match,Approved
INV001285,PO001285,S0022,2025-12-18,2026-01-06,2026-04-06,50881377.84,INR,1.0,Paid,2026-03-30,Three-Way Match,Approved
INV001286,PO001286,S0013,2026-01-20,2026-02-14,2026-03-31,77500929.4,INR,1.0,Pending,,Three-Way Match,Pending
INV001287,PO001287,S0099,2026-05-04,2026-05-21,2026-07-05,12576136.54,INR,1.0,Paid,2026-07-05,Three-Way Match,Approved
INV001288,PO001288,S0057,2025-09-20,2025-10-11,2025-12-10,4671497.59,INR,1.0,Pending,,Three-Way Match,Pending
INV001289,PO001289,S0056,2026-02-26,2026-03-27,2026-06-25,42568788.96,INR,1.0,Paid,2026-06-21,Three-Way Match,Approved
INV001290,PO001290,S0092,2026-06-16,2026-07-03,2026-10-01,75925670.69,INR,1.0,Pending,,Manual Review,Pending
INV001291,PO001291,S0099,2025-05-25,2025-06-07,2025-09-05,26858599.38,INR,1.0,Paid,2025-09-02,Three-Way Match,Approved
INV001292,PO001292,S0009,2025-08-02,2025-08-13,2025-11-11,14960896.35,INR,1.0,Paid,2025-11-01,Three-Way Match,Approved
INV001293,PO001293,S0012,2025-01-27,2025-03-01,2025-04-30,28945338.47,INR,1.0,Paid,2025-04-22,Three-Way Match,Approved
INV001294,PO001294,S0075,2025-12-10,2026-01-03,2026-02-17,6014140.23,INR,1.0,Pending,,Three-Way Match,Pending
INV001295,PO001295,S0046,2026-07-19,2026-08-27,2026-11-25,22538990.15,INR,1.0,Paid,2026-11-16,Three-Way Match,Approved
INV001296,PO001296,S0125,2025-12-08,2026-01-12,2026-03-13,33920719.22,INR,1.0,Paid,2026-03-11,Three-Way Match,Pending
INV001297,PO001297,S0085,2025-01-11,2025-01-13,2025-04-13,54887251.13,INR,1.0,Paid,2025-04-13,Manual Review,Approved
INV001298,PO001298,S0084,2025-01-15,2025-02-14,2025-03-16,9749172.71,INR,1.0,Paid,2025-03-09,Three-Way Match,Approved
INV001299,PO001299,S0001,2025-05-28,2025-06-19,2025-08-03,8650608.12,INR,1.0,Paid,2025-07-26,Manual Review,Approved
INV001300,PO001300,S0033,2025-10-29,2025-11-09,2025-12-09,1332605.16,INR,1.0,Paid,2025-12-01,Manual Review,Approved
INV001301,PO001301,S0034,2025-09-09,2025-10-12,2026-01-10,93985659.41,INR,1.0,Paid,2026-01-10,Three-Way Match,Approved
INV001302,PO001302,S0055,2025-04-10,2025-05-05,2025-07-04,16424990.15,INR,1.0,Paid,2025-06-26,Three-Way Match,Approved
INV001303,PO001303,S0010,2026-07-02,2026-07-24,2026-09-07,13733848.62,INR,1.0,Paid,2026-09-06,Three-Way Match,Approved
INV001304,PO001304,S0035,2025-10-10,2025-10-17,2025-12-01,9105550.15,INR,1.0,Partially Paid,,Manual Review,Pending
INV001305,PO001305,S0091,2026-04-23,2026-05-11,2026-06-10,18836592.38,INR,1.0,Overdue,,Three-Way Match,Approved
INV001306,PO001306,S0070,2025-09-06,2025-10-14,2026-01-12,77292866.14,INR,1.0,Paid,2026-01-11,Three-Way Match,Approved
INV001307,PO001307,S0096,2025-05-08,2025-06-10,2025-07-10,7081493.88,INR,1.0,Paid,2025-07-02,Three-Way Match,Approved
INV001308,PO001308,S0088,2025-06-10,2025-07-06,2025-08-05,7637793.56,INR,1.0,Paid,2025-08-04,Three-Way Match,Pending
INV001309,PO001309,S0059,2025-06-14,2025-07-13,2025-08-12,16708468.94,INR,1.0,Paid,2025-08-10,Three-Way Match,Approved
INV001310,PO001310,S0014,2025-12-10,2025-12-28,2026-01-27,88837726.16,INR,1.0,Pending,,Three-Way Match,Approved
INV001311,PO001311,S0050,2025-08-09,2025-08-19,2025-09-18,29270395.08,INR,1.0,Overdue,,Three-Way Match,Approved
INV001312,PO001312,S0081,2025-09-08,2025-10-02,2025-12-01,34404360.99,INR,1.0,Paid,2025-11-28,Three-Way Match,Approved
INV001313,PO001313,S0003,2025-06-29,2025-07-25,2025-10-23,57050854.72,INR,1.0,Overdue,,Three-Way Match,Approved
INV001314,PO001314,S0123,2025-12-02,2026-01-07,2026-04-07,1652304.89,INR,1.0,Paid,2026-04-07,Manual Review,Pending
INV001315,PO001315,S0102,2026-05-06,2026-06-10,2026-09-08,30829568.58,INR,1.0,Overdue,,Three-Way Match,Approved
INV001316,PO001316,S0007,2025-11-18,2025-12-18,2026-02-16,4000513.64,INR,1.0,Paid,2026-02-06,Manual Review,Approved
INV001317,PO001317,S0035,2025-01-10,2025-01-27,2025-04-27,11179966.13,INR,1.0,Paid,2025-04-23,Three-Way Match,Approved
INV001318,PO001318,S0037,2026-03-27,2026-05-03,2026-08-01,1386350.85,INR,1.0,Paid,2026-07-31,Three-Way Match,Pending
INV001319,PO001319,S0114,2025-03-08,2025-03-31,2025-05-15,71589795.98,INR,1.0,Paid,2025-05-05,Three-Way Match,Approved
INV001320,PO001320,S0026,2025-04-25,2025-05-21,2025-07-20,49670707.09,INR,1.0,Paid,2025-07-14,Three-Way Match,Approved
INV001321,PO001321,S0018,2025-10-11,2025-10-30,2025-12-14,41233037.47,INR,1.0,Pending,,Three-Way Match,Approved
INV001322,PO001322,S0018,2025-08-01,2025-08-23,2025-09-22,645513.68,INR,1.0,Paid,2025-09-14,Three-Way Match,Approved
INV001323,PO001323,S0016,2025-09-28,2025-11-01,2025-12-31,5845081.7,INR,1.0,Overdue,,Manual Review,Pending
INV001324,PO001324,S0013,2025-05-09,2025-06-02,2025-07-02,27176156.26,INR,1.0,Paid,2025-06-27,Three-Way Match,Pending
INV001325,PO001325,S0017,2026-03-21,2026-04-20,2026-06-19,12762398.76,INR,1.0,Paid,2026-06-10,Three-Way Match,Pending
INV001326,PO001326,S0090,2025-04-15,2025-05-06,2025-06-05,2297795.46,INR,1.0,Paid,2025-06-03,Manual Review,Approved
INV001327,PO001327,S0094,2026-03-20,2026-04-24,2026-05-24,70408604.09,INR,1.0,Paid,2026-05-20,Three-Way Match,Pending
INV001328,PO001328,S0089,2026-04-02,2026-04-24,2026-06-08,75283305.99,INR,1.0,Paid,2026-06-06,Three-Way Match,Approved
INV001329,PO001329,S0122,2025-06-02,2025-06-20,2025-07-20,18556744.01,INR,1.0,Paid,2025-07-12,Three-Way Match,Approved
INV001330,PO001330,S0049,2025-11-06,2025-11-11,2026-02-09,58723.22,INR,1.0,Paid,2026-01-30,Three-Way Match,Approved
INV001331,PO001331,S0037,2025-05-18,2025-06-14,2025-07-29,62509368.96,INR,1.0,Overdue,,Manual Review,Pending
INV001332,PO001332,S0110,2025-04-01,2025-04-12,2025-05-12,2750759.5,INR,1.0,Paid,2025-05-02,Three-Way Match,Approved
INV001333,PO001333,S0119,2026-06-25,2026-07-03,2026-09-01,28272646.35,INR,1.0,Paid,2026-09-01,Three-Way Match,Approved
INV001334,PO001334,S0112,2025-02-01,2025-03-05,2025-04-04,62395922.33,INR,1.0,Paid,2025-04-04,Manual Review,Approved
INV001335,PO001335,S0013,2025-12-27,2026-01-20,2026-03-06,7797549.73,INR,1.0,Paid,2026-02-28,Manual Review,Approved
INV001336,PO001336,S0088,2025-05-16,2025-06-18,2025-07-18,52713930.13,INR,1.0,Pending,,Three-Way Match,Pending
INV001337,PO001337,S0080,2026-02-21,2026-03-21,2026-06-19,11961219.61,INR,1.0,Partially Paid,,Three-Way Match,Approved
INV001338,PO001338,S0094,2026-03-12,2026-04-13,2026-05-28,3880194.53,INR,1.0,Paid,2026-05-20,Manual Review,Pending
INV001339,PO001339,S0076,2025-05-17,2025-06-23,2025-07-23,18166670.94,INR,1.0,Overdue,,Manual Review,Approved
INV001340,PO001340,S0029,2025-05-13,2025-06-11,2025-09-09,51401267.32,INR,1.0,Pending,,Three-Way Match,Approved
INV001341,PO001341,S0032,2025-08-16,2025-08-27,2025-10-26,16873779.48,INR,1.0,Paid,2025-10-26,Manual Review,Approved
INV001342,PO001342,S0118,2025-03-14,2025-04-14,2025-05-14,54567666.96,INR,1.0,Paid,2025-05-12,Three-Way Match,Approved
INV001343,PO001343,S0052,2025-09-06,2025-10-06,2026-01-04,25648129.22,INR,1.0,Pending,,Manual Review,Pending
INV001344,PO001344,S0116,2025-11-19,2025-12-21,2026-02-19,73928433.84,INR,1.0,Paid,2026-02-09,Manual Review,Pending
INV001345,PO001345,S0066,2026-02-02,2026-03-03,2026-04-17,23894919.25,INR,1.0,Paid,2026-04-11,Manual Review,Pending
INV001346,PO001346,S0093,2025-05-05,2025-05-16,2025-07-15,2489000.25,INR,1.0,Overdue,,Manual Review,Pending
INV001347,PO001347,S0060,2025-10-26,2025-11-16,2025-12-31,34859231.84,INR,1.0,Paid,2025-12-23,Three-Way Match,Approved
INV001348,PO001348,S0022,2026-03-26,2026-04-13,2026-06-12,2425098.17,INR,1.0,Paid,2026-06-07,Three-Way Match,Pending
INV001349,PO001349,S0061,2026-07-25,2026-08-06,2026-10-05,52525939.13,INR,1.0,Pending,,Three-Way Match,Approved
INV001350,PO001350,S0125,2025-11-21,2025-12-25,2026-02-23,9320837.72,INR,1.0,Pending,,Manual Review,Pending
INV001351,PO001351,S0040,2025-08-01,2025-08-17,2025-10-16,63202383.94,INR,1.0,Pending,,Three-Way Match,Pending
INV001352,PO001352,S0050,2025-08-30,2025-09-19,2025-11-18,67263176.03,INR,1.0,Paid,2025-11-11,Three-Way Match,Approved
INV001353,PO001353,S0065,2025-02-19,2025-02-27,2025-03-29,20996879.27,INR,1.0,Paid,2025-03-20,Three-Way Match,Pending
INV001354,PO001354,S0114,2025-02-04,2025-03-03,2025-04-02,4237430.41,INR,1.0,Partially Paid,,Manual Review,Pending
INV001355,PO001355,S0050,2025-03-29,2025-04-15,2025-05-15,25979170.45,INR,1.0,Paid,2025-05-15,Manual Review,Approved
INV001356,PO001356,S0104,2025-01-03,2025-01-31,2025-03-02,48863907.26,INR,1.0,Paid,2025-02-22,Three-Way Match,Approved
INV001357,PO001357,S0001,2025-11-21,2025-12-06,2026-02-04,4021855.63,INR,1.0,Paid,2026-02-04,Three-Way Match,Approved
INV001358,PO001358,S0008,2025-04-03,2025-04-16,2025-05-31,1111321.13,INR,1.0,Paid,2025-05-26,Three-Way Match,Approved
INV001359,PO001359,S0079,2026-01-17,2026-02-14,2026-03-16,26192070.4,INR,1.0,Paid,2026-03-09,Three-Way Match,Pending
INV001360,PO001360,S0097,2026-03-17,2026-04-03,2026-07-02,34429764.2,INR,1.0,Paid,2026-06-28,Three-Way Match,Pending
INV001361,PO001361,S0012,2025-02-08,2025-03-06,2025-04-05,1259277.54,INR,1.0,Paid,2025-03-27,Manual Review,Approved
INV001362,PO001362,S0008,2025-07-19,2025-08-03,2025-09-17,35553280.35,INR,1.0,Paid,2025-09-07,Manual Review,Approved
INV001363,PO001363,S0106,2025-03-25,2025-04-11,2025-05-26,13651759.34,INR,1.0,Pending,,Three-Way Match,Pending
INV001364,PO001364,S0060,2025-09-04,2025-10-02,2025-12-31,1744100.52,INR,1.0,Paid,2025-12-26,Three-Way Match,Pending
INV001365,PO001365,S0085,2025-12-18,2025-12-26,2026-03-26,61716989.67,INR,1.0,Paid,2026-03-16,Manual Review,Approved
INV001366,PO001366,S0032,2025-10-22,2025-10-31,2025-12-15,40669261.04,INR,1.0,Pending,,Manual Review,Pending
INV001367,PO001367,S0080,2025-05-31,2025-06-28,2025-09-26,29705708.48,INR,1.0,Paid,2025-09-17,Three-Way Match,Pending
INV001368,PO001368,S0073,2026-06-07,2026-06-20,2026-07-20,3726126.72,INR,1.0,Paid,2026-07-12,Three-Way Match,Approved
INV001369,PO001369,S0095,2026-04-18,2026-05-14,2026-07-13,10932674.3,INR,1.0,Paid,2026-07-12,Three-Way Match,Approved
INV001370,PO001370,S0025,2026-02-28,2026-04-01,2026-05-31,23691730.36,INR,1.0,Pending,,Three-Way Match,Pending
INV001371,PO001371,S0039,2025-08-06,2025-09-01,2025-10-16,56171535.15,INR,1.0,Partially Paid,,Manual Review,Approved
INV001372,PO001372,S0057,2025-11-24,2025-12-06,2026-01-20,6573729.02,INR,1.0,Paid,2026-01-10,Manual Review,Pending
INV001373,PO001373,S0020,2025-02-24,2025-03-19,2025-06-17,14333306.3,INR,1.0,Paid,2025-06-16,Three-Way Match,Pending
INV001374,PO001374,S0047,2025-04-11,2025-05-08,2025-07-07,1877341.27,INR,1.0,Overdue,,Three-Way Match,Pending
INV001375,PO001375,S0031,2025-11-11,2025-11-29,2025-12-29,3513106.42,INR,1.0,Paid,2025-12-23,Manual Review,Pending
INV001376,PO001376,S0107,2026-07-11,2026-08-13,2026-09-27,67801876.43,INR,1.0,Paid,2026-09-25,Three-Way Match,Approved
INV001377,PO001377,S0078,2025-07-06,2025-08-05,2025-09-19,5025656.78,INR,1.0,Partially Paid,,Three-Way Match,Approved
INV001378,PO001378,S0097,2026-02-07,2026-03-02,2026-04-01,12343811.74,INR,1.0,Paid,2026-03-23,Three-Way Match,Pending
INV001379,PO001379,S0051,2025-03-08,2025-03-16,2025-04-30,51736429.48,INR,1.0,Overdue,,Three-Way Match,Approved
INV001380,PO001380,S0111,2026-03-01,2026-03-18,2026-05-17,50489552.39,INR,1.0,Paid,2026-05-10,Three-Way Match,Approved
INV001381,PO001381,S0041,2025-07-15,2025-08-06,2025-09-20,39953978.43,INR,1.0,Pending,,Three-Way Match,Pending
INV001382,PO001382,S0070,2025-06-24,2025-08-07,2025-09-06,56761846.29,INR,1.0,Partially Paid,,Manual Review,Approved
INV001383,PO001383,S0082,2026-07-26,2026-08-03,2026-10-02,2901944.56,INR,1.0,Paid,2026-09-26,Manual Review,Pending
INV001384,PO001384,S0106,2026-01-10,2026-01-21,2026-03-07,27664438.95,INR,1.0,Paid,2026-03-07,Three-Way Match,Approved
INV001385,PO001385,S0058,2025-07-22,2025-08-30,2025-10-14,74028387.51,INR,1.0,Paid,2025-10-06,Manual Review,Approved
INV001386,PO001386,S0090,2025-06-12,2025-07-02,2025-09-30,32588894.05,INR,1.0,Pending,,Three-Way Match,Pending
INV001387,PO001387,S0039,2026-07-12,2026-08-02,2026-10-01,99799.04,INR,1.0,Pending,,Manual Review,Approved
INV001388,PO001388,S0094,2025-12-06,2026-01-04,2026-02-18,1762501.87,INR,1.0,Partially Paid,,Three-Way Match,Pending
INV001389,PO001389,S0021,2025-07-16,2025-07-31,2025-09-14,22460399.81,INR,1.0,Paid,2025-09-04,Three-Way Match,Approved
INV001390,PO001390,S0101,2025-06-30,2025-07-10,2025-09-08,34957239.08,INR,1.0,Paid,2025-08-29,Three-Way Match,Pending
INV001391,PO001391,S0080,2025-07-29,2025-08-28,2025-11-26,11449820.75,INR,1.0,Overdue,,Three-Way Match,Approved
INV001392,PO001392,S0100,2026-05-07,2026-06-12,2026-07-12,4620168.14,INR,1.0,Paid,2026-07-09,Manual Review,Pending
INV001393,PO001393,S0058,2025-07-23,2025-09-10,2025-10-10,47474359.44,INR,1.0,Pending,,Three-Way Match,Approved
INV001394,PO001394,S0057,2025-11-02,2025-11-22,2025-12-22,35479439.68,INR,1.0,Pending,,Manual Review,Pending
INV001395,PO001395,S0096,2025-02-16,2025-03-16,2025-05-15,20121735.91,INR,1.0,Paid,2025-05-11,Three-Way Match,Approved
INV001396,PO001396,S0074,2026-03-05,2026-03-21,2026-04-20,33071431.95,INR,1.0,Pending,,Manual Review,Approved
INV001397,PO001397,S0058,2025-04-29,2025-05-28,2025-07-12,9895392.27,INR,1.0,Paid,2025-07-06,Three-Way Match,Approved
INV001398,PO001398,S0099,2025-07-18,2025-07-31,2025-10-29,3904067.57,INR,1.0,Overdue,,Manual Review,Approved
INV001399,PO001399,S0029,2026-05-22,2026-06-27,2026-08-26,7599218.51,INR,1.0,Paid,2026-08-22,Three-Way Match,Pending
INV001400,PO001400,S0012,2025-04-24,2025-05-24,2025-08-22,85384275.15,INR,1.0,Paid,2025-08-19,Manual Review,Approved
INV001401,PO001401,S0024,2025-02-20,2025-03-13,2025-04-12,21963403.22,INR,1.0,Paid,2025-04-02,Three-Way Match,Approved
INV001402,PO001402,S0034,2025-02-27,2025-03-30,2025-05-14,77425304.87,INR,1.0,Paid,2025-05-04,Three-Way Match,Approved
INV001403,PO001403,S0043,2026-06-14,2026-06-27,2026-08-11,46245262.06,INR,1.0,Paid,2026-08-11,Three-Way Match,Pending
INV001404,PO001404,S0103,2026-04-14,2026-05-13,2026-08-11,26615739.72,INR,1.0,Overdue,,Three-Way Match,Pending
INV001405,PO001405,S0039,2026-01-17,2026-02-05,2026-04-06,10587771.63,INR,1.0,Paid,2026-03-28,Three-Way Match,Approved
INV001406,PO001406,S0094,2025-01-07,2025-02-13,2025-03-30,47447885.94,INR,1.0,Overdue,,Three-Way Match,Approved
INV001407,PO001407,S0113,2025-02-10,2025-02-15,2025-05-16,77749136.35,INR,1.0,Paid,2025-05-15,Three-Way Match,Approved
INV001408,PO001408,S0076,2025-05-10,2025-06-04,2025-07-19,26743938.49,INR,1.0,Paid,2025-07-09,Three-Way Match,Pending
INV001409,PO001409,S0028,2025-03-11,2025-03-27,2025-06-25,61492291.57,INR,1.0,Paid,2025-06-23,Manual Review,Pending
INV001410,PO001410,S0093,2026-04-29,2026-05-08,2026-07-07,76296424.39,INR,1.0,Pending,,Three-Way Match,Approved
INV001411,PO001411,S0017,2026-07-29,2026-08-27,2026-09-26,30515457.53,INR,1.0,Paid,2026-09-23,Three-Way Match,Approved
INV001412,PO001412,S0053,2025-07-23,2025-08-09,2025-09-23,5765657.28,INR,1.0,Paid,2025-09-14,Three-Way Match,Approved
INV001413,PO001413,S0039,2026-02-01,2026-02-28,2026-03-30,55113181.42,INR,1.0,Pending,,Manual Review,Approved
INV001414,PO001414,S0057,2026-04-25,2026-05-19,2026-06-18,38827458.81,INR,1.0,Paid,2026-06-13,Three-Way Match,Pending
INV001415,PO001415,S0094,2026-04-01,2026-05-01,2026-05-31,27476366.13,INR,1.0,Overdue,,Three-Way Match,Pending
INV001416,PO001416,S0114,2025-06-15,2025-07-12,2025-08-26,50762276.03,INR,1.0,Paid,2025-08-22,Three-Way Match,Approved
INV001417,PO001417,S0062,2026-04-01,2026-04-05,2026-05-20,6860893.02,INR,1.0,Paid,2026-05-14,Manual Review,Approved
INV001418,PO001418,S0059,2025-10-26,2025-11-26,2026-01-25,3153715.15,INR,1.0,Paid,2026-01-18,Manual Review,Approved
INV001419,PO001419,S0074,2026-04-01,2026-04-17,2026-05-17,59748173.77,INR,1.0,Overdue,,Three-Way Match,Pending
INV001420,PO001420,S0124,2025-08-06,2025-09-03,2025-10-18,44452726.53,INR,1.0,Paid,2025-10-13,Three-Way Match,Approved
INV001421,PO001421,S0081,2026-02-09,2026-02-24,2026-04-10,3394650.54,INR,1.0,Paid,2026-03-31,Three-Way Match,Pending
INV001422,PO001422,S0106,2025-12-21,2026-01-04,2026-04-04,21669868.44,INR,1.0,Pending,,Three-Way Match,Approved
INV001423,PO001423,S0092,2025-01-28,2025-02-11,2025-03-13,90465098.72,INR,1.0,Paid,2025-03-03,Manual Review,Pending
INV001424,PO001424,S0011,2025-08-03,2025-09-04,2025-10-19,56963369.97,INR,1.0,Pending,,Manual Review,Approved
INV001425,PO001425,S0067,2025-03-14,2025-03-19,2025-05-03,1378306.29,INR,1.0,Overdue,,Three-Way Match,Approved
INV001426,PO001426,S0037,2025-02-27,2025-03-30,2025-05-14,1272411.43,INR,1.0,Paid,2025-05-08,Three-Way Match,Approved
INV001427,PO001427,S0115,2025-01-23,2025-02-16,2025-03-18,26463696.22,INR,1.0,Paid,2025-03-18,Manual Review,Pending
INV001428,PO001428,S0001,2026-08-03,2026-08-20,2026-09-19,50687524.93,INR,1.0,Overdue,,Three-Way Match,Pending
INV001429,PO001429,S0040,2025-12-13,2025-12-28,2026-03-28,36995063.95,INR,1.0,Paid,2026-03-23,Three-Way Match,Pending
INV001430,PO001430,S0005,2026-04-09,2026-04-20,2026-06-19,16303091.01,INR,1.0,Paid,2026-06-18,Three-Way Match,Pending
INV001431,PO001431,S0019,2025-10-28,2025-11-24,2026-01-23,20784284.24,INR,1.0,Paid,2026-01-17,Manual Review,Pending
INV001432,PO001432,S0070,2026-07-07,2026-08-04,2026-09-03,24441775.99,INR,1.0,Paid,2026-09-02,Three-Way Match,Pending
INV001433,PO001433,S0110,2025-08-22,2025-09-03,2025-11-02,62946811.55,INR,1.0,Partially Paid,,Three-Way Match,Approved
INV001434,PO001434,S0011,2025-04-19,2025-05-21,2025-06-20,40216302.02,INR,1.0,Paid,2025-06-11,Three-Way Match,Pending
INV001435,PO001435,S0104,2025-02-14,2025-03-11,2025-06-09,24992280.17,INR,1.0,Paid,2025-05-30,Manual Review,Pending
INV001436,PO001436,S0065,2025-11-09,2025-11-21,2025-12-21,6497781.63,INR,1.0,Paid,2025-12-21,Three-Way Match,Approved
INV001437,PO001437,S0093,2025-10-11,2025-10-31,2025-11-30,7904908.95,INR,1.0,Overdue,,Three-Way Match,Approved
INV001438,PO001438,S0035,2026-06-12,2026-06-22,2026-08-06,28359102.12,INR,1.0,Pending,,Three-Way Match,Approved
INV001439,PO001439,S0125,2025-05-03,2025-06-03,2025-09-01,60770016.25,INR,1.0,Overdue,,Manual Review,Pending
INV001440,PO001440,S0054,2026-03-10,2026-04-06,2026-05-06,23375008.41,INR,1.0,Paid,2026-04-29,Manual Review,Approved
INV001441,PO001441,S0004,2025-10-29,2025-11-13,2025-12-13,5711610.52,INR,1.0,Pending,,Manual Review,Pending
INV001442,PO001442,S0116,2025-11-10,2025-12-16,2026-02-14,24350716.26,INR,1.0,Partially Paid,,Manual Review,Approved
INV001443,PO001443,S0035,2025-10-15,2025-10-31,2025-11-30,259682.31,INR,1.0,Overdue,,Manual Review,Pending
INV001444,PO001444,S0117,2026-03-25,2026-04-22,2026-06-06,20925286.22,INR,1.0,Paid,2026-06-01,Three-Way Match,Approved
INV001445,PO001445,S0086,2025-08-02,2025-08-29,2025-10-13,24074795.92,INR,1.0,Paid,2025-10-10,Three-Way Match,Pending
INV001446,PO001446,S0028,2026-01-01,2026-01-11,2026-04-11,23793322.9,INR,1.0,Partially Paid,,Three-Way Match,Approved
INV001447,PO001447,S0072,2025-07-04,2025-08-01,2025-09-15,23122198.36,INR,1.0,Partially Paid,,Three-Way Match,Approved
INV001448,PO001448,S0076,2026-06-22,2026-07-27,2026-09-10,19471633.64,INR,1.0,Overdue,,Manual Review,Approved
INV001449,PO001449,S0062,2026-07-09,2026-07-16,2026-10-14,13307766.5,INR,1.0,Paid,2026-10-11,Three-Way Match,Pending
INV001450,PO001450,S0114,2025-02-15,2025-03-08,2025-04-07,5441582.24,INR,1.0,Paid,2025-04-05,Manual Review,Approved
INV001451,PO001451,S0062,2025-05-22,2025-06-01,2025-07-16,8368117.79,INR,1.0,Paid,2025-07-11,Three-Way Match,Approved
INV001452,PO001452,S0066,2025-08-27,2025-09-22,2025-10-22,9686239.11,INR,1.0,Paid,2025-10-15,Three-Way Match,Approved
INV001453,PO001453,S0065,2025-10-07,2025-10-10,2026-01-08,71706189.94,INR,1.0,Paid,2025-12-30,Three-Way Match,Approved
INV001454,PO001454,S0107,2025-08-09,2025-09-06,2025-11-05,50151729.77,INR,1.0,Paid,2025-10-27,Three-Way Match,Approved
INV001455,PO001455,S0094,2025-08-26,2025-10-01,2025-10-31,9932988.28,INR,1.0,Pending,,Three-Way Match,Approved
INV001456,PO001456,S0067,2025-07-11,2025-07-20,2025-08-19,28892994.67,INR,1.0,Paid,2025-08-10,Manual Review,Pending
INV001457,PO001457,S0055,2025-11-13,2025-11-30,2026-01-29,30924214.84,INR,1.0,Paid,2026-01-28,Three-Way Match,Pending
INV001458,PO001458,S0018,2025-09-27,2025-10-09,2025-12-08,33499925.97,INR,1.0,Paid,2025-11-30,Three-Way Match,Approved
INV001459,PO001459,S0002,2025-03-08,2025-03-23,2025-04-22,5310467.04,INR,1.0,Pending,,Three-Way Match,Approved
INV001460,PO001460,S0024,2025-10-19,2025-11-13,2026-02-11,8908505.66,INR,1.0,Paid,2026-02-11,Three-Way Match,Approved
INV001461,PO001461,S0089,2026-04-15,2026-05-08,2026-08-06,47748388.0,INR,1.0,Pending,,Three-Way Match,Approved
INV001462,PO001462,S0089,2026-02-14,2026-03-06,2026-04-20,60959881.66,INR,1.0,Pending,,Three-Way Match,Approved
INV001463,PO001463,S0044,2025-11-21,2025-12-15,2026-03-15,11764207.3,INR,1.0,Pending,,Manual Review,Pending
INV001464,PO001464,S0004,2026-05-11,2026-06-04,2026-08-03,13961514.24,INR,1.0,Paid,2026-07-25,Manual Review,Approved
INV001465,PO001465,S0116,2026-01-01,2026-01-28,2026-02-27,18018025.54,INR,1.0,Paid,2026-02-20,Three-Way Match,Approved
INV001466,PO001466,S0036,2025-06-23,2025-07-11,2025-08-25,1519464.87,INR,1.0,Pending,,Three-Way Match,Approved
INV001467,PO001467,S0015,2025-01-25,2025-02-03,2025-05-04,14179919.43,INR,1.0,Partially Paid,,Three-Way Match,Approved
INV001468,PO001468,S0116,2026-03-28,2026-05-03,2026-08-01,22903509.87,INR,1.0,Pending,,Three-Way Match,Approved
INV001469,PO001469,S0117,2025-06-13,2025-07-10,2025-10-08,32084390.1,INR,1.0,Paid,2025-09-29,Three-Way Match,Pending
INV001470,PO001470,S0056,2025-07-15,2025-08-21,2025-11-19,17562959.33,INR,1.0,Paid,2025-11-17,Three-Way Match,Approved
INV001471,PO001471,S0047,2026-01-22,2026-02-26,2026-05-27,20235106.54,INR,1.0,Paid,2026-05-25,Three-Way Match,Approved
INV001472,PO001472,S0005,2025-03-07,2025-03-14,2025-05-13,45780005.13,INR,1.0,Paid,2025-05-09,Three-Way Match,Pending
INV001473,PO001473,S0125,2025-01-15,2025-02-11,2025-04-12,3901219.39,INR,1.0,Pending,,Three-Way Match,Pending
INV001474,PO001474,S0115,2026-01-14,2026-02-08,2026-05-09,58766725.4,INR,1.0,Pending,,Manual Review,Pending
INV001475,PO001475,S0082,2025-01-15,2025-01-27,2025-04-27,14238920.29,INR,1.0,Pending,,Manual Review,Approved
INV001476,PO001476,S0036,2025-10-17,2025-11-04,2026-01-03,61937309.14,INR,1.0,Paid,2026-01-03,Three-Way Match,Pending
INV001477,PO001477,S0090,2026-04-29,2026-05-14,2026-08-12,31774817.07,INR,1.0,Paid,2026-08-06,Manual Review,Approved
INV001478,PO001478,S0112,2025-02-03,2025-03-04,2025-04-18,93997968.57,INR,1.0,Paid,2025-04-14,Three-Way Match,Approved
INV001479,PO001479,S0109,2026-02-15,2026-03-11,2026-05-10,4236352.48,INR,1.0,Paid,2026-05-05,Manual Review,Pending
INV001480,PO001480,S0048,2025-01-14,2025-02-02,2025-03-19,40322339.08,INR,1.0,Paid,2025-03-16,Three-Way Match,Approved
INV001481,PO001481,S0019,2026-05-01,2026-05-29,2026-08-27,60442850.81,INR,1.0,Overdue,,Manual Review,Approved
INV001482,PO001482,S0027,2025-11-05,2025-11-18,2026-01-17,63721260.49,INR,1.0,Paid,2026-01-08,Three-Way Match,Approved
INV001483,PO001483,S0087,2025-10-16,2025-11-06,2025-12-21,13844668.49,INR,1.0,Paid,2025-12-21,Manual Review,Approved
INV001484,PO001484,S0083,2026-03-20,2026-04-12,2026-07-11,50033796.53,INR,1.0,Paid,2026-07-03,Three-Way Match,Approved
INV001485,PO001485,S0008,2025-08-03,2025-08-18,2025-10-17,642276.99,INR,1.0,Paid,2025-10-08,Three-Way Match,Approved
INV001486,PO001486,S0078,2026-05-04,2026-06-04,2026-07-04,82100676.75,INR,1.0,Paid,2026-07-04,Manual Review,Pending
INV001487,PO001487,S0028,2026-02-24,2026-03-09,2026-04-08,56310364.29,INR,1.0,Paid,2026-04-04,Three-Way Match,Approved
INV001488,PO001488,S0096,2025-12-11,2026-01-18,2026-04-18,44737683.99,INR,1.0,Paid,2026-04-08,Three-Way Match,Approved
INV001489,PO001489,S0052,2026-01-26,2026-02-23,2026-03-25,5015096.89,INR,1.0,Pending,,Three-Way Match,Approved
INV001490,PO001490,S0051,2025-09-26,2025-10-12,2025-11-26,68710445.9,INR,1.0,Paid,2025-11-26,Three-Way Match,Approved
INV001491,PO001491,S0098,2026-05-22,2026-06-04,2026-07-19,13094745.21,INR,1.0,Paid,2026-07-09,Manual Review,Pending
INV001492,PO001492,S0067,2026-03-12,2026-03-25,2026-04-24,8929335.45,INR,1.0,Overdue,,Three-Way Match,Pending
INV001493,PO001493,S0053,2025-06-28,2025-07-04,2025-08-03,9920491.68,INR,1.0,Pending,,Three-Way Match,Approved
INV001494,PO001494,S0077,2025-04-01,2025-04-27,2025-06-26,2436422.75,INR,1.0,Pending,,Three-Way Match,Approved
INV001495,PO001495,S0109,2026-07-09,2026-08-02,2026-10-01,29260182.99,INR,1.0,Partially Paid,,Manual Review,Pending
INV001496,PO001496,S0056,2025-12-05,2026-01-07,2026-03-08,33220258.87,INR,1.0,Paid,2026-03-01,Three-Way Match,Pending
INV001497,PO001497,S0069,2025-08-23,2025-09-10,2025-12-09,8763891.38,INR,1.0,Paid,2025-12-08,Three-Way Match,Pending
INV001498,PO001498,S0008,2025-05-20,2025-06-02,2025-08-31,23212792.42,INR,1.0,Partially Paid,,Three-Way Match,Pending
INV001499,PO001499,S0048,2026-07-23,2026-08-09,2026-11-07,2329860.81,INR,1.0,Paid,2026-11-06,Three-Way Match,Pending
INV001500,PO001500,S0024,2025-01-03,2025-02-04,2025-04-05,6647681.62,INR,1.0,Paid,2025-04-03,Three-Way Match,Pending
INV001501,PO001501,S0054,2025-04-12,2025-04-27,2025-06-26,18243464.98,INR,1.0,Paid,2025-06-17,Three-Way Match,Approved
INV001502,PO001502,S0067,2026-06-24,2026-06-30,2026-09-28,10254700.15,INR,1.0,Paid,2026-09-25,Manual Review,Approved
INV001503,PO001503,S0109,2025-06-21,2025-07-18,2025-10-16,90965244.13,INR,1.0,Paid,2025-10-15,Three-Way Match,Approved
INV001504,PO001504,S0089,2025-08-19,2025-09-10,2025-10-10,80357126.94,INR,1.0,Paid,2025-10-06,Three-Way Match,Approved
INV001505,PO001505,S0053,2025-07-19,2025-07-26,2025-08-25,37528383.4,INR,1.0,Paid,2025-08-23,Three-Way Match,Pending
INV001506,PO001506,S0083,2025-01-26,2025-02-08,2025-05-09,31823877.31,INR,1.0,Pending,,Three-Way Match,Approved
INV001507,PO001507,S0100,2025-06-20,2025-07-22,2025-09-05,52219011.89,INR,1.0,Paid,2025-08-31,Manual Review,Approved
INV001508,PO001508,S0072,2025-08-02,2025-09-01,2025-10-31,16943232.32,INR,1.0,Pending,,Three-Way Match,Approved
INV001509,PO001509,S0117,2025-09-21,2025-10-21,2026-01-19,27620641.74,INR,1.0,Pending,,Manual Review,Approved
INV001510,PO001510,S0074,2025-03-08,2025-03-28,2025-06-26,24909969.4,INR,1.0,Paid,2025-06-20,Three-Way Match,Approved
INV001511,PO001511,S0042,2026-01-22,2026-02-19,2026-03-21,5648331.46,INR,1.0,Paid,2026-03-14,Manual Review,Approved
INV001512,PO001512,S0112,2025-04-16,2025-05-19,2025-07-03,11335229.9,INR,1.0,Paid,2025-06-30,Three-Way Match,Approved
INV001513,PO001513,S0077,2026-03-06,2026-04-07,2026-05-22,15896167.41,INR,1.0,Paid,2026-05-21,Three-Way Match,Pending
INV001514,PO001514,S0070,2026-06-21,2026-07-27,2026-10-25,13804332.84,INR,1.0,Paid,2026-10-18,Three-Way Match,Approved
INV001515,PO001515,S0089,2025-07-01,2025-07-21,2025-09-19,20518587.64,INR,1.0,Paid,2025-09-14,Manual Review,Approved
INV001516,PO001516,S0113,2026-03-08,2026-03-10,2026-04-09,1859013.87,INR,1.0,Pending,,Manual Review,Approved
INV001517,PO001517,S0099,2025-02-26,2025-03-05,2025-06-03,48519479.89,INR,1.0,Overdue,,Manual Review,Approved
INV001518,PO001518,S0049,2025-01-04,2025-01-18,2025-03-19,34695497.93,INR,1.0,Pending,,Three-Way Match,Approved
INV001519,PO001519,S0010,2025-10-11,2025-11-14,2026-02-12,82108654.96,INR,1.0,Pending,,Manual Review,Approved
INV001520,PO001520,S0058,2025-11-13,2025-12-17,2026-02-15,3204798.21,INR,1.0,Paid,2026-02-12,Three-Way Match,Approved
INV001521,PO001521,S0124,2026-07-07,2026-07-28,2026-09-26,35258.54,INR,1.0,Paid,2026-09-20,Three-Way Match,Approved
INV001522,PO001522,S0063,2025-04-02,2025-04-18,2025-06-17,45273175.65,INR,1.0,Pending,,Manual Review,Pending
INV001523,PO001523,S0009,2025-08-06,2025-08-17,2025-10-16,7858285.91,INR,1.0,Paid,2025-10-09,Manual Review,Pending
INV001524,PO001524,S0021,2026-06-02,2026-06-15,2026-09-13,51801339.78,INR,1.0,Pending,,Three-Way Match,Pending
INV001525,PO001525,S0053,2025-04-07,2025-04-21,2025-06-05,2102244.73,INR,1.0,Paid,2025-06-02,Three-Way Match,Pending
INV001526,PO001526,S0009,2025-08-28,2025-09-13,2025-11-12,35934450.36,INR,1.0,Paid,2025-11-06,Manual Review,Pending
INV001527,PO001527,S0024,2026-02-05,2026-03-05,2026-05-04,17141651.03,INR,1.0,Partially Paid,,Manual Review,Approved
INV001528,PO001528,S0110,2026-04-19,2026-05-04,2026-06-18,883132.86,INR,1.0,Paid,2026-06-11,Manual Review,Approved
INV001529,PO001529,S0089,2025-06-25,2025-07-21,2025-09-04,15343323.39,INR,1.0,Paid,2025-08-31,Manual Review,Approved
INV001530,PO001530,S0111,2025-11-30,2025-12-24,2026-03-24,76234759.51,INR,1.0,Paid,2026-03-14,Manual Review,Approved
INV001531,PO001531,S0106,2025-04-27,2025-05-16,2025-07-15,50536102.31,INR,1.0,Paid,2025-07-06,Three-Way Match,Pending
INV001532,PO001532,S0044,2025-12-21,2026-01-06,2026-02-20,60105062.34,INR,1.0,Paid,2026-02-16,Three-Way Match,Pending
INV001533,PO001533,S0035,2025-01-19,2025-02-03,2025-03-05,3162068.6,INR,1.0,Paid,2025-02-25,Manual Review,Pending
INV001534,PO001534,S0096,2025-08-25,2025-09-22,2025-11-06,49813224.06,INR,1.0,Pending,,Manual Review,Approved
INV001535,PO001535,S0074,2025-07-20,2025-08-08,2025-09-07,31169201.39,INR,1.0,Paid,2025-09-06,Manual Review,Approved
INV001536,PO001536,S0100,2026-03-17,2026-04-15,2026-05-30,76064427.21,INR,1.0,Paid,2026-05-25,Three-Way Match,Pending
INV001537,PO001537,S0023,2025-03-01,2025-03-10,2025-04-09,76212101.39,INR,1.0,Paid,2025-04-03,Three-Way Match,Approved
INV001538,PO001538,S0093,2026-05-26,2026-06-07,2026-07-22,9036837.39,INR,1.0,Paid,2026-07-19,Three-Way Match,Pending
INV001539,PO001539,S0101,2025-06-15,2025-07-01,2025-08-15,47579456.03,INR,1.0,Paid,2025-08-10,Three-Way Match,Approved
INV001540,PO001540,S0010,2025-06-15,2025-07-06,2025-08-20,34954293.94,INR,1.0,Paid,2025-08-10,Three-Way Match,Approved
INV001541,PO001541,S0016,2026-01-01,2026-02-04,2026-03-21,19571011.52,INR,1.0,Paid,2026-03-15,Manual Review,Pending
INV001542,PO001542,S0102,2025-04-02,2025-05-16,2025-06-15,1375413.53,INR,1.0,Paid,2025-06-05,Three-Way Match,Approved
INV001543,PO001543,S0098,2025-09-16,2025-10-02,2025-12-31,10662627.18,INR,1.0,Overdue,,Three-Way Match,Pending
INV001544,PO001544,S0043,2026-03-14,2026-04-02,2026-05-02,46490234.08,INR,1.0,Paid,2026-04-23,Manual Review,Approved
INV001545,PO001545,S0076,2025-01-01,2025-02-02,2025-03-04,10815272.77,INR,1.0,Paid,2025-02-22,Three-Way Match,Approved
INV001546,PO001546,S0039,2025-06-03,2025-06-21,2025-08-20,13595819.18,INR,1.0,Overdue,,Three-Way Match,Pending
INV001547,PO001547,S0120,2026-04-02,2026-05-07,2026-06-21,1867811.82,INR,1.0,Paid,2026-06-17,Three-Way Match,Approved
INV001548,PO001548,S0038,2026-03-24,2026-03-30,2026-04-29,10884296.66,INR,1.0,Pending,,Three-Way Match,Approved
INV001549,PO001549,S0066,2025-08-05,2025-09-07,2025-12-06,73161864.19,INR,1.0,Paid,2025-12-05,Three-Way Match,Approved
INV001550,PO001550,S0103,2025-06-17,2025-07-27,2025-09-25,30785033.52,INR,1.0,Paid,2025-09-20,Three-Way Match,Approved
INV001551,PO001551,S0079,2025-10-03,2025-11-11,2025-12-11,62839167.82,INR,1.0,Paid,2025-12-08,Three-Way Match,Approved
INV001552,PO001552,S0040,2025-10-14,2025-10-19,2025-12-03,21599513.6,INR,1.0,Paid,2025-11-29,Three-Way Match,Pending
INV001553,PO001553,S0014,2025-08-04,2025-08-22,2025-11-20,3009601.01,INR,1.0,Paid,2025-11-17,Three-Way Match,Pending
INV001554,PO001554,S0068,2025-04-05,2025-04-27,2025-06-26,11717846.8,INR,1.0,Paid,2025-06-18,Manual Review,Approved
INV001555,PO001555,S0015,2026-05-09,2026-05-12,2026-06-26,50233995.07,INR,1.0,Paid,2026-06-20,Manual Review,Approved
INV001556,PO001556,S0005,2025-08-13,2025-08-27,2025-11-25,10494302.66,INR,1.0,Pending,,Manual Review,Approved
INV001557,PO001557,S0099,2025-01-24,2025-02-03,2025-04-04,32192174.84,INR,1.0,Paid,2025-04-02,Manual Review,Approved
INV001558,PO001558,S0102,2025-11-24,2026-01-03,2026-04-03,20111798.92,INR,1.0,Paid,2026-04-02,Three-Way Match,Pending
INV001559,PO001559,S0021,2026-07-20,2026-08-01,2026-09-15,46748171.11,INR,1.0,Overdue,,Manual Review,Approved
INV001560,PO001560,S0002,2025-03-03,2025-03-22,2025-04-21,29421641.88,INR,1.0,Paid,2025-04-14,Manual Review,Pending
INV001561,PO001561,S0100,2026-04-07,2026-05-10,2026-06-24,2722618.45,INR,1.0,Pending,,Three-Way Match,Approved
INV001562,PO001562,S0034,2025-09-28,2025-10-29,2025-12-28,44306074.97,INR,1.0,Paid,2025-12-21,Three-Way Match,Approved
INV001563,PO001563,S0102,2025-09-09,2025-10-11,2025-11-25,37174880.57,INR,1.0,Paid,2025-11-16,Manual Review,Approved
INV001564,PO001564,S0105,2025-09-24,2025-09-28,2025-12-27,14110526.42,INR,1.0,Paid,2025-12-17,Three-Way Match,Approved
INV001565,PO001565,S0026,2025-01-27,2025-02-18,2025-04-04,9849984.16,INR,1.0,Paid,2025-04-03,Three-Way Match,Approved
INV001566,PO001566,S0050,2025-12-22,2026-01-12,2026-04-12,5529793.21,INR,1.0,Partially Paid,,Three-Way Match,Pending
INV001567,PO001567,S0029,2026-03-26,2026-04-21,2026-07-20,6068050.51,INR,1.0,Paid,2026-07-20,Three-Way Match,Approved
INV001568,PO001568,S0034,2026-02-03,2026-03-06,2026-04-20,32569568.75,INR,1.0,Paid,2026-04-20,Manual Review,Pending
INV001569,PO001569,S0018,2025-12-10,2025-12-29,2026-02-12,13023716.86,INR,1.0,Paid,2026-02-09,Three-Way Match,Approved
INV001570,PO001570,S0096,2025-01-16,2025-02-16,2025-03-18,13854987.97,INR,1.0,Paid,2025-03-11,Three-Way Match,Approved
INV001571,PO001571,S0115,2026-03-15,2026-04-09,2026-05-09,27079815.17,INR,1.0,Paid,2026-05-02,Manual Review,Approved
INV001572,PO001572,S0064,2025-12-20,2026-01-11,2026-02-10,1424303.54,INR,1.0,Paid,2026-02-09,Three-Way Match,Pending
INV001573,PO001573,S0091,2025-02-07,2025-03-08,2025-06-06,1959804.16,INR,1.0,Paid,2025-06-01,Manual Review,Pending
INV001574,PO001574,S0003,2025-04-03,2025-04-16,2025-05-31,38477613.65,INR,1.0,Paid,2025-05-23,Three-Way Match,Approved
INV001575,PO001575,S0104,2026-01-29,2026-02-28,2026-03-30,21699723.93,INR,1.0,Paid,2026-03-21,Manual Review,Approved
INV001576,PO001576,S0015,2026-07-10,2026-07-18,2026-10-16,9372211.45,INR,1.0,Paid,2026-10-15,Three-Way Match,Approved
INV001577,PO001577,S0089,2026-01-27,2026-02-25,2026-03-27,4035131.81,INR,1.0,Partially Paid,,Three-Way Match,Approved
INV001578,PO001578,S0005,2025-09-02,2025-09-13,2025-10-13,62005052.76,INR,1.0,Paid,2025-10-07,Three-Way Match,Approved
INV001579,PO001579,S0111,2025-03-02,2025-03-15,2025-06-13,20292872.72,INR,1.0,Paid,2025-06-08,Three-Way Match,Pending
INV001580,PO001580,S0043,2025-10-01,2025-10-19,2025-11-18,62354928.55,INR,1.0,Overdue,,Manual Review,Approved
INV001581,PO001581,S0072,2026-01-21,2026-02-21,2026-04-22,6011478.53,INR,1.0,Paid,2026-04-20,Three-Way Match,Approved
INV001582,PO001582,S0059,2025-01-04,2025-02-08,2025-03-25,15564648.84,INR,1.0,Paid,2025-03-18,Three-Way Match,Approved
INV001583,PO001583,S0023,2026-02-25,2026-03-09,2026-04-23,33482607.19,INR,1.0,Overdue,,Three-Way Match,Approved
INV001584,PO001584,S0085,2025-11-02,2025-11-14,2025-12-14,30776472.37,INR,1.0,Pending,,Three-Way Match,Approved
INV001585,PO001585,S0047,2025-11-10,2025-12-12,2026-02-10,17371282.37,INR,1.0,Paid,2026-02-10,Three-Way Match,Approved
INV001586,PO001586,S0066,2026-02-11,2026-03-15,2026-05-14,88854181.68,INR,1.0,Paid,2026-05-13,Three-Way Match,Pending
INV001587,PO001587,S0080,2025-03-30,2025-04-24,2025-06-23,35395212.36,INR,1.0,Pending,,Manual Review,Approved
INV001588,PO001588,S0088,2025-04-09,2025-05-22,2025-07-06,4322058.98,INR,1.0,Paid,2025-06-28,Manual Review,Pending
INV001589,PO001589,S0065,2025-08-22,2025-09-07,2025-11-06,33334936.23,INR,1.0,Overdue,,Manual Review,Approved
INV001590,PO001590,S0104,2025-09-11,2025-10-14,2025-11-28,39798419.13,INR,1.0,Pending,,Three-Way Match,Approved
INV001591,PO001591,S0030,2026-01-22,2026-02-06,2026-03-08,72851052.61,INR,1.0,Paid,2026-03-06,Three-Way Match,Approved
INV001592,PO001592,S0034,2025-05-17,2025-06-12,2025-08-11,1762784.05,INR,1.0,Paid,2025-08-09,Three-Way Match,Pending
INV001593,PO001593,S0026,2025-06-13,2025-07-05,2025-09-03,275152.91,INR,1.0,Paid,2025-08-26,Manual Review,Approved
INV001594,PO001594,S0090,2025-02-27,2025-03-12,2025-04-26,9098740.68,INR,1.0,Paid,2025-04-19,Three-Way Match,Approved
INV001595,PO001595,S0026,2025-09-28,2025-10-25,2025-11-24,2351364.59,INR,1.0,Pending,,Three-Way Match,Approved
INV001596,PO001596,S0057,2026-06-15,2026-06-29,2026-08-13,27975775.9,INR,1.0,Overdue,,Three-Way Match,Approved
INV001597,PO001597,S0076,2025-06-03,2025-06-25,2025-07-25,33202626.14,INR,1.0,Paid,2025-07-18,Three-Way Match,Approved
INV001598,PO001598,S0038,2025-10-04,2025-10-09,2025-11-08,327011.76,INR,1.0,Overdue,,Three-Way Match,Pending
INV001599,PO001599,S0008,2025-05-09,2025-05-27,2025-07-26,42175467.0,INR,1.0,Paid,2025-07-20,Three-Way Match,Approved
INV001600,PO001600,S0117,2026-06-17,2026-07-19,2026-10-17,3251526.14,INR,1.0,Paid,2026-10-13,Manual Review,Approved
INV001601,PO001601,S0025,2026-04-19,2026-05-25,2026-06-24,58691001.74,INR,1.0,Paid,2026-06-24,Three-Way Match,Approved
INV001602,PO001602,S0003,2025-06-17,2025-06-24,2025-09-22,45099293.08,INR,1.0,Overdue,,Three-Way Match,Approved
INV001603,PO001603,S0042,2025-03-31,2025-04-25,2025-05-25,32072279.43,INR,1.0,Pending,,Manual Review,Pending
INV001604,PO001604,S0122,2025-08-28,2025-09-09,2025-10-24,22611976.18,INR,1.0,Paid,2025-10-19,Three-Way Match,Approved
INV001605,PO001605,S0040,2025-09-22,2025-09-29,2025-12-28,23750711.72,INR,1.0,Paid,2025-12-18,Three-Way Match,Approved
INV001606,PO001606,S0124,2026-05-03,2026-06-01,2026-07-01,13488389.68,INR,1.0,Paid,2026-07-01,Manual Review,Approved
INV001607,PO001607,S0017,2025-01-06,2025-02-10,2025-03-27,4080155.76,INR,1.0,Paid,2025-03-20,Manual Review,Approved
INV001608,PO001608,S0121,2025-07-04,2025-07-26,2025-09-24,30234119.9,INR,1.0,Overdue,,Three-Way Match,Pending
INV001609,PO001609,S0068,2026-02-24,2026-03-29,2026-06-27,4461603.21,INR,1.0,Paid,2026-06-22,Manual Review,Approved
INV001610,PO001610,S0090,2026-01-08,2026-01-28,2026-03-14,16346820.84,INR,1.0,Pending,,Manual Review,Pending
INV001611,PO001611,S0081,2025-04-05,2025-04-17,2025-06-16,89122163.13,INR,1.0,Paid,2025-06-08,Manual Review,Approved
INV001612,PO001612,S0049,2026-07-20,2026-07-27,2026-10-25,4720084.51,INR,1.0,Pending,,Manual Review,Approved
INV001613,PO001613,S0108,2025-01-06,2025-02-10,2025-04-11,10364720.81,INR,1.0,Pending,,Three-Way Match,Approved
INV001614,PO001614,S0120,2026-04-20,2026-05-20,2026-06-19,6263497.54,INR,1.0,Paid,2026-06-10,Three-Way Match,Approved
INV001615,PO001615,S0122,2025-07-10,2025-07-20,2025-09-18,6542803.75,INR,1.0,Paid,2025-09-08,Three-Way Match,Pending
INV001616,PO001616,S0095,2026-05-01,2026-05-25,2026-06-24,30179357.79,INR,1.0,Paid,2026-06-20,Three-Way Match,Pending
INV001617,PO001617,S0092,2025-05-29,2025-06-18,2025-08-02,18829450.11,INR,1.0,Paid,2025-07-30,Three-Way Match,Approved
INV001618,PO001618,S0119,2026-05-15,2026-05-20,2026-07-04,46331157.19,INR,1.0,Overdue,,Three-Way Match,Pending
INV001619,PO001619,S0121,2025-06-19,2025-07-08,2025-08-22,397128.07,INR,1.0,Pending,,Three-Way Match,Pending
INV001620,PO001620,S0082,2026-06-25,2026-07-11,2026-10-09,14850490.5,INR,1.0,Paid,2026-10-02,Manual Review,Approved
INV001621,PO001621,S0004,2026-05-10,2026-05-31,2026-07-30,3865342.7,INR,1.0,Paid,2026-07-22,Three-Way Match,Pending
INV001622,PO001622,S0058,2026-03-22,2026-04-30,2026-06-29,76012908.08,INR,1.0,Paid,2026-06-26,Three-Way Match,Pending
INV001623,PO001623,S0097,2025-04-24,2025-05-07,2025-06-06,44397437.47,INR,1.0,Overdue,,Three-Way Match,Approved
INV001624,PO001624,S0070,2025-02-02,2025-03-08,2025-04-22,39386436.63,INR,1.0,Overdue,,Manual Review,Pending
INV001625,PO001625,S0074,2025-04-29,2025-05-25,2025-06-24,32638239.43,INR,1.0,Paid,2025-06-23,Manual Review,Approved
INV001626,PO001626,S0051,2025-09-16,2025-10-05,2026-01-03,22157485.42,INR,1.0,Pending,,Three-Way Match,Approved
INV001627,PO001627,S0006,2025-11-06,2025-11-14,2025-12-29,24551777.32,INR,1.0,Pending,,Three-Way Match,Pending
INV001628,PO001628,S0102,2026-05-04,2026-06-10,2026-07-10,35926629.98,INR,1.0,Pending,,Three-Way Match,Approved
INV001629,PO001629,S0071,2026-06-29,2026-08-15,2026-10-14,50035865.2,INR,1.0,Pending,,Three-Way Match,Approved
INV001630,PO001630,S0107,2026-07-30,2026-08-27,2026-09-26,7044097.56,INR,1.0,Paid,2026-09-17,Manual Review,Approved
INV001631,PO001631,S0095,2025-04-29,2025-05-23,2025-07-22,45344267.25,INR,1.0,Paid,2025-07-13,Three-Way Match,Approved
INV001632,PO001632,S0103,2026-02-19,2026-03-22,2026-05-06,10165207.9,INR,1.0,Paid,2026-05-03,Three-Way Match,Approved
INV001633,PO001633,S0022,2025-10-01,2025-10-11,2025-11-25,28736085.33,INR,1.0,Paid,2025-11-25,Three-Way Match,Pending
INV001634,PO001634,S0005,2026-01-06,2026-01-19,2026-04-19,87715727.67,INR,1.0,Paid,2026-04-12,Three-Way Match,Pending
INV001635,PO001635,S0109,2026-02-03,2026-03-03,2026-06-01,6716875.2,INR,1.0,Pending,,Three-Way Match,Approved
INV001636,PO001636,S0074,2026-03-05,2026-03-19,2026-06-17,22502411.02,INR,1.0,Overdue,,Three-Way Match,Approved
INV001637,PO001637,S0055,2025-12-02,2025-12-26,2026-02-24,14549476.85,INR,1.0,Paid,2026-02-21,Three-Way Match,Pending
INV001638,PO001638,S0113,2025-11-06,2025-11-16,2026-01-15,267418.31,INR,1.0,Paid,2026-01-06,Manual Review,Approved
INV001639,PO001639,S0012,2025-08-28,2025-09-21,2025-11-05,69923313.55,INR,1.0,Overdue,,Three-Way Match,Approved
INV001640,PO001640,S0085,2025-07-27,2025-07-31,2025-09-29,68584851.34,INR,1.0,Paid,2025-09-28,Manual Review,Approved
INV001641,PO001641,S0072,2026-02-10,2026-03-18,2026-04-17,14622292.41,INR,1.0,Paid,2026-04-15,Three-Way Match,Approved
INV001642,PO001642,S0027,2026-06-05,2026-06-16,2026-08-15,56852339.89,INR,1.0,Paid,2026-08-07,Three-Way Match,Pending
INV001643,PO001643,S0059,2025-03-16,2025-04-11,2025-05-11,100806930.3,INR,1.0,Paid,2025-05-01,Manual Review,Approved
INV001644,PO001644,S0064,2025-12-03,2025-12-27,2026-01-26,35014713.81,INR,1.0,Paid,2026-01-25,Three-Way Match,Approved
INV001645,PO001645,S0118,2025-11-12,2025-12-08,2026-03-08,11549480.28,INR,1.0,Paid,2026-03-03,Three-Way Match,Approved
INV001646,PO001646,S0070,2025-09-25,2025-11-01,2025-12-01,49100757.44,INR,1.0,Paid,2025-11-24,Three-Way Match,Approved
INV001647,PO001647,S0045,2025-05-08,2025-05-20,2025-07-04,59624311.87,INR,1.0,Paid,2025-07-03,Three-Way Match,Approved
INV001648,PO001648,S0027,2026-02-26,2026-03-14,2026-04-28,20125059.08,INR,1.0,Pending,,Manual Review,Approved
INV001649,PO001649,S0057,2025-11-09,2025-11-25,2026-01-24,28244973.89,INR,1.0,Pending,,Manual Review,Pending
INV001650,PO001650,S0023,2026-04-26,2026-05-02,2026-07-01,75725176.5,INR,1.0,Pending,,Three-Way Match,Pending
INV001651,PO001651,S0106,2025-11-07,2025-11-20,2026-02-18,28920409.38,INR,1.0,Paid,2026-02-09,Three-Way Match,Approved
INV001652,PO001652,S0009,2026-01-15,2026-01-28,2026-02-27,46361258.25,INR,1.0,Paid,2026-02-27,Three-Way Match,Pending
INV001653,PO001653,S0103,2026-01-24,2026-02-23,2026-04-09,39157354.53,INR,1.0,Paid,2026-04-03,Three-Way Match,Approved
INV001654,PO001654,S0098,2025-10-15,2025-10-31,2025-12-15,7903165.81,INR,1.0,Overdue,,Three-Way Match,Pending
INV001655,PO001655,S0015,2025-08-31,2025-09-08,2025-10-08,97981729.2,INR,1.0,Partially Paid,,Three-Way Match,Approved
INV001656,PO001656,S0024,2026-01-26,2026-02-27,2026-04-13,71063675.97,INR,1.0,Paid,2026-04-13,Three-Way Match,Approved
INV001657,PO001657,S0009,2026-05-17,2026-06-06,2026-07-21,8024750.52,INR,1.0,Paid,2026-07-17,Three-Way Match,Pending
INV001658,PO001658,S0007,2026-01-14,2026-02-12,2026-05-13,8925122.1,INR,1.0,Pending,,Manual Review,Approved
INV001659,PO001659,S0110,2026-07-06,2026-07-14,2026-08-28,23189835.36,INR,1.0,Paid,2026-08-27,Manual Review,Pending
INV001660,PO001660,S0084,2025-06-01,2025-07-05,2025-10-03,9200767.73,INR,1.0,Paid,2025-09-23,Three-Way Match,Approved
INV001661,PO001661,S0087,2026-04-07,2026-04-25,2026-06-09,68334409.76,INR,1.0,Paid,2026-06-08,Three-Way Match,Approved
INV001662,PO001662,S0019,2025-05-17,2025-06-21,2025-07-21,47673936.23,INR,1.0,Paid,2025-07-18,Manual Review,Pending
INV001663,PO001663,S0064,2025-02-13,2025-03-05,2025-06-03,33572827.32,INR,1.0,Paid,2025-05-31,Manual Review,Approved
INV001664,PO001664,S0012,2025-02-09,2025-03-06,2025-04-05,15354296.37,INR,1.0,Overdue,,Three-Way Match,Approved
INV001665,PO001665,S0064,2025-04-19,2025-05-10,2025-08-08,26398244.78,INR,1.0,Pending,,Three-Way Match,Approved
INV001666,PO001666,S0024,2026-05-08,2026-05-29,2026-08-27,28346670.42,INR,1.0,Paid,2026-08-17,Three-Way Match,Approved
INV001667,PO001667,S0074,2026-04-07,2026-04-23,2026-05-23,58100360.54,INR,1.0,Paid,2026-05-19,Three-Way Match,Pending
INV001668,PO001668,S0053,2026-02-04,2026-02-24,2026-04-10,11405252.33,INR,1.0,Paid,2026-04-08,Three-Way Match,Approved
INV001669,PO001669,S0085,2025-09-20,2025-09-24,2025-11-08,44285651.05,INR,1.0,Paid,2025-10-29,Three-Way Match,Pending
INV001670,PO001670,S0062,2025-09-25,2025-09-29,2025-10-29,15688737.11,INR,1.0,Paid,2025-10-27,Three-Way Match,Approved
INV001671,PO001671,S0036,2026-06-16,2026-07-02,2026-08-31,2490975.47,INR,1.0,Pending,,Three-Way Match,Approved
INV001672,PO001672,S0076,2025-04-22,2025-05-28,2025-08-26,53352158.59,INR,1.0,Pending,,Three-Way Match,Pending
INV001673,PO001673,S0010,2026-06-22,2026-07-21,2026-09-04,174141.59,INR,1.0,Paid,2026-09-03,Manual Review,Approved
INV001674,PO001674,S0057,2025-10-05,2025-10-18,2026-01-16,96263913.88,INR,1.0,Pending,,Three-Way Match,Approved
INV001675,PO001675,S0016,2025-06-07,2025-07-15,2025-08-29,15125292.06,INR,1.0,Paid,2025-08-22,Three-Way Match,Pending
INV001676,PO001676,S0012,2025-09-28,2025-10-20,2025-11-19,122488.74,INR,1.0,Paid,2025-11-09,Three-Way Match,Approved
INV001677,PO001677,S0027,2026-01-04,2026-01-15,2026-04-15,40168510.89,INR,1.0,Paid,2026-04-06,Three-Way Match,Approved
INV001678,PO001678,S0033,2026-07-08,2026-07-22,2026-10-20,6272787.24,INR,1.0,Paid,2026-10-16,Three-Way Match,Approved
INV001679,PO001679,S0033,2025-06-24,2025-07-01,2025-07-31,34547585.49,INR,1.0,Paid,2025-07-25,Three-Way Match,Approved
INV001680,PO001680,S0116,2026-03-03,2026-04-07,2026-05-07,22740028.94,INR,1.0,Paid,2026-04-28,Three-Way Match,Approved
INV001681,PO001681,S0036,2026-07-17,2026-08-06,2026-10-05,48153834.12,INR,1.0,Pending,,Three-Way Match,Approved
INV001682,PO001682,S0055,2025-11-28,2025-12-23,2026-03-23,14716289.24,INR,1.0,Overdue,,Manual Review,Pending
INV001683,PO001683,S0014,2025-10-18,2025-11-05,2025-12-05,13124117.01,INR,1.0,Paid,2025-11-28,Three-Way Match,Approved
INV001684,PO001684,S0090,2026-03-19,2026-04-12,2026-07-11,2559907.67,INR,1.0,Pending,,Manual Review,Pending
INV001685,PO001685,S0044,2025-01-20,2025-02-07,2025-05-08,27599721.73,INR,1.0,Overdue,,Three-Way Match,Approved
INV001686,PO001686,S0078,2025-03-21,2025-04-21,2025-06-20,18598991.63,INR,1.0,Paid,2025-06-18,Three-Way Match,Approved
INV001687,PO001687,S0042,2025-02-02,2025-03-03,2025-05-02,2538537.48,INR,1.0,Paid,2025-04-30,Manual Review,Approved
INV001688,PO001688,S0086,2026-05-23,2026-06-12,2026-09-10,33132232.35,INR,1.0,Paid,2026-09-07,Three-Way Match,Approved
INV001689,PO001689,S0069,2025-06-09,2025-06-29,2025-09-27,2640830.5,INR,1.0,Pending,,Three-Way Match,Approved
INV001690,PO001690,S0068,2026-05-18,2026-06-09,2026-09-07,40849289.02,INR,1.0,Paid,2026-09-01,Manual Review,Approved
INV001691,PO001691,S0070,2025-04-12,2025-05-11,2025-06-10,36521518.06,INR,1.0,Paid,2025-06-03,Three-Way Match,Approved
INV001692,PO001692,S0015,2025-10-20,2025-10-31,2025-11-30,17938399.88,INR,1.0,Paid,2025-11-28,Three-Way Match,Approved
INV001693,PO001693,S0097,2026-02-16,2026-03-06,2026-04-05,71292042.95,INR,1.0,Pending,,Three-Way Match,Approved
INV001694,PO001694,S0052,2025-02-03,2025-02-28,2025-04-29,10038321.11,INR,1.0,Paid,2025-04-21,Three-Way Match,Approved
INV001695,PO001695,S0095,2026-04-26,2026-05-23,2026-07-07,24486696.34,INR,1.0,Paid,2026-06-29,Three-Way Match,Pending
INV001696,PO001696,S0049,2025-09-29,2025-10-15,2025-11-14,59573292.7,INR,1.0,Paid,2025-11-11,Three-Way Match,Approved
INV001697,PO001697,S0104,2025-11-03,2025-11-30,2026-02-28,26509945.18,INR,1.0,Paid,2026-02-20,Three-Way Match,Pending
INV001698,PO001698,S0103,2025-12-07,2025-12-29,2026-01-28,15639705.93,INR,1.0,Overdue,,Three-Way Match,Approved
INV001699,PO001699,S0116,2025-07-04,2025-07-28,2025-10-26,36160996.49,INR,1.0,Pending,,Three-Way Match,Pending
INV001700,PO001700,S0050,2026-02-20,2026-03-06,2026-06-04,15491344.05,INR,1.0,Overdue,,Three-Way Match,Approved
INV001701,PO001701,S0079,2026-01-28,2026-02-26,2026-05-27,23646562.76,INR,1.0,Paid,2026-05-17,Manual Review,Pending
INV001702,PO001702,S0064,2026-03-31,2026-05-10,2026-06-09,18833505.24,INR,1.0,Paid,2026-06-03,Three-Way Match,Approved
INV001703,PO001703,S0090,2025-01-13,2025-01-27,2025-04-27,33751678.5,INR,1.0,Paid,2025-04-21,Manual Review,Approved
INV001704,PO001704,S0073,2026-06-01,2026-06-13,2026-09-11,73621949.88,INR,1.0,Paid,2026-09-11,Manual Review,Pending
INV001705,PO001705,S0086,2026-01-20,2026-02-20,2026-04-21,19669167.95,INR,1.0,Pending,,Three-Way Match,Approved
INV001706,PO001706,S0063,2025-04-17,2025-04-29,2025-07-28,52263650.73,INR,1.0,Paid,2025-07-26,Three-Way Match,Approved
INV001707,PO001707,S0045,2025-11-29,2025-12-15,2026-01-29,79659632.06,INR,1.0,Overdue,,Three-Way Match,Approved
INV001708,PO001708,S0107,2026-04-16,2026-05-16,2026-08-14,8745032.84,INR,1.0,Pending,,Three-Way Match,Pending
INV001709,PO001709,S0117,2025-02-02,2025-02-23,2025-04-24,43298801.01,INR,1.0,Paid,2025-04-20,Manual Review,Approved
INV001710,PO001710,S0076,2025-10-31,2025-11-25,2025-12-25,62606045.57,INR,1.0,Paid,2025-12-25,Manual Review,Approved
INV001711,PO001711,S0021,2025-12-01,2025-12-18,2026-01-17,30151138.4,INR,1.0,Paid,2026-01-16,Manual Review,Approved
INV001712,PO001712,S0123,2025-11-16,2025-12-12,2026-01-11,24314448.15,INR,1.0,Paid,2026-01-11,Three-Way Match,Approved
INV001713,PO001713,S0062,2026-08-03,2026-08-15,2026-09-14,38370980.81,INR,1.0,Overdue,,Three-Way Match,Pending
INV001714,PO001714,S0061,2026-01-30,2026-02-24,2026-04-25,91484643.63,INR,1.0,Pending,,Three-Way Match,Approved
INV001715,PO001715,S0027,2025-10-05,2025-10-27,2025-12-11,26875235.93,INR,1.0,Paid,2025-12-05,Three-Way Match,Pending
INV001716,PO001716,S0033,2026-02-03,2026-02-16,2026-04-02,15699388.38,INR,1.0,Paid,2026-03-29,Three-Way Match,Approved
INV001717,PO001717,S0057,2025-10-18,2025-10-31,2026-01-29,64376598.17,INR,1.0,Paid,2026-01-22,Manual Review,Approved
INV001718,PO001718,S0090,2025-01-11,2025-02-02,2025-03-19,9605988.58,INR,1.0,Paid,2025-03-11,Three-Way Match,Approved
INV001719,PO001719,S0015,2025-09-28,2025-10-13,2025-11-12,39617178.49,INR,1.0,Overdue,,Manual Review,Pending
INV001720,PO001720,S0006,2025-08-04,2025-08-14,2025-09-28,31317639.83,INR,1.0,Paid,2025-09-22,Manual Review,Approved
INV001721,PO001721,S0120,2025-01-31,2025-03-02,2025-05-01,25858530.84,INR,1.0,Pending,,Three-Way Match,Pending
INV001722,PO001722,S0103,2026-03-27,2026-04-20,2026-05-20,49663987.56,INR,1.0,Paid,2026-05-13,Three-Way Match,Approved
INV001723,PO001723,S0059,2025-04-01,2025-05-01,2025-06-30,24924392.6,INR,1.0,Paid,2025-06-28,Three-Way Match,Approved
INV001724,PO001724,S0091,2025-09-10,2025-10-02,2025-12-01,17757182.92,INR,1.0,Paid,2025-11-21,Manual Review,Approved
INV001725,PO001725,S0039,2025-01-30,2025-02-24,2025-05-25,65233214.37,INR,1.0,Paid,2025-05-17,Three-Way Match,Approved
INV001726,PO001726,S0064,2025-12-27,2026-01-20,2026-04-20,32852039.05,INR,1.0,Paid,2026-04-10,Three-Way Match,Pending
INV001727,PO001727,S0082,2025-05-29,2025-06-05,2025-07-05,6097369.67,INR,1.0,Pending,,Three-Way Match,Pending
INV001728,PO001728,S0113,2025-09-01,2025-09-12,2025-12-11,11078392.64,INR,1.0,Pending,,Three-Way Match,Pending
INV001729,PO001729,S0017,2026-04-26,2026-05-26,2026-07-25,40839322.21,INR,1.0,Pending,,Three-Way Match,Approved
INV001730,PO001730,S0064,2025-06-21,2025-07-10,2025-08-24,46534805.74,INR,1.0,Paid,2025-08-19,Manual Review,Approved
INV001731,PO001731,S0058,2025-03-04,2025-04-04,2025-06-03,23031513.9,INR,1.0,Partially Paid,,Three-Way Match,Approved
INV001732,PO001732,S0070,2026-04-16,2026-05-18,2026-06-17,42766503.88,INR,1.0,Paid,2026-06-14,Manual Review,Approved
INV001733,PO001733,S0053,2025-06-01,2025-06-12,2025-07-12,13652804.97,INR,1.0,Paid,2025-07-08,Three-Way Match,Pending
INV001734,PO001734,S0044,2026-07-01,2026-07-18,2026-08-17,65544788.73,INR,1.0,Overdue,,Three-Way Match,Pending
INV001735,PO001735,S0089,2025-06-26,2025-07-21,2025-08-20,6144625.6,INR,1.0,Paid,2025-08-19,Manual Review,Approved
INV001736,PO001736,S0013,2026-03-15,2026-04-10,2026-05-10,31374764.57,INR,1.0,Pending,,Manual Review,Approved
INV001737,PO001737,S0001,2026-04-15,2026-05-07,2026-06-06,275417.1,INR,1.0,Overdue,,Manual Review,Approved
INV001738,PO001738,S0060,2025-12-11,2026-01-16,2026-02-15,26050375.49,INR,1.0,Paid,2026-02-06,Three-Way Match,Pending
INV001739,PO001739,S0037,2025-07-01,2025-07-30,2025-10-28,47803311.12,INR,1.0,Paid,2025-10-21,Manual Review,Approved
INV001740,PO001740,S0037,2026-06-03,2026-07-09,2026-08-23,88955803.69,INR,1.0,Overdue,,Manual Review,Approved
INV001741,PO001741,S0110,2026-02-19,2026-03-04,2026-06-02,9376882.97,INR,1.0,Paid,2026-05-28,Three-Way Match,Approved
INV001742,PO001742,S0008,2025-03-29,2025-04-20,2025-07-19,27202353.52,INR,1.0,Paid,2025-07-19,Manual Review,Pending
INV001743,PO001743,S0117,2025-08-12,2025-09-11,2025-10-26,7630220.76,INR,1.0,Paid,2025-10-24,Manual Review,Approved
INV001744,PO001744,S0015,2025-11-27,2025-12-07,2026-01-21,5847513.93,INR,1.0,Paid,2026-01-11,Manual Review,Approved
INV001745,PO001745,S0018,2026-06-07,2026-06-26,2026-08-10,28921200.85,INR,1.0,Paid,2026-08-09,Three-Way Match,Approved
INV001746,PO001746,S0009,2025-07-11,2025-07-23,2025-10-21,7863162.9,INR,1.0,Paid,2025-10-18,Three-Way Match,Pending
INV001747,PO001747,S0085,2025-10-25,2025-10-31,2025-12-30,42034376.47,INR,1.0,Paid,2025-12-25,Three-Way Match,Pending
INV001748,PO001748,S0049,2025-11-03,2025-11-11,2025-12-26,47144272.98,INR,1.0,Paid,2025-12-16,Three-Way Match,Approved
INV001749,PO001749,S0056,2026-02-17,2026-03-24,2026-05-08,27287848.44,INR,1.0,Pending,,Manual Review,Pending
INV001750,PO001750,S0085,2025-04-07,2025-04-17,2025-06-01,35606859.25,INR,1.0,Paid,2025-05-25,Manual Review,Approved
INV001751,PO001751,S0046,2025-12-30,2026-02-04,2026-03-06,38822516.86,INR,1.0,Paid,2026-03-02,Manual Review,Approved
INV001752,PO001752,S0065,2025-10-14,2025-10-19,2025-11-18,2359122.89,INR,1.0,Paid,2025-11-17,Three-Way Match,Approved
INV001753,PO001753,S0108,2026-07-18,2026-08-23,2026-11-21,88440395.79,INR,1.0,Paid,2026-11-19,Three-Way Match,Approved
INV001754,PO001754,S0125,2025-03-10,2025-04-07,2025-06-06,3450590.81,INR,1.0,Pending,,Manual Review,Pending
INV001755,PO001755,S0012,2025-12-19,2026-01-15,2026-03-01,79445327.15,INR,1.0,Overdue,,Three-Way Match,Pending
INV001756,PO001756,S0040,2025-02-22,2025-03-12,2025-04-26,5219873.56,INR,1.0,Paid,2025-04-25,Manual Review,Approved
INV001757,PO001757,S0111,2025-01-15,2025-01-30,2025-03-16,20058327.75,INR,1.0,Paid,2025-03-15,Three-Way Match,Approved
INV001758,PO001758,S0087,2025-10-23,2025-11-10,2026-02-08,49651667.37,INR,1.0,Paid,2026-01-29,Three-Way Match,Approved
INV001759,PO001759,S0077,2026-05-27,2026-06-19,2026-09-17,23073568.55,INR,1.0,Paid,2026-09-16,Three-Way Match,Approved
INV001760,PO001760,S0069,2026-01-04,2026-01-19,2026-03-05,4319377.55,INR,1.0,Pending,,Three-Way Match,Pending
INV001761,PO001761,S0028,2026-04-24,2026-05-04,2026-08-02,9046435.44,INR,1.0,Paid,2026-07-27,Manual Review,Approved
INV001762,PO001762,S0012,2025-11-12,2025-12-14,2026-03-14,69608132.42,INR,1.0,Paid,2026-03-12,Three-Way Match,Approved
INV001763,PO001763,S0058,2025-07-23,2025-08-21,2025-09-20,11218065.22,INR,1.0,Paid,2025-09-11,Three-Way Match,Approved
INV001764,PO001764,S0096,2025-10-10,2025-11-07,2025-12-07,24618089.79,INR,1.0,Pending,,Three-Way Match,Pending
INV001765,PO001765,S0077,2025-08-24,2025-09-22,2025-11-06,28106569.79,INR,1.0,Paid,2025-11-03,Three-Way Match,Pending
INV001766,PO001766,S0104,2025-07-05,2025-07-31,2025-09-29,60520302.84,INR,1.0,Pending,,Three-Way Match,Pending
INV001767,PO001767,S0047,2025-10-04,2025-11-05,2026-01-04,16263840.81,INR,1.0,Paid,2025-12-26,Three-Way Match,Pending
INV001768,PO001768,S0001,2025-03-07,2025-03-25,2025-06-23,5663053.17,INR,1.0,Paid,2025-06-15,Three-Way Match,Pending
INV001769,PO001769,S0109,2026-07-29,2026-08-19,2026-09-18,14981227.61,INR,1.0,Pending,,Manual Review,Approved
INV001770,PO001770,S0068,2025-07-14,2025-08-10,2025-09-09,2285059.47,INR,1.0,Paid,2025-08-30,Three-Way Match,Approved
INV001771,PO001771,S0041,2026-05-02,2026-05-24,2026-08-22,25786214.92,INR,1.0,Pending,,Three-Way Match,Approved
INV001772,PO001772,S0114,2025-11-14,2025-12-17,2026-01-31,71994156.33,INR,1.0,Paid,2026-01-24,Three-Way Match,Approved
INV001773,PO001773,S0105,2025-09-30,2025-10-02,2025-12-01,5277394.49,INR,1.0,Overdue,,Three-Way Match,Pending
INV001774,PO001774,S0094,2025-11-21,2025-12-30,2026-03-30,61275204.57,INR,1.0,Paid,2026-03-21,Manual Review,Pending
INV001775,PO001775,S0113,2026-05-01,2026-05-06,2026-08-04,16436307.83,INR,1.0,Paid,2026-07-28,Three-Way Match,Pending
INV001776,PO001776,S0089,2026-07-14,2026-08-12,2026-09-11,15730569.39,INR,1.0,Paid,2026-09-01,Three-Way Match,Approved
INV001777,PO001777,S0081,2025-11-15,2025-11-27,2026-02-25,8625318.68,INR,1.0,Pending,,Manual Review,Pending
INV001778,PO001778,S0033,2025-09-23,2025-09-28,2025-10-28,1603345.82,INR,1.0,Paid,2025-10-21,Three-Way Match,Pending
INV001779,PO001779,S0078,2025-05-03,2025-05-27,2025-07-11,223707.5,INR,1.0,Overdue,,Manual Review,Approved
INV001780,PO001780,S0066,2026-01-24,2026-02-18,2026-03-20,13910147.43,INR,1.0,Pending,,Three-Way Match,Approved
INV001781,PO001781,S0108,2025-07-06,2025-08-06,2025-10-05,13171281.6,INR,1.0,Paid,2025-09-28,Three-Way Match,Pending
INV001782,PO001782,S0072,2025-06-19,2025-07-17,2025-08-31,2087070.08,INR,1.0,Partially Paid,,Three-Way Match,Approved
INV001783,PO001783,S0065,2025-10-03,2025-10-17,2025-12-01,14740573.97,INR,1.0,Paid,2025-11-28,Three-Way Match,Pending
INV001784,PO001784,S0013,2025-09-20,2025-10-12,2026-01-10,24989922.22,INR,1.0,Overdue,,Three-Way Match,Approved
INV001785,PO001785,S0029,2025-08-10,2025-09-04,2025-11-03,12763948.93,INR,1.0,Paid,2025-10-28,Manual Review,Approved
INV001786,PO001786,S0048,2025-02-10,2025-02-23,2025-04-09,40220260.69,INR,1.0,Paid,2025-04-09,Three-Way Match,Approved
INV001787,PO001787,S0068,2025-07-03,2025-07-19,2025-08-18,21007890.66,INR,1.0,Overdue,,Manual Review,Approved
INV001788,PO001788,S0075,2026-03-31,2026-04-23,2026-05-23,23543172.88,INR,1.0,Pending,,Three-Way Match,Approved
INV001789,PO001789,S0068,2025-10-10,2025-11-04,2026-02-02,46000640.6,INR,1.0,Paid,2026-01-30,Three-Way Match,Pending
INV001790,PO001790,S0060,2025-11-01,2025-11-22,2026-02-20,40017687.81,INR,1.0,Pending,,Three-Way Match,Pending
INV001791,PO001791,S0107,2026-07-22,2026-08-16,2026-11-14,1661563.37,INR,1.0,Overdue,,Manual Review,Approved
INV001792,PO001792,S0108,2025-06-13,2025-07-14,2025-08-28,54946376.76,INR,1.0,Paid,2025-08-24,Manual Review,Approved
INV001793,PO001793,S0046,2025-05-29,2025-07-04,2025-09-02,13939015.33,INR,1.0,Paid,2025-08-25,Manual Review,Approved
INV001794,PO001794,S0005,2026-06-01,2026-06-19,2026-08-18,23417050.92,INR,1.0,Paid,2026-08-12,Three-Way Match,Approved
INV001795,PO001795,S0098,2025-04-29,2025-05-18,2025-06-17,16515654.43,INR,1.0,Pending,,Three-Way Match,Approved
INV001796,PO001796,S0089,2025-08-14,2025-09-09,2025-10-24,17908289.77,INR,1.0,Paid,2025-10-22,Three-Way Match,Approved
INV001797,PO001797,S0064,2025-04-17,2025-05-12,2025-08-10,22296962.4,INR,1.0,Paid,2025-08-06,Manual Review,Pending
INV001798,PO001798,S0072,2025-01-26,2025-02-26,2025-03-28,15207760.36,INR,1.0,Pending,,Three-Way Match,Approved
INV001799,PO001799,S0123,2025-09-09,2025-10-10,2025-11-24,4151247.58,INR,1.0,Paid,2025-11-24,Three-Way Match,Approved
INV001800,PO001800,S0109,2025-09-08,2025-10-02,2025-12-01,8267940.74,INR,1.0,Paid,2025-11-30,Three-Way Match,Approved
INV001801,PO001801,S0111,2026-07-31,2026-08-11,2026-09-10,49039219.83,INR,1.0,Paid,2026-09-01,Manual Review,Approved
INV001802,PO001802,S0072,2026-01-07,2026-02-06,2026-05-07,18808935.41,INR,1.0,Paid,2026-04-28,Three-Way Match,Approved
INV001803,PO001803,S0002,2025-07-19,2025-07-28,2025-08-27,5345748.95,INR,1.0,Paid,2025-08-23,Three-Way Match,Approved
INV001804,PO001804,S0098,2026-04-03,2026-04-15,2026-07-14,24439504.96,INR,1.0,Paid,2026-07-11,Three-Way Match,Approved
INV001805,PO001805,S0042,2025-02-25,2025-03-27,2025-04-26,56364307.61,INR,1.0,Paid,2025-04-21,Three-Way Match,Pending
INV001806,PO001806,S0019,2025-09-17,2025-10-19,2025-12-03,5177219.72,INR,1.0,Paid,2025-12-01,Three-Way Match,Approved
INV001807,PO001807,S0049,2025-02-24,2025-03-11,2025-05-10,9636881.75,INR,1.0,Paid,2025-04-30,Manual Review,Pending
INV001808,PO001808,S0065,2025-05-05,2025-05-08,2025-07-07,48534053.58,INR,1.0,Pending,,Three-Way Match,Approved
INV001809,PO001809,S0049,2025-10-21,2025-10-29,2026-01-27,22980664.99,INR,1.0,Paid,2026-01-24,Three-Way Match,Approved
INV001810,PO001810,S0099,2025-12-11,2025-12-30,2026-03-30,59941941.34,INR,1.0,Paid,2026-03-24,Three-Way Match,Approved
INV001811,PO001811,S0026,2026-03-15,2026-04-06,2026-06-05,9808006.13,INR,1.0,Paid,2026-06-03,Manual Review,Pending
INV001812,PO001812,S0065,2025-04-17,2025-04-30,2025-06-29,59107863.34,INR,1.0,Partially Paid,,Three-Way Match,Pending
INV001813,PO001813,S0089,2025-03-03,2025-03-30,2025-05-29,1851525.48,INR,1.0,Pending,,Manual Review,Approved
INV001814,PO001814,S0124,2025-03-20,2025-04-11,2025-07-10,42125223.3,INR,1.0,Paid,2025-07-07,Manual Review,Approved
INV001815,PO001815,S0080,2025-01-01,2025-01-30,2025-03-31,37246213.11,INR,1.0,Paid,2025-03-27,Three-Way Match,Pending
INV001816,PO001816,S0075,2025-10-23,2025-11-19,2026-01-03,8194669.3,INR,1.0,Paid,2026-01-01,Three-Way Match,Approved
INV001817,PO001817,S0087,2026-06-26,2026-07-22,2026-08-21,7239449.58,INR,1.0,Overdue,,Manual Review,Approved
INV001818,PO001818,S0125,2026-03-04,2026-04-07,2026-05-22,32088542.09,INR,1.0,Paid,2026-05-20,Three-Way Match,Approved
INV001819,PO001819,S0014,2025-05-03,2025-05-25,2025-06-24,44695144.17,INR,1.0,Paid,2025-06-14,Manual Review,Pending
INV001820,PO001820,S0074,2025-11-13,2025-11-25,2026-02-23,5168209.88,INR,1.0,Paid,2026-02-19,Three-Way Match,Pending
INV001821,PO001821,S0088,2025-08-25,2025-09-22,2025-12-21,4092845.52,INR,1.0,Paid,2025-12-21,Three-Way Match,Approved
INV001822,PO001822,S0069,2025-07-03,2025-07-11,2025-08-10,8511749.27,INR,1.0,Paid,2025-07-31,Three-Way Match,Pending
INV001823,PO001823,S0107,2025-03-20,2025-04-13,2025-06-12,11420339.74,INR,1.0,Pending,,Three-Way Match,Approved
INV001824,PO001824,S0042,2025-02-14,2025-03-19,2025-05-18,899127.07,INR,1.0,Paid,2025-05-10,Three-Way Match,Pending
INV001825,PO001825,S0094,2025-06-15,2025-07-13,2025-08-27,822670.5,INR,1.0,Overdue,,Three-Way Match,Pending
INV001826,PO001826,S0119,2026-01-07,2026-01-18,2026-04-18,19296129.64,INR,1.0,Pending,,Three-Way Match,Approved
INV001827,PO001827,S0004,2026-03-24,2026-04-13,2026-06-12,15256110.43,INR,1.0,Overdue,,Three-Way Match,Approved
INV001828,PO001828,S0032,2025-12-31,2026-01-11,2026-02-25,630369.22,INR,1.0,Paid,2026-02-22,Three-Way Match,Approved
INV001829,PO001829,S0015,2026-03-29,2026-04-01,2026-05-16,4714319.47,INR,1.0,Paid,2026-05-11,Manual Review,Approved
INV001830,PO001830,S0101,2025-12-19,2025-12-29,2026-02-12,29698364.18,INR,1.0,Pending,,Three-Way Match,Approved
INV001831,PO001831,S0107,2025-01-09,2025-02-04,2025-05-05,13091007.31,INR,1.0,Paid,2025-05-04,Three-Way Match,Approved
INV001832,PO001832,S0108,2026-05-01,2026-05-31,2026-06-30,42563188.99,INR,1.0,Paid,2026-06-27,Three-Way Match,Approved
INV001833,PO001833,S0067,2025-09-24,2025-10-08,2026-01-06,8064092.46,INR,1.0,Paid,2025-12-27,Three-Way Match,Approved
INV001834,PO001834,S0067,2025-04-06,2025-04-15,2025-05-30,2418020.97,INR,1.0,Overdue,,Three-Way Match,Pending
INV001835,PO001835,S0077,2026-04-15,2026-05-12,2026-06-11,52721468.85,INR,1.0,Pending,,Manual Review,Approved
INV001836,PO001836,S0105,2025-03-07,2025-03-19,2025-05-18,6805915.36,INR,1.0,Overdue,,Manual Review,Approved
INV001837,PO001837,S0064,2025-10-30,2025-11-23,2026-01-22,4088130.77,INR,1.0,Paid,2026-01-19,Three-Way Match,Pending
INV001838,PO001838,S0001,2026-03-17,2026-04-03,2026-05-18,19263017.62,INR,1.0,Paid,2026-05-09,Three-Way Match,Approved
INV001839,PO001839,S0063,2025-02-06,2025-02-24,2025-04-10,52308557.35,INR,1.0,Paid,2025-04-07,Manual Review,Approved
INV001840,PO001840,S0066,2025-06-06,2025-07-04,2025-09-02,62178145.61,INR,1.0,Pending,,Manual Review,Pending
INV001841,PO001841,S0004,2026-03-04,2026-03-18,2026-04-17,12161213.85,INR,1.0,Paid,2026-04-12,Manual Review,Approved
INV001842,PO001842,S0112,2026-06-17,2026-07-11,2026-09-09,40681264.09,INR,1.0,Paid,2026-09-03,Three-Way Match,Pending
INV001843,PO001843,S0020,2025-01-10,2025-02-11,2025-04-12,57201138.99,INR,1.0,Paid,2025-04-05,Three-Way Match,Approved
INV001844,PO001844,S0107,2026-06-15,2026-07-16,2026-08-15,19929631.41,INR,1.0,Paid,2026-08-05,Manual Review,Approved
INV001845,PO001845,S0106,2025-03-03,2025-03-11,2025-06-09,47517261.44,INR,1.0,Paid,2025-06-01,Three-Way Match,Pending
INV001846,PO001846,S0034,2026-02-07,2026-03-09,2026-06-07,3825045.02,INR,1.0,Paid,2026-06-06,Three-Way Match,Pending
INV001847,PO001847,S0061,2025-06-06,2025-06-23,2025-08-22,30118843.32,INR,1.0,Overdue,,Three-Way Match,Approved
INV001848,PO001848,S0112,2026-05-20,2026-06-18,2026-09-16,19053013.0,INR,1.0,Paid,2026-09-16,Three-Way Match,Pending
INV001849,PO001849,S0029,2025-04-16,2025-05-25,2025-08-23,90228812.7,INR,1.0,Paid,2025-08-16,Three-Way Match,Approved
INV001850,PO001850,S0007,2025-04-29,2025-05-27,2025-07-26,34959859.03,INR,1.0,Paid,2025-07-25,Three-Way Match,Approved
INV001851,PO001851,S0032,2025-03-23,2025-03-29,2025-05-28,26378865.38,INR,1.0,Paid,2025-05-24,Three-Way Match,Approved
INV001852,PO001852,S0009,2025-03-31,2025-04-12,2025-06-11,71754107.57,INR,1.0,Paid,2025-06-01,Three-Way Match,Approved
INV001853,PO001853,S0072,2025-02-16,2025-03-21,2025-05-20,72253520.64,INR,1.0,Paid,2025-05-20,Three-Way Match,Pending
INV001854,PO001854,S0036,2026-04-27,2026-05-11,2026-06-25,10618254.12,INR,1.0,Overdue,,Manual Review,Approved
INV001855,PO001855,S0100,2025-04-03,2025-05-03,2025-06-02,21076174.16,INR,1.0,Paid,2025-05-25,Three-Way Match,Approved
INV001856,PO001856,S0028,2025-12-19,2025-12-30,2026-02-28,64408459.4,INR,1.0,Pending,,Three-Way Match,Approved
INV001857,PO001857,S0068,2025-10-15,2025-11-06,2026-01-05,30554929.5,INR,1.0,Overdue,,Manual Review,Approved
INV001858,PO001858,S0009,2026-01-30,2026-02-14,2026-04-15,8166831.65,INR,1.0,Paid,2026-04-12,Three-Way Match,Approved
INV001859,PO001859,S0120,2025-01-17,2025-02-19,2025-04-05,65727833.06,INR,1.0,Paid,2025-03-30,Three-Way Match,Approved
INV001860,PO001860,S0007,2025-06-24,2025-07-19,2025-09-17,61246042.39,INR,1.0,Paid,2025-09-11,Manual Review,Approved
INV001861,PO001861,S0071,2026-02-09,2026-03-14,2026-05-13,39246330.12,INR,1.0,Paid,2026-05-05,Three-Way Match,Approved
INV001862,PO001862,S0122,2026-06-26,2026-07-09,2026-10-07,43965607.3,INR,1.0,Paid,2026-10-04,Three-Way Match,Approved
INV001863,PO001863,S0121,2025-01-15,2025-02-06,2025-03-08,37932116.64,INR,1.0,Overdue,,Three-Way Match,Approved
INV001864,PO001864,S0007,2026-01-25,2026-02-17,2026-04-18,41556310.37,INR,1.0,Partially Paid,,Three-Way Match,Approved
INV001865,PO001865,S0016,2026-06-15,2026-07-19,2026-09-02,36277285.22,INR,1.0,Pending,,Three-Way Match,Pending
INV001866,PO001866,S0110,2026-06-29,2026-07-13,2026-08-12,964894.91,INR,1.0,Paid,2026-08-08,Manual Review,Approved
INV001867,PO001867,S0075,2025-08-28,2025-09-22,2025-12-21,21795275.23,INR,1.0,Paid,2025-12-13,Manual Review,Approved
INV001868,PO001868,S0111,2025-10-08,2025-10-19,2025-11-18,21436496.87,INR,1.0,Paid,2025-11-09,Manual Review,Approved
INV001869,PO001869,S0021,2025-02-27,2025-03-16,2025-06-14,8420450.24,INR,1.0,Paid,2025-06-14,Three-Way Match,Pending
INV001870,PO001870,S0115,2025-03-07,2025-04-09,2025-07-08,83306683.69,INR,1.0,Paid,2025-06-29,Three-Way Match,Approved
INV001871,PO001871,S0045,2026-04-05,2026-04-11,2026-05-26,18455601.24,INR,1.0,Paid,2026-05-17,Three-Way Match,Approved
INV001872,PO001872,S0033,2025-08-24,2025-09-02,2025-10-17,1710802.79,INR,1.0,Paid,2025-10-16,Three-Way Match,Approved
INV001873,PO001873,S0100,2025-09-19,2025-10-29,2025-12-28,31604668.05,INR,1.0,Paid,2025-12-28,Three-Way Match,Pending
INV001874,PO001874,S0048,2025-12-12,2026-01-11,2026-03-12,18524636.03,INR,1.0,Paid,2026-03-02,Manual Review,Pending
INV001875,PO001875,S0071,2026-01-12,2026-02-14,2026-03-16,9909407.91,INR,1.0,Paid,2026-03-11,Three-Way Match,Approved
INV001876,PO001876,S0001,2025-01-26,2025-02-11,2025-03-28,32042515.3,INR,1.0,Partially Paid,,Three-Way Match,Approved
INV001877,PO001877,S0035,2025-03-13,2025-03-29,2025-04-28,48531881.86,INR,1.0,Paid,2025-04-21,Three-Way Match,Approved
INV001878,PO001878,S0049,2026-01-30,2026-02-09,2026-04-10,9699118.67,INR,1.0,Paid,2026-04-08,Three-Way Match,Approved
INV001879,PO001879,S0110,2025-06-04,2025-06-19,2025-08-03,25713027.95,INR,1.0,Paid,2025-08-01,Three-Way Match,Approved
INV001880,PO001880,S0114,2025-09-14,2025-10-14,2026-01-12,16560535.44,INR,1.0,Paid,2026-01-06,Three-Way Match,Approved
INV001881,PO001881,S0123,2025-01-01,2025-02-01,2025-04-02,26463064.15,INR,1.0,Paid,2025-03-30,Three-Way Match,Pending
INV001882,PO001882,S0100,2025-12-09,2026-01-09,2026-02-23,36521494.63,INR,1.0,Paid,2026-02-15,Manual Review,Approved
INV001883,PO001883,S0114,2026-07-10,2026-08-03,2026-11-01,9729654.22,INR,1.0,Overdue,,Manual Review,Approved
INV001884,PO001884,S0044,2025-07-15,2025-07-28,2025-09-26,32053600.48,INR,1.0,Pending,,Manual Review,Approved
INV001885,PO001885,S0026,2025-02-20,2025-03-11,2025-06-09,49583286.31,INR,1.0,Paid,2025-06-07,Three-Way Match,Approved
INV001886,PO001886,S0024,2026-01-12,2026-02-12,2026-04-13,16561956.41,INR,1.0,Pending,,Three-Way Match,Pending
INV001887,PO001887,S0018,2026-06-12,2026-06-24,2026-08-23,8269491.03,INR,1.0,Paid,2026-08-13,Manual Review,Pending
INV001888,PO001888,S0028,2025-07-16,2025-08-07,2025-09-06,5704107.7,INR,1.0,Pending,,Three-Way Match,Pending
INV001889,PO001889,S0108,2026-04-10,2026-05-06,2026-06-20,76117117.08,INR,1.0,Pending,,Three-Way Match,Pending
INV001890,PO001890,S0089,2025-05-25,2025-06-20,2025-08-19,19953642.21,INR,1.0,Paid,2025-08-09,Three-Way Match,Approved
INV001891,PO001891,S0028,2025-12-06,2025-12-13,2026-01-12,8699798.37,INR,1.0,Pending,,Manual Review,Pending
INV001892,PO001892,S0035,2025-04-01,2025-04-13,2025-05-13,8615472.49,INR,1.0,Paid,2025-05-13,Three-Way Match,Pending
INV001893,PO001893,S0119,2026-04-02,2026-04-11,2026-05-11,6985079.38,INR,1.0,Paid,2026-05-02,Three-Way Match,Approved
INV001894,PO001894,S0018,2025-04-06,2025-04-26,2025-06-10,70541279.91,INR,1.0,Partially Paid,,Manual Review,Approved
INV001895,PO001895,S0012,2025-04-10,2025-05-12,2025-07-11,16871012.65,INR,1.0,Paid,2025-07-07,Manual Review,Approved
INV001896,PO001896,S0071,2026-06-28,2026-07-28,2026-09-26,1755490.61,INR,1.0,Paid,2026-09-18,Three-Way Match,Approved
INV001897,PO001897,S0011,2025-09-25,2025-10-27,2026-01-25,64989248.89,INR,1.0,Partially Paid,,Three-Way Match,Approved
INV001898,PO001898,S0043,2025-10-01,2025-10-16,2025-11-15,41375462.89,INR,1.0,Paid,2025-11-08,Three-Way Match,Pending
INV001899,PO001899,S0021,2025-04-11,2025-04-23,2025-07-22,7981345.8,INR,1.0,Paid,2025-07-19,Three-Way Match,Approved
INV001900,PO001900,S0040,2026-01-06,2026-01-22,2026-02-21,40773633.59,INR,1.0,Paid,2026-02-12,Manual Review,Pending
INV001901,PO001901,S0088,2025-08-02,2025-08-30,2025-11-28,50535685.84,INR,1.0,Paid,2025-11-26,Three-Way Match,Approved
INV001902,PO001902,S0121,2025-03-16,2025-04-02,2025-07-01,13763357.7,INR,1.0,Overdue,,Three-Way Match,Approved
INV001903,PO001903,S0019,2025-09-05,2025-10-03,2025-12-02,81412559.51,INR,1.0,Paid,2025-11-28,Three-Way Match,Approved
INV001904,PO001904,S0002,2026-06-09,2026-06-22,2026-08-06,1344309.22,INR,1.0,Paid,2026-08-01,Three-Way Match,Approved
INV001905,PO001905,S0044,2025-11-07,2025-11-27,2025-12-27,50294143.57,INR,1.0,Paid,2025-12-22,Three-Way Match,Pending
INV001906,PO001906,S0085,2025-08-28,2025-09-04,2025-10-04,22902109.39,INR,1.0,Paid,2025-09-30,Manual Review,Approved
INV001907,PO001907,S0046,2025-01-17,2025-02-19,2025-04-20,13735902.04,INR,1.0,Partially Paid,,Manual Review,Approved
INV001908,PO001908,S0112,2025-07-14,2025-08-14,2025-10-13,66779362.91,INR,1.0,Pending,,Three-Way Match,Approved
INV001909,PO001909,S0124,2025-02-27,2025-03-29,2025-05-28,27506379.16,INR,1.0,Paid,2025-05-20,Manual Review,Approved
INV001910,PO001910,S0050,2025-06-25,2025-07-04,2025-10-02,19705633.31,INR,1.0,Paid,2025-09-29,Three-Way Match,Pending
INV001911,PO001911,S0041,2026-07-04,2026-07-20,2026-09-18,20338208.41,INR,1.0,Paid,2026-09-16,Three-Way Match,Approved
INV001912,PO001912,S0036,2025-03-24,2025-04-11,2025-05-26,51519437.98,INR,1.0,Paid,2025-05-22,Three-Way Match,Approved
INV001913,PO001913,S0038,2026-03-09,2026-03-24,2026-06-22,49774903.05,INR,1.0,Paid,2026-06-19,Three-Way Match,Pending
INV001914,PO001914,S0068,2025-05-09,2025-05-25,2025-08-23,27177702.24,INR,1.0,Paid,2025-08-17,Three-Way Match,Approved
INV001915,PO001915,S0108,2025-06-03,2025-07-07,2025-08-06,57891079.27,INR,1.0,Paid,2025-07-29,Manual Review,Approved
INV001916,PO001916,S0069,2025-07-16,2025-07-27,2025-09-10,1920025.05,INR,1.0,Paid,2025-09-06,Manual Review,Pending
INV001917,PO001917,S0050,2025-01-28,2025-02-14,2025-05-15,60220477.36,INR,1.0,Paid,2025-05-12,Three-Way Match,Pending
INV001918,PO001918,S0011,2025-06-12,2025-07-14,2025-10-12,21782885.21,INR,1.0,Overdue,,Three-Way Match,Approved
INV001919,PO001919,S0084,2025-10-06,2025-11-12,2026-01-11,684348.36,INR,1.0,Paid,2026-01-10,Three-Way Match,Pending
INV001920,PO001920,S0086,2025-02-10,2025-03-09,2025-06-07,461983.48,INR,1.0,Paid,2025-06-04,Three-Way Match,Approved
INV001921,PO001921,S0048,2025-06-17,2025-07-04,2025-08-03,276977.79,INR,1.0,Pending,,Three-Way Match,Approved
INV001922,PO001922,S0048,2026-05-18,2026-06-01,2026-07-31,23321391.29,INR,1.0,Paid,2026-07-28,Three-Way Match,Approved
INV001923,PO001923,S0094,2026-06-11,2026-07-23,2026-08-22,57537681.99,INR,1.0,Paid,2026-08-21,Three-Way Match,Approved
INV001924,PO001924,S0121,2025-08-20,2025-09-10,2025-10-10,10443981.0,INR,1.0,Pending,,Three-Way Match,Approved
INV001925,PO001925,S0079,2025-02-10,2025-03-17,2025-05-01,3030204.33,INR,1.0,Pending,,Three-Way Match,Approved
INV001926,PO001926,S0112,2025-04-04,2025-05-03,2025-06-02,15589891.37,INR,1.0,Paid,2025-05-31,Three-Way Match,Pending
INV001927,PO001927,S0036,2026-01-12,2026-01-28,2026-03-29,38613517.36,INR,1.0,Paid,2026-03-29,Three-Way Match,Approved
INV001928,PO001928,S0083,2025-12-29,2026-01-13,2026-02-12,2686085.67,INR,1.0,Partially Paid,,Three-Way Match,Pending
INV001929,PO001929,S0016,2025-11-14,2025-12-11,2026-01-25,19058279.69,INR,1.0,Overdue,,Three-Way Match,Approved
INV001930,PO001930,S0069,2026-05-07,2026-05-21,2026-07-05,7442100.33,INR,1.0,Paid,2026-06-25,Manual Review,Approved
INV001931,PO001931,S0068,2025-04-07,2025-04-25,2025-05-25,35073482.74,INR,1.0,Paid,2025-05-25,Manual Review,Approved
INV001932,PO001932,S0059,2025-10-15,2025-11-20,2026-01-04,4167869.13,INR,1.0,Paid,2026-01-04,Three-Way Match,Approved
INV001933,PO001933,S0083,2026-06-09,2026-06-28,2026-08-12,18491360.62,INR,1.0,Paid,2026-08-04,Three-Way Match,Approved
INV001934,PO001934,S0089,2025-08-11,2025-08-29,2025-11-27,30742618.78,INR,1.0,Paid,2025-11-23,Manual Review,Approved
INV001935,PO001935,S0080,2025-06-15,2025-07-15,2025-09-13,10940089.28,INR,1.0,Paid,2025-09-12,Manual Review,Approved
INV001936,PO001936,S0054,2026-04-28,2026-05-21,2026-07-05,13874387.14,INR,1.0,Overdue,,Three-Way Match,Pending
INV001937,PO001937,S0050,2025-10-10,2025-10-28,2025-11-27,14030010.43,INR,1.0,Paid,2025-11-19,Three-Way Match,Approved
INV001938,PO001938,S0010,2025-08-08,2025-09-11,2025-10-11,35473073.61,INR,1.0,Pending,,Three-Way Match,Pending
INV001939,PO001939,S0010,2026-07-21,2026-08-20,2026-09-19,21505424.03,INR,1.0,Paid,2026-09-14,Manual Review,Pending
INV001940,PO001940,S0069,2025-06-16,2025-07-06,2025-08-05,4054079.38,INR,1.0,Paid,2025-08-02,Manual Review,Pending
INV001941,PO001941,S0101,2025-03-31,2025-04-07,2025-05-07,53054817.2,INR,1.0,Paid,2025-05-06,Three-Way Match,Approved
INV001942,PO001942,S0044,2025-08-30,2025-09-13,2025-10-13,34729594.78,INR,1.0,Paid,2025-10-12,Three-Way Match,Pending
INV001943,PO001943,S0065,2025-05-06,2025-05-16,2025-08-14,37663845.87,INR,1.0,Pending,,Three-Way Match,Approved
INV001944,PO001944,S0102,2025-07-24,2025-08-21,2025-10-05,26412303.85,INR,1.0,Paid,2025-10-05,Three-Way Match,Approved
INV001945,PO001945,S0024,2025-11-09,2025-12-02,2026-03-02,5738330.89,INR,1.0,Paid,2026-02-24,Three-Way Match,Approved
INV001946,PO001946,S0022,2026-07-19,2026-08-03,2026-09-17,4580290.23,INR,1.0,Paid,2026-09-13,Manual Review,Pending
INV001947,PO001947,S0049,2025-02-26,2025-03-06,2025-06-04,37505847.41,INR,1.0,Paid,2025-05-25,Manual Review,Pending
INV001948,PO001948,S0069,2025-03-31,2025-04-19,2025-05-19,62398901.02,INR,1.0,Overdue,,Three-Way Match,Approved
INV001949,PO001949,S0066,2025-03-11,2025-04-10,2025-05-10,17279442.04,INR,1.0,Overdue,,Three-Way Match,Approved
INV001950,PO001950,S0046,2025-02-01,2025-03-17,2025-05-16,13422982.35,INR,1.0,Pending,,Manual Review,Approved
INV001951,PO001951,S0063,2025-02-25,2025-03-12,2025-06-10,19545132.41,INR,1.0,Paid,2025-06-07,Three-Way Match,Approved
INV001952,PO001952,S0009,2025-08-08,2025-08-20,2025-09-19,15240067.85,INR,1.0,Paid,2025-09-12,Manual Review,Pending
INV001953,PO001953,S0021,2025-01-02,2025-01-08,2025-02-07,61444476.25,INR,1.0,Paid,2025-01-30,Manual Review,Approved
INV001954,PO001954,S0054,2026-06-05,2026-06-24,2026-07-24,4474328.32,INR,1.0,Paid,2026-07-24,Manual Review,Pending
INV001955,PO001955,S0083,2025-11-24,2025-12-15,2026-01-29,64046596.35,INR,1.0,Pending,,Manual Review,Approved
INV001956,PO001956,S0086,2025-11-02,2025-11-24,2026-01-23,60217905.56,INR,1.0,Paid,2026-01-19,Three-Way Match,Pending
INV001957,PO001957,S0120,2025-01-25,2025-02-26,2025-04-12,3497382.38,INR,1.0,Paid,2025-04-11,Three-Way Match,Approved
INV001958,PO001958,S0010,2025-04-29,2025-06-01,2025-07-31,26122933.93,INR,1.0,Paid,2025-07-27,Manual Review,Pending
INV001959,PO001959,S0014,2026-05-01,2026-05-24,2026-07-08,10215096.18,INR,1.0,Paid,2026-07-02,Three-Way Match,Approved
INV001960,PO001960,S0096,2025-08-04,2025-09-15,2025-12-14,21382469.16,INR,1.0,Paid,2025-12-07,Three-Way Match,Approved
INV001961,PO001961,S0106,2025-02-22,2025-03-05,2025-04-19,8506280.67,INR,1.0,Paid,2025-04-11,Manual Review,Pending
INV001962,PO001962,S0001,2026-01-15,2026-01-28,2026-04-28,20540851.35,INR,1.0,Paid,2026-04-19,Three-Way Match,Approved
INV001963,PO001963,S0080,2025-06-27,2025-07-21,2025-09-04,74229820.7,INR,1.0,Paid,2025-08-31,Manual Review,Pending
INV001964,PO001964,S0030,2025-11-29,2025-12-12,2026-01-26,30429303.44,INR,1.0,Pending,,Three-Way Match,Pending
INV001965,PO001965,S0124,2025-06-08,2025-07-07,2025-08-21,3035904.47,INR,1.0,Paid,2025-08-16,Three-Way Match,Pending
INV001966,PO001966,S0097,2026-07-20,2026-08-07,2026-11-05,6316753.43,INR,1.0,Paid,2026-10-26,Manual Review,Pending
INV001967,PO001967,S0017,2025-06-27,2025-08-04,2025-09-18,15217104.78,INR,1.0,Paid,2025-09-12,Three-Way Match,Approved
INV001968,PO001968,S0070,2026-05-30,2026-06-28,2026-08-12,16715744.24,INR,1.0,Paid,2026-08-02,Manual Review,Pending
INV001969,PO001969,S0085,2025-10-23,2025-10-26,2025-12-10,61387326.82,INR,1.0,Paid,2025-11-30,Three-Way Match,Approved
INV001970,PO001970,S0019,2026-01-19,2026-02-20,2026-04-06,5507665.66,INR,1.0,Paid,2026-04-06,Three-Way Match,Approved
INV001971,PO001971,S0062,2025-06-29,2025-07-01,2025-09-29,3926312.33,INR,1.0,Paid,2025-09-23,Three-Way Match,Pending
INV001972,PO001972,S0104,2025-03-03,2025-03-28,2025-06-26,23941946.65,INR,1.0,Partially Paid,,Three-Way Match,Approved
INV001973,PO001973,S0022,2025-09-24,2025-10-08,2025-11-07,11511341.87,INR,1.0,Pending,,Manual Review,Approved
INV001974,PO001974,S0016,2025-12-26,2026-01-29,2026-03-30,4440829.25,INR,1.0,Paid,2026-03-24,Manual Review,Approved
INV001975,PO001975,S0005,2025-05-11,2025-05-20,2025-06-19,64872876.71,INR,1.0,Pending,,Manual Review,Pending
INV001976,PO001976,S0101,2025-08-15,2025-08-26,2025-10-10,63731529.47,INR,1.0,Paid,2025-10-04,Three-Way Match,Approved
INV001977,PO001977,S0023,2026-01-09,2026-01-14,2026-02-28,49048936.91,INR,1.0,Paid,2026-02-18,Three-Way Match,Pending
INV001978,PO001978,S0089,2025-02-22,2025-03-18,2025-05-17,23634228.79,INR,1.0,Paid,2025-05-14,Manual Review,Approved
INV001979,PO001979,S0037,2025-02-18,2025-03-26,2025-06-24,954842.8,INR,1.0,Paid,2025-06-23,Three-Way Match,Approved
INV001980,PO001980,S0069,2025-10-16,2025-11-02,2025-12-17,44392189.47,INR,1.0,Pending,,Three-Way Match,Approved
INV001981,PO001981,S0099,2025-08-28,2025-09-17,2025-10-17,3711321.62,INR,1.0,Paid,2025-10-08,Three-Way Match,Pending
INV001982,PO001982,S0050,2026-02-15,2026-02-26,2026-04-12,2013594.57,INR,1.0,Paid,2026-04-05,Manual Review,Approved
INV001983,PO001983,S0004,2026-05-27,2026-06-17,2026-08-16,69129812.9,INR,1.0,Paid,2026-08-12,Manual Review,Approved
INV001984,PO001984,S0100,2025-05-18,2025-06-20,2025-07-20,339948.14,INR,1.0,Paid,2025-07-15,Three-Way Match,Pending
INV001985,PO001985,S0055,2025-02-14,2025-03-06,2025-04-20,9754255.84,INR,1.0,Paid,2025-04-13,Manual Review,Pending
INV001986,PO001986,S0022,2025-08-11,2025-08-31,2025-11-29,77992466.73,INR,1.0,Paid,2025-11-28,Manual Review,Approved
INV001987,PO001987,S0119,2026-02-21,2026-02-28,2026-04-29,83208966.61,INR,1.0,Overdue,,Three-Way Match,Approved
INV001988,PO001988,S0081,2026-04-06,2026-04-28,2026-06-12,76146885.96,INR,1.0,Paid,2026-06-10,Manual Review,Approved
INV001989,PO001989,S0041,2026-07-29,2026-08-18,2026-11-16,62424622.01,INR,1.0,Paid,2026-11-11,Three-Way Match,Approved
INV001990,PO001990,S0010,2026-04-21,2026-05-13,2026-07-12,40170474.57,INR,1.0,Partially Paid,,Three-Way Match,Approved
INV001991,PO001991,S0005,2025-09-12,2025-09-23,2025-10-23,30279205.9,INR,1.0,Overdue,,Three-Way Match,Approved
INV001992,PO001992,S0093,2026-06-02,2026-06-24,2026-07-24,15380931.2,INR,1.0,Overdue,,Three-Way Match,Approved
INV001993,PO001993,S0012,2025-10-08,2025-11-02,2026-01-31,5080457.5,INR,1.0,Overdue,,Three-Way Match,Pending
INV001994,PO001994,S0007,2025-12-16,2026-01-15,2026-04-15,14681134.9,INR,1.0,Paid,2026-04-13,Three-Way Match,Pending
INV001995,PO001995,S0087,2026-06-02,2026-06-19,2026-08-18,37729950.84,INR,1.0,Paid,2026-08-17,Three-Way Match,Approved
INV001996,PO001996,S0082,2025-04-21,2025-04-29,2025-07-28,897510.74,INR,1.0,Paid,2025-07-27,Manual Review,Pending
INV001997,PO001997,S0025,2026-01-20,2026-02-23,2026-03-25,57797466.5,INR,1.0,Paid,2026-03-21,Three-Way Match,Approved
INV001998,PO001998,S0078,2026-05-08,2026-06-05,2026-07-20,14515885.72,INR,1.0,Paid,2026-07-12,Manual Review,Approved
INV001999,PO001999,S0020,2025-03-10,2025-04-11,2025-06-10,36441005.98,INR,1.0,Pending,,Manual Review,Approved
INV002000,PO002000,S0120,2026-05-22,2026-06-25,2026-08-09,52703687.61,INR,1.0,Pending,,Manual Review,Approved
INV002001,PO002001,S0124,2025-12-14,2026-01-04,2026-02-03,79021919.41,INR,1.0,Paid,2026-02-02,Three-Way Match,Approved
INV002002,PO002002,S0058,2025-03-15,2025-04-17,2025-07-16,17458621.69,INR,1.0,Pending,,Three-Way Match,Approved
INV002003,PO002003,S0060,2026-02-04,2026-02-25,2026-04-26,28028231.23,INR,1.0,Paid,2026-04-20,Three-Way Match,Approved
INV002004,PO002004,S0076,2026-01-08,2026-02-04,2026-03-06,17545718.32,INR,1.0,Paid,2026-03-06,Three-Way Match,Approved
INV002005,PO002005,S0018,2025-10-02,2025-10-19,2025-12-03,16640688.02,INR,1.0,Paid,2025-11-23,Three-Way Match,Approved
INV002006,PO002006,S0081,2025-05-07,2025-05-22,2025-06-21,44111584.45,INR,1.0,Paid,2025-06-20,Three-Way Match,Pending
INV002007,PO002007,S0077,2025-06-17,2025-07-22,2025-09-05,72515742.48,INR,1.0,Pending,,Three-Way Match,Approved
INV002008,PO002008,S0032,2025-07-23,2025-08-01,2025-09-30,36640235.93,INR,1.0,Paid,2025-09-25,Three-Way Match,Pending
INV002009,PO002009,S0021,2025-07-06,2025-07-12,2025-08-26,18158577.84,INR,1.0,Paid,2025-08-22,Three-Way Match,Approved
INV002010,PO002010,S0075,2026-06-25,2026-07-17,2026-08-31,12048035.63,INR,1.0,Paid,2026-08-28,Three-Way Match,Pending
INV002011,PO002011,S0045,2025-12-19,2026-01-04,2026-03-05,3619342.67,INR,1.0,Paid,2026-02-26,Three-Way Match,Pending
INV002012,PO002012,S0099,2025-10-07,2025-10-20,2026-01-18,49006255.39,INR,1.0,Paid,2026-01-13,Three-Way Match,Approved
INV002013,PO002013,S0087,2026-07-03,2026-07-27,2026-10-25,9060077.49,INR,1.0,Paid,2026-10-19,Three-Way Match,Approved
INV002014,PO002014,S0012,2025-08-20,2025-09-18,2025-11-02,12266768.94,INR,1.0,Paid,2025-10-31,Manual Review,Approved
INV002015,PO002015,S0115,2026-07-17,2026-08-08,2026-09-22,1259475.53,INR,1.0,Paid,2026-09-13,Three-Way Match,Approved
INV002016,PO002016,S0056,2025-02-10,2025-03-19,2025-05-18,36039641.22,INR,1.0,Pending,,Three-Way Match,Pending
INV002017,PO002017,S0064,2025-04-26,2025-05-20,2025-08-18,8849144.52,INR,1.0,Paid,2025-08-14,Manual Review,Approved
INV002018,PO002018,S0119,2025-09-12,2025-10-05,2025-11-19,5535287.22,INR,1.0,Paid,2025-11-11,Three-Way Match,Approved
INV002019,PO002019,S0046,2026-07-18,2026-08-13,2026-10-12,77720205.96,INR,1.0,Paid,2026-10-11,Manual Review,Pending
INV002020,PO002020,S0072,2025-02-22,2025-03-18,2025-05-17,52139648.2,INR,1.0,Paid,2025-05-16,Three-Way Match,Approved
INV002021,PO002021,S0079,2026-07-24,2026-08-21,2026-09-20,2747615.69,INR,1.0,Paid,2026-09-13,Three-Way Match,Approved
INV002022,PO002022,S0090,2025-10-20,2025-11-16,2025-12-16,26382905.45,INR,1.0,Pending,,Three-Way Match,Approved
INV002023,PO002023,S0117,2025-03-07,2025-04-16,2025-05-31,40487286.26,INR,1.0,Paid,2025-05-30,Manual Review,Approved
INV002024,PO002024,S0020,2025-07-14,2025-08-14,2025-09-28,59088787.13,INR,1.0,Overdue,,Three-Way Match,Approved
INV002025,PO002025,S0084,2026-03-01,2026-04-02,2026-07-01,39106021.62,INR,1.0,Paid,2026-06-25,Three-Way Match,Pending
INV002026,PO002026,S0120,2025-12-23,2026-01-24,2026-03-10,5373889.85,INR,1.0,Paid,2026-02-28,Three-Way Match,Pending
INV002027,PO002027,S0039,2025-05-17,2025-06-04,2025-08-03,41256510.66,INR,1.0,Paid,2025-08-03,Three-Way Match,Approved
INV002028,PO002028,S0042,2025-03-15,2025-04-08,2025-05-23,19518791.86,INR,1.0,Paid,2025-05-13,Three-Way Match,Approved
INV002029,PO002029,S0102,2026-02-22,2026-04-07,2026-05-07,39712586.16,INR,1.0,Paid,2026-04-28,Three-Way Match,Approved
INV002030,PO002030,S0002,2026-04-07,2026-04-26,2026-06-25,13497778.06,INR,1.0,Partially Paid,,Three-Way Match,Approved
INV002031,PO002031,S0050,2026-01-07,2026-01-25,2026-02-24,16691244.53,INR,1.0,Paid,2026-02-17,Three-Way Match,Approved
INV002032,PO002032,S0081,2025-05-28,2025-06-09,2025-08-08,38911949.1,INR,1.0,Overdue,,Three-Way Match,Pending
INV002033,PO002033,S0102,2025-05-05,2025-06-05,2025-07-20,6956459.69,INR,1.0,Partially Paid,,Manual Review,Pending
INV002034,PO002034,S0035,2025-11-17,2025-11-27,2026-01-26,1790756.19,INR,1.0,Paid,2026-01-25,Three-Way Match,Approved
INV002035,PO002035,S0064,2025-03-22,2025-04-17,2025-06-16,776540.55,INR,1.0,Pending,,Manual Review,Approved
INV002036,PO002036,S0106,2025-03-24,2025-04-06,2025-05-21,4140776.16,INR,1.0,Pending,,Three-Way Match,Pending
INV002037,PO002037,S0009,2025-03-29,2025-04-23,2025-06-07,29116578.62,INR,1.0,Overdue,,Three-Way Match,Approved
INV002038,PO002038,S0020,2025-06-12,2025-07-06,2025-09-04,5361373.67,INR,1.0,Paid,2025-08-29,Manual Review,Pending
INV002039,PO002039,S0064,2025-10-25,2025-11-17,2026-01-01,37670122.02,INR,1.0,Pending,,Three-Way Match,Pending
INV002040,PO002040,S0069,2026-07-20,2026-08-02,2026-10-01,57432013.44,INR,1.0,Pending,,Manual Review,Approved
INV002041,PO002041,S0109,2025-04-15,2025-05-12,2025-07-11,10300182.38,INR,1.0,Pending,,Manual Review,Approved
INV002042,PO002042,S0079,2025-06-28,2025-07-29,2025-08-28,13964890.34,INR,1.0,Overdue,,Three-Way Match,Pending
INV002043,PO002043,S0025,2025-10-06,2025-11-07,2026-01-06,1078420.66,INR,1.0,Partially Paid,,Manual Review,Approved
INV002044,PO002044,S0119,2025-08-02,2025-08-06,2025-09-05,4931696.44,INR,1.0,Pending,,Three-Way Match,Pending
INV002045,PO002045,S0038,2025-01-28,2025-02-02,2025-03-04,6193009.13,INR,1.0,Paid,2025-02-24,Three-Way Match,Approved
INV002046,PO002046,S0013,2026-02-05,2026-03-07,2026-05-06,40388303.86,INR,1.0,Paid,2026-04-28,Manual Review,Pending
INV002047,PO002047,S0048,2025-01-17,2025-02-08,2025-03-25,26043364.63,INR,1.0,Paid,2025-03-15,Manual Review,Approved
INV002048,PO002048,S0116,2025-05-12,2025-06-12,2025-07-27,74477113.17,INR,1.0,Pending,,Three-Way Match,Approved
INV002049,PO002049,S0090,2026-01-05,2026-01-26,2026-03-12,7432763.1,INR,1.0,Paid,2026-03-10,Three-Way Match,Pending
INV002050,PO002050,S0119,2025-04-09,2025-04-11,2025-07-10,6858635.4,INR,1.0,Overdue,,Manual Review,Pending
INV002051,PO002051,S0045,2025-07-28,2025-08-09,2025-09-08,15267946.17,INR,1.0,Pending,,Three-Way Match,Approved
INV002052,PO002052,S0070,2025-08-21,2025-09-21,2025-11-20,62368344.24,INR,1.0,Pending,,Three-Way Match,Approved
INV002053,PO002053,S0081,2025-06-02,2025-06-22,2025-07-22,55175548.37,INR,1.0,Paid,2025-07-19,Three-Way Match,Approved
INV002054,PO002054,S0123,2026-01-12,2026-02-09,2026-04-10,64179885.94,INR,1.0,Paid,2026-04-04,Three-Way Match,Approved
INV002055,PO002055,S0058,2026-03-31,2026-05-03,2026-07-02,4375470.39,INR,1.0,Paid,2026-06-28,Three-Way Match,Approved
INV002056,PO002056,S0113,2025-03-21,2025-03-28,2025-04-27,56468318.63,INR,1.0,Paid,2025-04-26,Three-Way Match,Approved
INV002057,PO002057,S0099,2025-01-23,2025-02-06,2025-05-07,44635313.36,INR,1.0,Paid,2025-05-03,Three-Way Match,Approved
INV002058,PO002058,S0108,2025-07-01,2025-07-30,2025-09-28,50216137.14,INR,1.0,Paid,2025-09-20,Manual Review,Pending
INV002059,PO002059,S0045,2025-11-06,2025-11-19,2026-01-18,10814255.43,INR,1.0,Paid,2026-01-18,Three-Way Match,Pending
INV002060,PO002060,S0039,2026-03-18,2026-04-07,2026-07-06,43881929.56,INR,1.0,Paid,2026-07-03,Three-Way Match,Pending
INV002061,PO002061,S0102,2026-07-23,2026-08-28,2026-09-27,5128143.06,INR,1.0,Paid,2026-09-17,Three-Way Match,Approved
INV002062,PO002062,S0023,2026-03-17,2026-04-03,2026-05-18,32309192.17,INR,1.0,Paid,2026-05-11,Three-Way Match,Approved
INV002063,PO002063,S0062,2025-02-12,2025-02-16,2025-03-18,4129460.88,INR,1.0,Paid,2025-03-16,Three-Way Match,Pending
INV002064,PO002064,S0124,2026-06-06,2026-06-28,2026-08-27,15921912.54,INR,1.0,Partially Paid,,Three-Way Match,Approved
INV002065,PO002065,S0080,2025-04-27,2025-05-24,2025-07-23,22237420.69,INR,1.0,Paid,2025-07-17,Three-Way Match,Approved
INV002066,PO002066,S0061,2025-09-17,2025-09-26,2025-11-25,15790960.85,INR,1.0,Paid,2025-11-22,Three-Way Match,Approved
INV002067,PO002067,S0032,2025-01-04,2025-01-21,2025-03-22,32013276.22,INR,1.0,Paid,2025-03-13,Three-Way Match,Approved
INV002068,PO002068,S0066,2026-06-19,2026-07-15,2026-08-29,93240827.91,INR,1.0,Paid,2026-08-28,Three-Way Match,Approved
INV002069,PO002069,S0074,2026-01-10,2026-02-03,2026-03-05,5350150.67,INR,1.0,Pending,,Three-Way Match,Pending
INV002070,PO002070,S0114,2025-05-10,2025-06-02,2025-08-31,1475414.82,INR,1.0,Paid,2025-08-28,Three-Way Match,Approved
INV002071,PO002071,S0093,2025-05-18,2025-05-26,2025-07-10,72851515.97,INR,1.0,Paid,2025-06-30,Manual Review,Approved
INV002072,PO002072,S0018,2026-01-19,2026-02-07,2026-03-24,28308303.24,INR,1.0,Overdue,,Three-Way Match,Approved
INV002073,PO002073,S0116,2026-03-24,2026-04-24,2026-06-08,1799849.59,INR,1.0,Paid,2026-06-05,Three-Way Match,Approved
INV002074,PO002074,S0012,2026-01-02,2026-02-03,2026-03-05,2726033.84,INR,1.0,Paid,2026-03-02,Three-Way Match,Approved
INV002075,PO002075,S0099,2025-05-18,2025-05-29,2025-08-27,30801430.32,INR,1.0,Paid,2025-08-24,Manual Review,Approved
INV002076,PO002076,S0036,2026-01-11,2026-01-30,2026-03-31,35628053.61,INR,1.0,Partially Paid,,Three-Way Match,Approved
INV002077,PO002077,S0004,2026-01-26,2026-02-15,2026-04-01,9363468.88,INR,1.0,Paid,2026-03-27,Three-Way Match,Approved
INV002078,PO002078,S0021,2026-04-27,2026-05-09,2026-07-08,48615301.32,INR,1.0,Paid,2026-07-06,Manual Review,Approved
INV002079,PO002079,S0046,2026-04-06,2026-05-09,2026-06-23,54845310.46,INR,1.0,Paid,2026-06-23,Manual Review,Approved
INV002080,PO002080,S0042,2026-04-17,2026-05-19,2026-07-18,369615.25,INR,1.0,Paid,2026-07-16,Three-Way Match,Approved
INV002081,PO002081,S0006,2026-04-13,2026-04-27,2026-06-26,40635497.08,INR,1.0,Paid,2026-06-20,Manual Review,Pending
INV002082,PO002082,S0121,2026-01-26,2026-02-14,2026-05-15,43220987.91,INR,1.0,Paid,2026-05-06,Three-Way Match,Approved
INV002083,PO002083,S0118,2025-01-28,2025-03-05,2025-05-04,8998900.74,INR,1.0,Paid,2025-04-26,Three-Way Match,Approved
INV002084,PO002084,S0045,2025-12-13,2025-12-25,2026-02-08,28604669.43,INR,1.0,Overdue,,Three-Way Match,Approved
INV002085,PO002085,S0094,2026-04-03,2026-05-07,2026-06-21,26547830.04,INR,1.0,Overdue,,Manual Review,Approved
INV002086,PO002086,S0083,2025-11-16,2025-12-01,2025-12-31,23635115.24,INR,1.0,Paid,2025-12-25,Three-Way Match,Approved
INV002087,PO002087,S0033,2026-05-26,2026-06-09,2026-07-24,5983433.29,INR,1.0,Paid,2026-07-22,Three-Way Match,Pending
INV002088,PO002088,S0026,2025-10-21,2025-11-07,2026-01-06,35474549.91,INR,1.0,Paid,2026-01-01,Three-Way Match,Approved
INV002089,PO002089,S0107,2025-06-16,2025-07-17,2025-08-16,3760616.49,INR,1.0,Paid,2025-08-15,Three-Way Match,Approved
INV002090,PO002090,S0040,2026-07-24,2026-08-03,2026-10-02,11613053.32,INR,1.0,Paid,2026-09-26,Three-Way Match,Approved
INV002091,PO002091,S0110,2026-06-20,2026-07-07,2026-08-06,29174144.84,INR,1.0,Partially Paid,,Three-Way Match,Pending
INV002092,PO002092,S0094,2025-04-08,2025-05-10,2025-08-08,2232797.17,INR,1.0,Pending,,Three-Way Match,Approved
INV002093,PO002093,S0122,2025-12-06,2025-12-10,2026-03-10,45717256.56,INR,1.0,Pending,,Three-Way Match,Approved
INV002094,PO002094,S0048,2025-03-13,2025-03-29,2025-04-28,30725549.62,INR,1.0,Paid,2025-04-21,Three-Way Match,Approved
INV002095,PO002095,S0052,2025-03-02,2025-04-04,2025-05-19,1474209.27,INR,1.0,Paid,2025-05-12,Three-Way Match,Approved
INV002096,PO002096,S0028,2025-01-26,2025-02-05,2025-04-06,46132482.26,INR,1.0,Overdue,,Three-Way Match,Approved
INV002097,PO002097,S0102,2025-09-24,2025-10-30,2025-12-29,9178704.26,INR,1.0,Partially Paid,,Three-Way Match,Approved
INV002098,PO002098,S0083,2025-01-14,2025-02-07,2025-04-08,52313230.13,INR,1.0,Paid,2025-04-02,Three-Way Match,Pending
INV002099,PO002099,S0079,2025-08-01,2025-08-30,2025-09-29,2061391.23,INR,1.0,Pending,,Three-Way Match,Approved
INV002100,PO002100,S0073,2025-09-07,2025-09-10,2025-11-09,18285227.63,INR,1.0,Paid,2025-10-31,Three-Way Match,Approved
INV002101,PO002101,S0028,2025-02-07,2025-02-15,2025-05-16,14890985.62,INR,1.0,Paid,2025-05-14,Manual Review,Approved
INV002102,PO002102,S0053,2026-04-06,2026-04-19,2026-05-19,17409508.46,INR,1.0,Paid,2026-05-09,Three-Way Match,Pending
INV002103,PO002103,S0032,2025-08-27,2025-09-13,2025-10-13,46490451.65,INR,1.0,Paid,2025-10-04,Three-Way Match,Approved
INV002104,PO002104,S0090,2025-11-02,2025-11-23,2025-12-23,8611617.21,INR,1.0,Pending,,Three-Way Match,Approved
INV002105,PO002105,S0096,2026-03-22,2026-04-23,2026-07-22,2173782.97,INR,1.0,Paid,2026-07-22,Three-Way Match,Approved
INV002106,PO002106,S0057,2026-04-20,2026-05-10,2026-08-08,20377219.66,INR,1.0,Pending,,Three-Way Match,Approved
INV002107,PO002107,S0024,2025-09-09,2025-10-07,2026-01-05,12993221.78,INR,1.0,Paid,2026-01-04,Manual Review,Approved
INV002108,PO002108,S0063,2025-09-14,2025-09-25,2025-11-24,2395534.76,INR,1.0,Paid,2025-11-15,Manual Review,Approved
INV002109,PO002109,S0111,2025-12-19,2026-01-04,2026-02-18,27728426.45,INR,1.0,Overdue,,Three-Way Match,Approved
INV002110,PO002110,S0013,2025-06-11,2025-07-04,2025-08-18,84280741.66,INR,1.0,Paid,2025-08-18,Manual Review,Approved
INV002111,PO002111,S0085,2026-01-17,2026-01-31,2026-05-01,24521214.09,INR,1.0,Paid,2026-04-26,Three-Way Match,Approved
INV002112,PO002112,S0086,2025-01-02,2025-01-29,2025-03-15,16817114.47,INR,1.0,Pending,,Manual Review,Pending
INV002113,PO002113,S0050,2026-05-13,2026-05-30,2026-07-14,681007.19,INR,1.0,Paid,2026-07-09,Three-Way Match,Pending
INV002114,PO002114,S0038,2026-06-01,2026-06-06,2026-08-05,13231556.59,INR,1.0,Pending,,Manual Review,Approved
INV002115,PO002115,S0016,2025-04-05,2025-05-06,2025-06-05,36179493.21,INR,1.0,Paid,2025-05-27,Three-Way Match,Pending
INV002116,PO002116,S0123,2026-05-30,2026-07-05,2026-08-19,37965065.05,INR,1.0,Paid,2026-08-16,Three-Way Match,Pending
INV002117,PO002117,S0105,2025-07-31,2025-08-03,2025-09-02,37330141.87,INR,1.0,Paid,2025-08-24,Three-Way Match,Approved
INV002118,PO002118,S0098,2026-07-27,2026-08-13,2026-09-27,477825.53,INR,1.0,Paid,2026-09-21,Manual Review,Approved
INV002119,PO002119,S0015,2025-10-28,2025-11-07,2026-01-06,1105039.19,INR,1.0,Paid,2026-01-03,Three-Way Match,Pending
INV002120,PO002120,S0085,2025-07-27,2025-08-03,2025-09-02,37031406.93,INR,1.0,Paid,2025-08-27,Three-Way Match,Approved
INV002121,PO002121,S0079,2025-08-15,2025-09-17,2025-10-17,14663438.11,INR,1.0,Paid,2025-10-08,Manual Review,Approved
INV002122,PO002122,S0008,2025-03-23,2025-04-03,2025-07-02,9498812.21,INR,1.0,Pending,,Three-Way Match,Approved
INV002123,PO002123,S0115,2025-01-20,2025-02-17,2025-04-03,1676549.64,INR,1.0,Paid,2025-04-01,Manual Review,Approved
INV002124,PO002124,S0095,2025-06-11,2025-07-14,2025-08-28,9195500.33,INR,1.0,Paid,2025-08-25,Manual Review,Approved
INV002125,PO002125,S0070,2025-06-24,2025-07-28,2025-09-11,50247147.9,INR,1.0,Paid,2025-09-06,Three-Way Match,Pending
INV002126,PO002126,S0068,2026-07-22,2026-08-09,2026-11-07,6130960.03,INR,1.0,Partially Paid,,Three-Way Match,Approved
INV002127,PO002127,S0056,2025-06-08,2025-07-13,2025-09-11,9349488.62,INR,1.0,Paid,2025-09-01,Manual Review,Pending
INV002128,PO002128,S0019,2025-12-17,2026-01-20,2026-04-20,56448744.3,INR,1.0,Paid,2026-04-18,Manual Review,Approved
INV002129,PO002129,S0121,2025-08-18,2025-09-12,2025-12-11,34332610.7,INR,1.0,Pending,,Three-Way Match,Pending
INV002130,PO002130,S0050,2026-02-23,2026-03-14,2026-06-12,2058844.54,INR,1.0,Overdue,,Three-Way Match,Approved
INV002131,PO002131,S0103,2026-04-15,2026-05-15,2026-07-14,7866716.95,INR,1.0,Paid,2026-07-12,Manual Review,Pending
INV002132,PO002132,S0089,2025-11-01,2025-11-28,2025-12-28,23639741.3,INR,1.0,Paid,2025-12-22,Three-Way Match,Approved
INV002133,PO002133,S0094,2026-02-26,2026-04-05,2026-06-04,58712753.41,INR,1.0,Paid,2026-05-28,Manual Review,Approved
INV002134,PO002134,S0085,2025-11-22,2025-12-06,2026-03-06,32379537.67,INR,1.0,Paid,2026-03-03,Three-Way Match,Approved
INV002135,PO002135,S0040,2026-08-02,2026-08-09,2026-09-23,26533787.07,INR,1.0,Paid,2026-09-19,Manual Review,Pending
INV002136,PO002136,S0081,2026-03-19,2026-04-05,2026-05-20,47224093.72,INR,1.0,Partially Paid,,Three-Way Match,Approved
INV002137,PO002137,S0066,2026-01-28,2026-02-25,2026-04-26,30028160.24,INR,1.0,Paid,2026-04-23,Three-Way Match,Approved
INV002138,PO002138,S0038,2026-07-19,2026-07-25,2026-09-23,1773880.89,INR,1.0,Paid,2026-09-19,Three-Way Match,Approved
INV002139,PO002139,S0053,2026-03-24,2026-04-03,2026-06-02,13517292.83,INR,1.0,Paid,2026-06-02,Manual Review,Approved
INV002140,PO002140,S0121,2026-06-30,2026-07-22,2026-09-20,59619338.73,INR,1.0,Pending,,Three-Way Match,Approved
INV002141,PO002141,S0015,2025-02-28,2025-03-12,2025-04-26,5633517.89,INR,1.0,Paid,2025-04-26,Three-Way Match,Approved
INV002142,PO002142,S0088,2025-08-18,2025-09-17,2025-11-01,7234127.69,INR,1.0,Partially Paid,,Manual Review,Approved
INV002143,PO002143,S0005,2026-02-13,2026-02-25,2026-04-26,68323354.17,INR,1.0,Pending,,Three-Way Match,Pending
INV002144,PO002144,S0018,2025-06-05,2025-06-27,2025-08-26,23642737.69,INR,1.0,Overdue,,Manual Review,Approved
INV002145,PO002145,S0022,2025-01-12,2025-01-29,2025-03-15,4474151.02,INR,1.0,Paid,2025-03-09,Three-Way Match,Approved
INV002146,PO002146,S0016,2026-06-07,2026-07-06,2026-08-05,35567075.41,INR,1.0,Paid,2026-08-02,Three-Way Match,Approved
INV002147,PO002147,S0077,2025-11-01,2025-11-29,2026-02-27,35604060.35,INR,1.0,Paid,2026-02-21,Manual Review,Approved
INV002148,PO002148,S0007,2026-01-26,2026-03-04,2026-04-18,18993358.97,INR,1.0,Pending,,Three-Way Match,Approved
INV002149,PO002149,S0115,2025-09-18,2025-10-17,2025-12-16,12021632.74,INR,1.0,Partially Paid,,Three-Way Match,Pending
INV002150,PO002150,S0023,2025-10-26,2025-11-04,2025-12-19,14783297.22,INR,1.0,Pending,,Three-Way Match,Approved
INV002151,PO002151,S0055,2026-05-13,2026-06-09,2026-07-24,63162300.06,INR,1.0,Pending,,Three-Way Match,Approved
INV002152,PO002152,S0067,2025-09-26,2025-10-09,2026-01-07,70932212.63,INR,1.0,Paid,2026-01-05,Manual Review,Approved
INV002153,PO002153,S0056,2025-10-26,2025-12-08,2026-02-06,57851517.63,INR,1.0,Pending,,Three-Way Match,Pending
INV002154,PO002154,S0120,2026-01-22,2026-02-25,2026-03-27,3166993.4,INR,1.0,Paid,2026-03-17,Manual Review,Approved
INV002155,PO002155,S0104,2026-05-13,2026-06-11,2026-09-09,52792334.32,INR,1.0,Pending,,Three-Way Match,Pending
INV002156,PO002156,S0101,2025-07-21,2025-07-31,2025-09-14,10556427.83,INR,1.0,Overdue,,Three-Way Match,Pending
INV002157,PO002157,S0040,2025-02-06,2025-02-19,2025-04-20,40429082.77,INR,1.0,Paid,2025-04-18,Three-Way Match,Approved
INV002158,PO002158,S0097,2025-09-04,2025-09-22,2025-12-21,11117349.53,INR,1.0,Paid,2025-12-12,Three-Way Match,Approved
INV002159,PO002159,S0102,2026-02-12,2026-03-14,2026-04-28,64546625.6,INR,1.0,Paid,2026-04-26,Three-Way Match,Approved
INV002160,PO002160,S0034,2025-09-19,2025-10-26,2026-01-24,32283957.54,INR,1.0,Paid,2026-01-15,Three-Way Match,Approved
INV002161,PO002161,S0110,2026-07-30,2026-08-08,2026-11-06,16748455.84,INR,1.0,Paid,2026-11-06,Manual Review,Approved
INV002162,PO002162,S0068,2025-08-20,2025-09-10,2025-12-09,25310117.3,INR,1.0,Paid,2025-12-03,Three-Way Match,Pending
INV002163,PO002163,S0079,2025-07-01,2025-07-31,2025-09-29,4695227.86,INR,1.0,Partially Paid,,Three-Way Match,Approved
INV002164,PO002164,S0042,2026-05-22,2026-06-19,2026-09-17,19962326.49,INR,1.0,Overdue,,Manual Review,Pending
INV002165,PO002165,S0065,2025-01-16,2025-01-18,2025-04-18,10379319.6,INR,1.0,Paid,2025-04-18,Three-Way Match,Pending
INV002166,PO002166,S0086,2026-04-14,2026-05-06,2026-08-04,6388526.24,INR,1.0,Pending,,Manual Review,Approved
INV002167,PO002167,S0119,2026-01-03,2026-01-14,2026-04-14,26207112.52,INR,1.0,Paid,2026-04-05,Manual Review,Approved
INV002168,PO002168,S0107,2026-02-20,2026-03-25,2026-05-24,61973363.22,INR,1.0,Pending,,Manual Review,Approved
INV002169,PO002169,S0040,2025-09-02,2025-09-11,2025-12-10,708645.0,INR,1.0,Paid,2025-12-09,Three-Way Match,Approved
INV002170,PO002170,S0122,2025-08-03,2025-08-07,2025-09-21,11148287.29,INR,1.0,Pending,,Three-Way Match,Approved
INV002171,PO002171,S0107,2026-02-11,2026-03-16,2026-06-14,9360904.54,INR,1.0,Paid,2026-06-12,Manual Review,Pending
INV002172,PO002172,S0041,2026-05-18,2026-06-01,2026-07-31,15561363.04,INR,1.0,Pending,,Three-Way Match,Approved
INV002173,PO002173,S0014,2025-01-23,2025-02-16,2025-04-02,13040661.48,INR,1.0,Overdue,,Three-Way Match,Pending
INV002174,PO002174,S0107,2025-07-22,2025-08-19,2025-10-03,37402714.53,INR,1.0,Paid,2025-10-01,Three-Way Match,Pending
INV002175,PO002175,S0034,2025-04-29,2025-05-29,2025-08-27,22816407.7,INR,1.0,Overdue,,Three-Way Match,Approved
INV002176,PO002176,S0014,2025-03-10,2025-03-31,2025-05-15,9726838.88,INR,1.0,Paid,2025-05-07,Manual Review,Approved
INV002177,PO002177,S0042,2025-03-02,2025-04-02,2025-06-01,35915196.81,INR,1.0,Overdue,,Three-Way Match,Approved
INV002178,PO002178,S0120,2025-12-19,2026-01-28,2026-04-28,62293053.51,INR,1.0,Paid,2026-04-22,Manual Review,Pending
INV002179,PO002179,S0063,2026-04-10,2026-04-21,2026-07-20,41476612.92,INR,1.0,Pending,,Three-Way Match,Approved
INV002180,PO002180,S0098,2026-02-20,2026-03-03,2026-04-17,27228003.34,INR,1.0,Paid,2026-04-13,Three-Way Match,Approved
INV002181,PO002181,S0038,2025-11-11,2025-11-15,2025-12-15,21854752.2,INR,1.0,Paid,2025-12-14,Three-Way Match,Approved
INV002182,PO002182,S0033,2025-05-21,2025-05-27,2025-07-11,39854000.97,INR,1.0,Paid,2025-07-04,Manual Review,Approved
INV002183,PO002183,S0031,2025-04-07,2025-05-06,2025-08-04,1195828.35,INR,1.0,Pending,,Three-Way Match,Approved
INV002184,PO002184,S0121,2025-04-27,2025-05-19,2025-08-17,21408326.67,INR,1.0,Paid,2025-08-08,Three-Way Match,Approved
INV002185,PO002185,S0047,2026-03-28,2026-05-03,2026-06-02,4801997.42,INR,1.0,Paid,2026-06-02,Three-Way Match,Approved
INV002186,PO002186,S0101,2025-11-15,2025-11-21,2026-01-05,35032253.17,INR,1.0,Paid,2025-12-29,Three-Way Match,Approved
INV002187,PO002187,S0004,2026-04-24,2026-05-12,2026-08-10,19720184.58,INR,1.0,Paid,2026-08-03,Three-Way Match,Approved
INV002188,PO002188,S0058,2025-04-23,2025-06-02,2025-08-31,70626383.11,INR,1.0,Partially Paid,,Three-Way Match,Approved
INV002189,PO002189,S0043,2026-06-04,2026-06-20,2026-07-20,15897645.34,INR,1.0,Paid,2026-07-19,Three-Way Match,Approved
INV002190,PO002190,S0084,2025-01-08,2025-02-06,2025-05-07,1703695.08,INR,1.0,Paid,2025-04-28,Manual Review,Approved
INV002191,PO002191,S0092,2025-12-22,2026-01-01,2026-03-02,27949333.57,INR,1.0,Paid,2026-02-21,Manual Review,Approved
INV002192,PO002192,S0030,2025-11-06,2025-11-14,2026-02-12,51208376.15,INR,1.0,Paid,2026-02-03,Manual Review,Approved
INV002193,PO002193,S0016,2025-11-14,2025-12-14,2026-01-13,60473201.31,INR,1.0,Overdue,,Three-Way Match,Approved
INV002194,PO002194,S0081,2025-08-14,2025-08-31,2025-11-29,56693206.32,INR,1.0,Paid,2025-11-28,Manual Review,Approved
INV002195,PO002195,S0001,2025-01-26,2025-02-09,2025-05-10,35622872.37,INR,1.0,Paid,2025-05-04,Three-Way Match,Approved
INV002196,PO002196,S0043,2026-03-07,2026-03-23,2026-05-07,11946829.7,INR,1.0,Paid,2026-05-04,Three-Way Match,Approved
INV002197,PO002197,S0098,2025-04-18,2025-05-04,2025-06-18,2722648.35,INR,1.0,Partially Paid,,Three-Way Match,Approved
INV002198,PO002198,S0010,2025-11-15,2025-12-17,2026-01-16,5058449.91,INR,1.0,Paid,2026-01-11,Three-Way Match,Approved
INV002199,PO002199,S0047,2025-11-11,2025-12-15,2026-01-14,24215345.46,INR,1.0,Paid,2026-01-14,Three-Way Match,Approved
INV002200,PO002200,S0115,2025-12-31,2026-01-22,2026-03-08,25812175.87,INR,1.0,Paid,2026-03-07,Three-Way Match,Pending
INV002201,PO002201,S0117,2026-03-17,2026-04-10,2026-06-09,6405047.36,INR,1.0,Paid,2026-06-05,Three-Way Match,Approved
INV002202,PO002202,S0054,2025-03-10,2025-03-26,2025-04-25,7340282.59,INR,1.0,Paid,2025-04-17,Three-Way Match,Pending
INV002203,PO002203,S0047,2026-04-26,2026-05-26,2026-07-25,15838655.17,INR,1.0,Pending,,Three-Way Match,Pending
INV002204,PO002204,S0041,2025-05-18,2025-05-30,2025-07-14,11157670.46,INR,1.0,Paid,2025-07-05,Manual Review,Approved
INV002205,PO002205,S0048,2026-04-04,2026-04-25,2026-07-24,18644831.0,INR,1.0,Pending,,Manual Review,Approved
INV002206,PO002206,S0052,2026-02-25,2026-03-19,2026-05-03,42620464.71,INR,1.0,Pending,,Three-Way Match,Approved
INV002207,PO002207,S0096,2025-12-30,2026-02-03,2026-04-04,2797311.45,INR,1.0,Pending,,Three-Way Match,Approved
INV002208,PO002208,S0049,2025-02-23,2025-03-10,2025-04-09,7702557.73,INR,1.0,Paid,2025-04-07,Three-Way Match,Approved
INV002209,PO002209,S0037,2025-05-05,2025-06-13,2025-08-12,12947096.9,INR,1.0,Paid,2025-08-04,Three-Way Match,Approved
INV002210,PO002210,S0011,2025-04-12,2025-05-12,2025-06-26,9579679.49,INR,1.0,Paid,2025-06-16,Manual Review,Approved
INV002211,PO002211,S0098,2025-08-16,2025-08-24,2025-11-22,31815426.39,INR,1.0,Pending,,Manual Review,Approved
INV002212,PO002212,S0067,2025-06-28,2025-07-13,2025-09-11,41370585.09,INR,1.0,Paid,2025-09-11,Three-Way Match,Pending
INV002213,PO002213,S0085,2025-11-29,2025-12-08,2026-03-08,17432371.87,INR,1.0,Paid,2026-03-08,Three-Way Match,Approved
INV002214,PO002214,S0029,2025-05-22,2025-06-21,2025-08-20,44259678.4,INR,1.0,Paid,2025-08-17,Three-Way Match,Approved
INV002215,PO002215,S0113,2026-02-12,2026-02-22,2026-03-24,39810063.95,INR,1.0,Overdue,,Three-Way Match,Approved
INV002216,PO002216,S0065,2026-07-19,2026-07-26,2026-08-25,8826022.8,INR,1.0,Paid,2026-08-23,Three-Way Match,Pending
INV002217,PO002217,S0011,2026-05-03,2026-06-03,2026-09-01,38731038.8,INR,1.0,Paid,2026-08-27,Manual Review,Pending
INV002218,PO002218,S0001,2025-01-22,2025-02-03,2025-04-04,66193258.22,INR,1.0,Pending,,Three-Way Match,Approved
INV002219,PO002219,S0107,2025-06-12,2025-07-10,2025-09-08,71887305.51,INR,1.0,Paid,2025-09-05,Manual Review,Pending
INV002220,PO002220,S0001,2025-04-11,2025-04-30,2025-06-14,28383910.71,INR,1.0,Paid,2025-06-12,Three-Way Match,Approved
INV002221,PO002221,S0008,2026-03-19,2026-03-30,2026-05-14,16606714.41,INR,1.0,Pending,,Manual Review,Approved
INV002222,PO002222,S0081,2025-04-26,2025-05-16,2025-08-14,24476118.74,INR,1.0,Partially Paid,,Three-Way Match,Approved
INV002223,PO002223,S0091,2026-07-03,2026-07-22,2026-09-05,38742878.35,INR,1.0,Paid,2026-09-05,Manual Review,Approved
INV002224,PO002224,S0096,2026-05-27,2026-06-24,2026-09-22,16595199.98,INR,1.0,Paid,2026-09-16,Manual Review,Pending
INV002225,PO002225,S0066,2025-02-05,2025-03-02,2025-04-16,20731281.42,INR,1.0,Pending,,Manual Review,Pending
INV002226,PO002226,S0079,2025-06-06,2025-07-18,2025-09-01,43241857.1,INR,1.0,Paid,2025-08-25,Three-Way Match,Pending
INV002227,PO002227,S0049,2025-10-15,2025-11-01,2026-01-30,7162833.27,INR,1.0,Paid,2026-01-27,Three-Way Match,Pending
INV002228,PO002228,S0032,2025-12-06,2025-12-16,2026-01-30,53129128.52,INR,1.0,Paid,2026-01-28,Three-Way Match,Approved
INV002229,PO002229,S0026,2026-05-29,2026-06-19,2026-09-17,10391158.98,INR,1.0,Paid,2026-09-07,Three-Way Match,Pending
INV002230,PO002230,S0038,2025-08-31,2025-09-09,2025-12-08,2239001.9,INR,1.0,Pending,,Three-Way Match,Approved
INV002231,PO002231,S0025,2025-06-17,2025-07-22,2025-08-21,10768926.55,INR,1.0,Paid,2025-08-12,Three-Way Match,Approved
INV002232,PO002232,S0065,2025-06-18,2025-06-24,2025-08-08,19486026.34,INR,1.0,Paid,2025-07-31,Three-Way Match,Approved
INV002233,PO002233,S0019,2026-04-17,2026-05-14,2026-08-12,2094848.41,INR,1.0,Overdue,,Manual Review,Approved
INV002234,PO002234,S0116,2026-01-24,2026-02-27,2026-04-28,13551633.21,INR,1.0,Overdue,,Manual Review,Pending
INV002235,PO002235,S0054,2025-05-16,2025-06-01,2025-07-31,4328208.45,INR,1.0,Partially Paid,,Three-Way Match,Approved
INV002236,PO002236,S0054,2026-01-12,2026-02-03,2026-05-04,3080658.54,INR,1.0,Paid,2026-05-01,Manual Review,Approved
INV002237,PO002237,S0103,2025-12-31,2026-01-31,2026-03-02,31350738.87,INR,1.0,Pending,,Three-Way Match,Approved
INV002238,PO002238,S0124,2026-06-07,2026-06-29,2026-09-27,37406751.25,INR,1.0,Paid,2026-09-24,Three-Way Match,Approved
INV002239,PO002239,S0054,2025-09-16,2025-10-06,2025-11-20,3052839.21,INR,1.0,Partially Paid,,Manual Review,Approved
INV002240,PO002240,S0019,2025-05-24,2025-06-21,2025-08-05,39342882.5,INR,1.0,Paid,2025-08-03,Manual Review,Approved
INV002241,PO002241,S0110,2025-06-19,2025-06-27,2025-07-27,33981748.83,INR,1.0,Paid,2025-07-24,Manual Review,Pending
INV002242,PO002242,S0003,2025-12-15,2025-12-26,2026-02-24,40636341.32,INR,1.0,Paid,2026-02-17,Three-Way Match,Approved
INV002243,PO002243,S0005,2025-04-17,2025-04-24,2025-06-08,43217940.12,INR,1.0,Paid,2025-06-01,Three-Way Match,Approved
INV002244,PO002244,S0122,2025-07-27,2025-08-04,2025-11-02,12007786.19,INR,1.0,Overdue,,Three-Way Match,Pending
INV002245,PO002245,S0013,2025-12-03,2025-12-30,2026-03-30,35169118.62,INR,1.0,Paid,2026-03-27,Three-Way Match,Approved
INV002246,PO002246,S0124,2025-05-21,2025-06-14,2025-07-29,22157407.89,INR,1.0,Paid,2025-07-28,Three-Way Match,Approved
INV002247,PO002247,S0038,2026-02-24,2026-03-06,2026-04-20,60065083.79,INR,1.0,Overdue,,Three-Way Match,Approved
INV002248,PO002248,S0022,2025-04-22,2025-05-07,2025-07-06,3348349.39,INR,1.0,Paid,2025-07-04,Three-Way Match,Approved
INV002249,PO002249,S0113,2025-05-13,2025-05-19,2025-07-03,34483160.0,INR,1.0,Paid,2025-07-02,Manual Review,Pending
INV002250,PO002250,S0110,2025-10-10,2025-10-16,2025-11-15,1208681.17,INR,1.0,Paid,2025-11-15,Manual Review,Approved
INV002251,PO002251,S0062,2025-05-02,2025-05-10,2025-06-09,3888939.94,INR,1.0,Overdue,,Three-Way Match,Approved
INV002252,PO002252,S0121,2025-12-24,2026-01-09,2026-02-08,4265303.53,INR,1.0,Pending,,Three-Way Match,Approved
INV002253,PO002253,S0004,2025-03-16,2025-04-04,2025-05-04,24002496.6,INR,1.0,Pending,,Three-Way Match,Approved
INV002254,PO002254,S0031,2026-05-03,2026-05-21,2026-06-20,16314940.99,INR,1.0,Paid,2026-06-11,Manual Review,Approved
INV002255,PO002255,S0056,2025-12-31,2026-02-01,2026-04-02,40750100.19,INR,1.0,Paid,2026-04-02,Manual Review,Approved
INV002256,PO002256,S0124,2026-07-05,2026-08-03,2026-09-17,4862155.56,INR,1.0,Pending,,Three-Way Match,Approved
INV002257,PO002257,S0086,2025-10-17,2025-11-15,2026-01-14,80991786.93,INR,1.0,Paid,2026-01-11,Three-Way Match,Approved
INV002258,PO002258,S0006,2025-03-18,2025-03-21,2025-05-20,52326794.5,INR,1.0,Paid,2025-05-11,Three-Way Match,Pending
INV002259,PO002259,S0029,2026-01-05,2026-02-07,2026-03-09,2142306.34,INR,1.0,Paid,2026-03-05,Three-Way Match,Pending
INV002260,PO002260,S0072,2025-12-23,2026-01-16,2026-04-16,57954301.26,INR,1.0,Paid,2026-04-12,Three-Way Match,Approved
INV002261,PO002261,S0050,2025-05-01,2025-05-13,2025-07-12,7341868.8,INR,1.0,Overdue,,Manual Review,Approved
INV002262,PO002262,S0024,2025-03-01,2025-04-03,2025-06-02,14439659.65,INR,1.0,Paid,2025-05-28,Three-Way Match,Approved
INV002263,PO002263,S0116,2025-01-04,2025-02-05,2025-03-22,5852293.54,INR,1.0,Pending,,Three-Way Match,Pending
INV002264,PO002264,S0027,2026-04-19,2026-05-05,2026-07-04,3873294.72,INR,1.0,Overdue,,Manual Review,Approved
INV002265,PO002265,S0079,2026-06-27,2026-07-25,2026-08-24,19832087.84,INR,1.0,Paid,2026-08-14,Three-Way Match,Approved
INV002266,PO002266,S0046,2026-04-27,2026-06-02,2026-08-31,41843595.26,INR,1.0,Pending,,Three-Way Match,Approved
INV002267,PO002267,S0102,2025-03-15,2025-04-13,2025-06-12,33083908.54,INR,1.0,Pending,,Three-Way Match,Approved
INV002268,PO002268,S0018,2026-04-29,2026-05-14,2026-06-28,14467698.26,INR,1.0,Paid,2026-06-22,Manual Review,Approved
INV002269,PO002269,S0095,2025-07-17,2025-08-18,2025-09-17,2515749.12,INR,1.0,Paid,2025-09-16,Manual Review,Pending
INV002270,PO002270,S0083,2026-03-20,2026-04-10,2026-05-25,74197066.62,INR,1.0,Paid,2026-05-24,Three-Way Match,Approved
INV002271,PO002271,S0036,2025-06-26,2025-07-17,2025-08-16,608129.78,INR,1.0,Paid,2025-08-12,Three-Way Match,Pending
INV002272,PO002272,S0124,2025-02-21,2025-03-17,2025-05-16,7586354.43,INR,1.0,Pending,,Three-Way Match,Pending
INV002273,PO002273,S0050,2025-07-08,2025-07-27,2025-10-25,39202661.77,INR,1.0,Partially Paid,,Manual Review,Approved
INV002274,PO002274,S0047,2025-05-01,2025-06-06,2025-07-06,2071487.06,INR,1.0,Paid,2025-06-26,Three-Way Match,Approved
INV002275,PO002275,S0092,2025-03-04,2025-03-17,2025-05-01,61168237.27,INR,1.0,Pending,,Manual Review,Pending
INV002276,PO002276,S0032,2026-07-01,2026-07-10,2026-08-09,67976996.46,INR,1.0,Paid,2026-08-09,Three-Way Match,Approved
INV002277,PO002277,S0024,2026-06-03,2026-07-04,2026-09-02,15394818.89,INR,1.0,Paid,2026-08-27,Three-Way Match,Approved
INV002278,PO002278,S0125,2025-11-20,2025-12-23,2026-01-22,21429977.89,INR,1.0,Pending,,Three-Way Match,Approved
INV002279,PO002279,S0017,2026-05-05,2026-06-07,2026-08-06,45728294.6,INR,1.0,Paid,2026-07-31,Three-Way Match,Pending
INV002280,PO002280,S0039,2026-05-25,2026-06-11,2026-09-09,49297373.26,INR,1.0,Paid,2026-09-03,Three-Way Match,Pending
INV002281,PO002281,S0082,2025-11-25,2025-12-02,2026-01-16,18419834.8,INR,1.0,Paid,2026-01-11,Three-Way Match,Approved
INV002282,PO002282,S0076,2025-07-24,2025-08-20,2025-10-04,793897.05,INR,1.0,Paid,2025-09-25,Three-Way Match,Approved
INV002283,PO002283,S0077,2025-09-22,2025-10-19,2025-12-18,1426060.77,INR,1.0,Paid,2025-12-16,Manual Review,Pending
INV002284,PO002284,S0009,2025-04-22,2025-05-04,2025-08-02,8592691.09,INR,1.0,Overdue,,Three-Way Match,Pending
INV002285,PO002285,S0005,2026-07-10,2026-07-21,2026-08-20,1509678.48,INR,1.0,Pending,,Manual Review,Approved
INV002286,PO002286,S0108,2026-07-01,2026-07-28,2026-09-26,19393117.08,INR,1.0,Pending,,Three-Way Match,Approved
INV002287,PO002287,S0080,2026-02-23,2026-03-18,2026-06-16,34051522.16,INR,1.0,Paid,2026-06-09,Manual Review,Approved
INV002288,PO002288,S0042,2026-03-21,2026-04-13,2026-07-12,14043957.64,INR,1.0,Paid,2026-07-04,Three-Way Match,Pending
INV002289,PO002289,S0005,2025-06-25,2025-07-12,2025-10-10,10687489.17,INR,1.0,Paid,2025-10-09,Manual Review,Pending
INV002290,PO002290,S0085,2025-09-30,2025-10-06,2025-11-05,29800024.88,INR,1.0,Overdue,,Manual Review,Approved
INV002291,PO002291,S0040,2025-11-08,2025-11-14,2026-01-13,10749558.41,INR,1.0,Paid,2026-01-05,Three-Way Match,Approved
INV002292,PO002292,S0046,2025-03-16,2025-04-16,2025-05-16,56033093.82,INR,1.0,Paid,2025-05-09,Three-Way Match,Approved
INV002293,PO002293,S0021,2025-09-22,2025-10-08,2026-01-06,2432003.2,INR,1.0,Paid,2025-12-29,Three-Way Match,Pending
INV002294,PO002294,S0080,2025-07-06,2025-08-03,2025-09-17,36789431.39,INR,1.0,Paid,2025-09-12,Three-Way Match,Approved
INV002295,PO002295,S0018,2026-01-02,2026-01-22,2026-02-21,32130059.65,INR,1.0,Paid,2026-02-20,Manual Review,Approved
INV002296,PO002296,S0021,2025-01-13,2025-01-18,2025-04-18,3678787.49,INR,1.0,Paid,2025-04-10,Manual Review,Approved
INV002297,PO002297,S0027,2026-06-04,2026-06-25,2026-08-09,12412826.92,INR,1.0,Paid,2026-08-05,Three-Way Match,Pending
INV002298,PO002298,S0074,2026-07-30,2026-08-29,2026-10-13,27435854.15,INR,1.0,Paid,2026-10-05,Three-Way Match,Approved
INV002299,PO002299,S0043,2026-01-09,2026-01-29,2026-03-30,154798.62,INR,1.0,Paid,2026-03-23,Manual Review,Pending
INV002300,PO002300,S0043,2026-03-04,2026-03-19,2026-04-18,20800659.56,INR,1.0,Paid,2026-04-15,Three-Way Match,Approved
INV002301,PO002301,S0021,2025-08-14,2025-08-22,2025-10-21,12265499.47,INR,1.0,Paid,2025-10-11,Three-Way Match,Approved
INV002302,PO002302,S0036,2025-04-03,2025-04-21,2025-06-05,19345804.81,INR,1.0,Paid,2025-06-02,Manual Review,Approved
INV002303,PO002303,S0017,2025-04-22,2025-05-26,2025-08-24,46830910.55,INR,1.0,Paid,2025-08-19,Three-Way Match,Pending
INV002304,PO002304,S0069,2025-01-04,2025-01-19,2025-02-18,21311964.54,INR,1.0,Paid,2025-02-10,Manual Review,Approved
INV002305,PO002305,S0027,2025-10-12,2025-10-22,2025-12-06,7355293.56,INR,1.0,Paid,2025-11-26,Three-Way Match,Approved
INV002306,PO002306,S0117,2025-11-10,2025-12-12,2026-01-26,1726180.7,INR,1.0,Paid,2026-01-20,Three-Way Match,Pending
INV002307,PO002307,S0057,2025-09-30,2025-10-21,2025-12-05,31420064.36,INR,1.0,Paid,2025-12-04,Manual Review,Pending
INV002308,PO002308,S0048,2026-05-09,2026-05-30,2026-07-14,52445258.18,INR,1.0,Overdue,,Manual Review,Approved
INV002309,PO002309,S0117,2025-02-06,2025-02-28,2025-03-30,18485865.19,INR,1.0,Paid,2025-03-22,Three-Way Match,Approved
INV002310,PO002310,S0064,2025-07-18,2025-08-17,2025-09-16,27684333.15,INR,1.0,Paid,2025-09-11,Manual Review,Approved
INV002311,PO002311,S0108,2026-04-10,2026-05-10,2026-08-08,81809942.67,INR,1.0,Paid,2026-08-07,Three-Way Match,Approved
INV002312,PO002312,S0091,2025-04-06,2025-05-03,2025-06-02,40337358.48,INR,1.0,Paid,2025-06-02,Manual Review,Pending
INV002313,PO002313,S0018,2026-01-06,2026-01-22,2026-04-22,10387386.21,INR,1.0,Pending,,Manual Review,Approved
INV002314,PO002314,S0074,2026-06-26,2026-07-15,2026-09-13,2674493.07,INR,1.0,Paid,2026-09-09,Manual Review,Approved
INV002315,PO002315,S0115,2025-04-30,2025-05-29,2025-06-28,17063218.78,INR,1.0,Overdue,,Three-Way Match,Pending
INV002316,PO002316,S0045,2026-06-19,2026-07-01,2026-08-15,8525263.88,INR,1.0,Overdue,,Three-Way Match,Pending
INV002317,PO002317,S0064,2025-08-22,2025-09-18,2025-11-02,48594862.32,INR,1.0,Paid,2025-10-28,Three-Way Match,Pending
INV002318,PO002318,S0087,2025-08-31,2025-09-20,2025-11-19,11741293.15,INR,1.0,Partially Paid,,Manual Review,Approved
INV002319,PO002319,S0008,2025-11-03,2025-11-15,2025-12-30,52542476.0,INR,1.0,Pending,,Manual Review,Approved
INV002320,PO002320,S0046,2025-02-15,2025-03-15,2025-05-14,45622878.52,INR,1.0,Paid,2025-05-04,Manual Review,Approved
INV002321,PO002321,S0113,2026-07-12,2026-07-22,2026-10-20,10509062.74,INR,1.0,Pending,,Three-Way Match,Approved
INV002322,PO002322,S0017,2025-09-30,2025-10-28,2025-11-27,17512897.42,INR,1.0,Pending,,Manual Review,Approved
INV002323,PO002323,S0037,2025-12-21,2026-02-01,2026-04-02,24749056.07,INR,1.0,Pending,,Three-Way Match,Pending
INV002324,PO002324,S0030,2025-04-23,2025-05-09,2025-06-23,22196443.64,INR,1.0,Partially Paid,,Manual Review,Approved
INV002325,PO002325,S0074,2025-11-13,2025-12-07,2026-03-07,24886009.5,INR,1.0,Paid,2026-03-01,Three-Way Match,Pending
INV002326,PO002326,S0001,2026-01-27,2026-02-09,2026-05-10,75709638.54,INR,1.0,Pending,,Manual Review,Approved
INV002327,PO002327,S0073,2026-07-06,2026-07-14,2026-10-12,16890639.98,INR,1.0,Paid,2026-10-08,Three-Way Match,Approved
INV002328,PO002328,S0066,2025-12-12,2026-01-05,2026-02-19,32394367.71,INR,1.0,Partially Paid,,Three-Way Match,Approved
INV002329,PO002329,S0068,2026-02-16,2026-03-13,2026-05-12,3198269.96,INR,1.0,Paid,2026-05-04,Three-Way Match,Approved
INV002330,PO002330,S0043,2026-06-02,2026-06-23,2026-09-21,43922828.94,INR,1.0,Paid,2026-09-12,Manual Review,Approved
INV002331,PO002331,S0018,2025-02-15,2025-03-09,2025-05-08,1319378.78,INR,1.0,Paid,2025-05-01,Manual Review,Approved
INV002332,PO002332,S0026,2025-06-19,2025-07-12,2025-09-10,19388636.13,INR,1.0,Paid,2025-09-06,Three-Way Match,Approved
INV002333,PO002333,S0033,2025-08-02,2025-08-24,2025-10-08,52650839.27,INR,1.0,Paid,2025-09-30,Three-Way Match,Approved
INV002334,PO002334,S0112,2026-01-07,2026-02-09,2026-03-26,60430246.95,INR,1.0,Paid,2026-03-17,Three-Way Match,Approved
INV002335,PO002335,S0016,2025-03-26,2025-04-27,2025-05-27,23151961.61,INR,1.0,Paid,2025-05-21,Three-Way Match,Pending
INV002336,PO002336,S0057,2026-03-06,2026-04-01,2026-05-01,45832462.2,INR,1.0,Paid,2026-04-22,Manual Review,Approved
INV002337,PO002337,S0033,2025-04-21,2025-04-28,2025-06-27,7422851.28,INR,1.0,Pending,,Manual Review,Approved
INV002338,PO002338,S0081,2026-01-29,2026-02-19,2026-03-21,24055627.92,INR,1.0,Paid,2026-03-18,Three-Way Match,Approved
INV002339,PO002339,S0037,2025-03-01,2025-04-02,2025-07-01,41263822.32,INR,1.0,Pending,,Three-Way Match,Pending
INV002340,PO002340,S0080,2025-01-18,2025-02-14,2025-03-16,28134943.95,INR,1.0,Paid,2025-03-07,Three-Way Match,Approved
INV002341,PO002341,S0025,2025-12-12,2026-01-15,2026-02-14,38292725.79,INR,1.0,Pending,,Manual Review,Approved
INV002342,PO002342,S0021,2025-04-07,2025-04-18,2025-06-02,70172258.56,INR,1.0,Pending,,Three-Way Match,Pending
INV002343,PO002343,S0083,2026-03-15,2026-04-01,2026-05-01,36727683.76,INR,1.0,Paid,2026-04-29,Three-Way Match,Approved
INV002344,PO002344,S0072,2025-07-11,2025-08-08,2025-09-22,21188377.01,INR,1.0,Paid,2025-09-13,Three-Way Match,Approved
INV002345,PO002345,S0085,2026-02-12,2026-02-20,2026-04-21,23500044.06,INR,1.0,Partially Paid,,Three-Way Match,Approved
INV002346,PO002346,S0056,2025-04-04,2025-05-16,2025-06-30,51998286.63,INR,1.0,Paid,2025-06-27,Three-Way Match,Approved
INV002347,PO002347,S0075,2025-04-16,2025-05-15,2025-08-13,4799563.05,INR,1.0,Paid,2025-08-04,Three-Way Match,Approved
INV002348,PO002348,S0040,2026-05-02,2026-05-13,2026-08-11,765861.02,INR,1.0,Overdue,,Manual Review,Pending
INV002349,PO002349,S0037,2026-03-29,2026-05-05,2026-07-04,46388130.94,INR,1.0,Paid,2026-06-27,Three-Way Match,Approved
INV002350,PO002350,S0116,2025-01-26,2025-02-28,2025-04-14,24167105.77,INR,1.0,Paid,2025-04-14,Three-Way Match,Approved
INV002351,PO002351,S0006,2025-05-31,2025-06-16,2025-07-16,49867276.0,INR,1.0,Paid,2025-07-15,Three-Way Match,Approved
INV002352,PO002352,S0103,2025-02-14,2025-03-10,2025-04-24,7215951.17,INR,1.0,Pending,,Three-Way Match,Approved
INV002353,PO002353,S0042,2026-03-31,2026-04-22,2026-06-06,24575596.21,INR,1.0,Paid,2026-06-05,Three-Way Match,Approved
INV002354,PO002354,S0104,2025-12-24,2026-01-27,2026-03-13,10976522.08,INR,1.0,Pending,,Three-Way Match,Approved
INV002355,PO002355,S0109,2025-11-09,2025-12-09,2026-03-09,13724297.32,INR,1.0,Overdue,,Three-Way Match,Pending
INV002356,PO002356,S0028,2026-03-03,2026-03-15,2026-04-14,33591926.23,INR,1.0,Overdue,,Three-Way Match,Approved
INV002357,PO002357,S0104,2026-03-12,2026-04-10,2026-07-09,17216780.94,INR,1.0,Paid,2026-07-03,Three-Way Match,Approved
INV002358,PO002358,S0092,2025-07-22,2025-08-10,2025-09-24,30488042.02,INR,1.0,Paid,2025-09-21,Manual Review,Approved
INV002359,PO002359,S0039,2026-03-06,2026-03-26,2026-04-25,23296002.25,INR,1.0,Pending,,Three-Way Match,Pending
INV002360,PO002360,S0074,2026-06-27,2026-07-11,2026-08-10,10752635.0,INR,1.0,Paid,2026-08-10,Manual Review,Approved
INV002361,PO002361,S0104,2025-08-13,2025-09-09,2025-12-08,38954927.27,INR,1.0,Pending,,Three-Way Match,Approved
INV002362,PO002362,S0047,2026-05-11,2026-06-19,2026-09-17,24425999.03,INR,1.0,Paid,2026-09-16,Three-Way Match,Pending
INV002363,PO002363,S0066,2025-12-21,2026-01-23,2026-03-09,47999537.12,INR,1.0,Paid,2026-03-06,Manual Review,Pending
INV002364,PO002364,S0104,2025-04-09,2025-05-07,2025-06-06,14495958.77,INR,1.0,Paid,2025-05-27,Three-Way Match,Pending
INV002365,PO002365,S0042,2025-07-20,2025-08-12,2025-10-11,6622964.62,INR,1.0,Paid,2025-10-10,Three-Way Match,Pending
INV002366,PO002366,S0010,2025-02-10,2025-03-05,2025-04-04,23260069.99,INR,1.0,Paid,2025-04-01,Three-Way Match,Approved
INV002367,PO002367,S0028,2025-05-06,2025-05-18,2025-07-02,41895901.45,INR,1.0,Paid,2025-06-27,Three-Way Match,Pending
INV002368,PO002368,S0101,2026-01-24,2026-02-03,2026-05-04,2541518.63,INR,1.0,Paid,2026-04-25,Three-Way Match,Approved
INV002369,PO002369,S0077,2026-04-24,2026-05-21,2026-06-20,18253828.22,INR,1.0,Paid,2026-06-16,Manual Review,Approved
INV002370,PO002370,S0055,2025-07-14,2025-08-11,2025-09-25,920315.75,INR,1.0,Pending,,Manual Review,Pending
INV002371,PO002371,S0032,2025-08-11,2025-08-20,2025-09-19,62741928.2,INR,1.0,Paid,2025-09-19,Three-Way Match,Approved
INV002372,PO002372,S0018,2025-07-14,2025-08-02,2025-10-01,2491629.54,INR,1.0,Paid,2025-09-28,Three-Way Match,Approved
INV002373,PO002373,S0069,2025-08-29,2025-09-07,2025-11-06,18018915.45,INR,1.0,Overdue,,Three-Way Match,Pending
INV002374,PO002374,S0125,2026-01-13,2026-02-20,2026-05-21,51761567.21,INR,1.0,Pending,,Manual Review,Approved
INV002375,PO002375,S0068,2025-12-02,2025-12-26,2026-02-09,5125521.41,INR,1.0,Paid,2026-02-06,Three-Way Match,Approved
INV002376,PO002376,S0078,2026-02-04,2026-03-05,2026-05-04,49723174.16,INR,1.0,Paid,2026-04-29,Three-Way Match,Approved
INV002377,PO002377,S0032,2026-03-20,2026-04-07,2026-07-06,55663958.65,INR,1.0,Paid,2026-06-30,Three-Way Match,Pending
INV002378,PO002378,S0116,2025-09-25,2025-11-01,2025-12-16,8446940.15,INR,1.0,Paid,2025-12-12,Manual Review,Pending
INV002379,PO002379,S0025,2026-06-09,2026-07-16,2026-08-15,5693112.16,INR,1.0,Paid,2026-08-12,Manual Review,Approved
INV002380,PO002380,S0006,2025-05-05,2025-05-15,2025-06-29,13949289.21,INR,1.0,Paid,2025-06-20,Three-Way Match,Approved
INV002381,PO002381,S0082,2026-07-09,2026-07-22,2026-08-21,25674106.28,INR,1.0,Overdue,,Manual Review,Approved
INV002382,PO002382,S0044,2025-09-23,2025-10-18,2025-11-17,22733284.61,INR,1.0,Overdue,,Three-Way Match,Pending
INV002383,PO002383,S0013,2026-06-10,2026-07-02,2026-08-01,864012.27,INR,1.0,Pending,,Three-Way Match,Approved
INV002384,PO002384,S0076,2025-09-16,2025-10-13,2025-11-27,31880290.05,INR,1.0,Paid,2025-11-18,Three-Way Match,Approved
INV002385,PO002385,S0123,2025-12-11,2026-01-10,2026-02-09,31426558.69,INR,1.0,Paid,2026-02-01,Three-Way Match,Approved
INV002386,PO002386,S0031,2025-06-14,2025-07-15,2025-08-29,23103649.4,INR,1.0,Pending,,Manual Review,Approved
INV002387,PO002387,S0037,2025-07-29,2025-08-31,2025-10-30,32559482.97,INR,1.0,Paid,2025-10-30,Manual Review,Pending
INV002388,PO002388,S0125,2026-07-21,2026-08-24,2026-09-23,21479135.09,INR,1.0,Paid,2026-09-23,Three-Way Match,Approved
INV002389,PO002389,S0068,2026-05-22,2026-06-06,2026-08-05,58375499.33,INR,1.0,Paid,2026-07-31,Three-Way Match,Approved
INV002390,PO002390,S0005,2025-09-23,2025-10-01,2025-10-31,23157177.08,INR,1.0,Paid,2025-10-21,Three-Way Match,Approved
INV002391,PO002391,S0064,2025-08-10,2025-09-05,2025-11-04,11592860.35,INR,1.0,Pending,,Manual Review,Pending
INV002392,PO002392,S0047,2025-01-30,2025-03-07,2025-06-05,6913556.3,INR,1.0,Paid,2025-05-29,Manual Review,Pending
INV002393,PO002393,S0096,2025-04-06,2025-05-06,2025-06-20,46478152.91,INR,1.0,Paid,2025-06-12,Three-Way Match,Approved
INV002394,PO002394,S0063,2026-01-08,2026-01-25,2026-04-25,33995871.51,INR,1.0,Paid,2026-04-22,Three-Way Match,Approved
INV002395,PO002395,S0039,2026-03-24,2026-04-18,2026-05-18,68817555.81,INR,1.0,Paid,2026-05-12,Three-Way Match,Approved
INV002396,PO002396,S0017,2026-05-31,2026-07-02,2026-09-30,14674824.17,INR,1.0,Paid,2026-09-23,Three-Way Match,Approved
INV002397,PO002397,S0091,2025-02-26,2025-03-15,2025-04-14,36983779.59,INR,1.0,Pending,,Manual Review,Approved
INV002398,PO002398,S0099,2026-01-29,2026-02-08,2026-03-10,18681978.1,INR,1.0,Paid,2026-03-03,Three-Way Match,Approved
INV002399,PO002399,S0088,2025-04-24,2025-05-24,2025-07-23,26007830.36,INR,1.0,Paid,2025-07-14,Three-Way Match,Approved
INV002400,PO002400,S0060,2026-02-09,2026-03-03,2026-05-02,26660959.88,INR,1.0,Paid,2026-04-23,Manual Review,Pending
INV002401,PO002401,S0102,2025-04-01,2025-05-13,2025-06-27,29656352.14,INR,1.0,Overdue,,Three-Way Match,Approved
INV002402,PO002402,S0033,2026-01-01,2026-01-14,2026-04-14,81902486.95,INR,1.0,Paid,2026-04-14,Three-Way Match,Pending
INV002403,PO002403,S0094,2025-09-26,2025-11-03,2025-12-18,3661323.61,INR,1.0,Paid,2025-12-16,Manual Review,Approved
INV002404,PO002404,S0002,2026-04-09,2026-05-02,2026-07-31,159477.93,INR,1.0,Partially Paid,,Three-Way Match,Approved
INV002405,PO002405,S0038,2025-10-09,2025-10-16,2025-11-15,53083692.55,INR,1.0,Paid,2025-11-08,Three-Way Match,Pending
INV002406,PO002406,S0089,2025-05-09,2025-05-30,2025-08-28,26795244.5,INR,1.0,Paid,2025-08-21,Three-Way Match,Pending
INV002407,PO002407,S0105,2026-01-12,2026-01-28,2026-02-27,7205899.36,INR,1.0,Paid,2026-02-20,Three-Way Match,Approved
INV002408,PO002408,S0017,2025-07-25,2025-08-31,2025-11-29,24242372.14,INR,1.0,Paid,2025-11-20,Three-Way Match,Approved
INV002409,PO002409,S0119,2025-08-25,2025-09-01,2025-10-31,5657755.35,INR,1.0,Paid,2025-10-22,Three-Way Match,Approved
INV002410,PO002410,S0004,2026-05-10,2026-05-23,2026-06-22,1499897.4,INR,1.0,Paid,2026-06-15,Three-Way Match,Pending
INV002411,PO002411,S0041,2026-06-15,2026-07-06,2026-09-04,4461925.42,INR,1.0,Paid,2026-09-02,Three-Way Match,Approved
INV002412,PO002412,S0109,2026-03-22,2026-04-21,2026-06-20,45294210.53,INR,1.0,Pending,,Three-Way Match,Pending
INV002413,PO002413,S0117,2025-10-17,2025-11-14,2025-12-29,84726831.09,INR,1.0,Paid,2025-12-24,Three-Way Match,Approved
INV002414,PO002414,S0003,2025-08-11,2025-08-29,2025-11-27,45637837.95,INR,1.0,Overdue,,Three-Way Match,Pending
INV002415,PO002415,S0057,2026-06-18,2026-07-11,2026-08-10,23788792.47,INR,1.0,Overdue,,Three-Way Match,Approved
INV002416,PO002416,S0068,2026-05-01,2026-05-16,2026-07-15,33430749.21,INR,1.0,Pending,,Three-Way Match,Pending
INV002417,PO002417,S0117,2025-05-24,2025-06-25,2025-07-25,36885146.17,INR,1.0,Pending,,Three-Way Match,Approved
INV002418,PO002418,S0058,2026-05-07,2026-06-13,2026-08-12,9822317.58,INR,1.0,Paid,2026-08-09,Three-Way Match,Approved
INV002419,PO002419,S0045,2025-03-31,2025-04-06,2025-06-05,63227410.81,INR,1.0,Paid,2025-06-04,Manual Review,Approved
INV002420,PO002420,S0050,2026-06-11,2026-06-20,2026-08-04,36241544.68,INR,1.0,Pending,,Three-Way Match,Approved
INV002421,PO002421,S0109,2025-03-14,2025-04-18,2025-06-17,11339557.91,INR,1.0,Partially Paid,,Three-Way Match,Approved
INV002422,PO002422,S0114,2025-07-23,2025-08-19,2025-10-18,748215.31,INR,1.0,Pending,,Three-Way Match,Approved
INV002423,PO002423,S0120,2025-01-20,2025-02-24,2025-04-10,42286058.23,INR,1.0,Paid,2025-04-04,Three-Way Match,Pending
INV002424,PO002424,S0105,2026-01-30,2026-02-10,2026-03-27,16300718.78,INR,1.0,Overdue,,Three-Way Match,Approved
INV002425,PO002425,S0038,2026-02-27,2026-03-11,2026-06-09,32139696.31,INR,1.0,Paid,2026-06-04,Manual Review,Approved
INV002426,PO002426,S0056,2025-10-13,2025-11-17,2026-01-16,15915621.36,INR,1.0,Paid,2026-01-08,Three-Way Match,Pending
INV002427,PO002427,S0117,2025-02-19,2025-03-22,2025-05-21,30836280.6,INR,1.0,Paid,2025-05-11,Manual Review,Approved
INV002428,PO002428,S0114,2025-02-15,2025-03-15,2025-06-13,12802578.29,INR,1.0,Pending,,Manual Review,Approved
INV002429,PO002429,S0113,2025-05-23,2025-05-26,2025-08-24,78187621.68,INR,1.0,Overdue,,Three-Way Match,Approved
INV002430,PO002430,S0006,2026-03-06,2026-03-11,2026-06-09,7512530.81,INR,1.0,Partially Paid,,Manual Review,Approved
INV002431,PO002431,S0057,2025-01-30,2025-02-10,2025-05-11,16675091.26,INR,1.0,Paid,2025-05-06,Three-Way Match,Approved
INV002432,PO002432,S0072,2025-05-31,2025-07-04,2025-08-18,25600056.16,INR,1.0,Paid,2025-08-09,Three-Way Match,Pending
INV002433,PO002433,S0108,2025-04-03,2025-04-29,2025-06-28,20674708.34,INR,1.0,Pending,,Manual Review,Approved
INV002434,PO002434,S0125,2025-12-02,2025-12-29,2026-02-27,76731363.35,INR,1.0,Paid,2026-02-20,Three-Way Match,Approved
INV002435,PO002435,S0100,2026-06-06,2026-07-19,2026-08-18,7665515.75,INR,1.0,Paid,2026-08-14,Three-Way Match,Approved
INV002436,PO002436,S0115,2025-10-26,2025-12-03,2026-01-02,6889004.95,INR,1.0,Paid,2025-12-30,Three-Way Match,Pending
INV002437,PO002437,S0040,2026-01-13,2026-01-24,2026-03-10,16308104.63,INR,1.0,Paid,2026-03-09,Three-Way Match,Pending
INV002438,PO002438,S0018,2026-05-08,2026-06-02,2026-07-02,28667902.56,INR,1.0,Overdue,,Three-Way Match,Pending
INV002439,PO002439,S0027,2025-01-09,2025-01-28,2025-02-27,46158294.32,INR,1.0,Paid,2025-02-17,Three-Way Match,Approved
INV002440,PO002440,S0066,2026-01-07,2026-02-09,2026-03-26,75059697.66,INR,1.0,Partially Paid,,Manual Review,Approved
INV002441,PO002441,S0001,2025-11-06,2025-11-26,2026-01-25,8088543.39,INR,1.0,Paid,2026-01-18,Three-Way Match,Approved
INV002442,PO002442,S0110,2026-02-12,2026-02-18,2026-05-19,19307834.75,INR,1.0,Overdue,,Three-Way Match,Approved
INV002443,PO002443,S0041,2026-07-19,2026-08-01,2026-10-30,1664075.03,INR,1.0,Pending,,Three-Way Match,Pending
INV002444,PO002444,S0007,2026-04-24,2026-05-20,2026-07-04,17265858.12,INR,1.0,Pending,,Manual Review,Approved
INV002445,PO002445,S0105,2025-09-18,2025-09-27,2025-11-11,42836799.46,INR,1.0,Paid,2025-11-02,Three-Way Match,Approved
INV002446,PO002446,S0122,2026-01-05,2026-01-11,2026-03-12,24282208.46,INR,1.0,Paid,2026-03-02,Three-Way Match,Approved
INV002447,PO002447,S0006,2025-04-22,2025-04-27,2025-07-26,9251882.8,INR,1.0,Paid,2025-07-22,Three-Way Match,Approved
INV002448,PO002448,S0028,2025-12-23,2025-12-31,2026-02-14,28047389.4,INR,1.0,Paid,2026-02-11,Manual Review,Pending
INV002449,PO002449,S0111,2025-08-21,2025-09-05,2025-10-05,68021921.2,INR,1.0,Paid,2025-09-25,Manual Review,Approved
INV002450,PO002450,S0121,2025-01-11,2025-02-10,2025-03-27,2357564.59,INR,1.0,Paid,2025-03-22,Manual Review,Approved
INV002451,PO002451,S0030,2026-02-27,2026-03-13,2026-04-27,7778551.91,INR,1.0,Paid,2026-04-22,Three-Way Match,Approved
INV002452,PO002452,S0041,2025-03-20,2025-04-10,2025-05-25,10314571.17,INR,1.0,Pending,,Manual Review,Pending
INV002453,PO002453,S0043,2026-06-24,2026-07-10,2026-08-09,5050261.46,INR,1.0,Pending,,Three-Way Match,Pending
INV002454,PO002454,S0020,2025-02-10,2025-03-08,2025-06-06,13652470.53,INR,1.0,Overdue,,Three-Way Match,Approved
INV002455,PO002455,S0037,2026-04-25,2026-06-01,2026-07-16,7004720.73,INR,1.0,Paid,2026-07-09,Three-Way Match,Approved
INV002456,PO002456,S0087,2025-03-08,2025-03-31,2025-05-15,11004207.81,INR,1.0,Paid,2025-05-08,Manual Review,Approved
INV002457,PO002457,S0067,2025-12-21,2026-01-04,2026-03-05,5565803.62,INR,1.0,Paid,2026-02-27,Manual Review,Pending
INV002458,PO002458,S0012,2026-07-09,2026-08-12,2026-09-11,49335488.86,INR,1.0,Pending,,Three-Way Match,Approved
INV002459,PO002459,S0083,2025-01-31,2025-02-15,2025-03-17,11532968.68,INR,1.0,Overdue,,Three-Way Match,Approved
INV002460,PO002460,S0123,2025-12-24,2026-01-20,2026-03-06,1851543.96,INR,1.0,Pending,,Three-Way Match,Approved
INV002461,PO002461,S0062,2026-05-06,2026-05-12,2026-06-26,12926651.01,INR,1.0,Paid,2026-06-21,Three-Way Match,Pending
INV002462,PO002462,S0039,2025-11-18,2025-12-15,2026-03-15,14682552.85,INR,1.0,Paid,2026-03-05,Three-Way Match,Approved
INV002463,PO002463,S0013,2026-02-24,2026-03-25,2026-06-23,2048260.13,INR,1.0,Partially Paid,,Manual Review,Approved
INV002464,PO002464,S0001,2025-02-12,2025-02-28,2025-04-14,21496591.58,INR,1.0,Paid,2025-04-08,Three-Way Match,Approved
INV002465,PO002465,S0112,2025-12-25,2026-01-27,2026-03-28,23951824.65,INR,1.0,Paid,2026-03-27,Three-Way Match,Pending
INV002466,PO002466,S0046,2026-05-11,2026-06-12,2026-09-10,45124582.7,INR,1.0,Pending,,Manual Review,Approved
INV002467,PO002467,S0061,2025-06-29,2025-07-13,2025-09-11,53502179.54,INR,1.0,Partially Paid,,Three-Way Match,Approved
INV002468,PO002468,S0089,2025-10-06,2025-10-31,2026-01-29,33816300.51,INR,1.0,Paid,2026-01-28,Three-Way Match,Pending
INV002469,PO002469,S0051,2025-04-07,2025-04-23,2025-06-22,1719883.48,INR,1.0,Paid,2025-06-17,Manual Review,Approved
INV002470,PO002470,S0095,2025-09-22,2025-10-19,2026-01-17,19480832.64,INR,1.0,Paid,2026-01-12,Manual Review,Pending
INV002471,PO002471,S0056,2025-07-10,2025-08-14,2025-11-12,23216365.72,INR,1.0,Paid,2025-11-10,Manual Review,Approved
INV002472,PO002472,S0004,2025-05-25,2025-06-12,2025-07-12,5796805.44,INR,1.0,Overdue,,Three-Way Match,Pending
INV002473,PO002473,S0122,2026-07-12,2026-07-21,2026-08-20,63072978.38,INR,1.0,Pending,,Three-Way Match,Approved
INV002474,PO002474,S0118,2026-06-10,2026-07-15,2026-08-29,9008711.25,INR,1.0,Paid,2026-08-22,Manual Review,Pending
INV002475,PO002475,S0085,2025-01-30,2025-02-11,2025-04-12,83050856.91,INR,1.0,Paid,2025-04-09,Three-Way Match,Approved
INV002476,PO002476,S0058,2025-02-04,2025-03-12,2025-05-11,15960266.86,INR,1.0,Paid,2025-05-10,Three-Way Match,Approved
INV002477,PO002477,S0097,2025-03-19,2025-04-18,2025-06-02,44455933.52,INR,1.0,Paid,2025-06-01,Three-Way Match,Approved
INV002478,PO002478,S0018,2025-11-07,2025-11-22,2026-01-21,13334454.89,INR,1.0,Paid,2026-01-15,Three-Way Match,Approved
INV002479,PO002479,S0049,2026-05-18,2026-05-27,2026-06-26,5233278.84,INR,1.0,Paid,2026-06-25,Three-Way Match,Approved
INV002480,PO002480,S0085,2025-01-24,2025-02-03,2025-05-04,62013046.63,INR,1.0,Paid,2025-04-26,Manual Review,Approved
INV002481,PO002481,S0077,2026-02-13,2026-03-19,2026-05-03,67771520.21,INR,1.0,Paid,2026-04-26,Three-Way Match,Approved
INV002482,PO002482,S0040,2025-01-15,2025-01-23,2025-03-09,12441042.87,INR,1.0,Paid,2025-02-28,Manual Review,Approved
INV002483,PO002483,S0037,2025-04-16,2025-05-14,2025-06-28,16311782.69,INR,1.0,Paid,2025-06-25,Three-Way Match,Pending
INV002484,PO002484,S0036,2025-11-19,2025-12-10,2026-01-24,3762629.8,INR,1.0,Paid,2026-01-23,Manual Review,Approved
INV002485,PO002485,S0116,2026-01-08,2026-02-11,2026-04-12,88816947.24,INR,1.0,Paid,2026-04-05,Three-Way Match,Pending
INV002486,PO002486,S0084,2025-07-21,2025-08-26,2025-10-25,2175456.32,INR,1.0,Paid,2025-10-23,Three-Way Match,Approved
INV002487,PO002487,S0028,2025-01-21,2025-02-11,2025-03-28,43444153.88,INR,1.0,Overdue,,Three-Way Match,Approved
INV002488,PO002488,S0034,2025-11-11,2025-12-17,2026-03-17,7516456.87,INR,1.0,Paid,2026-03-15,Three-Way Match,Approved
INV002489,PO002489,S0001,2025-12-17,2026-01-10,2026-02-24,13148006.18,INR,1.0,Overdue,,Three-Way Match,Approved
INV002490,PO002490,S0049,2026-06-12,2026-06-22,2026-07-22,31756376.06,INR,1.0,Paid,2026-07-15,Manual Review,Pending
INV002491,PO002491,S0014,2025-05-31,2025-06-12,2025-09-10,6385437.21,INR,1.0,Paid,2025-09-09,Three-Way Match,Pending
INV002492,PO002492,S0040,2026-01-21,2026-01-31,2026-03-02,43680118.29,INR,1.0,Pending,,Three-Way Match,Approved
INV002493,PO002493,S0125,2025-03-13,2025-04-20,2025-07-19,56656757.38,INR,1.0,Paid,2025-07-17,Three-Way Match,Pending
INV002494,PO002494,S0007,2025-02-12,2025-03-18,2025-05-02,7836367.33,INR,1.0,Paid,2025-04-22,Three-Way Match,Approved
INV002495,PO002495,S0083,2025-01-01,2025-01-26,2025-04-26,308899.75,INR,1.0,Paid,2025-04-22,Manual Review,Approved
INV002496,PO002496,S0101,2025-04-12,2025-04-24,2025-05-24,4012172.52,INR,1.0,Paid,2025-05-14,Three-Way Match,Pending
INV002497,PO002497,S0035,2025-11-13,2025-11-21,2026-01-20,2593711.34,INR,1.0,Paid,2026-01-20,Three-Way Match,Pending
INV002498,PO002498,S0032,2025-06-27,2025-07-06,2025-09-04,44517619.96,INR,1.0,Partially Paid,,Three-Way Match,Pending
INV002499,PO002499,S0104,2026-05-05,2026-06-02,2026-07-02,33598277.66,INR,1.0,Partially Paid,,Manual Review,Pending
INV002500,PO002500,S0034,2025-11-01,2025-12-01,2025-12-31,13941347.19,INR,1.0,Paid,2025-12-28,Three-Way Match,Pending
INV002501,PO002501,S0156,2026-04-04,2026-04-14,2026-07-13,60257851.85,CNY,11.6,Paid,2026-07-06,Three-Way Match,Approved
INV002502,PO002502,S0249,2025-11-17,2025-12-03,2026-01-17,45813636.07,GBP,106.0,Overdue,,Three-Way Match,Pending
INV002503,PO002503,S0138,2025-08-15,2025-09-14,2025-12-13,26815950.55,AUD,54.0,Paid,2025-12-04,Three-Way Match,Approved
INV002504,PO002504,S0176,2025-02-02,2025-02-18,2025-03-20,34358862.22,GBP,106.0,Paid,2025-03-11,Three-Way Match,Approved
INV002505,PO002505,S0250,2026-01-07,2026-01-16,2026-02-15,26357274.93,EUR,90.5,Paid,2026-02-08,Three-Way Match,Approved
INV002506,PO002506,S0237,2025-02-16,2025-03-19,2025-05-03,12466381.16,USD,83.5,Paid,2025-04-29,Three-Way Match,Approved
INV002507,PO002507,S0191,2026-04-26,2026-05-05,2026-08-03,17052919.4,EUR,90.5,Overdue,,Three-Way Match,Pending
INV002508,PO002508,S0217,2025-04-14,2025-05-03,2025-07-02,783455.61,USD,83.5,Paid,2025-07-01,Three-Way Match,Approved
INV002509,PO002509,S0170,2025-03-05,2025-03-21,2025-05-05,26539855.23,JPY,0.56,Pending,,Manual Review,Approved
INV002510,PO002510,S0172,2025-10-15,2025-11-01,2025-12-01,72079928.84,AUD,54.0,Pending,,Three-Way Match,Approved
INV002511,PO002511,S0153,2025-12-12,2026-01-12,2026-02-26,2392127.22,EUR,90.5,Paid,2026-02-16,Manual Review,Approved
INV002512,PO002512,S0164,2025-09-26,2025-10-21,2026-01-19,35694781.05,SGD,62.0,Paid,2026-01-19,Three-Way Match,Approved
INV002513,PO002513,S0155,2026-03-07,2026-03-12,2026-04-11,32872960.4,AUD,54.0,Paid,2026-04-08,Three-Way Match,Approved
INV002514,PO002514,S0188,2025-12-08,2025-12-30,2026-02-28,1597656.18,GBP,106.0,Paid,2026-02-21,Three-Way Match,Pending
INV002515,PO002515,S0207,2025-10-03,2025-10-27,2025-12-26,11856168.45,EUR,90.5,Pending,,Manual Review,Pending
INV002516,PO002516,S0142,2025-10-24,2025-11-14,2026-02-12,34918480.38,JPY,0.56,Paid,2026-02-02,Three-Way Match,Approved
INV002517,PO002517,S0221,2026-02-03,2026-03-22,2026-05-06,2608532.07,EUR,90.5,Paid,2026-04-29,Manual Review,Approved
INV002518,PO002518,S0172,2026-02-16,2026-03-05,2026-04-04,24275950.21,AUD,54.0,Paid,2026-04-03,Manual Review,Pending
INV002519,PO002519,S0132,2025-04-22,2025-05-06,2025-07-05,13497557.07,JPY,0.56,Overdue,,Manual Review,Pending
INV002520,PO002520,S0233,2025-02-07,2025-03-04,2025-04-18,6684984.27,AUD,54.0,Overdue,,Manual Review,Approved
INV002521,PO002521,S0182,2025-03-26,2025-04-16,2025-07-15,24796515.13,JPY,0.56,Paid,2025-07-14,Manual Review,Approved
INV002522,PO002522,S0236,2025-03-19,2025-04-04,2025-05-19,28911543.72,EUR,90.5,Paid,2025-05-09,Three-Way Match,Approved
INV002523,PO002523,S0211,2025-10-03,2025-10-10,2025-11-09,16944004.48,AED,22.7,Paid,2025-11-03,Three-Way Match,Pending
INV002524,PO002524,S0217,2025-01-19,2025-02-10,2025-03-12,56630284.89,USD,83.5,Paid,2025-03-05,Manual Review,Approved
INV002525,PO002525,S0184,2025-10-04,2025-11-11,2026-01-10,61339050.11,USD,83.5,Pending,,Manual Review,Approved
INV002526,PO002526,S0246,2025-12-05,2025-12-26,2026-02-24,17350510.12,USD,83.5,Paid,2026-02-17,Three-Way Match,Approved
INV002527,PO002527,S0172,2025-02-11,2025-03-03,2025-06-01,8476518.6,AUD,54.0,Pending,,Three-Way Match,Pending
INV002528,PO002528,S0242,2025-10-01,2025-11-02,2025-12-02,13725442.7,EUR,90.5,Pending,,Three-Way Match,Approved
INV002529,PO002529,S0145,2025-04-12,2025-04-29,2025-06-28,13039661.3,AED,22.7,Paid,2025-06-20,Manual Review,Approved
INV002530,PO002530,S0243,2025-08-27,2025-09-22,2025-11-06,26325053.72,CNY,11.6,Paid,2025-11-02,Manual Review,Approved
INV002531,PO002531,S0147,2025-03-22,2025-04-07,2025-07-06,57380821.13,EUR,90.5,Paid,2025-07-05,Manual Review,Approved
INV002532,PO002532,S0129,2025-03-09,2025-03-30,2025-06-28,44315655.13,USD,83.5,Overdue,,Manual Review,Approved
INV002533,PO002533,S0223,2025-03-30,2025-04-06,2025-06-05,541675.27,AED,22.7,Overdue,,Three-Way Match,Pending
INV002534,PO002534,S0222,2025-09-17,2025-10-11,2026-01-09,17612700.79,AED,22.7,Paid,2026-01-01,Three-Way Match,Approved
INV002535,PO002535,S0131,2026-08-02,2026-08-23,2026-10-22,3408025.38,GBP,106.0,Partially Paid,,Three-Way Match,Pending
INV002536,PO002536,S0199,2026-01-27,2026-03-03,2026-04-17,17177367.66,EUR,90.5,Paid,2026-04-12,Manual Review,Approved
INV002537,PO002537,S0131,2025-05-04,2025-05-29,2025-08-27,7457488.08,GBP,106.0,Partially Paid,,Three-Way Match,Approved
INV002538,PO002538,S0161,2025-10-15,2025-11-10,2026-01-09,2092420.61,AED,22.7,Pending,,Manual Review,Approved
INV002539,PO002539,S0220,2026-02-24,2026-04-02,2026-07-01,34850906.52,CNY,11.6,Pending,,Manual Review,Approved
INV002540,PO002540,S0213,2025-04-06,2025-04-18,2025-06-02,10208466.4,AED,22.7,Partially Paid,,Three-Way Match,Pending
INV002541,PO002541,S0178,2025-04-21,2025-05-06,2025-06-05,10774735.79,JPY,0.56,Paid,2025-06-03,Three-Way Match,Approved
INV002542,PO002542,S0158,2025-05-21,2025-06-19,2025-07-19,10250610.2,EUR,90.5,Paid,2025-07-11,Three-Way Match,Pending
INV002543,PO002543,S0246,2026-03-11,2026-04-03,2026-05-03,44041958.59,USD,83.5,Pending,,Three-Way Match,Pending
INV002544,PO002544,S0227,2025-10-26,2025-11-05,2026-01-04,30849573.42,EUR,90.5,Paid,2026-01-04,Three-Way Match,Approved
INV002545,PO002545,S0202,2025-07-08,2025-07-23,2025-09-06,7931914.94,AUD,54.0,Pending,,Three-Way Match,Pending
INV002546,PO002546,S0170,2025-09-21,2025-10-02,2025-12-31,24789280.56,JPY,0.56,Pending,,Three-Way Match,Approved
INV002547,PO002547,S0135,2025-05-09,2025-05-29,2025-07-13,45298383.17,EUR,90.5,Paid,2025-07-10,Manual Review,Approved
INV002548,PO002548,S0199,2025-08-12,2025-09-16,2025-10-16,25676239.7,EUR,90.5,Pending,,Three-Way Match,Pending
INV002549,PO002549,S0190,2025-02-12,2025-02-26,2025-03-28,33726058.7,SGD,62.0,Paid,2025-03-18,Three-Way Match,Approved
INV002550,PO002550,S0192,2025-03-28,2025-05-06,2025-08-04,57934944.64,JPY,0.56,Paid,2025-08-01,Manual Review,Approved
INV002551,PO002551,S0246,2025-06-23,2025-07-22,2025-08-21,53555291.94,USD,83.5,Paid,2025-08-20,Three-Way Match,Pending
INV002552,PO002552,S0126,2026-01-22,2026-01-31,2026-05-01,5681890.9,EUR,90.5,Overdue,,Manual Review,Approved
INV002553,PO002553,S0164,2025-09-12,2025-09-27,2025-10-27,17332888.25,SGD,62.0,Pending,,Three-Way Match,Approved
INV002554,PO002554,S0137,2026-07-28,2026-08-25,2026-10-09,69328188.49,CNY,11.6,Paid,2026-10-01,Three-Way Match,Approved
INV002555,PO002555,S0227,2025-05-09,2025-05-17,2025-08-15,51174468.16,EUR,90.5,Overdue,,Three-Way Match,Approved
INV002556,PO002556,S0199,2025-05-30,2025-07-05,2025-10-03,27456634.46,EUR,90.5,Paid,2025-09-24,Manual Review,Approved
INV002557,PO002557,S0137,2025-11-15,2025-12-21,2026-02-04,39902767.51,CNY,11.6,Pending,,Three-Way Match,Approved
INV002558,PO002558,S0192,2025-02-21,2025-03-31,2025-05-15,20764159.72,JPY,0.56,Paid,2025-05-09,Three-Way Match,Approved
INV002559,PO002559,S0168,2026-03-27,2026-04-11,2026-05-11,39304326.13,EUR,90.5,Pending,,Three-Way Match,Approved
INV002560,PO002560,S0208,2026-05-13,2026-06-08,2026-08-07,48959015.32,GBP,106.0,Paid,2026-08-02,Manual Review,Approved
INV002561,PO002561,S0206,2026-06-01,2026-06-18,2026-09-16,49893284.62,GBP,106.0,Paid,2026-09-16,Manual Review,Approved
INV002562,PO002562,S0216,2025-04-30,2025-06-01,2025-08-30,56200880.6,SGD,62.0,Paid,2025-08-20,Three-Way Match,Pending
INV002563,PO002563,S0129,2025-12-12,2026-01-03,2026-03-04,5557812.09,USD,83.5,Paid,2026-02-26,Three-Way Match,Approved
INV002564,PO002564,S0227,2025-04-15,2025-04-18,2025-07-17,9252634.99,EUR,90.5,Paid,2025-07-15,Manual Review,Pending
INV002565,PO002565,S0249,2025-06-05,2025-06-18,2025-09-16,15433332.69,GBP,106.0,Paid,2025-09-12,Manual Review,Approved
INV002566,PO002566,S0142,2025-01-17,2025-02-16,2025-05-17,11631202.1,JPY,0.56,Pending,,Three-Way Match,Approved
INV002567,PO002567,S0199,2025-12-18,2026-01-19,2026-04-19,61430131.05,EUR,90.5,Pending,,Manual Review,Pending
INV002568,PO002568,S0206,2026-03-20,2026-03-31,2026-05-30,14757927.52,GBP,106.0,Paid,2026-05-25,Three-Way Match,Approved
INV002569,PO002569,S0228,2026-04-17,2026-05-10,2026-06-24,39437697.87,SGD,62.0,Paid,2026-06-23,Manual Review,Approved
INV002570,PO002570,S0136,2025-03-14,2025-04-15,2025-05-30,10553948.63,EUR,90.5,Paid,2025-05-21,Three-Way Match,Pending
INV002571,PO002571,S0231,2025-11-25,2025-12-14,2026-01-13,56369411.88,SGD,62.0,Paid,2026-01-08,Three-Way Match,Pending
INV002572,PO002572,S0208,2026-05-15,2026-06-02,2026-07-02,51892710.85,GBP,106.0,Overdue,,Three-Way Match,Approved
INV002573,PO002573,S0199,2026-02-07,2026-03-12,2026-05-11,8352033.33,EUR,90.5,Paid,2026-05-03,Three-Way Match,Approved
INV002574,PO002574,S0144,2025-12-16,2025-12-31,2026-02-14,9290898.04,GBP,106.0,Overdue,,Manual Review,Approved
INV002575,PO002575,S0247,2025-07-25,2025-08-25,2025-10-09,3865506.85,EUR,90.5,Paid,2025-10-06,Manual Review,Approved
INV002576,PO002576,S0190,2025-07-17,2025-07-31,2025-09-29,3672146.91,SGD,62.0,Paid,2025-09-21,Three-Way Match,Approved
INV002577,PO002577,S0164,2026-03-25,2026-04-12,2026-06-11,64181318.83,SGD,62.0,Paid,2026-06-05,Three-Way Match,Approved
INV002578,PO002578,S0151,2025-06-26,2025-07-17,2025-10-15,2254530.59,USD,83.5,Overdue,,Three-Way Match,Pending
INV002579,PO002579,S0231,2026-06-04,2026-06-23,2026-08-22,5476174.06,SGD,62.0,Paid,2026-08-14,Three-Way Match,Pending
INV002580,PO002580,S0243,2026-06-15,2026-07-11,2026-10-09,22329739.35,CNY,11.6,Paid,2026-10-02,Three-Way Match,Approved
INV002581,PO002581,S0230,2026-03-20,2026-04-03,2026-07-02,24177241.87,EUR,90.5,Paid,2026-07-02,Three-Way Match,Pending
INV002582,PO002582,S0207,2025-05-04,2025-05-22,2025-07-06,43355085.89,EUR,90.5,Pending,,Manual Review,Approved
INV002583,PO002583,S0153,2025-09-30,2025-11-06,2025-12-21,70405214.77,EUR,90.5,Pending,,Three-Way Match,Pending
INV002584,PO002584,S0199,2025-08-04,2025-09-08,2025-10-08,11007480.1,EUR,90.5,Paid,2025-10-02,Three-Way Match,Pending
INV002585,PO002585,S0237,2026-07-14,2026-08-15,2026-09-14,35266819.31,USD,83.5,Paid,2026-09-12,Three-Way Match,Approved
INV002586,PO002586,S0234,2025-05-25,2025-06-08,2025-07-23,6105159.74,AUD,54.0,Paid,2025-07-18,Three-Way Match,Approved
INV002587,PO002587,S0157,2025-08-28,2025-09-23,2025-11-22,49615966.91,AUD,54.0,Paid,2025-11-22,Three-Way Match,Approved
INV002588,PO002588,S0167,2025-06-14,2025-07-08,2025-08-22,9343637.4,USD,83.5,Paid,2025-08-14,Manual Review,Pending
INV002589,PO002589,S0199,2025-12-15,2026-01-12,2026-02-11,40057205.49,EUR,90.5,Paid,2026-02-09,Manual Review,Pending
INV002590,PO002590,S0226,2025-10-02,2025-11-08,2025-12-08,14038715.23,SGD,62.0,Pending,,Three-Way Match,Approved
INV002591,PO002591,S0226,2025-12-18,2026-01-17,2026-03-18,72954197.84,SGD,62.0,Paid,2026-03-15,Three-Way Match,Pending
INV002592,PO002592,S0150,2025-04-01,2025-05-04,2025-06-18,28297676.92,SGD,62.0,Paid,2025-06-13,Manual Review,Pending
INV002593,PO002593,S0180,2025-07-02,2025-07-31,2025-09-14,15126003.2,JPY,0.56,Paid,2025-09-08,Three-Way Match,Pending
INV002594,PO002594,S0214,2025-11-16,2025-12-09,2026-03-09,21817233.72,EUR,90.5,Paid,2026-02-27,Manual Review,Pending
INV002595,PO002595,S0194,2025-03-19,2025-03-31,2025-06-29,38971202.0,USD,83.5,Paid,2025-06-26,Three-Way Match,Approved
INV002596,PO002596,S0131,2026-05-29,2026-06-24,2026-09-22,17854865.95,GBP,106.0,Pending,,Three-Way Match,Approved
INV002597,PO002597,S0205,2026-02-26,2026-03-22,2026-05-06,15804211.39,AED,22.7,Paid,2026-04-26,Manual Review,Approved
INV002598,PO002598,S0227,2025-01-17,2025-02-01,2025-03-18,30030123.36,EUR,90.5,Paid,2025-03-15,Three-Way Match,Approved
INV002599,PO002599,S0129,2025-02-11,2025-02-27,2025-05-28,55629739.23,USD,83.5,Paid,2025-05-24,Three-Way Match,Approved
INV002600,PO002600,S0148,2026-02-20,2026-03-20,2026-04-19,40197294.17,AED,22.7,Overdue,,Three-Way Match,Approved
INV002601,PO002601,S0200,2025-06-30,2025-07-17,2025-08-16,55010853.8,EUR,90.5,Paid,2025-08-13,Three-Way Match,Approved
INV002602,PO002602,S0183,2025-10-06,2025-10-29,2025-12-13,37172032.94,USD,83.5,Paid,2025-12-04,Three-Way Match,Pending
INV002603,PO002603,S0227,2026-07-09,2026-07-18,2026-08-17,70938336.41,EUR,90.5,Paid,2026-08-13,Three-Way Match,Approved
INV002604,PO002604,S0212,2025-06-02,2025-06-19,2025-08-18,32535215.37,AUD,54.0,Paid,2025-08-14,Three-Way Match,Approved
INV002605,PO002605,S0188,2025-04-30,2025-05-20,2025-07-04,19951505.14,GBP,106.0,Paid,2025-06-26,Manual Review,Approved
INV002606,PO002606,S0215,2026-06-30,2026-07-11,2026-08-25,5085811.33,AED,22.7,Pending,,Three-Way Match,Pending
INV002607,PO002607,S0169,2026-05-20,2026-06-14,2026-09-12,991708.91,AUD,54.0,Paid,2026-09-10,Three-Way Match,Approved
INV002608,PO002608,S0163,2025-07-14,2025-08-18,2025-10-17,52735903.07,JPY,0.56,Pending,,Three-Way Match,Pending
INV002609,PO002609,S0207,2026-05-10,2026-05-31,2026-07-15,6817750.21,EUR,90.5,Paid,2026-07-14,Manual Review,Pending
INV002610,PO002610,S0209,2025-01-17,2025-02-15,2025-03-17,59196273.65,CNY,11.6,Paid,2025-03-11,Manual Review,Approved
INV002611,PO002611,S0180,2025-07-17,2025-08-13,2025-11-11,28974399.14,JPY,0.56,Pending,,Manual Review,Approved
INV002612,PO002612,S0212,2025-10-09,2025-10-23,2025-12-22,35911083.95,AUD,54.0,Overdue,,Three-Way Match,Approved
INV002613,PO002613,S0205,2025-11-18,2025-12-18,2026-01-17,14332048.69,AED,22.7,Paid,2026-01-15,Three-Way Match,Pending
INV002614,PO002614,S0214,2025-07-19,2025-08-15,2025-09-14,40174831.76,EUR,90.5,Paid,2025-09-07,Manual Review,Approved
INV002615,PO002615,S0235,2026-07-05,2026-08-04,2026-09-18,24980752.49,CNY,11.6,Overdue,,Three-Way Match,Pending
INV002616,PO002616,S0229,2026-04-02,2026-04-20,2026-06-19,56079401.08,EUR,90.5,Paid,2026-06-18,Manual Review,Pending
INV002617,PO002617,S0181,2025-07-19,2025-08-03,2025-09-17,3383264.35,AED,22.7,Paid,2025-09-08,Manual Review,Approved
INV002618,PO002618,S0140,2025-12-14,2026-01-05,2026-02-19,12602120.92,JPY,0.56,Paid,2026-02-17,Manual Review,Pending
INV002619,PO002619,S0141,2026-01-08,2026-01-23,2026-03-24,18597436.96,AED,22.7,Partially Paid,,Three-Way Match,Pending
INV002620,PO002620,S0167,2025-11-21,2025-12-17,2026-01-31,34400206.78,USD,83.5,Overdue,,Three-Way Match,Approved
INV002621,PO002621,S0134,2026-06-05,2026-07-03,2026-09-01,81519644.02,GBP,106.0,Pending,,Manual Review,Pending
INV002622,PO002622,S0149,2025-07-08,2025-07-25,2025-08-24,6014844.71,SGD,62.0,Paid,2025-08-21,Three-Way Match,Approved
INV002623,PO002623,S0174,2026-03-07,2026-04-06,2026-06-05,16648138.24,SGD,62.0,Paid,2026-06-02,Three-Way Match,Approved
INV002624,PO002624,S0147,2025-03-18,2025-04-03,2025-05-03,76454900.11,EUR,90.5,Paid,2025-04-23,Three-Way Match,Pending
INV002625,PO002625,S0150,2026-02-09,2026-03-06,2026-04-20,34800101.02,SGD,62.0,Paid,2026-04-17,Manual Review,Pending
INV002626,PO002626,S0162,2026-04-16,2026-04-27,2026-06-26,7101115.9,CNY,11.6,Paid,2026-06-20,Three-Way Match,Approved
INV002627,PO002627,S0163,2025-04-27,2025-05-26,2025-06-25,63336244.35,JPY,0.56,Paid,2025-06-21,Manual Review,Approved
INV002628,PO002628,S0207,2026-07-10,2026-08-13,2026-09-27,51814364.67,EUR,90.5,Paid,2026-09-24,Three-Way Match,Approved
INV002629,PO002629,S0138,2026-01-14,2026-02-10,2026-03-27,60036466.81,AUD,54.0,Paid,2026-03-24,Manual Review,Approved
INV002630,PO002630,S0134,2026-07-07,2026-08-11,2026-09-25,5520067.45,GBP,106.0,Paid,2026-09-17,Manual Review,Approved
INV002631,PO002631,S0191,2026-07-15,2026-07-19,2026-08-18,2140817.46,EUR,90.5,Partially Paid,,Three-Way Match,Approved
INV002632,PO002632,S0199,2025-05-02,2025-06-09,2025-07-24,42848560.79,EUR,90.5,Paid,2025-07-18,Three-Way Match,Approved
INV002633,PO002633,S0158,2025-01-20,2025-02-17,2025-04-18,24818648.33,EUR,90.5,Partially Paid,,Three-Way Match,Approved
INV002634,PO002634,S0232,2025-01-26,2025-02-12,2025-03-29,16982032.59,AUD,54.0,Overdue,,Manual Review,Approved
INV002635,PO002635,S0167,2025-06-25,2025-07-19,2025-10-17,4743563.09,USD,83.5,Pending,,Manual Review,Approved
INV002636,PO002636,S0156,2025-02-22,2025-03-11,2025-04-10,7140859.31,CNY,11.6,Pending,,Three-Way Match,Pending
INV002637,PO002637,S0219,2025-11-16,2025-12-08,2026-02-06,25862192.05,EUR,90.5,Paid,2026-02-04,Three-Way Match,Approved
INV002638,PO002638,S0186,2025-05-20,2025-06-04,2025-08-03,25618009.94,EUR,90.5,Overdue,,Three-Way Match,Approved
INV002639,PO002639,S0191,2025-12-22,2025-12-31,2026-03-31,4809549.01,EUR,90.5,Paid,2026-03-27,Three-Way Match,Approved
INV002640,PO002640,S0234,2026-04-21,2026-05-10,2026-08-08,12443187.86,AUD,54.0,Paid,2026-08-01,Manual Review,Approved
INV002641,PO002641,S0241,2026-06-03,2026-06-20,2026-08-19,26263235.54,CNY,11.6,Paid,2026-08-10,Three-Way Match,Approved
INV002642,PO002642,S0244,2026-02-24,2026-03-28,2026-04-27,21857471.98,EUR,90.5,Paid,2026-04-20,Manual Review,Approved
INV002643,PO002643,S0197,2026-07-07,2026-07-16,2026-08-30,34653298.56,AUD,54.0,Partially Paid,,Three-Way Match,Approved
INV002644,PO002644,S0153,2025-03-23,2025-04-29,2025-06-28,5289591.83,EUR,90.5,Paid,2025-06-22,Manual Review,Approved
INV002645,PO002645,S0193,2025-07-14,2025-07-22,2025-09-05,14867547.03,AUD,54.0,Paid,2025-09-01,Manual Review,Approved
INV002646,PO002646,S0161,2026-01-24,2026-02-20,2026-04-06,7200094.57,AED,22.7,Paid,2026-04-03,Three-Way Match,Approved
INV002647,PO002647,S0144,2025-05-12,2025-06-05,2025-09-03,1352488.37,GBP,106.0,Paid,2025-08-25,Manual Review,Approved
INV002648,PO002648,S0220,2025-11-02,2025-12-10,2026-02-08,78606588.33,CNY,11.6,Paid,2026-02-08,Three-Way Match,Approved
INV002649,PO002649,S0167,2026-05-11,2026-06-05,2026-07-05,13702594.95,USD,83.5,Paid,2026-06-28,Three-Way Match,Approved
INV002650,PO002650,S0221,2026-05-31,2026-07-14,2026-08-28,4084015.56,EUR,90.5,Pending,,Manual Review,Approved
INV002651,PO002651,S0191,2025-06-30,2025-07-03,2025-09-01,17095380.06,EUR,90.5,Paid,2025-08-27,Three-Way Match,Pending
INV002652,PO002652,S0171,2025-03-02,2025-03-23,2025-05-22,62393161.64,GBP,106.0,Paid,2025-05-21,Three-Way Match,Approved
INV002653,PO002653,S0225,2026-03-14,2026-04-14,2026-05-29,16255972.2,USD,83.5,Paid,2026-05-26,Three-Way Match,Approved
INV002654,PO002654,S0142,2025-07-13,2025-08-08,2025-09-22,35040242.36,JPY,0.56,Paid,2025-09-15,Three-Way Match,Approved
INV002655,PO002655,S0230,2025-03-23,2025-04-03,2025-06-02,40775363.48,EUR,90.5,Overdue,,Manual Review,Approved
INV002656,PO002656,S0206,2025-05-04,2025-05-16,2025-06-30,61118293.57,GBP,106.0,Pending,,Manual Review,Pending
INV002657,PO002657,S0201,2026-08-03,2026-08-21,2026-11-19,30471048.35,EUR,90.5,Paid,2026-11-10,Manual Review,Pending
INV002658,PO002658,S0199,2026-03-21,2026-04-17,2026-05-17,90607734.95,EUR,90.5,Paid,2026-05-08,Manual Review,Approved
INV002659,PO002659,S0170,2025-05-12,2025-05-27,2025-07-26,8081094.93,JPY,0.56,Overdue,,Three-Way Match,Pending
INV002660,PO002660,S0139,2025-07-08,2025-07-31,2025-10-29,1218774.83,AED,22.7,Paid,2025-10-21,Manual Review,Approved
INV002661,PO002661,S0178,2025-02-18,2025-03-04,2025-04-18,31448860.07,JPY,0.56,Pending,,Three-Way Match,Approved
INV002662,PO002662,S0233,2026-02-08,2026-03-07,2026-04-06,7051898.16,AUD,54.0,Pending,,Three-Way Match,Approved
INV002663,PO002663,S0161,2025-08-24,2025-09-14,2025-10-29,85274180.23,AED,22.7,Paid,2025-10-21,Three-Way Match,Pending
INV002664,PO002664,S0188,2025-08-26,2025-09-08,2025-10-08,45569952.03,GBP,106.0,Paid,2025-10-01,Three-Way Match,Pending
INV002665,PO002665,S0191,2026-06-21,2026-06-23,2026-07-23,32162482.54,EUR,90.5,Paid,2026-07-21,Three-Way Match,Approved
INV002666,PO002666,S0248,2026-02-01,2026-02-07,2026-03-24,45075958.19,GBP,106.0,Paid,2026-03-18,Three-Way Match,Approved
INV002667,PO002667,S0164,2026-05-13,2026-06-07,2026-07-07,84249880.5,SGD,62.0,Paid,2026-07-01,Three-Way Match,Approved
INV002668,PO002668,S0248,2025-08-31,2025-09-04,2025-10-04,4435188.24,GBP,106.0,Overdue,,Manual Review,Approved
INV002669,PO002669,S0144,2025-11-01,2025-11-21,2026-02-19,3765903.54,GBP,106.0,Paid,2026-02-15,Manual Review,Approved
INV002670,PO002670,S0130,2025-05-16,2025-06-06,2025-07-21,81658075.85,SGD,62.0,Overdue,,Three-Way Match,Approved
INV002671,PO002671,S0210,2025-09-20,2025-10-07,2025-11-06,21948439.82,EUR,90.5,Pending,,Manual Review,Approved
INV002672,PO002672,S0190,2025-01-24,2025-01-30,2025-03-31,12317830.76,SGD,62.0,Pending,,Three-Way Match,Approved
INV002673,PO002673,S0138,2026-05-27,2026-06-26,2026-07-26,35914443.66,AUD,54.0,Paid,2026-07-17,Manual Review,Approved
INV002674,PO002674,S0176,2025-10-06,2025-10-24,2025-12-08,37503894.64,GBP,106.0,Pending,,Three-Way Match,Approved
INV002675,PO002675,S0134,2026-07-27,2026-08-20,2026-11-18,14663974.87,GBP,106.0,Paid,2026-11-13,Three-Way Match,Approved
INV002676,PO002676,S0165,2025-12-29,2026-02-03,2026-04-04,28862613.42,USD,83.5,Paid,2026-03-31,Three-Way Match,Approved
INV002677,PO002677,S0132,2026-06-14,2026-06-27,2026-08-11,5240001.4,JPY,0.56,Paid,2026-08-10,Three-Way Match,Pending
INV002678,PO002678,S0203,2026-06-24,2026-07-06,2026-09-04,56021902.81,JPY,0.56,Paid,2026-09-01,Manual Review,Pending
INV002679,PO002679,S0193,2025-11-23,2025-12-09,2026-03-09,48554366.27,AUD,54.0,Paid,2026-02-27,Manual Review,Pending
INV002680,PO002680,S0155,2025-07-06,2025-07-17,2025-10-15,56133032.97,AUD,54.0,Paid,2025-10-08,Three-Way Match,Pending
INV002681,PO002681,S0194,2026-02-10,2026-02-15,2026-03-17,84951462.37,USD,83.5,Overdue,,Three-Way Match,Approved
INV002682,PO002682,S0243,2025-11-28,2025-12-21,2026-01-20,15920053.02,CNY,11.6,Pending,,Three-Way Match,Pending
INV002683,PO002683,S0137,2026-03-29,2026-05-05,2026-06-19,7503282.48,CNY,11.6,Paid,2026-06-19,Three-Way Match,Approved
INV002684,PO002684,S0211,2026-02-12,2026-02-25,2026-05-26,62774958.12,AED,22.7,Pending,,Three-Way Match,Pending
INV002685,PO002685,S0140,2025-07-28,2025-08-24,2025-09-23,12711879.45,JPY,0.56,Paid,2025-09-17,Three-Way Match,Pending
INV002686,PO002686,S0185,2026-01-08,2026-01-28,2026-04-28,24385028.19,AED,22.7,Paid,2026-04-18,Manual Review,Approved
INV002687,PO002687,S0232,2025-07-15,2025-08-03,2025-10-02,73353726.34,AUD,54.0,Paid,2025-10-01,Three-Way Match,Approved
INV002688,PO002688,S0206,2025-03-10,2025-03-29,2025-04-28,26451802.01,GBP,106.0,Paid,2025-04-18,Three-Way Match,Pending
INV002689,PO002689,S0138,2026-03-14,2026-04-13,2026-05-28,15312164.59,AUD,54.0,Pending,,Three-Way Match,Approved
INV002690,PO002690,S0212,2026-01-25,2026-02-25,2026-05-26,18226983.61,AUD,54.0,Pending,,Three-Way Match,Approved
INV002691,PO002691,S0161,2025-06-30,2025-07-30,2025-09-13,299727.89,AED,22.7,Paid,2025-09-03,Manual Review,Pending
INV002692,PO002692,S0225,2025-07-04,2025-08-02,2025-10-01,24734269.03,USD,83.5,Paid,2025-09-23,Three-Way Match,Approved
INV002693,PO002693,S0207,2025-02-18,2025-03-15,2025-06-13,11983448.39,EUR,90.5,Paid,2025-06-05,Manual Review,Approved
INV002694,PO002694,S0155,2026-03-26,2026-04-11,2026-06-10,9136024.06,AUD,54.0,Paid,2026-06-05,Manual Review,Pending
INV002695,PO002695,S0160,2025-02-26,2025-03-04,2025-06-02,24913099.08,CNY,11.6,Paid,2025-05-28,Three-Way Match,Approved
INV002696,PO002696,S0189,2026-07-31,2026-08-19,2026-09-18,52245282.84,EUR,90.5,Paid,2026-09-12,Manual Review,Pending
INV002697,PO002697,S0243,2025-02-13,2025-03-09,2025-04-23,20454739.54,CNY,11.6,Paid,2025-04-19,Manual Review,Approved
INV002698,PO002698,S0213,2026-04-16,2026-04-26,2026-06-10,6082297.85,AED,22.7,Overdue,,Three-Way Match,Approved
INV002699,PO002699,S0150,2026-06-28,2026-07-23,2026-10-21,30738323.65,SGD,62.0,Paid,2026-10-15,Three-Way Match,Approved
INV002700,PO002700,S0168,2025-05-21,2025-06-07,2025-09-05,3021414.26,EUR,90.5,Paid,2025-08-31,Three-Way Match,Pending
INV002701,PO002701,S0187,2026-05-17,2026-06-02,2026-07-02,40735094.89,AED,22.7,Paid,2026-06-24,Manual Review,Approved
INV002702,PO002702,S0183,2025-02-12,2025-03-06,2025-04-20,11299910.65,USD,83.5,Paid,2025-04-18,Three-Way Match,Pending
INV002703,PO002703,S0242,2025-01-18,2025-02-14,2025-04-15,28565053.18,EUR,90.5,Pending,,Three-Way Match,Pending
INV002704,PO002704,S0170,2025-08-28,2025-09-18,2025-11-17,9113463.19,JPY,0.56,Paid,2025-11-14,Three-Way Match,Approved
INV002705,PO002705,S0233,2025-02-21,2025-03-10,2025-06-08,448140.81,AUD,54.0,Pending,,Manual Review,Pending
INV002706,PO002706,S0224,2025-12-29,2026-01-24,2026-04-24,731525.5,AUD,54.0,Paid,2026-04-18,Manual Review,Pending
INV002707,PO002707,S0146,2025-05-10,2025-06-17,2025-09-15,52180475.0,EUR,90.5,Pending,,Three-Way Match,Approved
INV002708,PO002708,S0126,2025-02-18,2025-02-24,2025-05-25,2855461.88,EUR,90.5,Paid,2025-05-15,Three-Way Match,Pending
INV002709,PO002709,S0249,2026-07-12,2026-07-28,2026-10-26,18845943.91,GBP,106.0,Pending,,Manual Review,Approved
INV002710,PO002710,S0156,2025-01-01,2025-01-09,2025-03-10,15922540.7,CNY,11.6,Paid,2025-03-09,Three-Way Match,Pending
INV002711,PO002711,S0210,2025-09-14,2025-09-28,2025-10-28,720996.77,EUR,90.5,Partially Paid,,Three-Way Match,Approved
INV002712,PO002712,S0215,2025-08-13,2025-08-20,2025-10-19,3426555.27,AED,22.7,Paid,2025-10-17,Three-Way Match,Approved
INV002713,PO002713,S0242,2026-05-03,2026-05-28,2026-07-12,37103435.4,EUR,90.5,Paid,2026-07-11,Three-Way Match,Approved
INV002714,PO002714,S0236,2026-03-06,2026-03-22,2026-05-06,26602094.26,EUR,90.5,Paid,2026-05-02,Three-Way Match,Pending
INV002715,PO002715,S0198,2026-07-26,2026-08-23,2026-10-07,38102762.32,EUR,90.5,Overdue,,Three-Way Match,Approved
INV002716,PO002716,S0232,2025-05-07,2025-05-31,2025-07-15,4177939.9,AUD,54.0,Paid,2025-07-13,Manual Review,Pending
INV002717,PO002717,S0134,2025-03-07,2025-04-07,2025-07-06,40287538.98,GBP,106.0,Paid,2025-06-26,Manual Review,Approved
INV002718,PO002718,S0168,2026-05-12,2026-05-27,2026-08-25,18311149.97,EUR,90.5,Paid,2026-08-24,Three-Way Match,Approved
INV002719,PO002719,S0133,2025-08-24,2025-09-25,2025-10-25,15351369.69,EUR,90.5,Paid,2025-10-24,Three-Way Match,Approved
INV002720,PO002720,S0246,2026-03-19,2026-04-20,2026-06-19,15475308.83,USD,83.5,Overdue,,Three-Way Match,Pending
INV002721,PO002721,S0235,2025-01-28,2025-02-18,2025-03-20,864426.21,CNY,11.6,Paid,2025-03-16,Manual Review,Pending
INV002722,PO002722,S0154,2025-01-02,2025-02-08,2025-04-09,54673561.05,AUD,54.0,Paid,2025-04-04,Three-Way Match,Approved
INV002723,PO002723,S0182,2026-03-28,2026-04-18,2026-05-18,2833373.78,JPY,0.56,Paid,2026-05-15,Manual Review,Approved
INV002724,PO002724,S0164,2025-11-05,2025-11-29,2025-12-29,20641799.02,SGD,62.0,Overdue,,Three-Way Match,Approved
INV002725,PO002725,S0162,2025-08-25,2025-09-12,2025-10-12,4428148.8,CNY,11.6,Pending,,Three-Way Match,Pending
INV002726,PO002726,S0182,2025-09-05,2025-09-28,2025-11-27,30500954.33,JPY,0.56,Paid,2025-11-20,Manual Review,Approved
INV002727,PO002727,S0214,2025-02-05,2025-03-07,2025-06-05,6421508.33,EUR,90.5,Paid,2025-05-26,Manual Review,Pending
INV002728,PO002728,S0240,2025-08-04,2025-09-08,2025-10-08,86880813.61,JPY,0.56,Paid,2025-09-28,Three-Way Match,Approved
INV002729,PO002729,S0191,2026-06-24,2026-07-02,2026-08-16,7069961.11,EUR,90.5,Partially Paid,,Three-Way Match,Approved
INV002730,PO002730,S0181,2026-07-29,2026-08-15,2026-09-29,79046316.43,AED,22.7,Paid,2026-09-21,Three-Way Match,Approved
INV002731,PO002731,S0193,2025-05-25,2025-06-02,2025-07-02,300650.88,AUD,54.0,Paid,2025-07-02,Three-Way Match,Pending
INV002732,PO002732,S0146,2025-06-13,2025-07-15,2025-09-13,12439445.87,EUR,90.5,Paid,2025-09-11,Three-Way Match,Pending
INV002733,PO002733,S0153,2025-03-16,2025-04-19,2025-06-18,12857171.21,EUR,90.5,Paid,2025-06-09,Three-Way Match,Pending
INV002734,PO002734,S0238,2025-08-28,2025-09-20,2025-11-04,54998817.76,CNY,11.6,Paid,2025-11-03,Three-Way Match,Approved
INV002735,PO002735,S0240,2025-05-27,2025-06-28,2025-09-26,89961324.92,JPY,0.56,Paid,2025-09-16,Three-Way Match,Approved
INV002736,PO002736,S0134,2025-02-17,2025-03-12,2025-04-26,27693582.42,GBP,106.0,Paid,2025-04-24,Three-Way Match,Approved
INV002737,PO002737,S0207,2026-05-28,2026-06-20,2026-09-18,36475302.41,EUR,90.5,Paid,2026-09-18,Three-Way Match,Approved
INV002738,PO002738,S0197,2025-03-31,2025-04-16,2025-07-15,33701913.05,AUD,54.0,Partially Paid,,Three-Way Match,Pending
INV002739,PO002739,S0206,2025-06-09,2025-06-29,2025-08-13,65835669.83,GBP,106.0,Overdue,,Three-Way Match,Approved
INV002740,PO002740,S0134,2025-05-22,2025-06-19,2025-09-17,50986785.28,GBP,106.0,Paid,2025-09-10,Three-Way Match,Approved
INV002741,PO002741,S0131,2025-11-07,2025-12-07,2026-01-21,23773819.5,GBP,106.0,Paid,2026-01-17,Manual Review,Pending
INV002742,PO002742,S0186,2025-03-07,2025-04-01,2025-05-16,2179728.25,EUR,90.5,Paid,2025-05-14,Three-Way Match,Pending
INV002743,PO002743,S0185,2025-06-20,2025-07-07,2025-10-05,50506535.63,AED,22.7,Paid,2025-09-26,Three-Way Match,Pending
INV002744,PO002744,S0229,2025-11-06,2025-11-27,2025-12-27,22551804.01,EUR,90.5,Partially Paid,,Three-Way Match,Approved
INV002745,PO002745,S0178,2025-03-06,2025-03-22,2025-05-21,2744283.33,JPY,0.56,Paid,2025-05-17,Three-Way Match,Approved
INV002746,PO002746,S0185,2025-11-17,2025-12-08,2026-02-06,3456314.28,AED,22.7,Paid,2026-01-28,Three-Way Match,Approved
INV002747,PO002747,S0221,2025-03-04,2025-04-05,2025-05-20,3817870.05,EUR,90.5,Paid,2025-05-11,Three-Way Match,Approved
INV002748,PO002748,S0216,2025-06-06,2025-07-03,2025-09-01,48884139.94,SGD,62.0,Paid,2025-08-26,Three-Way Match,Approved
INV002749,PO002749,S0241,2026-05-07,2026-05-21,2026-08-19,14558469.94,CNY,11.6,Paid,2026-08-15,Manual Review,Pending
INV002750,PO002750,S0158,2025-04-19,2025-05-14,2025-07-13,210989.31,EUR,90.5,Overdue,,Three-Way Match,Pending
INV002751,PO002751,S0183,2026-05-23,2026-06-06,2026-07-06,28449851.38,USD,83.5,Paid,2026-07-03,Manual Review,Approved
INV002752,PO002752,S0209,2025-07-15,2025-08-09,2025-11-07,86397375.53,CNY,11.6,Pending,,Three-Way Match,Approved
INV002753,PO002753,S0232,2026-07-23,2026-08-13,2026-10-12,3284759.62,AUD,54.0,Paid,2026-10-05,Manual Review,Pending
INV002754,PO002754,S0250,2026-07-02,2026-07-22,2026-08-21,39248842.42,EUR,90.5,Paid,2026-08-16,Manual Review,Approved
INV002755,PO002755,S0165,2026-07-01,2026-08-02,2026-10-01,22427699.05,USD,83.5,Paid,2026-09-22,Three-Way Match,Approved
INV002756,PO002756,S0177,2025-05-21,2025-05-31,2025-07-15,1532443.92,EUR,90.5,Paid,2025-07-14,Three-Way Match,Approved
INV002757,PO002757,S0235,2026-04-12,2026-05-17,2026-06-16,33045638.37,CNY,11.6,Paid,2026-06-14,Three-Way Match,Approved
INV002758,PO002758,S0136,2025-05-02,2025-06-04,2025-09-02,75775967.98,EUR,90.5,Paid,2025-08-28,Three-Way Match,Pending
INV002759,PO002759,S0195,2025-05-16,2025-06-11,2025-07-26,8993167.74,AUD,54.0,Paid,2025-07-22,Three-Way Match,Approved
INV002760,PO002760,S0154,2025-03-30,2025-05-06,2025-08-04,7533555.84,AUD,54.0,Paid,2025-07-27,Three-Way Match,Approved
INV002761,PO002761,S0160,2025-09-28,2025-10-09,2025-11-23,2157425.25,CNY,11.6,Paid,2025-11-13,Three-Way Match,Pending
INV002762,PO002762,S0151,2025-02-27,2025-03-19,2025-05-18,7892280.44,USD,83.5,Pending,,Manual Review,Approved
INV002763,PO002763,S0148,2025-05-01,2025-05-24,2025-08-22,15467804.47,AED,22.7,Paid,2025-08-20,Manual Review,Approved
INV002764,PO002764,S0165,2026-02-12,2026-03-13,2026-06-11,76768376.24,USD,83.5,Overdue,,Three-Way Match,Approved
INV002765,PO002765,S0240,2026-01-01,2026-02-02,2026-05-03,73322580.31,JPY,0.56,Paid,2026-05-03,Three-Way Match,Pending
INV002766,PO002766,S0221,2025-03-03,2025-04-08,2025-07-07,43048793.4,EUR,90.5,Paid,2025-06-30,Manual Review,Approved
INV002767,PO002767,S0249,2025-07-08,2025-07-22,2025-09-05,34228701.28,GBP,106.0,Partially Paid,,Three-Way Match,Approved
INV002768,PO002768,S0244,2025-06-20,2025-07-09,2025-09-07,63695513.76,EUR,90.5,Paid,2025-09-06,Manual Review,Approved
INV002769,PO002769,S0166,2025-12-04,2025-12-13,2026-03-13,51587617.95,EUR,90.5,Paid,2026-03-10,Three-Way Match,Approved
INV002770,PO002770,S0226,2026-07-07,2026-08-04,2026-10-03,33007604.56,SGD,62.0,Paid,2026-09-29,Three-Way Match,Approved
INV002771,PO002771,S0202,2026-04-27,2026-04-30,2026-06-14,71036439.73,AUD,54.0,Pending,,Three-Way Match,Approved
INV002772,PO002772,S0184,2026-06-08,2026-07-10,2026-10-08,17586572.56,USD,83.5,Paid,2026-10-07,Three-Way Match,Approved
INV002773,PO002773,S0207,2026-04-15,2026-05-08,2026-07-07,1575862.73,EUR,90.5,Overdue,,Manual Review,Pending
INV002774,PO002774,S0154,2025-09-13,2025-10-12,2025-12-11,27553019.87,AUD,54.0,Partially Paid,,Three-Way Match,Approved
INV002775,PO002775,S0163,2025-10-04,2025-11-09,2025-12-24,56874601.35,JPY,0.56,Paid,2025-12-19,Three-Way Match,Pending
INV002776,PO002776,S0246,2025-03-27,2025-04-18,2025-06-02,58337425.57,USD,83.5,Pending,,Three-Way Match,Approved
INV002777,PO002777,S0140,2025-03-05,2025-04-01,2025-05-16,14833811.73,JPY,0.56,Paid,2025-05-06,Three-Way Match,Approved
INV002778,PO002778,S0240,2025-12-16,2026-01-20,2026-03-21,44263697.6,JPY,0.56,Pending,,Three-Way Match,Pending
INV002779,PO002779,S0196,2025-10-05,2025-10-20,2025-12-04,16476296.53,EUR,90.5,Paid,2025-11-28,Three-Way Match,Approved
INV002780,PO002780,S0137,2026-04-25,2026-06-01,2026-08-30,35163759.45,CNY,11.6,Paid,2026-08-29,Three-Way Match,Approved
INV002781,PO002781,S0245,2025-09-07,2025-09-23,2025-12-22,56658356.34,JPY,0.56,Pending,,Three-Way Match,Approved
INV002782,PO002782,S0172,2026-06-06,2026-06-27,2026-07-27,19832482.99,AUD,54.0,Paid,2026-07-27,Manual Review,Pending
INV002783,PO002783,S0246,2025-06-11,2025-07-03,2025-09-01,50126076.53,USD,83.5,Pending,,Manual Review,Approved
INV002784,PO002784,S0182,2025-03-22,2025-04-12,2025-05-12,31931312.21,JPY,0.56,Paid,2025-05-06,Three-Way Match,Approved
INV002785,PO002785,S0237,2026-05-30,2026-06-25,2026-08-24,5573860.26,USD,83.5,Paid,2026-08-22,Three-Way Match,Pending
INV002786,PO002786,S0164,2026-05-05,2026-05-21,2026-07-20,16300491.77,SGD,62.0,Pending,,Three-Way Match,Approved
INV002787,PO002787,S0130,2025-10-18,2025-11-10,2025-12-10,40709661.2,SGD,62.0,Paid,2025-12-03,Three-Way Match,Approved
INV002788,PO002788,S0203,2025-07-16,2025-08-01,2025-09-15,14382714.54,JPY,0.56,Paid,2025-09-15,Three-Way Match,Approved
INV002789,PO002789,S0211,2025-04-14,2025-04-26,2025-06-25,25987165.31,AED,22.7,Paid,2025-06-22,Manual Review,Pending
INV002790,PO002790,S0223,2025-12-18,2025-12-27,2026-03-27,49780001.54,AED,22.7,Paid,2026-03-27,Three-Way Match,Approved
INV002791,PO002791,S0158,2025-11-23,2025-12-15,2026-01-14,46829547.02,EUR,90.5,Paid,2026-01-14,Three-Way Match,Approved
INV002792,PO002792,S0187,2026-01-20,2026-02-04,2026-03-21,3509479.75,AED,22.7,Paid,2026-03-15,Three-Way Match,Approved
INV002793,PO002793,S0244,2025-02-20,2025-03-19,2025-05-18,9607049.74,EUR,90.5,Paid,2025-05-17,Three-Way Match,Approved
INV002794,PO002794,S0240,2025-12-09,2026-01-17,2026-03-03,22538746.52,JPY,0.56,Overdue,,Three-Way Match,Approved
INV002795,PO002795,S0146,2025-12-09,2026-01-10,2026-02-24,59601800.6,EUR,90.5,Overdue,,Manual Review,Approved
INV002796,PO002796,S0205,2025-02-12,2025-03-08,2025-04-22,52062866.94,AED,22.7,Paid,2025-04-16,Three-Way Match,Approved
INV002797,PO002797,S0241,2025-03-30,2025-04-14,2025-05-14,48706370.68,CNY,11.6,Paid,2025-05-12,Manual Review,Approved
INV002798,PO002798,S0200,2025-04-18,2025-05-07,2025-08-05,42900066.76,EUR,90.5,Pending,,Manual Review,Approved
INV002799,PO002799,S0154,2025-08-01,2025-09-02,2025-10-02,19823652.56,AUD,54.0,Paid,2025-09-27,Three-Way Match,Approved
INV002800,PO002800,S0188,2026-05-23,2026-06-16,2026-07-16,41810728.2,GBP,106.0,Paid,2026-07-10,Three-Way Match,Pending
INV002801,PO002801,S0223,2025-06-05,2025-06-09,2025-07-24,5695779.24,AED,22.7,Pending,,Manual Review,Pending
INV002802,PO002802,S0173,2026-06-11,2026-06-15,2026-09-13,22508073.96,AUD,54.0,Paid,2026-09-04,Three-Way Match,Approved
INV002803,PO002803,S0162,2026-08-03,2026-08-21,2026-10-20,18710672.05,CNY,11.6,Overdue,,Manual Review,Approved
INV002804,PO002804,S0245,2025-12-09,2025-12-25,2026-02-08,37269773.76,JPY,0.56,Paid,2026-01-31,Manual Review,Approved
INV002805,PO002805,S0176,2025-12-12,2025-12-30,2026-02-13,429692.55,GBP,106.0,Pending,,Three-Way Match,Pending
INV002806,PO002806,S0233,2026-03-23,2026-04-10,2026-07-09,58030426.67,AUD,54.0,Paid,2026-07-05,Three-Way Match,Approved
INV002807,PO002807,S0200,2025-04-09,2025-05-02,2025-06-16,878195.93,EUR,90.5,Paid,2025-06-15,Manual Review,Approved
INV002808,PO002808,S0175,2025-07-29,2025-08-09,2025-10-08,62535722.33,CNY,11.6,Paid,2025-10-05,Three-Way Match,Approved
INV002809,PO002809,S0192,2026-01-06,2026-02-08,2026-05-09,15763923.2,JPY,0.56,Paid,2026-05-07,Three-Way Match,Pending
INV002810,PO002810,S0226,2025-08-12,2025-09-09,2025-10-09,5018656.64,SGD,62.0,Paid,2025-09-30,Three-Way Match,Approved
INV002811,PO002811,S0147,2026-06-25,2026-07-10,2026-10-08,36139042.94,EUR,90.5,Paid,2026-10-05,Manual Review,Pending
INV002812,PO002812,S0225,2025-02-26,2025-04-02,2025-06-01,18445619.53,USD,83.5,Paid,2025-05-26,Three-Way Match,Approved
INV002813,PO002813,S0183,2026-04-27,2026-05-19,2026-07-03,23044189.23,USD,83.5,Pending,,Three-Way Match,Pending
INV002814,PO002814,S0139,2025-03-30,2025-04-29,2025-06-13,16579321.38,AED,22.7,Paid,2025-06-03,Manual Review,Approved
INV002815,PO002815,S0144,2025-12-27,2026-01-11,2026-03-12,17491079.47,GBP,106.0,Paid,2026-03-05,Three-Way Match,Approved
INV002816,PO002816,S0241,2025-04-08,2025-04-21,2025-07-20,27658627.1,CNY,11.6,Paid,2025-07-17,Three-Way Match,Approved
INV002817,PO002817,S0137,2026-03-14,2026-04-15,2026-07-14,25354660.13,CNY,11.6,Overdue,,Three-Way Match,Pending
INV002818,PO002818,S0240,2026-04-29,2026-06-01,2026-07-16,70130329.56,JPY,0.56,Paid,2026-07-08,Manual Review,Approved
INV002819,PO002819,S0190,2025-01-03,2025-01-08,2025-04-08,11911916.77,SGD,62.0,Overdue,,Three-Way Match,Pending
INV002820,PO002820,S0155,2025-09-04,2025-09-11,2025-11-10,536385.2,AUD,54.0,Paid,2025-11-09,Three-Way Match,Approved
INV002821,PO002821,S0144,2026-05-28,2026-06-19,2026-09-17,31447038.5,GBP,106.0,Pending,,Three-Way Match,Pending
INV002822,PO002822,S0130,2026-07-18,2026-08-01,2026-09-30,61289685.89,SGD,62.0,Paid,2026-09-26,Three-Way Match,Approved
INV002823,PO002823,S0155,2026-06-12,2026-06-25,2026-08-09,9332942.49,AUD,54.0,Paid,2026-08-08,Three-Way Match,Approved
INV002824,PO002824,S0248,2025-09-16,2025-09-25,2025-11-09,29234.14,GBP,106.0,Paid,2025-11-03,Three-Way Match,Approved
INV002825,PO002825,S0147,2026-07-09,2026-07-27,2026-10-25,2218021.38,EUR,90.5,Paid,2026-10-24,Three-Way Match,Pending
INV002826,PO002826,S0238,2026-06-08,2026-06-23,2026-09-21,5241860.3,CNY,11.6,Paid,2026-09-20,Three-Way Match,Approved
INV002827,PO002827,S0136,2025-02-13,2025-03-27,2025-05-26,5601726.67,EUR,90.5,Paid,2025-05-20,Three-Way Match,Pending
INV002828,PO002828,S0243,2025-03-15,2025-04-11,2025-05-26,1526574.76,CNY,11.6,Pending,,Three-Way Match,Approved
INV002829,PO002829,S0236,2026-03-11,2026-04-03,2026-05-03,426848.5,EUR,90.5,Pending,,Three-Way Match,Approved
INV002830,PO002830,S0239,2025-06-11,2025-06-18,2025-07-18,20256979.05,SGD,62.0,Paid,2025-07-11,Manual Review,Approved
INV002831,PO002831,S0152,2025-09-06,2025-09-29,2025-11-13,15996720.06,SGD,62.0,Paid,2025-11-05,Three-Way Match,Approved
INV002832,PO002832,S0171,2025-09-05,2025-09-17,2025-10-17,1261631.87,GBP,106.0,Overdue,,Manual Review,Approved
INV002833,PO002833,S0223,2025-06-08,2025-06-12,2025-07-27,57876884.37,AED,22.7,Overdue,,Manual Review,Pending
INV002834,PO002834,S0235,2026-02-27,2026-03-28,2026-06-26,52475585.12,CNY,11.6,Paid,2026-06-16,Three-Way Match,Approved
INV002835,PO002835,S0152,2025-07-06,2025-07-26,2025-10-24,38665004.46,SGD,62.0,Overdue,,Three-Way Match,Approved
INV002836,PO002836,S0139,2025-02-25,2025-03-27,2025-04-26,7596068.3,AED,22.7,Paid,2025-04-16,Three-Way Match,Approved
INV002837,PO002837,S0142,2026-02-15,2026-03-17,2026-06-15,9084519.37,JPY,0.56,Pending,,Three-Way Match,Pending
INV002838,PO002838,S0180,2025-10-29,2025-12-03,2026-01-02,127477.97,JPY,0.56,Paid,2026-01-02,Three-Way Match,Approved
INV002839,PO002839,S0238,2026-05-08,2026-05-27,2026-06-26,39124771.12,CNY,11.6,Paid,2026-06-23,Manual Review,Approved
INV002840,PO002840,S0213,2025-01-21,2025-02-02,2025-05-03,6785014.83,AED,22.7,Paid,2025-04-30,Manual Review,Approved
INV002841,PO002841,S0201,2025-04-23,2025-05-21,2025-06-20,86351723.38,EUR,90.5,Overdue,,Three-Way Match,Pending
INV002842,PO002842,S0192,2026-02-17,2026-03-24,2026-05-08,2020386.96,JPY,0.56,Pending,,Manual Review,Approved
INV002843,PO002843,S0140,2026-06-08,2026-07-06,2026-10-04,54977182.32,JPY,0.56,Paid,2026-09-28,Manual Review,Pending
INV002844,PO002844,S0192,2026-08-04,2026-08-30,2026-10-29,17316203.77,JPY,0.56,Paid,2026-10-27,Three-Way Match,Pending
INV002845,PO002845,S0226,2026-03-26,2026-04-27,2026-05-27,14661937.98,SGD,62.0,Paid,2026-05-21,Three-Way Match,Approved
INV002846,PO002846,S0217,2025-09-16,2025-09-27,2025-12-26,46097522.18,USD,83.5,Pending,,Three-Way Match,Pending
INV002847,PO002847,S0243,2025-08-12,2025-09-10,2025-11-09,57791697.26,CNY,11.6,Overdue,,Manual Review,Pending
INV002848,PO002848,S0150,2026-01-21,2026-02-18,2026-05-19,17997869.59,SGD,62.0,Paid,2026-05-19,Three-Way Match,Approved
INV002849,PO002849,S0154,2026-01-07,2026-02-16,2026-04-02,52725904.89,AUD,54.0,Partially Paid,,Three-Way Match,Pending
INV002850,PO002850,S0161,2025-02-16,2025-03-15,2025-04-14,60889831.29,AED,22.7,Paid,2025-04-13,Three-Way Match,Pending
INV002851,PO002851,S0230,2026-06-12,2026-06-29,2026-08-28,60614522.89,EUR,90.5,Paid,2026-08-23,Three-Way Match,Approved
INV002852,PO002852,S0131,2026-02-27,2026-03-25,2026-05-24,32771261.83,GBP,106.0,Pending,,Three-Way Match,Pending
INV002853,PO002853,S0244,2026-05-25,2026-06-12,2026-07-27,6846469.28,EUR,90.5,Paid,2026-07-21,Manual Review,Approved
INV002854,PO002854,S0146,2025-09-04,2025-09-30,2025-11-14,9474739.48,EUR,90.5,Paid,2025-11-05,Manual Review,Pending
INV002855,PO002855,S0135,2025-02-23,2025-03-15,2025-04-29,34894430.24,EUR,90.5,Paid,2025-04-28,Three-Way Match,Pending
INV002856,PO002856,S0217,2026-02-10,2026-02-23,2026-04-24,19173109.75,USD,83.5,Paid,2026-04-14,Manual Review,Approved
INV002857,PO002857,S0202,2025-07-03,2025-07-11,2025-10-09,64037448.34,AUD,54.0,Pending,,Three-Way Match,Approved
INV002858,PO002858,S0196,2025-07-10,2025-08-03,2025-11-01,8997667.05,EUR,90.5,Paid,2025-10-25,Three-Way Match,Pending
INV002859,PO002859,S0244,2026-03-12,2026-03-30,2026-06-28,1272861.42,EUR,90.5,Paid,2026-06-20,Three-Way Match,Pending
INV002860,PO002860,S0136,2025-01-06,2025-02-16,2025-05-17,7178058.18,EUR,90.5,Paid,2025-05-13,Three-Way Match,Approved
INV002861,PO002861,S0151,2025-07-19,2025-08-04,2025-10-03,24594926.58,USD,83.5,Pending,,Three-Way Match,Pending
INV002862,PO002862,S0157,2025-03-05,2025-04-03,2025-06-02,15425651.63,AUD,54.0,Paid,2025-05-30,Three-Way Match,Pending
INV002863,PO002863,S0128,2026-03-12,2026-04-15,2026-05-15,2841394.61,AUD,54.0,Paid,2026-05-14,Three-Way Match,Pending
INV002864,PO002864,S0242,2025-04-20,2025-05-24,2025-07-23,21735593.86,EUR,90.5,Pending,,Three-Way Match,Approved
INV002865,PO002865,S0142,2025-02-01,2025-02-20,2025-05-21,20331989.54,JPY,0.56,Paid,2025-05-19,Three-Way Match,Pending
INV002866,PO002866,S0201,2025-01-31,2025-02-18,2025-04-19,10162770.13,EUR,90.5,Paid,2025-04-19,Three-Way Match,Approved
INV002867,PO002867,S0218,2026-05-01,2026-05-23,2026-07-22,35661639.65,GBP,106.0,Pending,,Three-Way Match,Approved
INV002868,PO002868,S0177,2026-07-28,2026-08-18,2026-11-16,21319301.94,EUR,90.5,Pending,,Three-Way Match,Approved
INV002869,PO002869,S0141,2026-05-23,2026-06-04,2026-07-04,59847453.45,AED,22.7,Paid,2026-07-03,Three-Way Match,Approved
INV002870,PO002870,S0173,2025-09-06,2025-09-19,2025-10-19,29034612.0,AUD,54.0,Paid,2025-10-19,Three-Way Match,Approved
INV002871,PO002871,S0232,2025-06-30,2025-07-24,2025-10-22,72760695.61,AUD,54.0,Paid,2025-10-16,Manual Review,Pending
INV002872,PO002872,S0190,2026-06-28,2026-07-04,2026-08-18,59493778.47,SGD,62.0,Paid,2026-08-13,Manual Review,Approved
INV002873,PO002873,S0202,2025-10-28,2025-11-04,2025-12-04,18556720.4,AUD,54.0,Paid,2025-12-02,Three-Way Match,Approved
INV002874,PO002874,S0146,2026-07-27,2026-08-25,2026-09-24,18240646.51,EUR,90.5,Paid,2026-09-23,Three-Way Match,Approved
INV002875,PO002875,S0133,2025-11-17,2025-12-08,2026-01-07,18310378.64,EUR,90.5,Pending,,Three-Way Match,Approved
INV002876,PO002876,S0199,2025-09-16,2025-10-19,2025-12-03,83901337.19,EUR,90.5,Paid,2025-11-30,Three-Way Match,Approved
INV002877,PO002877,S0233,2025-11-11,2025-12-04,2026-01-03,3939969.83,AUD,54.0,Overdue,,Three-Way Match,Pending
INV002878,PO002878,S0192,2026-07-02,2026-08-05,2026-11-03,20826114.88,JPY,0.56,Paid,2026-10-27,Three-Way Match,Approved
INV002879,PO002879,S0168,2025-05-30,2025-06-12,2025-08-11,1126551.16,EUR,90.5,Pending,,Manual Review,Approved
INV002880,PO002880,S0198,2025-05-13,2025-06-06,2025-07-06,49891058.13,EUR,90.5,Paid,2025-07-02,Manual Review,Approved
INV002881,PO002881,S0136,2026-01-01,2026-02-03,2026-03-20,10222204.22,EUR,90.5,Overdue,,Manual Review,Approved
INV002882,PO002882,S0170,2026-04-30,2026-05-16,2026-06-15,63185914.67,JPY,0.56,Paid,2026-06-05,Manual Review,Pending
INV002883,PO002883,S0232,2025-03-21,2025-04-06,2025-05-06,26384144.74,AUD,54.0,Paid,2025-05-04,Three-Way Match,Approved
INV002884,PO002884,S0133,2025-04-07,2025-05-02,2025-07-01,11767951.42,EUR,90.5,Paid,2025-06-28,Three-Way Match,Approved
INV002885,PO002885,S0145,2025-11-22,2025-12-14,2026-01-13,25353324.26,AED,22.7,Overdue,,Three-Way Match,Approved
INV002886,PO002886,S0181,2025-05-10,2025-05-20,2025-08-18,12403073.36,AED,22.7,Overdue,,Three-Way Match,Approved
INV002887,PO002887,S0193,2026-05-15,2026-06-02,2026-07-02,34989441.89,AUD,54.0,Pending,,Three-Way Match,Pending
INV002888,PO002888,S0167,2025-10-03,2025-10-24,2025-11-23,74419506.03,USD,83.5,Paid,2025-11-20,Three-Way Match,Approved
INV002889,PO002889,S0181,2025-10-01,2025-10-18,2025-12-17,9535726.44,AED,22.7,Paid,2025-12-14,Manual Review,Approved
INV002890,PO002890,S0156,2026-01-16,2026-02-08,2026-03-10,82506314.89,CNY,11.6,Pending,,Three-Way Match,Pending
INV002891,PO002891,S0173,2025-11-17,2025-11-28,2026-01-27,16354589.74,AUD,54.0,Paid,2026-01-25,Three-Way Match,Approved
INV002892,PO002892,S0202,2026-01-11,2026-01-21,2026-03-07,79900556.81,AUD,54.0,Paid,2026-03-04,Three-Way Match,Approved
INV002893,PO002893,S0136,2026-07-21,2026-08-22,2026-09-21,26155042.96,EUR,90.5,Paid,2026-09-12,Manual Review,Approved
INV002894,PO002894,S0190,2025-06-17,2025-06-25,2025-08-09,76346665.42,SGD,62.0,Paid,2025-08-06,Three-Way Match,Approved
INV002895,PO002895,S0148,2026-01-07,2026-02-02,2026-05-03,29221153.88,AED,22.7,Overdue,,Manual Review,Pending
INV002896,PO002896,S0162,2025-06-27,2025-07-13,2025-09-11,5801243.45,CNY,11.6,Paid,2025-09-04,Manual Review,Pending
INV002897,PO002897,S0134,2025-01-27,2025-02-24,2025-04-25,2468067.96,GBP,106.0,Paid,2025-04-19,Three-Way Match,Approved
INV002898,PO002898,S0169,2025-03-31,2025-04-24,2025-06-23,34670959.43,AUD,54.0,Partially Paid,,Three-Way Match,Approved
INV002899,PO002899,S0191,2025-12-29,2026-01-03,2026-04-03,27453394.44,EUR,90.5,Paid,2026-04-02,Manual Review,Approved
INV002900,PO002900,S0198,2026-06-21,2026-08-02,2026-09-01,16048583.85,EUR,90.5,Paid,2026-08-26,Manual Review,Approved
INV002901,PO002901,S0192,2025-02-26,2025-03-27,2025-05-11,11146521.59,JPY,0.56,Paid,2025-05-08,Manual Review,Approved
INV002902,PO002902,S0205,2025-08-21,2025-09-22,2025-10-22,31552864.79,AED,22.7,Paid,2025-10-17,Manual Review,Approved
INV002903,PO002903,S0145,2026-05-19,2026-06-06,2026-09-04,49084542.74,AED,22.7,Paid,2026-08-25,Manual Review,Pending
INV002904,PO002904,S0203,2025-07-10,2025-07-19,2025-09-02,6875996.65,JPY,0.56,Paid,2025-08-26,Three-Way Match,Approved
INV002905,PO002905,S0241,2025-04-05,2025-04-16,2025-06-15,46167772.01,CNY,11.6,Paid,2025-06-08,Three-Way Match,Pending
INV002906,PO002906,S0157,2026-02-17,2026-03-15,2026-05-14,2315737.32,AUD,54.0,Paid,2026-05-10,Manual Review,Approved
INV002907,PO002907,S0168,2025-08-04,2025-08-23,2025-10-22,70822788.43,EUR,90.5,Paid,2025-10-22,Manual Review,Approved
INV002908,PO002908,S0182,2025-04-26,2025-05-24,2025-07-08,30220075.68,JPY,0.56,Paid,2025-07-02,Manual Review,Approved
INV002909,PO002909,S0249,2026-05-26,2026-06-14,2026-09-12,18132380.8,GBP,106.0,Paid,2026-09-09,Three-Way Match,Approved
INV002910,PO002910,S0184,2026-04-09,2026-05-11,2026-07-10,18307841.84,USD,83.5,Paid,2026-07-03,Three-Way Match,Approved
INV002911,PO002911,S0244,2025-02-25,2025-03-21,2025-06-19,938909.2,EUR,90.5,Paid,2025-06-12,Manual Review,Approved
INV002912,PO002912,S0174,2026-01-16,2026-02-13,2026-05-14,114112.5,SGD,62.0,Pending,,Three-Way Match,Pending
INV002913,PO002913,S0211,2026-04-25,2026-05-11,2026-06-25,8920250.18,AED,22.7,Paid,2026-06-22,Manual Review,Approved
INV002914,PO002914,S0132,2025-01-28,2025-02-13,2025-03-15,60266849.43,JPY,0.56,Paid,2025-03-09,Manual Review,Approved
INV002915,PO002915,S0160,2026-06-05,2026-06-25,2026-09-23,26557893.0,CNY,11.6,Partially Paid,,Three-Way Match,Approved
INV002916,PO002916,S0232,2025-03-04,2025-03-26,2025-04-25,4365711.6,AUD,54.0,Paid,2025-04-18,Manual Review,Pending
INV002917,PO002917,S0245,2026-07-30,2026-08-08,2026-09-22,59409543.21,JPY,0.56,Paid,2026-09-22,Three-Way Match,Approved
INV002918,PO002918,S0222,2026-01-18,2026-02-13,2026-05-14,3621649.37,AED,22.7,Pending,,Three-Way Match,Approved
INV002919,PO002919,S0134,2026-04-03,2026-04-22,2026-06-06,77407035.15,GBP,106.0,Paid,2026-06-03,Three-Way Match,Pending
INV002920,PO002920,S0149,2025-01-22,2025-02-16,2025-05-17,11284939.4,SGD,62.0,Paid,2025-05-07,Three-Way Match,Approved
INV002921,PO002921,S0192,2025-11-23,2025-12-26,2026-03-26,15856744.85,JPY,0.56,Paid,2026-03-25,Three-Way Match,Pending
INV002922,PO002922,S0234,2026-06-03,2026-06-18,2026-07-18,58197841.39,AUD,54.0,Paid,2026-07-10,Manual Review,Approved
INV002923,PO002923,S0150,2025-07-27,2025-08-23,2025-10-22,55706781.37,SGD,62.0,Paid,2025-10-20,Manual Review,Approved
INV002924,PO002924,S0192,2025-02-17,2025-03-23,2025-05-22,49750763.48,JPY,0.56,Paid,2025-05-17,Manual Review,Pending
INV002925,PO002925,S0173,2026-07-04,2026-07-15,2026-09-13,3038058.41,AUD,54.0,Pending,,Three-Way Match,Approved
INV002926,PO002926,S0180,2025-09-28,2025-11-09,2026-01-08,11802646.19,JPY,0.56,Overdue,,Manual Review,Approved
INV002927,PO002927,S0128,2025-11-16,2025-12-21,2026-02-04,5709374.25,AUD,54.0,Paid,2026-01-30,Manual Review,Approved
INV002928,PO002928,S0239,2025-02-15,2025-02-21,2025-04-22,39833638.42,SGD,62.0,Paid,2025-04-18,Three-Way Match,Approved
INV002929,PO002929,S0144,2026-03-22,2026-04-08,2026-07-07,10516748.14,GBP,106.0,Paid,2026-07-07,Three-Way Match,Approved
INV002930,PO002930,S0224,2026-04-17,2026-05-06,2026-08-04,786862.84,AUD,54.0,Paid,2026-07-30,Manual Review,Approved
INV002931,PO002931,S0141,2026-03-21,2026-04-19,2026-05-19,61916271.96,AED,22.7,Overdue,,Three-Way Match,Approved
INV002932,PO002932,S0129,2025-01-18,2025-02-14,2025-03-31,74776242.0,USD,83.5,Overdue,,Three-Way Match,Approved
INV002933,PO002933,S0152,2025-04-20,2025-05-02,2025-07-31,30118317.49,SGD,62.0,Paid,2025-07-30,Three-Way Match,Pending
INV002934,PO002934,S0155,2026-06-05,2026-06-20,2026-08-04,2238244.81,AUD,54.0,Overdue,,Three-Way Match,Pending
INV002935,PO002935,S0233,2026-04-09,2026-04-25,2026-05-25,11522459.81,AUD,54.0,Overdue,,Three-Way Match,Approved
INV002936,PO002936,S0211,2025-11-11,2025-11-23,2026-01-07,41211916.13,AED,22.7,Pending,,Manual Review,Pending
INV002937,PO002937,S0145,2025-08-13,2025-08-29,2025-09-28,15689724.34,AED,22.7,Paid,2025-09-26,Three-Way Match,Pending
INV002938,PO002938,S0181,2026-02-02,2026-02-11,2026-04-12,73176081.27,AED,22.7,Paid,2026-04-03,Three-Way Match,Pending
INV002939,PO002939,S0219,2026-03-25,2026-04-21,2026-06-20,41765867.38,EUR,90.5,Paid,2026-06-17,Three-Way Match,Approved
INV002940,PO002940,S0200,2025-05-30,2025-06-20,2025-09-18,77590960.98,EUR,90.5,Paid,2025-09-12,Three-Way Match,Pending
INV002941,PO002941,S0205,2026-03-31,2026-05-04,2026-07-03,27641995.73,AED,22.7,Pending,,Manual Review,Approved
INV002942,PO002942,S0197,2025-02-08,2025-02-19,2025-03-21,9841184.52,AUD,54.0,Paid,2025-03-15,Three-Way Match,Approved
INV002943,PO002943,S0200,2025-08-10,2025-08-26,2025-10-25,28642176.11,EUR,90.5,Paid,2025-10-18,Three-Way Match,Pending
INV002944,PO002944,S0206,2025-04-10,2025-04-26,2025-07-25,35816927.06,GBP,106.0,Pending,,Manual Review,Pending
INV002945,PO002945,S0220,2025-03-11,2025-04-08,2025-05-08,8173067.43,CNY,11.6,Pending,,Three-Way Match,Approved
INV002946,PO002946,S0131,2025-08-05,2025-09-03,2025-12-02,69830799.86,GBP,106.0,Pending,,Manual Review,Pending
INV002947,PO002947,S0186,2025-03-04,2025-03-23,2025-05-07,13647090.94,EUR,90.5,Paid,2025-05-01,Manual Review,Pending
INV002948,PO002948,S0171,2025-03-08,2025-03-28,2025-05-12,24332118.04,GBP,106.0,Partially Paid,,Three-Way Match,Pending
INV002949,PO002949,S0133,2025-05-23,2025-06-17,2025-08-01,68004833.64,EUR,90.5,Paid,2025-07-28,Three-Way Match,Approved
INV002950,PO002950,S0206,2026-05-10,2026-05-20,2026-08-18,17023353.07,GBP,106.0,Paid,2026-08-15,Three-Way Match,Approved
INV002951,PO002951,S0153,2025-05-18,2025-06-21,2025-07-21,83793348.98,EUR,90.5,Paid,2025-07-17,Three-Way Match,Pending
INV002952,PO002952,S0212,2026-01-04,2026-01-29,2026-03-30,2468693.64,AUD,54.0,Paid,2026-03-20,Manual Review,Approved
INV002953,PO002953,S0205,2025-10-03,2025-10-29,2026-01-27,28007292.92,AED,22.7,Paid,2026-01-24,Manual Review,Pending
INV002954,PO002954,S0168,2026-03-01,2026-03-14,2026-04-13,7964267.03,EUR,90.5,Paid,2026-04-10,Manual Review,Pending
INV002955,PO002955,S0191,2025-01-10,2025-01-23,2025-03-24,59152863.91,EUR,90.5,Paid,2025-03-17,Three-Way Match,Pending
INV002956,PO002956,S0172,2026-01-12,2026-01-28,2026-03-29,18230363.54,AUD,54.0,Paid,2026-03-25,Manual Review,Approved
INV002957,PO002957,S0146,2026-02-24,2026-03-27,2026-05-26,16792427.23,EUR,90.5,Paid,2026-05-19,Manual Review,Approved
INV002958,PO002958,S0177,2026-06-07,2026-06-25,2026-07-25,26214547.76,EUR,90.5,Paid,2026-07-20,Three-Way Match,Pending
INV002959,PO002959,S0239,2025-05-04,2025-05-13,2025-07-12,2117610.59,SGD,62.0,Paid,2025-07-03,Manual Review,Pending
INV002960,PO002960,S0134,2025-09-10,2025-10-05,2025-11-19,83226045.07,GBP,106.0,Paid,2025-11-16,Manual Review,Pending
INV002961,PO002961,S0246,2025-11-04,2025-11-26,2025-12-26,51101985.41,USD,83.5,Paid,2025-12-23,Three-Way Match,Approved
INV002962,PO002962,S0214,2026-01-26,2026-02-19,2026-04-20,49452854.28,EUR,90.5,Paid,2026-04-14,Three-Way Match,Approved
INV002963,PO002963,S0133,2026-06-28,2026-07-17,2026-08-31,8283177.69,EUR,90.5,Overdue,,Three-Way Match,Approved
INV002964,PO002964,S0204,2025-10-21,2025-11-14,2026-01-13,1649482.77,JPY,0.56,Paid,2026-01-03,Manual Review,Approved
INV002965,PO002965,S0189,2025-12-12,2026-01-08,2026-02-22,7449348.9,EUR,90.5,Paid,2026-02-14,Three-Way Match,Approved
INV002966,PO002966,S0223,2025-12-20,2026-01-10,2026-02-09,9299812.77,AED,22.7,Partially Paid,,Three-Way Match,Pending
INV002967,PO002967,S0211,2026-06-20,2026-06-27,2026-07-27,26730814.92,AED,22.7,Paid,2026-07-22,Three-Way Match,Approved
INV002968,PO002968,S0180,2025-03-31,2025-05-06,2025-08-04,13894723.91,JPY,0.56,Pending,,Manual Review,Approved
INV002969,PO002969,S0190,2026-04-19,2026-04-23,2026-06-22,5481965.1,SGD,62.0,Paid,2026-06-14,Three-Way Match,Approved
INV002970,PO002970,S0127,2025-08-29,2025-09-26,2025-12-25,22549051.72,AED,22.7,Paid,2025-12-25,Three-Way Match,Approved
INV002971,PO002971,S0233,2025-09-11,2025-10-02,2025-12-31,45424921.36,AUD,54.0,Overdue,,Three-Way Match,Pending
INV002972,PO002972,S0179,2026-04-24,2026-05-21,2026-07-20,27723544.85,GBP,106.0,Pending,,Three-Way Match,Approved
INV002973,PO002973,S0159,2025-04-07,2025-05-07,2025-06-06,29056709.71,USD,83.5,Paid,2025-06-02,Three-Way Match,Approved
INV002974,PO002974,S0208,2025-07-10,2025-08-01,2025-09-30,40575321.72,GBP,106.0,Paid,2025-09-21,Three-Way Match,Approved
INV002975,PO002975,S0151,2025-03-15,2025-04-04,2025-06-03,9565117.04,USD,83.5,Paid,2025-05-24,Manual Review,Pending
INV002976,PO002976,S0206,2026-03-27,2026-04-10,2026-05-25,38409078.18,GBP,106.0,Paid,2026-05-21,Manual Review,Approved
INV002977,PO002977,S0199,2025-08-17,2025-09-19,2025-11-03,11102466.7,EUR,90.5,Partially Paid,,Three-Way Match,Approved
INV002978,PO002978,S0162,2025-11-10,2025-11-26,2026-02-24,83581852.26,CNY,11.6,Paid,2026-02-19,Manual Review,Approved
INV002979,PO002979,S0180,2026-01-13,2026-02-20,2026-05-21,14062588.36,JPY,0.56,Pending,,Manual Review,Approved
INV002980,PO002980,S0127,2025-11-22,2025-12-21,2026-02-04,39390609.11,AED,22.7,Paid,2026-01-28,Three-Way Match,Pending
INV002981,PO002981,S0144,2025-08-05,2025-08-29,2025-10-13,48017523.06,GBP,106.0,Partially Paid,,Three-Way Match,Approved
INV002982,PO002982,S0227,2026-01-08,2026-01-13,2026-02-27,20628924.82,EUR,90.5,Paid,2026-02-24,Manual Review,Pending
INV002983,PO002983,S0146,2026-01-12,2026-02-11,2026-03-28,11151425.42,EUR,90.5,Overdue,,Three-Way Match,Approved
INV002984,PO002984,S0131,2025-01-24,2025-02-16,2025-04-02,1903122.06,GBP,106.0,Paid,2025-03-28,Manual Review,Approved
INV002985,PO002985,S0216,2026-04-02,2026-04-25,2026-06-09,1279398.7,SGD,62.0,Paid,2026-06-08,Three-Way Match,Approved
INV002986,PO002986,S0221,2026-05-05,2026-06-07,2026-08-06,6399795.08,EUR,90.5,Paid,2026-08-01,Three-Way Match,Approved
INV002987,PO002987,S0205,2025-12-29,2026-01-23,2026-02-22,6448520.4,AED,22.7,Paid,2026-02-20,Three-Way Match,Pending
INV002988,PO002988,S0149,2025-12-15,2026-01-07,2026-04-07,33710248.31,SGD,62.0,Pending,,Manual Review,Approved
INV002989,PO002989,S0151,2025-01-17,2025-02-11,2025-05-12,2761807.78,USD,83.5,Paid,2025-05-06,Manual Review,Approved
INV002990,PO002990,S0217,2025-12-28,2026-01-15,2026-04-15,37573445.99,USD,83.5,Paid,2026-04-09,Manual Review,Approved
INV002991,PO002991,S0235,2025-12-22,2026-01-12,2026-02-11,25474645.44,CNY,11.6,Paid,2026-02-08,Three-Way Match,Approved
INV002992,PO002992,S0215,2025-04-19,2025-04-22,2025-05-22,52020612.14,AED,22.7,Paid,2025-05-22,Manual Review,Approved
INV002993,PO002993,S0178,2025-04-27,2025-05-17,2025-06-16,27441413.38,JPY,0.56,Paid,2025-06-15,Three-Way Match,Approved
INV002994,PO002994,S0147,2025-09-10,2025-10-07,2026-01-05,46658412.07,EUR,90.5,Paid,2026-01-01,Three-Way Match,Approved
INV002995,PO002995,S0204,2026-05-05,2026-06-01,2026-07-01,61921917.04,JPY,0.56,Paid,2026-06-23,Three-Way Match,Approved
INV002996,PO002996,S0211,2025-12-13,2025-12-29,2026-01-28,52519886.4,AED,22.7,Paid,2026-01-25,Three-Way Match,Approved
INV002997,PO002997,S0164,2025-06-15,2025-06-30,2025-08-29,11357958.69,SGD,62.0,Paid,2025-08-27,Manual Review,Pending
INV002998,PO002998,S0180,2025-10-29,2025-12-02,2026-01-01,1283147.28,JPY,0.56,Paid,2025-12-27,Three-Way Match,Approved
INV002999,PO002999,S0175,2025-04-10,2025-04-12,2025-05-12,8683073.89,CNY,11.6,Paid,2025-05-08,Manual Review,Approved
INV003000,PO003000,S0197,2025-06-03,2025-06-14,2025-09-12,10721962.47,AUD,54.0,Pending,,Three-Way Match,Pending
INV003001,PO003001,S0147,2025-10-28,2025-11-17,2026-01-01,14335023.01,EUR,90.5,Paid,2026-01-01,Three-Way Match,Approved
INV003002,PO003002,S0239,2025-04-08,2025-04-18,2025-06-02,2637658.92,SGD,62.0,Paid,2025-06-01,Three-Way Match,Approved
INV003003,PO003003,S0167,2025-01-08,2025-01-23,2025-03-24,1268609.03,USD,83.5,Paid,2025-03-20,Three-Way Match,Pending
INV003004,PO003004,S0193,2026-01-13,2026-01-27,2026-03-13,51002320.49,AUD,54.0,Pending,,Three-Way Match,Pending
INV003005,PO003005,S0171,2026-02-26,2026-03-15,2026-05-14,1854207.54,GBP,106.0,Paid,2026-05-08,Three-Way Match,Approved
INV003006,PO003006,S0207,2025-10-21,2025-11-07,2025-12-22,6508759.42,EUR,90.5,Pending,,Manual Review,Approved
INV003007,PO003007,S0198,2026-03-25,2026-04-18,2026-06-02,57708643.02,EUR,90.5,Paid,2026-05-29,Manual Review,Approved
INV003008,PO003008,S0149,2025-04-23,2025-05-15,2025-07-14,17350384.04,SGD,62.0,Partially Paid,,Manual Review,Approved
INV003009,PO003009,S0172,2025-03-21,2025-04-05,2025-06-04,1038548.12,AUD,54.0,Pending,,Three-Way Match,Pending
INV003010,PO003010,S0188,2025-05-26,2025-06-20,2025-08-19,519460.53,GBP,106.0,Pending,,Three-Way Match,Approved
INV003011,PO003011,S0207,2026-01-31,2026-02-16,2026-04-17,23043676.34,EUR,90.5,Overdue,,Manual Review,Pending
INV003012,PO003012,S0190,2026-03-05,2026-03-17,2026-05-16,41889352.05,SGD,62.0,Paid,2026-05-12,Three-Way Match,Approved
INV003013,PO003013,S0210,2026-03-09,2026-03-19,2026-04-18,11178007.15,EUR,90.5,Paid,2026-04-16,Three-Way Match,Pending
INV003014,PO003014,S0176,2025-12-24,2026-01-15,2026-02-14,8364687.19,GBP,106.0,Paid,2026-02-13,Manual Review,Pending
INV003015,PO003015,S0155,2025-09-26,2025-10-11,2025-11-25,14929127.93,AUD,54.0,Paid,2025-11-15,Manual Review,Pending
INV003016,PO003016,S0201,2025-07-13,2025-08-08,2025-11-06,70412412.34,EUR,90.5,Overdue,,Three-Way Match,Approved
INV003017,PO003017,S0174,2026-01-06,2026-01-30,2026-03-01,25162535.76,SGD,62.0,Overdue,,Manual Review,Approved
INV003018,PO003018,S0182,2026-03-22,2026-04-20,2026-05-20,12395735.55,JPY,0.56,Paid,2026-05-11,Manual Review,Approved
INV003019,PO003019,S0216,2025-07-30,2025-08-26,2025-10-25,12950556.52,SGD,62.0,Paid,2025-10-24,Manual Review,Approved
INV003020,PO003020,S0127,2025-07-08,2025-08-08,2025-11-06,22499620.33,AED,22.7,Paid,2025-11-06,Three-Way Match,Pending
INV003021,PO003021,S0127,2025-04-17,2025-05-10,2025-06-09,26050419.8,AED,22.7,Partially Paid,,Three-Way Match,Approved
INV003022,PO003022,S0130,2025-09-01,2025-09-25,2025-11-24,8865170.42,SGD,62.0,Paid,2025-11-22,Three-Way Match,Pending
INV003023,PO003023,S0243,2026-02-06,2026-03-07,2026-04-06,39890458.35,CNY,11.6,Paid,2026-04-06,Manual Review,Approved
INV003024,PO003024,S0169,2026-05-22,2026-06-17,2026-07-17,23343832.04,AUD,54.0,Paid,2026-07-08,Three-Way Match,Pending
INV003025,PO003025,S0244,2025-01-17,2025-02-04,2025-03-21,62291820.32,EUR,90.5,Paid,2025-03-20,Manual Review,Approved
INV003026,PO003026,S0133,2025-08-26,2025-09-15,2025-10-15,31573843.16,EUR,90.5,Paid,2025-10-15,Three-Way Match,Pending
INV003027,PO003027,S0192,2026-04-17,2026-05-23,2026-07-07,25995953.78,JPY,0.56,Paid,2026-07-05,Manual Review,Approved
INV003028,PO003028,S0192,2026-02-09,2026-03-17,2026-05-16,21138147.22,JPY,0.56,Paid,2026-05-13,Three-Way Match,Pending
INV003029,PO003029,S0156,2026-04-07,2026-04-20,2026-06-04,49047273.86,CNY,11.6,Pending,,Three-Way Match,Pending
INV003030,PO003030,S0163,2025-06-24,2025-07-21,2025-08-20,21907030.24,JPY,0.56,Paid,2025-08-12,Manual Review,Approved
INV003031,PO003031,S0126,2025-07-15,2025-07-25,2025-09-23,70247186.46,EUR,90.5,Paid,2025-09-16,Three-Way Match,Approved
INV003032,PO003032,S0166,2026-02-19,2026-02-25,2026-04-26,13849739.58,EUR,90.5,Paid,2026-04-26,Three-Way Match,Approved
INV003033,PO003033,S0160,2026-06-14,2026-06-23,2026-08-07,20915154.89,CNY,11.6,Paid,2026-07-30,Manual Review,Approved
INV003034,PO003034,S0157,2025-09-02,2025-10-04,2025-11-18,7691311.47,AUD,54.0,Paid,2025-11-11,Three-Way Match,Pending
INV003035,PO003035,S0207,2025-03-31,2025-04-18,2025-05-18,8285836.17,EUR,90.5,Overdue,,Manual Review,Approved
INV003036,PO003036,S0213,2025-08-24,2025-09-02,2025-10-17,28492069.93,AED,22.7,Paid,2025-10-09,Three-Way Match,Approved
INV003037,PO003037,S0135,2025-09-11,2025-10-02,2025-12-31,3549106.09,EUR,90.5,Partially Paid,,Manual Review,Approved
INV003038,PO003038,S0223,2025-06-10,2025-06-14,2025-07-29,1277891.83,AED,22.7,Paid,2025-07-28,Three-Way Match,Approved
INV003039,PO003039,S0167,2026-03-30,2026-04-20,2026-05-20,22651935.88,USD,83.5,Paid,2026-05-15,Manual Review,Approved
INV003040,PO003040,S0209,2025-07-12,2025-08-06,2025-09-05,5132116.78,CNY,11.6,Paid,2025-08-31,Manual Review,Approved
INV003041,PO003041,S0201,2025-04-09,2025-05-01,2025-06-15,15947838.52,EUR,90.5,Paid,2025-06-15,Three-Way Match,Approved
INV003042,PO003042,S0206,2026-02-16,2026-03-07,2026-04-21,34098689.7,GBP,106.0,Paid,2026-04-17,Manual Review,Approved
INV003043,PO003043,S0235,2026-06-19,2026-07-11,2026-08-10,26737258.7,CNY,11.6,Paid,2026-08-01,Three-Way Match,Pending
INV003044,PO003044,S0190,2025-05-31,2025-06-11,2025-09-09,10143702.42,SGD,62.0,Paid,2025-09-03,Manual Review,Approved
INV003045,PO003045,S0131,2026-04-29,2026-05-26,2026-06-25,58583363.97,GBP,106.0,Pending,,Three-Way Match,Approved
INV003046,PO003046,S0183,2025-12-09,2025-12-27,2026-03-27,21593432.15,USD,83.5,Paid,2026-03-26,Three-Way Match,Approved
INV003047,PO003047,S0127,2025-08-04,2025-08-27,2025-09-26,16159587.3,AED,22.7,Paid,2025-09-23,Three-Way Match,Approved
INV003048,PO003048,S0247,2025-07-26,2025-09-01,2025-10-31,4848655.0,EUR,90.5,Paid,2025-10-30,Three-Way Match,Approved
INV003049,PO003049,S0151,2026-05-05,2026-05-25,2026-07-09,47127697.19,USD,83.5,Paid,2026-06-30,Three-Way Match,Approved
INV003050,PO003050,S0224,2025-02-07,2025-02-24,2025-04-25,23145455.92,AUD,54.0,Pending,,Three-Way Match,Approved
INV003051,PO003051,S0215,2026-06-09,2026-06-18,2026-09-16,26116746.75,AED,22.7,Paid,2026-09-16,Three-Way Match,Approved
INV003052,PO003052,S0170,2025-04-01,2025-04-19,2025-07-18,20557835.02,JPY,0.56,Paid,2025-07-17,Manual Review,Approved
INV003053,PO003053,S0172,2025-04-13,2025-04-26,2025-06-25,86546444.55,AUD,54.0,Paid,2025-06-25,Three-Way Match,Approved
INV003054,PO003054,S0245,2026-04-21,2026-05-06,2026-08-04,44449988.77,JPY,0.56,Paid,2026-07-26,Manual Review,Pending
INV003055,PO003055,S0162,2025-09-16,2025-10-04,2025-11-03,4724336.98,CNY,11.6,Pending,,Three-Way Match,Approved
INV003056,PO003056,S0177,2025-03-02,2025-03-23,2025-05-22,21752321.51,EUR,90.5,Paid,2025-05-17,Manual Review,Pending
INV003057,PO003057,S0197,2025-12-22,2026-01-10,2026-02-24,14994690.96,AUD,54.0,Pending,,Manual Review,Approved
INV003058,PO003058,S0240,2026-05-18,2026-06-18,2026-09-16,28921534.7,JPY,0.56,Paid,2026-09-16,Three-Way Match,Approved
INV003059,PO003059,S0239,2026-05-04,2026-05-13,2026-06-12,12699669.44,SGD,62.0,Paid,2026-06-10,Three-Way Match,Pending
INV003060,PO003060,S0152,2026-06-01,2026-06-18,2026-08-02,41065999.71,SGD,62.0,Paid,2026-07-24,Three-Way Match,Approved
INV003061,PO003061,S0220,2025-06-19,2025-07-24,2025-10-22,1057413.06,CNY,11.6,Paid,2025-10-14,Manual Review,Approved
INV003062,PO003062,S0171,2025-09-15,2025-10-01,2025-10-31,1172620.91,GBP,106.0,Paid,2025-10-27,Manual Review,Approved
INV003063,PO003063,S0163,2025-01-05,2025-01-31,2025-03-02,9940516.01,JPY,0.56,Paid,2025-02-22,Three-Way Match,Pending
INV003064,PO003064,S0209,2026-02-24,2026-03-20,2026-05-19,25128762.71,CNY,11.6,Partially Paid,,Manual Review,Pending
INV003065,PO003065,S0227,2025-07-03,2025-07-16,2025-10-14,98524.88,EUR,90.5,Pending,,Manual Review,Pending
INV003066,PO003066,S0249,2025-01-26,2025-02-13,2025-04-14,2873328.27,GBP,106.0,Paid,2025-04-12,Three-Way Match,Approved
INV003067,PO003067,S0153,2025-02-06,2025-03-17,2025-05-01,52610763.86,EUR,90.5,Paid,2025-04-27,Three-Way Match,Approved
INV003068,PO003068,S0237,2026-03-31,2026-04-21,2026-06-05,78524406.72,USD,83.5,Pending,,Three-Way Match,Approved
INV003069,PO003069,S0135,2025-04-06,2025-04-26,2025-06-10,54985434.17,EUR,90.5,Paid,2025-06-02,Three-Way Match,Approved
INV003070,PO003070,S0236,2026-06-06,2026-07-04,2026-10-02,59450491.61,EUR,90.5,Paid,2026-09-30,Manual Review,Approved
INV003071,PO003071,S0231,2025-11-01,2025-11-13,2026-02-11,8820761.73,SGD,62.0,Paid,2026-02-04,Three-Way Match,Approved
INV003072,PO003072,S0239,2025-03-01,2025-03-04,2025-04-03,23557756.2,SGD,62.0,Paid,2025-03-26,Three-Way Match,Pending
INV003073,PO003073,S0144,2025-12-11,2025-12-31,2026-01-30,26564848.58,GBP,106.0,Paid,2026-01-22,Three-Way Match,Pending
INV003074,PO003074,S0189,2025-05-02,2025-05-25,2025-06-24,37410843.26,EUR,90.5,Paid,2025-06-20,Three-Way Match,Approved
INV003075,PO003075,S0148,2025-12-17,2026-01-04,2026-02-18,24985748.25,AED,22.7,Pending,,Three-Way Match,Approved
INV003076,PO003076,S0228,2026-05-21,2026-06-07,2026-09-05,14063690.42,SGD,62.0,Paid,2026-09-01,Manual Review,Pending
INV003077,PO003077,S0181,2026-01-15,2026-01-31,2026-04-01,52496980.83,AED,22.7,Paid,2026-03-31,Manual Review,Approved
INV003078,PO003078,S0171,2025-02-26,2025-03-12,2025-06-10,21782112.65,GBP,106.0,Paid,2025-06-02,Manual Review,Approved
INV003079,PO003079,S0147,2025-10-31,2025-11-20,2026-01-04,28909249.97,EUR,90.5,Pending,,Manual Review,Pending
INV003080,PO003080,S0226,2025-12-06,2026-01-08,2026-04-08,7817744.14,SGD,62.0,Paid,2026-04-06,Manual Review,Approved
INV003081,PO003081,S0141,2025-11-14,2025-11-29,2026-01-13,6131528.75,AED,22.7,Paid,2026-01-03,Three-Way Match,Approved
INV003082,PO003082,S0189,2026-08-04,2026-08-31,2026-10-30,70960199.05,EUR,90.5,Paid,2026-10-27,Three-Way Match,Approved
INV003083,PO003083,S0222,2025-07-15,2025-08-05,2025-11-03,31704929.46,AED,22.7,Paid,2025-10-30,Manual Review,Approved
INV003084,PO003084,S0175,2026-03-09,2026-03-19,2026-05-03,26580578.69,CNY,11.6,Partially Paid,,Manual Review,Approved
INV003085,PO003085,S0141,2026-08-03,2026-08-11,2026-11-09,93043274.67,AED,22.7,Paid,2026-11-03,Three-Way Match,Approved
INV003086,PO003086,S0173,2026-05-26,2026-06-01,2026-07-31,42265212.38,AUD,54.0,Pending,,Three-Way Match,Approved
INV003087,PO003087,S0150,2025-11-29,2025-12-25,2026-01-24,3324674.06,SGD,62.0,Paid,2026-01-23,Three-Way Match,Approved
INV003088,PO003088,S0229,2025-10-11,2025-10-27,2026-01-25,16244892.33,EUR,90.5,Pending,,Three-Way Match,Approved
INV003089,PO003089,S0179,2026-06-25,2026-07-11,2026-09-09,49648900.72,GBP,106.0,Paid,2026-09-02,Three-Way Match,Approved
INV003090,PO003090,S0209,2025-03-08,2025-04-11,2025-05-11,3069702.65,CNY,11.6,Paid,2025-05-02,Manual Review,Approved
INV003091,PO003091,S0153,2025-10-07,2025-11-05,2025-12-20,12187424.05,EUR,90.5,Pending,,Three-Way Match,Approved
INV003092,PO003092,S0204,2025-10-24,2025-11-18,2026-01-02,15461187.38,JPY,0.56,Paid,2025-12-31,Manual Review,Approved
INV003093,PO003093,S0191,2026-06-21,2026-07-01,2026-07-31,29253966.46,EUR,90.5,Overdue,,Three-Way Match,Approved
INV003094,PO003094,S0151,2025-10-01,2025-10-24,2025-12-23,5928826.28,USD,83.5,Paid,2025-12-16,Three-Way Match,Approved
INV003095,PO003095,S0165,2025-10-12,2025-11-10,2026-02-08,26981457.31,USD,83.5,Paid,2026-02-01,Manual Review,Pending
INV003096,PO003096,S0182,2025-04-05,2025-04-23,2025-05-23,76106612.91,JPY,0.56,Pending,,Three-Way Match,Pending
INV003097,PO003097,S0178,2025-07-29,2025-08-16,2025-11-14,38830923.02,JPY,0.56,Paid,2025-11-13,Manual Review,Pending
INV003098,PO003098,S0240,2026-07-29,2026-08-26,2026-10-25,39425047.76,JPY,0.56,Paid,2026-10-21,Three-Way Match,Pending
INV003099,PO003099,S0197,2025-06-06,2025-06-23,2025-09-21,13769826.61,AUD,54.0,Paid,2025-09-21,Three-Way Match,Pending
INV003100,PO003100,S0147,2026-07-26,2026-08-12,2026-11-10,84246900.01,EUR,90.5,Paid,2026-11-04,Manual Review,Approved
INV003101,PO003101,S0155,2025-09-25,2025-09-30,2025-10-30,33174605.62,AUD,54.0,Paid,2025-10-24,Three-Way Match,Pending
INV003102,PO003102,S0235,2026-06-30,2026-07-20,2026-09-03,35861765.47,CNY,11.6,Pending,,Three-Way Match,Approved
INV003103,PO003103,S0228,2026-01-05,2026-01-28,2026-04-28,19458593.31,SGD,62.0,Paid,2026-04-23,Three-Way Match,Approved
INV003104,PO003104,S0244,2025-05-12,2025-06-07,2025-07-22,19763320.18,EUR,90.5,Paid,2025-07-20,Manual Review,Pending
INV003105,PO003105,S0199,2025-03-12,2025-04-08,2025-07-07,35426192.09,EUR,90.5,Paid,2025-07-05,Three-Way Match,Pending
INV003106,PO003106,S0195,2025-06-30,2025-08-10,2025-09-24,27069446.92,AUD,54.0,Paid,2025-09-18,Three-Way Match,Approved
INV003107,PO003107,S0194,2025-01-15,2025-01-28,2025-04-28,21969815.89,USD,83.5,Paid,2025-04-23,Three-Way Match,Approved
INV003108,PO003108,S0146,2026-01-04,2026-02-06,2026-05-07,80389475.94,EUR,90.5,Paid,2026-04-27,Three-Way Match,Approved
INV003109,PO003109,S0197,2025-08-04,2025-08-13,2025-09-27,65772731.35,AUD,54.0,Paid,2025-09-19,Three-Way Match,Pending
INV003110,PO003110,S0236,2025-04-02,2025-04-21,2025-05-21,27576240.88,EUR,90.5,Partially Paid,,Three-Way Match,Pending
INV003111,PO003111,S0126,2026-03-01,2026-03-19,2026-06-17,50946134.53,EUR,90.5,Paid,2026-06-11,Three-Way Match,Pending
INV003112,PO003112,S0186,2026-02-01,2026-02-16,2026-04-02,21755653.18,EUR,90.5,Paid,2026-03-26,Three-Way Match,Approved
INV003113,PO003113,S0226,2025-12-19,2026-01-15,2026-02-14,23948317.04,SGD,62.0,Paid,2026-02-09,Three-Way Match,Approved
INV003114,PO003114,S0210,2025-08-10,2025-08-24,2025-11-22,41436651.39,EUR,90.5,Paid,2025-11-15,Three-Way Match,Approved
INV003115,PO003115,S0200,2026-04-19,2026-05-12,2026-07-11,59889091.15,EUR,90.5,Paid,2026-07-02,Three-Way Match,Pending
INV003116,PO003116,S0168,2026-02-12,2026-03-03,2026-06-01,61978420.07,EUR,90.5,Paid,2026-05-25,Manual Review,Approved
INV003117,PO003117,S0236,2025-07-15,2025-08-01,2025-08-31,21232207.33,EUR,90.5,Paid,2025-08-21,Three-Way Match,Approved
INV003118,PO003118,S0248,2026-02-26,2026-03-13,2026-04-27,25318451.1,GBP,106.0,Paid,2026-04-18,Manual Review,Approved
INV003119,PO003119,S0151,2026-05-27,2026-06-13,2026-09-11,71026077.24,USD,83.5,Paid,2026-09-09,Three-Way Match,Pending
INV003120,PO003120,S0215,2026-04-25,2026-05-07,2026-06-06,7378771.69,AED,22.7,Partially Paid,,Manual Review,Pending
INV003121,PO003121,S0186,2025-02-21,2025-03-11,2025-05-10,332287.15,EUR,90.5,Paid,2025-05-03,Three-Way Match,Approved
INV003122,PO003122,S0219,2025-07-13,2025-08-03,2025-09-17,4353715.07,EUR,90.5,Paid,2025-09-09,Three-Way Match,Pending
INV003123,PO003123,S0230,2025-12-29,2026-01-15,2026-03-01,88500077.48,EUR,90.5,Paid,2026-02-26,Manual Review,Approved
INV003124,PO003124,S0227,2025-01-20,2025-01-24,2025-02-23,21696836.88,EUR,90.5,Paid,2025-02-19,Three-Way Match,Approved
INV003125,PO003125,S0205,2026-04-08,2026-05-08,2026-06-07,56288258.81,AED,22.7,Paid,2026-06-05,Manual Review,Pending
INV003126,PO003126,S0136,2025-08-15,2025-09-21,2025-10-21,22598597.8,EUR,90.5,Paid,2025-10-14,Three-Way Match,Approved
INV003127,PO003127,S0199,2025-03-17,2025-04-14,2025-06-13,4714582.63,EUR,90.5,Paid,2025-06-10,Manual Review,Pending
INV003128,PO003128,S0153,2025-05-04,2025-06-10,2025-07-10,37145982.53,EUR,90.5,Paid,2025-07-02,Three-Way Match,Approved
INV003129,PO003129,S0224,2025-11-26,2025-12-10,2026-03-10,54090937.67,AUD,54.0,Paid,2026-03-09,Manual Review,Approved
INV003130,PO003130,S0221,2025-03-28,2025-04-26,2025-05-26,38701791.84,EUR,90.5,Paid,2025-05-20,Three-Way Match,Approved
INV003131,PO003131,S0146,2026-04-12,2026-05-06,2026-07-05,44627655.61,EUR,90.5,Overdue,,Manual Review,Pending
INV003132,PO003132,S0168,2025-05-10,2025-05-22,2025-06-21,11230800.14,EUR,90.5,Paid,2025-06-13,Manual Review,Approved
INV003133,PO003133,S0248,2026-06-21,2026-06-27,2026-09-25,47277866.8,GBP,106.0,Paid,2026-09-18,Manual Review,Approved
INV003134,PO003134,S0210,2025-06-04,2025-06-22,2025-07-22,37326680.84,EUR,90.5,Paid,2025-07-22,Three-Way Match,Pending
INV003135,PO003135,S0225,2025-03-24,2025-04-24,2025-07-23,7418050.65,USD,83.5,Paid,2025-07-13,Three-Way Match,Approved
INV003136,PO003136,S0247,2025-01-24,2025-02-24,2025-03-26,21138773.23,EUR,90.5,Paid,2025-03-23,Three-Way Match,Approved
INV003137,PO003137,S0243,2025-01-27,2025-02-20,2025-05-21,76607775.38,CNY,11.6,Paid,2025-05-21,Three-Way Match,Approved
INV003138,PO003138,S0231,2025-04-06,2025-04-28,2025-05-28,547002.58,SGD,62.0,Paid,2025-05-19,Three-Way Match,Approved
INV003139,PO003139,S0180,2025-06-25,2025-07-31,2025-09-14,10325198.77,JPY,0.56,Paid,2025-09-11,Three-Way Match,Approved
INV003140,PO003140,S0192,2026-01-28,2026-02-23,2026-04-24,43049516.03,JPY,0.56,Pending,,Manual Review,Pending
INV003141,PO003141,S0180,2026-03-05,2026-03-30,2026-05-14,48464181.96,JPY,0.56,Pending,,Manual Review,Approved
INV003142,PO003142,S0129,2025-05-25,2025-06-14,2025-09-12,15087569.81,USD,83.5,Paid,2025-09-11,Manual Review,Pending
INV003143,PO003143,S0235,2025-09-24,2025-10-13,2025-12-12,247254.86,CNY,11.6,Paid,2025-12-09,Three-Way Match,Approved
INV003144,PO003144,S0136,2025-04-13,2025-05-11,2025-07-10,12159189.88,EUR,90.5,Paid,2025-07-10,Three-Way Match,Approved
INV003145,PO003145,S0222,2025-02-06,2025-02-25,2025-03-27,25307699.73,AED,22.7,Paid,2025-03-23,Three-Way Match,Approved
INV003146,PO003146,S0160,2025-11-17,2025-11-23,2026-01-07,19314738.16,CNY,11.6,Pending,,Three-Way Match,Approved
INV003147,PO003147,S0210,2025-07-17,2025-07-31,2025-09-14,6454472.8,EUR,90.5,Overdue,,Three-Way Match,Approved
INV003148,PO003148,S0203,2025-09-09,2025-10-05,2026-01-03,18366384.51,JPY,0.56,Paid,2026-01-03,Three-Way Match,Approved
INV003149,PO003149,S0205,2025-08-01,2025-08-23,2025-10-07,9885592.27,AED,22.7,Pending,,Three-Way Match,Pending
INV003150,PO003150,S0225,2025-08-28,2025-09-28,2025-11-12,54865750.23,USD,83.5,Overdue,,Three-Way Match,Approved
INV003151,PO003151,S0198,2025-11-16,2025-12-20,2026-03-20,31766508.63,EUR,90.5,Paid,2026-03-19,Three-Way Match,Approved
INV003152,PO003152,S0201,2026-07-09,2026-07-28,2026-09-26,18909093.28,EUR,90.5,Overdue,,Three-Way Match,Pending
INV003153,PO003153,S0192,2026-07-31,2026-09-05,2026-12-04,1914465.06,JPY,0.56,Paid,2026-11-25,Three-Way Match,Approved
INV003154,PO003154,S0223,2025-12-02,2025-12-11,2026-02-09,62474091.45,AED,22.7,Paid,2026-02-04,Manual Review,Approved
INV003155,PO003155,S0213,2026-04-06,2026-04-17,2026-06-01,35671646.46,AED,22.7,Pending,,Three-Way Match,Pending
INV003156,PO003156,S0230,2025-07-24,2025-08-11,2025-10-10,33803510.75,EUR,90.5,Pending,,Three-Way Match,Approved
INV003157,PO003157,S0246,2026-05-01,2026-05-27,2026-07-26,41305596.71,USD,83.5,Paid,2026-07-21,Manual Review,Approved
INV003158,PO003158,S0207,2025-03-16,2025-04-12,2025-07-11,29944033.92,EUR,90.5,Paid,2025-07-01,Manual Review,Pending
INV003159,PO003159,S0221,2025-04-11,2025-05-15,2025-08-13,974231.73,EUR,90.5,Paid,2025-08-07,Three-Way Match,Approved
INV003160,PO003160,S0161,2025-09-09,2025-09-30,2025-12-29,44558186.04,AED,22.7,Paid,2025-12-22,Three-Way Match,Approved
INV003161,PO003161,S0129,2026-01-13,2026-02-07,2026-03-09,57973647.95,USD,83.5,Pending,,Three-Way Match,Approved
INV003162,PO003162,S0159,2026-05-28,2026-06-26,2026-09-24,6811383.08,USD,83.5,Pending,,Manual Review,Approved
INV003163,PO003163,S0191,2025-08-05,2025-08-10,2025-11-08,8720934.17,EUR,90.5,Pending,,Three-Way Match,Pending
INV003164,PO003164,S0164,2025-04-30,2025-05-22,2025-07-21,27642158.81,SGD,62.0,Paid,2025-07-11,Three-Way Match,Approved
INV003165,PO003165,S0144,2026-06-30,2026-07-19,2026-09-02,7796544.44,GBP,106.0,Pending,,Three-Way Match,Approved
INV003166,PO003166,S0164,2025-03-21,2025-04-09,2025-05-24,3544828.06,SGD,62.0,Pending,,Manual Review,Pending
INV003167,PO003167,S0220,2025-11-22,2025-12-26,2026-02-09,1331748.25,CNY,11.6,Overdue,,Three-Way Match,Approved
INV003168,PO003168,S0229,2025-02-25,2025-03-18,2025-04-17,31108648.04,EUR,90.5,Paid,2025-04-11,Three-Way Match,Approved
INV003169,PO003169,S0175,2025-07-28,2025-08-02,2025-09-16,32547226.25,CNY,11.6,Paid,2025-09-12,Manual Review,Approved
INV003170,PO003170,S0131,2026-07-23,2026-08-13,2026-09-12,22648373.19,GBP,106.0,Paid,2026-09-05,Manual Review,Pending
INV003171,PO003171,S0215,2025-12-29,2026-01-04,2026-02-03,1380617.01,AED,22.7,Paid,2026-01-25,Three-Way Match,Approved
INV003172,PO003172,S0128,2025-06-12,2025-07-14,2025-10-12,58433982.87,AUD,54.0,Paid,2025-10-02,Three-Way Match,Pending
INV003173,PO003173,S0226,2025-01-10,2025-02-17,2025-04-18,29823463.81,SGD,62.0,Paid,2025-04-14,Three-Way Match,Pending
INV003174,PO003174,S0177,2025-04-18,2025-05-09,2025-06-23,10173681.94,EUR,90.5,Pending,,Three-Way Match,Approved
INV003175,PO003175,S0200,2025-11-20,2025-12-14,2026-01-13,72676966.05,EUR,90.5,Paid,2026-01-09,Three-Way Match,Approved
INV003176,PO003176,S0139,2025-08-30,2025-09-28,2025-11-27,21523881.18,AED,22.7,Paid,2025-11-27,Manual Review,Pending
INV003177,PO003177,S0151,2026-07-12,2026-08-03,2026-11-01,33408904.41,USD,83.5,Paid,2026-10-23,Manual Review,Pending
INV003178,PO003178,S0169,2026-07-27,2026-08-18,2026-10-02,28444570.28,AUD,54.0,Paid,2026-09-27,Three-Way Match,Pending
INV003179,PO003179,S0245,2026-05-18,2026-05-28,2026-07-27,29846612.28,JPY,0.56,Paid,2026-07-25,Three-Way Match,Pending
INV003180,PO003180,S0172,2025-07-22,2025-08-11,2025-09-25,62034482.69,AUD,54.0,Paid,2025-09-20,Manual Review,Approved
INV003181,PO003181,S0171,2026-06-23,2026-07-09,2026-08-08,76763963.74,GBP,106.0,Paid,2026-08-06,Three-Way Match,Approved
INV003182,PO003182,S0170,2026-06-19,2026-07-02,2026-08-01,22949461.47,JPY,0.56,Paid,2026-07-25,Three-Way Match,Pending
INV003183,PO003183,S0160,2025-05-22,2025-06-07,2025-07-22,65450123.97,CNY,11.6,Paid,2025-07-22,Manual Review,Approved
INV003184,PO003184,S0250,2025-10-27,2025-11-06,2026-01-05,21435716.22,EUR,90.5,Pending,,Three-Way Match,Pending
INV003185,PO003185,S0214,2026-01-04,2026-01-23,2026-03-24,44771962.25,EUR,90.5,Overdue,,Manual Review,Pending
INV003186,PO003186,S0208,2025-05-24,2025-06-15,2025-07-15,17415826.38,GBP,106.0,Partially Paid,,Three-Way Match,Approved
INV003187,PO003187,S0239,2025-01-15,2025-01-26,2025-03-12,34696905.32,SGD,62.0,Pending,,Manual Review,Approved
INV003188,PO003188,S0158,2026-01-17,2026-02-14,2026-03-31,9065538.38,EUR,90.5,Overdue,,Manual Review,Approved
INV003189,PO003189,S0170,2026-05-07,2026-05-21,2026-06-20,20965080.42,JPY,0.56,Paid,2026-06-10,Manual Review,Approved
INV003190,PO003190,S0162,2026-05-14,2026-05-26,2026-07-25,6161652.26,CNY,11.6,Paid,2026-07-15,Three-Way Match,Pending
INV003191,PO003191,S0179,2026-04-19,2026-05-01,2026-07-30,10466326.41,GBP,106.0,Overdue,,Manual Review,Approved
INV003192,PO003192,S0223,2025-06-09,2025-06-11,2025-09-09,18247961.93,AED,22.7,Partially Paid,,Three-Way Match,Approved
INV003193,PO003193,S0183,2025-12-18,2026-01-09,2026-02-08,86430564.72,USD,83.5,Paid,2026-01-29,Three-Way Match,Pending
INV003194,PO003194,S0211,2026-05-28,2026-06-04,2026-08-03,21092395.23,AED,22.7,Pending,,Manual Review,Approved
INV003195,PO003195,S0220,2025-11-09,2025-12-08,2026-01-22,24087492.24,CNY,11.6,Paid,2026-01-16,Three-Way Match,Pending
INV003196,PO003196,S0150,2025-02-20,2025-03-20,2025-05-19,25030285.3,SGD,62.0,Paid,2025-05-17,Three-Way Match,Pending
INV003197,PO003197,S0138,2025-04-24,2025-05-20,2025-08-18,72069578.52,AUD,54.0,Paid,2025-08-13,Three-Way Match,Approved
INV003198,PO003198,S0208,2026-05-06,2026-05-29,2026-07-28,50222265.05,GBP,106.0,Pending,,Three-Way Match,Pending
INV003199,PO003199,S0179,2025-04-22,2025-05-09,2025-08-07,2568791.42,GBP,106.0,Overdue,,Three-Way Match,Approved
INV003200,PO003200,S0220,2025-09-01,2025-10-03,2026-01-01,24251836.88,CNY,11.6,Paid,2025-12-26,Three-Way Match,Approved
INV003201,PO003201,S0155,2025-05-09,2025-05-18,2025-06-17,16439465.19,AUD,54.0,Pending,,Three-Way Match,Pending
INV003202,PO003202,S0236,2025-10-27,2025-11-19,2026-01-03,36526406.7,EUR,90.5,Paid,2026-01-02,Three-Way Match,Approved
INV003203,PO003203,S0182,2026-02-26,2026-04-06,2026-05-21,26064050.04,JPY,0.56,Overdue,,Manual Review,Approved
INV003204,PO003204,S0206,2025-07-17,2025-08-02,2025-10-01,16017846.57,GBP,106.0,Paid,2025-09-27,Three-Way Match,Pending
INV003205,PO003205,S0163,2025-07-07,2025-08-10,2025-09-24,4623083.61,JPY,0.56,Paid,2025-09-20,Three-Way Match,Approved
INV003206,PO003206,S0165,2026-05-16,2026-06-18,2026-08-02,57316708.69,USD,83.5,Paid,2026-07-28,Manual Review,Approved
INV003207,PO003207,S0202,2026-02-05,2026-02-26,2026-04-27,29080945.14,AUD,54.0,Paid,2026-04-21,Three-Way Match,Approved
INV003208,PO003208,S0197,2025-12-27,2026-01-11,2026-03-12,15022566.91,AUD,54.0,Pending,,Three-Way Match,Approved
INV003209,PO003209,S0248,2025-02-27,2025-03-14,2025-06-12,3752131.48,GBP,106.0,Paid,2025-06-11,Manual Review,Approved
INV003210,PO003210,S0172,2025-01-14,2025-02-02,2025-03-19,60146732.59,AUD,54.0,Paid,2025-03-16,Three-Way Match,Approved
INV003211,PO003211,S0212,2026-01-19,2026-02-14,2026-03-31,21729496.94,AUD,54.0,Pending,,Three-Way Match,Approved
INV003212,PO003212,S0237,2026-03-29,2026-04-21,2026-06-20,3477953.06,USD,83.5,Pending,,Three-Way Match,Pending
INV003213,PO003213,S0142,2026-05-06,2026-05-24,2026-07-08,37418503.57,JPY,0.56,Paid,2026-07-04,Manual Review,Approved
INV003214,PO003214,S0242,2026-06-05,2026-07-17,2026-10-15,20718474.86,EUR,90.5,Paid,2026-10-12,Manual Review,Approved
INV003215,PO003215,S0185,2026-06-04,2026-06-18,2026-08-17,31804215.18,AED,22.7,Paid,2026-08-15,Three-Way Match,Approved
INV003216,PO003216,S0204,2026-02-12,2026-03-06,2026-06-04,22845869.81,JPY,0.56,Pending,,Three-Way Match,Pending
INV003217,PO003217,S0135,2025-10-13,2025-11-02,2026-01-31,71784648.19,EUR,90.5,Overdue,,Three-Way Match,Approved
INV003218,PO003218,S0242,2026-05-25,2026-06-28,2026-08-12,9963777.37,EUR,90.5,Paid,2026-08-11,Manual Review,Approved
INV003219,PO003219,S0166,2025-10-31,2025-11-08,2026-01-07,27024113.69,EUR,90.5,Pending,,Three-Way Match,Approved
INV003220,PO003220,S0144,2025-11-15,2025-12-01,2025-12-31,93874762.68,GBP,106.0,Paid,2025-12-26,Three-Way Match,Pending
INV003221,PO003221,S0157,2026-03-11,2026-04-06,2026-06-05,4013771.05,AUD,54.0,Paid,2026-06-01,Manual Review,Approved
INV003222,PO003222,S0162,2025-02-13,2025-03-09,2025-04-23,11045833.4,CNY,11.6,Pending,,Three-Way Match,Pending
INV003223,PO003223,S0233,2025-05-04,2025-06-02,2025-07-17,564961.08,AUD,54.0,Paid,2025-07-09,Manual Review,Pending
INV003224,PO003224,S0166,2025-06-08,2025-06-15,2025-07-30,56459007.65,EUR,90.5,Paid,2025-07-20,Three-Way Match,Approved
INV003225,PO003225,S0152,2026-06-22,2026-07-15,2026-08-29,26041361.19,SGD,62.0,Pending,,Three-Way Match,Approved
INV003226,PO003226,S0210,2025-05-31,2025-06-19,2025-08-18,10778391.58,EUR,90.5,Paid,2025-08-12,Manual Review,Pending
INV003227,PO003227,S0185,2025-05-29,2025-06-12,2025-07-12,3425102.06,AED,22.7,Paid,2025-07-04,Three-Way Match,Pending
INV003228,PO003228,S0172,2026-07-02,2026-07-21,2026-08-20,64620472.04,AUD,54.0,Overdue,,Manual Review,Approved
INV003229,PO003229,S0238,2025-04-30,2025-05-18,2025-06-17,50579420.28,CNY,11.6,Paid,2025-06-10,Manual Review,Approved
INV003230,PO003230,S0149,2025-09-12,2025-10-04,2025-11-03,2566560.42,SGD,62.0,Partially Paid,,Three-Way Match,Pending
INV003231,PO003231,S0178,2025-07-25,2025-08-15,2025-11-13,18046687.88,JPY,0.56,Paid,2025-11-09,Three-Way Match,Approved
INV003232,PO003232,S0233,2025-10-25,2025-11-12,2026-01-11,34448027.48,AUD,54.0,Paid,2026-01-03,Three-Way Match,Pending
INV003233,PO003233,S0140,2025-04-18,2025-05-07,2025-07-06,20000042.9,JPY,0.56,Paid,2025-07-04,Three-Way Match,Pending
INV003234,PO003234,S0173,2025-01-12,2025-01-24,2025-03-25,33179957.34,AUD,54.0,Pending,,Three-Way Match,Approved
INV003235,PO003235,S0175,2026-03-28,2026-04-09,2026-07-08,22741796.54,CNY,11.6,Paid,2026-06-28,Three-Way Match,Approved
INV003236,PO003236,S0145,2025-11-17,2025-12-08,2026-01-22,22394325.43,AED,22.7,Pending,,Three-Way Match,Approved
INV003237,PO003237,S0141,2025-12-31,2026-01-09,2026-02-23,1332247.03,AED,22.7,Paid,2026-02-14,Three-Way Match,Approved
INV003238,PO003238,S0171,2025-01-25,2025-02-10,2025-05-11,7352704.57,GBP,106.0,Paid,2025-05-05,Three-Way Match,Approved
INV003239,PO003239,S0248,2025-04-28,2025-05-16,2025-07-15,103698439.5,GBP,106.0,Paid,2025-07-11,Three-Way Match,Pending
INV003240,PO003240,S0236,2025-02-04,2025-02-20,2025-03-22,16660301.16,EUR,90.5,Overdue,,Manual Review,Approved
INV003241,PO003241,S0150,2026-04-20,2026-05-23,2026-08-21,15155564.52,SGD,62.0,Paid,2026-08-14,Three-Way Match,Approved
INV003242,PO003242,S0233,2025-07-23,2025-08-17,2025-09-16,12102357.12,AUD,54.0,Paid,2025-09-15,Manual Review,Approved
INV003243,PO003243,S0128,2026-07-29,2026-08-29,2026-11-27,63457526.68,AUD,54.0,Paid,2026-11-21,Three-Way Match,Pending
INV003244,PO003244,S0205,2026-05-29,2026-06-30,2026-09-28,26406488.67,AED,22.7,Paid,2026-09-20,Manual Review,Pending
INV003245,PO003245,S0243,2025-03-18,2025-04-18,2025-06-17,15087845.99,CNY,11.6,Paid,2025-06-13,Three-Way Match,Approved
INV003246,PO003246,S0184,2026-04-06,2026-05-09,2026-06-23,5616193.03,USD,83.5,Paid,2026-06-21,Three-Way Match,Pending
INV003247,PO003247,S0193,2025-10-04,2025-10-19,2026-01-17,45027436.76,AUD,54.0,Paid,2026-01-14,Manual Review,Approved
INV003248,PO003248,S0186,2025-10-14,2025-10-30,2026-01-28,6454148.28,EUR,90.5,Paid,2026-01-24,Manual Review,Approved
INV003249,PO003249,S0234,2025-07-06,2025-07-29,2025-09-12,76005043.0,AUD,54.0,Pending,,Manual Review,Approved
INV003250,PO003250,S0210,2025-06-11,2025-06-22,2025-09-20,54703801.37,EUR,90.5,Paid,2025-09-14,Three-Way Match,Approved
INV003251,PO003251,S0130,2025-12-17,2026-01-06,2026-04-06,26912791.95,SGD,62.0,Pending,,Three-Way Match,Approved
INV003252,PO003252,S0223,2026-04-13,2026-04-19,2026-06-18,70889441.42,AED,22.7,Pending,,Manual Review,Pending
INV003253,PO003253,S0206,2026-03-12,2026-03-21,2026-05-20,38155789.21,GBP,106.0,Paid,2026-05-16,Three-Way Match,Approved
INV003254,PO003254,S0244,2025-03-21,2025-04-12,2025-05-27,19184185.95,EUR,90.5,Pending,,Three-Way Match,Approved
INV003255,PO003255,S0178,2026-01-14,2026-02-06,2026-05-07,9067467.43,JPY,0.56,Paid,2026-05-02,Three-Way Match,Approved
INV003256,PO003256,S0219,2025-06-03,2025-06-19,2025-08-18,49435640.62,EUR,90.5,Paid,2025-08-09,Manual Review,Approved
INV003257,PO003257,S0197,2025-05-21,2025-06-05,2025-08-04,33797809.28,AUD,54.0,Paid,2025-07-31,Manual Review,Approved
INV003258,PO003258,S0154,2026-01-31,2026-03-02,2026-04-01,19540275.7,AUD,54.0,Pending,,Three-Way Match,Pending
INV003259,PO003259,S0180,2025-10-11,2025-11-08,2026-02-06,3238123.41,JPY,0.56,Paid,2026-02-02,Three-Way Match,Pending
INV003260,PO003260,S0194,2026-04-20,2026-05-01,2026-06-15,8216719.97,USD,83.5,Paid,2026-06-09,Three-Way Match,Pending
INV003261,PO003261,S0235,2026-05-02,2026-05-22,2026-06-21,45233751.47,CNY,11.6,Paid,2026-06-12,Manual Review,Pending
INV003262,PO003262,S0216,2025-02-22,2025-03-29,2025-05-28,5330889.61,SGD,62.0,Paid,2025-05-23,Manual Review,Pending
INV003263,PO003263,S0192,2026-07-30,2026-09-03,2026-12-02,15283569.7,JPY,0.56,Paid,2026-12-01,Three-Way Match,Approved
INV003264,PO003264,S0196,2026-01-14,2026-02-01,2026-04-02,8926155.44,EUR,90.5,Paid,2026-03-30,Three-Way Match,Approved
INV003265,PO003265,S0219,2025-01-24,2025-02-27,2025-04-13,22470299.78,EUR,90.5,Paid,2025-04-10,Three-Way Match,Pending
INV003266,PO003266,S0163,2025-07-27,2025-08-29,2025-10-13,7218170.45,JPY,0.56,Paid,2025-10-03,Three-Way Match,Pending
INV003267,PO003267,S0155,2025-08-11,2025-08-23,2025-11-21,13440619.65,AUD,54.0,Partially Paid,,Three-Way Match,Pending
INV003268,PO003268,S0209,2025-09-28,2025-10-24,2025-12-08,26236854.6,CNY,11.6,Paid,2025-12-08,Manual Review,Pending
INV003269,PO003269,S0194,2025-04-06,2025-04-24,2025-07-23,10166204.34,USD,83.5,Partially Paid,,Three-Way Match,Approved
INV003270,PO003270,S0248,2026-02-24,2026-03-06,2026-04-20,25574748.92,GBP,106.0,Paid,2026-04-20,Three-Way Match,Approved
INV003271,PO003271,S0187,2025-05-25,2025-06-15,2025-07-15,17972525.22,AED,22.7,Paid,2025-07-12,Manual Review,Approved
INV003272,PO003272,S0180,2026-03-19,2026-04-22,2026-05-22,75751083.86,JPY,0.56,Paid,2026-05-14,Three-Way Match,Pending
INV003273,PO003273,S0219,2026-05-26,2026-06-12,2026-09-10,2175264.82,EUR,90.5,Paid,2026-09-06,Three-Way Match,Approved
INV003274,PO003274,S0153,2026-07-14,2026-08-14,2026-09-13,96638984.3,EUR,90.5,Paid,2026-09-08,Three-Way Match,Pending
INV003275,PO003275,S0200,2025-06-08,2025-07-01,2025-07-31,5314854.92,EUR,90.5,Paid,2025-07-30,Three-Way Match,Pending
INV003276,PO003276,S0220,2025-11-03,2025-12-08,2026-03-08,95646059.23,CNY,11.6,Paid,2026-03-07,Three-Way Match,Approved
INV003277,PO003277,S0229,2025-03-17,2025-04-07,2025-05-07,5581478.09,EUR,90.5,Paid,2025-05-07,Manual Review,Approved
INV003278,PO003278,S0140,2025-04-14,2025-05-08,2025-07-07,21804676.8,JPY,0.56,Paid,2025-07-05,Three-Way Match,Approved
INV003279,PO003279,S0247,2025-05-24,2025-06-24,2025-07-24,38826723.19,EUR,90.5,Overdue,,Manual Review,Approved
INV003280,PO003280,S0214,2025-04-15,2025-05-10,2025-08-08,36529025.88,EUR,90.5,Pending,,Three-Way Match,Pending
INV003281,PO003281,S0216,2026-03-10,2026-04-08,2026-06-07,25908470.19,SGD,62.0,Paid,2026-06-01,Three-Way Match,Approved
INV003282,PO003282,S0179,2025-10-13,2025-10-27,2025-12-26,69321761.01,GBP,106.0,Paid,2025-12-26,Manual Review,Approved
INV003283,PO003283,S0208,2026-05-10,2026-05-29,2026-06-28,15666495.62,GBP,106.0,Paid,2026-06-26,Three-Way Match,Approved
INV003284,PO003284,S0215,2026-01-30,2026-02-01,2026-04-02,30937664.07,AED,22.7,Paid,2026-04-01,Manual Review,Pending
INV003285,PO003285,S0184,2025-09-26,2025-10-23,2025-11-22,1370919.2,USD,83.5,Paid,2025-11-17,Manual Review,Approved
INV003286,PO003286,S0131,2025-05-10,2025-06-09,2025-07-09,18577635.21,GBP,106.0,Pending,,Three-Way Match,Approved
INV003287,PO003287,S0135,2025-02-25,2025-03-14,2025-06-12,504048.59,EUR,90.5,Overdue,,Three-Way Match,Approved
INV003288,PO003288,S0203,2025-08-14,2025-08-28,2025-10-27,16277782.38,JPY,0.56,Paid,2025-10-24,Manual Review,Approved
INV003289,PO003289,S0206,2025-01-28,2025-02-17,2025-03-19,113364681.3,GBP,106.0,Pending,,Three-Way Match,Pending
INV003290,PO003290,S0132,2025-06-08,2025-06-21,2025-08-05,26558602.66,JPY,0.56,Paid,2025-08-04,Three-Way Match,Approved
INV003291,PO003291,S0205,2025-11-15,2025-12-20,2026-03-20,7336500.19,AED,22.7,Paid,2026-03-13,Three-Way Match,Approved
INV003292,PO003292,S0157,2025-08-15,2025-09-15,2025-10-15,89867449.36,AUD,54.0,Paid,2025-10-15,Manual Review,Pending
INV003293,PO003293,S0220,2025-09-08,2025-10-13,2025-11-12,30674589.15,CNY,11.6,Pending,,Three-Way Match,Pending
INV003294,PO003294,S0186,2025-11-12,2025-11-29,2026-02-27,19501421.97,EUR,90.5,Paid,2026-02-17,Three-Way Match,Approved
INV003295,PO003295,S0245,2025-12-09,2025-12-19,2026-01-18,35349684.01,JPY,0.56,Overdue,,Manual Review,Approved
INV003296,PO003296,S0170,2026-07-11,2026-07-22,2026-09-20,5632757.96,JPY,0.56,Overdue,,Manual Review,Pending
INV003297,PO003297,S0160,2026-03-01,2026-03-16,2026-06-14,49123259.3,CNY,11.6,Paid,2026-06-04,Three-Way Match,Approved
INV003298,PO003298,S0232,2025-05-16,2025-06-05,2025-07-05,33211857.4,AUD,54.0,Pending,,Three-Way Match,Approved
INV003299,PO003299,S0183,2025-07-18,2025-08-11,2025-09-25,65076293.77,USD,83.5,Pending,,Three-Way Match,Approved
INV003300,PO003300,S0202,2025-10-23,2025-11-06,2025-12-21,5114354.36,AUD,54.0,Paid,2025-12-11,Manual Review,Approved
INV003301,PO003301,S0192,2026-04-28,2026-05-26,2026-06-25,53352742.28,JPY,0.56,Pending,,Three-Way Match,Approved
INV003302,PO003302,S0128,2025-06-08,2025-07-14,2025-08-13,6882708.92,AUD,54.0,Paid,2025-08-12,Three-Way Match,Approved
INV003303,PO003303,S0172,2025-08-15,2025-09-03,2025-12-02,1357998.4,AUD,54.0,Pending,,Three-Way Match,Approved
INV003304,PO003304,S0152,2026-04-26,2026-05-14,2026-07-13,951433.31,SGD,62.0,Paid,2026-07-09,Three-Way Match,Pending
INV003305,PO003305,S0178,2025-07-26,2025-08-18,2025-10-17,46560735.92,JPY,0.56,Paid,2025-10-15,Three-Way Match,Approved
INV003306,PO003306,S0179,2025-07-15,2025-07-23,2025-08-22,61115999.36,GBP,106.0,Paid,2025-08-14,Manual Review,Approved
INV003307,PO003307,S0197,2025-02-17,2025-03-06,2025-05-05,27134780.78,AUD,54.0,Paid,2025-05-04,Three-Way Match,Pending
INV003308,PO003308,S0138,2026-04-18,2026-05-17,2026-06-16,14436748.4,AUD,54.0,Paid,2026-06-12,Three-Way Match,Pending
INV003309,PO003309,S0173,2025-11-06,2025-11-17,2025-12-17,6376940.36,AUD,54.0,Paid,2025-12-09,Three-Way Match,Pending
INV003310,PO003310,S0196,2025-12-04,2025-12-22,2026-02-20,52098913.58,EUR,90.5,Overdue,,Three-Way Match,Approved
INV003311,PO003311,S0214,2025-03-19,2025-04-12,2025-07-11,16051420.87,EUR,90.5,Pending,,Manual Review,Approved
INV003312,PO003312,S0221,2025-05-07,2025-06-10,2025-07-25,55361159.21,EUR,90.5,Paid,2025-07-22,Three-Way Match,Pending
INV003313,PO003313,S0181,2026-01-09,2026-01-22,2026-02-21,30610521.75,AED,22.7,Paid,2026-02-13,Manual Review,Approved
INV003314,PO003314,S0220,2025-03-18,2025-04-23,2025-07-22,9683978.02,CNY,11.6,Paid,2025-07-12,Three-Way Match,Pending
INV003315,PO003315,S0221,2025-04-08,2025-05-12,2025-06-11,75920368.93,EUR,90.5,Paid,2025-06-04,Manual Review,Pending
INV003316,PO003316,S0145,2025-01-18,2025-02-09,2025-04-10,19069354.03,AED,22.7,Paid,2025-04-09,Three-Way Match,Pending
INV003317,PO003317,S0153,2026-06-07,2026-07-07,2026-09-05,9504121.67,EUR,90.5,Pending,,Three-Way Match,Pending
INV003318,PO003318,S0209,2026-01-23,2026-02-24,2026-04-25,7666948.65,CNY,11.6,Paid,2026-04-21,Three-Way Match,Pending
INV003319,PO003319,S0214,2026-07-31,2026-08-27,2026-10-26,70639982.73,EUR,90.5,Paid,2026-10-17,Three-Way Match,Approved
INV003320,PO003320,S0199,2026-01-12,2026-02-13,2026-03-30,40365459.83,EUR,90.5,Paid,2026-03-26,Three-Way Match,Pending
INV003321,PO003321,S0232,2025-08-04,2025-08-22,2025-09-21,39796107.9,AUD,54.0,Partially Paid,,Manual Review,Approved
INV003322,PO003322,S0243,2025-03-29,2025-04-23,2025-06-07,20691399.74,CNY,11.6,Overdue,,Manual Review,Approved
INV003323,PO003323,S0187,2025-02-22,2025-03-14,2025-05-13,23186328.31,AED,22.7,Pending,,Manual Review,Approved
INV003324,PO003324,S0178,2025-07-11,2025-07-25,2025-10-23,15202580.03,JPY,0.56,Overdue,,Manual Review,Pending
INV003325,PO003325,S0163,2025-01-29,2025-03-05,2025-04-19,74542896.82,JPY,0.56,Pending,,Manual Review,Pending
INV003326,PO003326,S0169,2025-10-26,2025-11-17,2026-02-15,7248099.49,AUD,54.0,Paid,2026-02-08,Three-Way Match,Approved
INV003327,PO003327,S0186,2025-01-29,2025-02-16,2025-05-17,77290844.37,EUR,90.5,Overdue,,Three-Way Match,Approved
INV003328,PO003328,S0146,2025-12-26,2026-01-29,2026-03-15,6286627.11,EUR,90.5,Overdue,,Three-Way Match,Pending
INV003329,PO003329,S0173,2025-11-18,2025-12-02,2026-03-02,4269814.42,AUD,54.0,Pending,,Manual Review,Pending
INV003330,PO003330,S0207,2025-02-11,2025-03-03,2025-04-17,21603293.08,EUR,90.5,Paid,2025-04-12,Manual Review,Pending
INV003331,PO003331,S0128,2025-09-02,2025-10-07,2025-11-21,20206354.14,AUD,54.0,Pending,,Three-Way Match,Pending
INV003332,PO003332,S0193,2026-05-16,2026-05-25,2026-07-09,90248072.65,AUD,54.0,Pending,,Three-Way Match,Approved
INV003333,PO003333,S0142,2025-12-18,2026-01-11,2026-02-25,10528595.81,JPY,0.56,Overdue,,Three-Way Match,Pending
INV003334,PO003334,S0208,2025-10-02,2025-10-20,2025-12-19,4750153.64,GBP,106.0,Paid,2025-12-17,Manual Review,Approved
INV003335,PO003335,S0166,2026-02-17,2026-03-11,2026-04-10,19461900.16,EUR,90.5,Paid,2026-04-08,Three-Way Match,Approved
INV003336,PO003336,S0207,2025-08-20,2025-09-06,2025-12-05,38103886.16,EUR,90.5,Paid,2025-11-27,Manual Review,Approved
INV003337,PO003337,S0187,2025-09-08,2025-09-30,2025-10-30,79368247.14,AED,22.7,Paid,2025-10-29,Manual Review,Pending
INV003338,PO003338,S0141,2026-02-20,2026-03-10,2026-06-08,6698688.71,AED,22.7,Paid,2026-06-02,Manual Review,Approved
INV003339,PO003339,S0224,2025-08-11,2025-08-30,2025-09-29,18522419.18,AUD,54.0,Paid,2025-09-28,Three-Way Match,Approved
INV003340,PO003340,S0184,2025-10-27,2025-11-22,2026-01-21,37898260.24,USD,83.5,Overdue,,Manual Review,Approved
INV003341,PO003341,S0187,2026-04-18,2026-05-11,2026-06-10,12608479.98,AED,22.7,Paid,2026-06-05,Three-Way Match,Pending
INV003342,PO003342,S0198,2026-02-26,2026-03-23,2026-06-21,19021129.38,EUR,90.5,Paid,2026-06-20,Manual Review,Pending
INV003343,PO003343,S0203,2025-06-23,2025-07-14,2025-08-28,12724911.64,JPY,0.56,Overdue,,Manual Review,Pending
INV003344,PO003344,S0188,2026-06-10,2026-07-02,2026-08-31,4236439.44,GBP,106.0,Paid,2026-08-27,Manual Review,Pending
INV003345,PO003345,S0244,2025-03-27,2025-04-13,2025-06-12,21878263.28,EUR,90.5,Pending,,Three-Way Match,Approved
INV003346,PO003346,S0162,2025-03-28,2025-04-17,2025-05-17,6726760.04,CNY,11.6,Paid,2025-05-11,Manual Review,Approved
INV003347,PO003347,S0215,2025-06-09,2025-06-21,2025-09-19,9181111.46,AED,22.7,Paid,2025-09-13,Manual Review,Approved
INV003348,PO003348,S0130,2025-11-02,2025-11-22,2026-01-21,40012713.45,SGD,62.0,Paid,2026-01-21,Manual Review,Approved
INV003349,PO003349,S0163,2025-09-25,2025-10-26,2025-12-10,19254347.61,JPY,0.56,Partially Paid,,Three-Way Match,Approved
INV003350,PO003350,S0213,2025-04-01,2025-04-16,2025-06-15,23371581.56,AED,22.7,Paid,2025-06-08,Manual Review,Approved
INV003351,PO003351,S0126,2026-01-18,2026-01-28,2026-03-14,54701581.76,EUR,90.5,Paid,2026-03-10,Three-Way Match,Approved
INV003352,PO003352,S0129,2026-04-25,2026-05-13,2026-06-27,28871546.0,USD,83.5,Overdue,,Three-Way Match,Approved
INV003353,PO003353,S0150,2025-06-21,2025-07-13,2025-09-11,38481602.05,SGD,62.0,Paid,2025-09-11,Three-Way Match,Approved
INV003354,PO003354,S0172,2026-01-25,2026-02-14,2026-03-31,63839701.23,AUD,54.0,Paid,2026-03-26,Three-Way Match,Pending
INV003355,PO003355,S0128,2025-03-24,2025-05-01,2025-06-15,60643526.78,AUD,54.0,Paid,2025-06-12,Three-Way Match,Pending
INV003356,PO003356,S0170,2025-07-01,2025-07-16,2025-09-14,19852039.06,JPY,0.56,Pending,,Three-Way Match,Pending
INV003357,PO003357,S0170,2025-08-07,2025-08-15,2025-09-29,62155269.67,JPY,0.56,Paid,2025-09-23,Three-Way Match,Pending
INV003358,PO003358,S0129,2025-09-25,2025-10-25,2025-12-09,39065795.17,USD,83.5,Paid,2025-12-07,Manual Review,Approved
INV003359,PO003359,S0171,2025-04-23,2025-05-12,2025-06-26,46427802.86,GBP,106.0,Paid,2025-06-21,Three-Way Match,Pending
INV003360,PO003360,S0141,2026-03-14,2026-03-26,2026-06-24,15513470.63,AED,22.7,Paid,2026-06-24,Manual Review,Approved
INV003361,PO003361,S0168,2026-07-31,2026-08-13,2026-09-27,1072601.9,EUR,90.5,Paid,2026-09-21,Three-Way Match,Approved
INV003362,PO003362,S0132,2025-08-29,2025-09-07,2025-10-22,2105139.01,JPY,0.56,Pending,,Three-Way Match,Approved
INV003363,PO003363,S0187,2025-10-09,2025-11-03,2026-02-01,10908154.8,AED,22.7,Paid,2026-01-26,Manual Review,Pending
INV003364,PO003364,S0179,2025-10-28,2025-11-11,2025-12-26,30401621.05,GBP,106.0,Paid,2025-12-22,Manual Review,Approved
INV003365,PO003365,S0195,2025-10-24,2025-11-22,2026-01-06,3708097.68,AUD,54.0,Paid,2026-01-02,Three-Way Match,Approved
INV003366,PO003366,S0126,2026-03-19,2026-04-02,2026-07-01,33089840.26,EUR,90.5,Overdue,,Manual Review,Pending
INV003367,PO003367,S0129,2025-11-05,2025-11-22,2025-12-22,11692597.5,USD,83.5,Paid,2025-12-20,Manual Review,Approved
INV003368,PO003368,S0216,2026-02-25,2026-03-30,2026-04-29,79800887.42,SGD,62.0,Paid,2026-04-29,Three-Way Match,Pending
INV003369,PO003369,S0156,2026-01-06,2026-01-15,2026-03-16,2902000.22,CNY,11.6,Pending,,Three-Way Match,Pending
INV003370,PO003370,S0233,2026-05-21,2026-06-14,2026-07-14,84197566.99,AUD,54.0,Overdue,,Manual Review,Pending
INV003371,PO003371,S0202,2025-06-25,2025-06-29,2025-08-28,37622426.54,AUD,54.0,Paid,2025-08-26,Three-Way Match,Pending
INV003372,PO003372,S0221,2026-07-28,2026-08-25,2026-10-09,91302628.26,EUR,90.5,Paid,2026-10-08,Three-Way Match,Approved
INV003373,PO003373,S0172,2025-09-23,2025-10-16,2026-01-14,76856705.14,AUD,54.0,Paid,2026-01-07,Three-Way Match,Pending
INV003374,PO003374,S0151,2025-09-29,2025-10-15,2025-11-29,15572427.16,USD,83.5,Overdue,,Three-Way Match,Pending
INV003375,PO003375,S0242,2025-11-14,2025-12-12,2026-03-12,14393419.61,EUR,90.5,Overdue,,Three-Way Match,Approved
INV003376,PO003376,S0244,2026-07-21,2026-08-10,2026-09-09,8976649.82,EUR,90.5,Paid,2026-09-03,Manual Review,Approved
INV003377,PO003377,S0197,2026-01-23,2026-02-10,2026-05-11,28785337.2,AUD,54.0,Paid,2026-05-09,Three-Way Match,Pending
INV003378,PO003378,S0135,2026-03-22,2026-04-09,2026-05-09,64984180.23,EUR,90.5,Paid,2026-05-02,Manual Review,Approved
INV003379,PO003379,S0221,2025-06-30,2025-07-26,2025-09-09,63073277.66,EUR,90.5,Partially Paid,,Manual Review,Approved
INV003380,PO003380,S0224,2025-12-27,2026-01-09,2026-02-08,16536225.11,AUD,54.0,Pending,,Manual Review,Pending
INV003381,PO003381,S0128,2025-07-05,2025-08-04,2025-11-02,14777060.31,AUD,54.0,Paid,2025-10-29,Manual Review,Pending
INV003382,PO003382,S0155,2025-07-30,2025-08-14,2025-11-12,44200997.47,AUD,54.0,Pending,,Three-Way Match,Pending
INV003383,PO003383,S0216,2026-03-27,2026-04-26,2026-06-10,45012430.48,SGD,62.0,Overdue,,Three-Way Match,Approved
INV003384,PO003384,S0144,2025-02-12,2025-02-27,2025-03-29,1992932.35,GBP,106.0,Paid,2025-03-24,Three-Way Match,Pending
INV003385,PO003385,S0182,2025-11-03,2025-11-21,2026-02-19,26270732.0,JPY,0.56,Paid,2026-02-19,Manual Review,Approved
INV003386,PO003386,S0161,2026-05-21,2026-06-20,2026-07-20,48334684.49,AED,22.7,Pending,,Manual Review,Approved
INV003387,PO003387,S0141,2026-05-01,2026-05-13,2026-06-27,4898547.58,AED,22.7,Paid,2026-06-27,Manual Review,Pending
INV003388,PO003388,S0164,2025-12-13,2026-01-02,2026-03-03,6712112.14,SGD,62.0,Pending,,Three-Way Match,Pending
INV003389,PO003389,S0193,2026-04-13,2026-05-07,2026-07-06,42666643.39,AUD,54.0,Paid,2026-07-06,Three-Way Match,Approved
INV003390,PO003390,S0151,2025-01-03,2025-01-27,2025-02-26,20002061.84,USD,83.5,Paid,2025-02-26,Three-Way Match,Approved
INV003391,PO003391,S0165,2026-06-07,2026-07-10,2026-08-09,60941054.68,USD,83.5,Paid,2026-08-03,Manual Review,Approved
INV003392,PO003392,S0200,2025-09-19,2025-10-07,2025-12-06,32013380.6,EUR,90.5,Paid,2025-11-30,Three-Way Match,Approved
INV003393,PO003393,S0151,2025-09-08,2025-10-06,2026-01-04,32538634.44,USD,83.5,Partially Paid,,Three-Way Match,Approved
INV003394,PO003394,S0161,2026-03-19,2026-04-18,2026-05-18,16192132.89,AED,22.7,Pending,,Three-Way Match,Approved
INV003395,PO003395,S0199,2026-04-30,2026-06-05,2026-07-05,33153797.28,EUR,90.5,Paid,2026-07-04,Manual Review,Pending
INV003396,PO003396,S0248,2026-02-03,2026-02-22,2026-03-24,15493210.35,GBP,106.0,Paid,2026-03-14,Three-Way Match,Approved
INV003397,PO003397,S0154,2025-12-07,2026-01-12,2026-02-26,19885741.11,AUD,54.0,Pending,,Three-Way Match,Pending
INV003398,PO003398,S0175,2025-05-23,2025-05-26,2025-06-25,41075395.24,CNY,11.6,Paid,2025-06-22,Three-Way Match,Pending
INV003399,PO003399,S0203,2025-03-04,2025-03-20,2025-05-04,52307782.34,JPY,0.56,Paid,2025-04-30,Three-Way Match,Approved
INV003400,PO003400,S0170,2025-07-15,2025-07-28,2025-09-26,54727136.28,JPY,0.56,Paid,2025-09-20,Three-Way Match,Pending
INV003401,PO003401,S0178,2026-06-22,2026-07-13,2026-08-12,62562556.01,JPY,0.56,Overdue,,Three-Way Match,Approved
INV003402,PO003402,S0188,2025-06-11,2025-07-04,2025-09-02,66853713.71,GBP,106.0,Paid,2025-08-28,Three-Way Match,Approved
INV003403,PO003403,S0174,2025-04-27,2025-05-23,2025-08-21,38989089.62,SGD,62.0,Overdue,,Three-Way Match,Approved
INV003404,PO003404,S0158,2025-06-13,2025-06-30,2025-07-30,41882988.93,EUR,90.5,Pending,,Three-Way Match,Pending
INV003405,PO003405,S0161,2025-12-21,2026-01-17,2026-03-03,1215658.43,AED,22.7,Paid,2026-03-02,Manual Review,Approved
INV003406,PO003406,S0210,2025-03-09,2025-03-19,2025-05-18,80057706.31,EUR,90.5,Paid,2025-05-11,Three-Way Match,Approved
INV003407,PO003407,S0145,2026-08-03,2026-08-19,2026-11-17,68293793.8,AED,22.7,Paid,2026-11-15,Three-Way Match,Pending
INV003408,PO003408,S0188,2026-05-30,2026-06-14,2026-09-12,21868503.68,GBP,106.0,Paid,2026-09-06,Three-Way Match,Approved
INV003409,PO003409,S0200,2025-11-15,2025-12-10,2026-01-24,78770277.55,EUR,90.5,Overdue,,Manual Review,Approved
INV003410,PO003410,S0200,2025-10-20,2025-11-06,2026-02-04,45073525.53,EUR,90.5,Partially Paid,,Three-Way Match,Approved
INV003411,PO003411,S0133,2026-06-19,2026-07-10,2026-08-24,64223953.17,EUR,90.5,Paid,2026-08-17,Three-Way Match,Pending
INV003412,PO003412,S0222,2026-07-18,2026-08-09,2026-09-23,85291582.49,AED,22.7,Pending,,Three-Way Match,Pending
INV003413,PO003413,S0195,2025-02-27,2025-03-26,2025-05-25,31103500.96,AUD,54.0,Paid,2025-05-18,Three-Way Match,Approved
INV003414,PO003414,S0236,2025-01-09,2025-01-29,2025-04-29,40813453.43,EUR,90.5,Paid,2025-04-27,Three-Way Match,Pending
INV003415,PO003415,S0174,2026-03-23,2026-04-26,2026-06-25,90039200.04,SGD,62.0,Pending,,Three-Way Match,Approved
INV003416,PO003416,S0147,2025-11-07,2025-11-28,2026-01-27,1922252.77,EUR,90.5,Paid,2026-01-26,Manual Review,Pending
INV003417,PO003417,S0198,2026-05-26,2026-06-29,2026-09-27,4391798.98,EUR,90.5,Pending,,Manual Review,Approved
INV003418,PO003418,S0213,2025-08-06,2025-08-10,2025-11-08,25773560.02,AED,22.7,Pending,,Three-Way Match,Pending
INV003419,PO003419,S0203,2025-04-21,2025-05-10,2025-08-08,30212946.45,JPY,0.56,Pending,,Three-Way Match,Pending
INV003420,PO003420,S0210,2026-06-12,2026-06-22,2026-07-22,38156351.91,EUR,90.5,Paid,2026-07-21,Manual Review,Approved
INV003421,PO003421,S0141,2026-07-08,2026-07-23,2026-09-06,32080104.08,AED,22.7,Paid,2026-08-27,Three-Way Match,Pending
INV003422,PO003422,S0185,2026-07-23,2026-08-14,2026-10-13,1654535.14,AED,22.7,Paid,2026-10-06,Manual Review,Pending
INV003423,PO003423,S0223,2025-09-11,2025-09-14,2025-10-14,2497012.65,AED,22.7,Paid,2025-10-05,Manual Review,Pending
INV003424,PO003424,S0199,2025-05-03,2025-06-04,2025-07-04,5670311.73,EUR,90.5,Paid,2025-06-29,Manual Review,Pending
INV003425,PO003425,S0152,2026-01-27,2026-02-14,2026-05-15,46578824.93,SGD,62.0,Paid,2026-05-08,Three-Way Match,Pending
INV003426,PO003426,S0234,2026-06-06,2026-06-30,2026-08-29,39412246.82,AUD,54.0,Overdue,,Three-Way Match,Pending
INV003427,PO003427,S0147,2025-09-17,2025-10-03,2026-01-01,53621911.15,EUR,90.5,Pending,,Three-Way Match,Approved
INV003428,PO003428,S0142,2026-06-08,2026-07-05,2026-10-03,22107475.18,JPY,0.56,Paid,2026-09-27,Three-Way Match,Approved
INV003429,PO003429,S0196,2025-10-19,2025-11-03,2025-12-03,5297832.5,EUR,90.5,Paid,2025-11-29,Three-Way Match,Approved
INV003430,PO003430,S0148,2026-06-16,2026-07-08,2026-08-22,43649399.99,AED,22.7,Pending,,Three-Way Match,Pending
INV003431,PO003431,S0238,2025-06-29,2025-07-17,2025-08-31,1627661.01,CNY,11.6,Paid,2025-08-27,Three-Way Match,Approved
INV003432,PO003432,S0181,2026-04-30,2026-05-14,2026-08-12,2249646.57,AED,22.7,Paid,2026-08-10,Manual Review,Approved
INV003433,PO003433,S0231,2025-02-07,2025-02-20,2025-05-21,36986498.47,SGD,62.0,Paid,2025-05-19,Three-Way Match,Approved
INV003434,PO003434,S0237,2025-07-11,2025-08-08,2025-11-06,5299173.02,USD,83.5,Pending,,Three-Way Match,Pending
INV003435,PO003435,S0232,2025-03-13,2025-04-01,2025-06-30,1492336.98,AUD,54.0,Paid,2025-06-28,Three-Way Match,Approved
INV003436,PO003436,S0188,2025-09-13,2025-10-04,2025-11-03,11293990.42,GBP,106.0,Partially Paid,,Three-Way Match,Approved
INV003437,PO003437,S0201,2026-03-07,2026-04-02,2026-06-01,2654681.64,EUR,90.5,Paid,2026-05-23,Three-Way Match,Approved
INV003438,PO003438,S0190,2026-03-17,2026-03-22,2026-04-21,46964642.59,SGD,62.0,Paid,2026-04-20,Manual Review,Approved
INV003439,PO003439,S0246,2026-06-11,2026-07-12,2026-10-10,1250449.67,USD,83.5,Paid,2026-10-06,Three-Way Match,Approved
INV003440,PO003440,S0198,2026-03-17,2026-04-18,2026-07-17,7318203.58,EUR,90.5,Paid,2026-07-16,Three-Way Match,Pending
INV003441,PO003441,S0150,2025-11-13,2025-12-06,2026-03-06,42556254.97,SGD,62.0,Overdue,,Three-Way Match,Approved
INV003442,PO003442,S0170,2025-10-18,2025-11-02,2025-12-02,2972765.64,JPY,0.56,Paid,2025-11-24,Three-Way Match,Approved
INV003443,PO003443,S0135,2025-04-11,2025-04-24,2025-07-23,41575743.56,EUR,90.5,Paid,2025-07-23,Three-Way Match,Approved
INV003444,PO003444,S0155,2025-05-28,2025-06-04,2025-07-04,40864224.44,AUD,54.0,Paid,2025-06-25,Three-Way Match,Approved
INV003445,PO003445,S0128,2026-07-21,2026-08-23,2026-09-22,44499710.66,AUD,54.0,Paid,2026-09-14,Three-Way Match,Approved
INV003446,PO003446,S0149,2025-12-19,2026-01-12,2026-02-11,35041281.38,SGD,62.0,Overdue,,Manual Review,Approved
INV003447,PO003447,S0156,2025-08-15,2025-08-31,2025-09-30,9214486.49,CNY,11.6,Paid,2025-09-23,Three-Way Match,Approved
INV003448,PO003448,S0219,2025-05-23,2025-06-09,2025-08-08,45975397.3,EUR,90.5,Overdue,,Three-Way Match,Pending
INV003449,PO003449,S0128,2026-03-25,2026-04-26,2026-07-25,59570258.55,AUD,54.0,Paid,2026-07-15,Three-Way Match,Approved
INV003450,PO003450,S0211,2026-08-02,2026-08-18,2026-09-17,15912308.12,AED,22.7,Paid,2026-09-10,Three-Way Match,Approved
INV003451,PO003451,S0168,2025-02-09,2025-02-26,2025-05-27,51103695.79,EUR,90.5,Paid,2025-05-21,Three-Way Match,Pending
INV003452,PO003452,S0127,2026-05-13,2026-06-08,2026-07-08,37803473.78,AED,22.7,Pending,,Three-Way Match,Approved
INV003453,PO003453,S0180,2026-01-15,2026-02-18,2026-03-20,9461766.57,JPY,0.56,Paid,2026-03-11,Manual Review,Approved
INV003454,PO003454,S0240,2025-11-26,2026-01-03,2026-04-03,57098325.55,JPY,0.56,Paid,2026-03-30,Manual Review,Approved
INV003455,PO003455,S0232,2025-06-07,2025-06-30,2025-08-14,494177.96,AUD,54.0,Partially Paid,,Manual Review,Pending
INV003456,PO003456,S0223,2026-07-02,2026-07-13,2026-08-27,43192701.58,AED,22.7,Paid,2026-08-17,Three-Way Match,Approved
INV003457,PO003457,S0129,2026-06-24,2026-07-13,2026-08-12,6602798.56,USD,83.5,Pending,,Three-Way Match,Approved
INV003458,PO003458,S0154,2026-03-05,2026-04-05,2026-05-05,20178304.1,AUD,54.0,Paid,2026-05-04,Three-Way Match,Pending
INV003459,PO003459,S0156,2025-04-15,2025-04-24,2025-05-24,34870048.53,CNY,11.6,Paid,2025-05-19,Three-Way Match,Approved
INV003460,PO003460,S0213,2026-01-16,2026-01-24,2026-03-25,57580785.39,AED,22.7,Overdue,,Three-Way Match,Approved
INV003461,PO003461,S0212,2025-06-30,2025-07-17,2025-08-31,39293809.66,AUD,54.0,Paid,2025-08-23,Three-Way Match,Approved
INV003462,PO003462,S0175,2025-09-11,2025-09-15,2025-12-14,1338242.43,CNY,11.6,Partially Paid,,Three-Way Match,Approved
INV003463,PO003463,S0162,2026-01-22,2026-02-06,2026-03-08,4362734.02,CNY,11.6,Overdue,,Manual Review,Approved
INV003464,PO003464,S0159,2025-08-25,2025-09-25,2025-10-25,4638563.57,USD,83.5,Paid,2025-10-23,Manual Review,Approved
INV003465,PO003465,S0190,2025-10-31,2025-11-07,2026-02-05,17282752.85,SGD,62.0,Paid,2026-01-30,Three-Way Match,Pending
INV003466,PO003466,S0171,2025-07-28,2025-08-15,2025-09-14,40160144.04,GBP,106.0,Overdue,,Three-Way Match,Approved
INV003467,PO003467,S0242,2026-03-01,2026-03-27,2026-05-11,41830627.45,EUR,90.5,Paid,2026-05-11,Manual Review,Pending
INV003468,PO003468,S0159,2025-04-21,2025-05-21,2025-08-19,34566999.6,USD,83.5,Paid,2025-08-14,Three-Way Match,Pending
INV003469,PO003469,S0214,2025-02-13,2025-03-13,2025-05-12,38038391.46,EUR,90.5,Paid,2025-05-02,Three-Way Match,Approved
INV003470,PO003470,S0186,2025-12-05,2025-12-29,2026-01-28,24673108.17,EUR,90.5,Partially Paid,,Manual Review,Approved
INV003471,PO003471,S0180,2025-06-18,2025-07-21,2025-09-04,73097444.87,JPY,0.56,Paid,2025-08-26,Manual Review,Pending
INV003472,PO003472,S0153,2026-06-30,2026-08-06,2026-11-04,17770928.7,EUR,90.5,Paid,2026-10-27,Manual Review,Approved
INV003473,PO003473,S0150,2025-03-24,2025-04-17,2025-05-17,48048087.95,SGD,62.0,Paid,2025-05-14,Three-Way Match,Approved
INV003474,PO003474,S0173,2026-07-08,2026-07-20,2026-10-18,33463226.57,AUD,54.0,Paid,2026-10-11,Manual Review,Approved
INV003475,PO003475,S0218,2025-10-19,2025-11-16,2025-12-16,51457570.01,GBP,106.0,Paid,2025-12-14,Three-Way Match,Pending
INV003476,PO003476,S0234,2026-06-11,2026-07-03,2026-08-17,10640010.71,AUD,54.0,Paid,2026-08-10,Three-Way Match,Pending
INV003477,PO003477,S0211,2025-06-05,2025-06-19,2025-08-03,3688755.24,AED,22.7,Paid,2025-07-28,Three-Way Match,Approved
INV003478,PO003478,S0216,2025-07-27,2025-08-21,2025-09-20,23474323.09,SGD,62.0,Overdue,,Manual Review,Approved
INV003479,PO003479,S0231,2026-05-07,2026-05-19,2026-06-18,1593709.13,SGD,62.0,Pending,,Three-Way Match,Approved
INV003480,PO003480,S0165,2025-12-21,2026-02-03,2026-04-04,857560.83,USD,83.5,Paid,2026-04-04,Three-Way Match,Approved
INV003481,PO003481,S0217,2025-01-18,2025-01-29,2025-02-28,31862925.45,USD,83.5,Paid,2025-02-23,Three-Way Match,Approved
INV003482,PO003482,S0218,2025-01-01,2025-01-20,2025-04-20,4167576.82,GBP,106.0,Paid,2025-04-10,Manual Review,Approved
INV003483,PO003483,S0133,2025-01-11,2025-02-10,2025-05-11,2551256.59,EUR,90.5,Paid,2025-05-08,Three-Way Match,Approved
INV003484,PO003484,S0153,2025-01-29,2025-02-28,2025-04-14,4068182.02,EUR,90.5,Pending,,Three-Way Match,Approved
INV003485,PO003485,S0211,2025-09-25,2025-10-11,2025-12-10,7163055.18,AED,22.7,Paid,2025-12-06,Three-Way Match,Approved
INV003486,PO003486,S0157,2025-10-14,2025-11-06,2025-12-06,38367800.69,AUD,54.0,Paid,2025-11-26,Three-Way Match,Approved
INV003487,PO003487,S0212,2026-03-27,2026-04-22,2026-06-21,33665872.79,AUD,54.0,Overdue,,Manual Review,Approved
INV003488,PO003488,S0165,2025-08-02,2025-08-27,2025-10-26,36373028.3,USD,83.5,Pending,,Manual Review,Pending
INV003489,PO003489,S0143,2025-01-08,2025-01-16,2025-04-16,1651764.6,JPY,0.56,Partially Paid,,Manual Review,Approved
INV003490,PO003490,S0226,2025-05-02,2025-06-02,2025-07-02,39719461.89,SGD,62.0,Pending,,Three-Way Match,Approved
INV003491,PO003491,S0135,2025-02-14,2025-03-01,2025-04-30,34220096.52,EUR,90.5,Pending,,Manual Review,Approved
INV003492,PO003492,S0147,2026-05-04,2026-05-25,2026-08-23,88413.98,EUR,90.5,Paid,2026-08-19,Manual Review,Approved
INV003493,PO003493,S0198,2025-01-11,2025-02-13,2025-04-14,65556097.25,EUR,90.5,Paid,2025-04-05,Three-Way Match,Approved
INV003494,PO003494,S0129,2025-05-31,2025-07-03,2025-10-01,60305064.72,USD,83.5,Paid,2025-09-29,Manual Review,Approved
INV003495,PO003495,S0126,2025-09-13,2025-09-28,2025-11-27,13889213.46,EUR,90.5,Paid,2025-11-25,Manual Review,Approved
INV003496,PO003496,S0203,2025-01-20,2025-02-02,2025-04-03,71810408.34,JPY,0.56,Paid,2025-03-28,Three-Way Match,Approved
INV003497,PO003497,S0189,2025-02-08,2025-03-06,2025-05-05,21905479.8,EUR,90.5,Paid,2025-04-26,Three-Way Match,Pending
INV003498,PO003498,S0159,2025-07-12,2025-08-09,2025-09-23,56360879.13,USD,83.5,Paid,2025-09-19,Three-Way Match,Approved
INV003499,PO003499,S0201,2025-06-02,2025-06-20,2025-07-20,34275969.33,EUR,90.5,Paid,2025-07-11,Three-Way Match,Pending
INV003500,PO003500,S0161,2025-06-17,2025-07-15,2025-08-29,40949025.45,AED,22.7,Paid,2025-08-22,Three-Way Match,Pending
INV003501,PO003501,S0165,2025-06-14,2025-07-16,2025-10-14,10410725.49,USD,83.5,Partially Paid,,Manual Review,Pending
INV003502,PO003502,S0246,2025-04-02,2025-05-03,2025-06-17,14393055.56,USD,83.5,Paid,2025-06-12,Three-Way Match,Approved
INV003503,PO003503,S0219,2026-04-06,2026-04-30,2026-05-30,77382850.74,EUR,90.5,Pending,,Three-Way Match,Approved
INV003504,PO003504,S0235,2025-03-31,2025-04-25,2025-05-25,31536061.67,CNY,11.6,Paid,2025-05-19,Manual Review,Approved
INV003505,PO003505,S0129,2025-07-15,2025-08-19,2025-10-18,14280223.76,USD,83.5,Paid,2025-10-16,Three-Way Match,Approved
INV003506,PO003506,S0166,2025-02-14,2025-02-28,2025-03-30,86243970.0,EUR,90.5,Paid,2025-03-24,Three-Way Match,Approved
INV003507,PO003507,S0151,2026-07-17,2026-08-11,2026-11-09,73502705.59,USD,83.5,Paid,2026-11-06,Three-Way Match,Approved
INV003508,PO003508,S0180,2025-09-25,2025-10-25,2025-12-24,86165513.19,JPY,0.56,Paid,2025-12-15,Three-Way Match,Approved
INV003509,PO003509,S0183,2025-09-21,2025-10-11,2025-11-10,1888672.48,USD,83.5,Paid,2025-11-05,Manual Review,Approved
INV003510,PO003510,S0135,2025-10-15,2025-10-28,2026-01-26,53289831.47,EUR,90.5,Paid,2026-01-23,Three-Way Match,Approved
INV003511,PO003511,S0239,2025-10-11,2025-10-22,2025-12-06,35108129.88,SGD,62.0,Paid,2025-11-26,Three-Way Match,Approved
INV003512,PO003512,S0155,2026-05-04,2026-05-14,2026-08-12,31734647.07,AUD,54.0,Paid,2026-08-02,Manual Review,Approved
INV003513,PO003513,S0183,2025-06-24,2025-07-08,2025-08-22,3226542.05,USD,83.5,Paid,2025-08-19,Three-Way Match,Pending
INV003514,PO003514,S0249,2026-05-28,2026-06-20,2026-09-18,39736986.93,GBP,106.0,Pending,,Three-Way Match,Approved
INV003515,PO003515,S0235,2026-06-18,2026-07-07,2026-09-05,7986689.68,CNY,11.6,Paid,2026-08-26,Three-Way Match,Pending
INV003516,PO003516,S0179,2025-08-06,2025-09-02,2025-12-01,745380.35,GBP,106.0,Overdue,,Three-Way Match,Pending
INV003517,PO003517,S0239,2025-11-17,2025-11-27,2026-01-26,50996586.59,SGD,62.0,Paid,2026-01-26,Three-Way Match,Pending
INV003518,PO003518,S0215,2025-08-23,2025-08-29,2025-10-13,13022967.96,AED,22.7,Paid,2025-10-04,Three-Way Match,Approved
INV003519,PO003519,S0138,2025-09-14,2025-10-08,2025-11-22,13252275.87,AUD,54.0,Paid,2025-11-21,Three-Way Match,Approved
INV003520,PO003520,S0245,2025-05-23,2025-06-03,2025-07-03,45658838.69,JPY,0.56,Overdue,,Manual Review,Approved
INV003521,PO003521,S0136,2025-03-09,2025-04-15,2025-07-14,45492674.42,EUR,90.5,Paid,2025-07-04,Three-Way Match,Pending
INV003522,PO003522,S0242,2026-03-07,2026-04-06,2026-05-21,24726490.19,EUR,90.5,Paid,2026-05-17,Manual Review,Approved
INV003523,PO003523,S0159,2025-01-11,2025-02-03,2025-03-05,88445640.56,USD,83.5,Paid,2025-03-01,Manual Review,Approved
INV003524,PO003524,S0227,2026-05-30,2026-06-08,2026-08-07,341595.93,EUR,90.5,Pending,,Three-Way Match,Approved
INV003525,PO003525,S0224,2026-05-20,2026-06-06,2026-07-06,12960590.63,AUD,54.0,Paid,2026-07-01,Three-Way Match,Pending
INV003526,PO003526,S0247,2025-02-15,2025-03-21,2025-05-05,15386272.9,EUR,90.5,Paid,2025-05-03,Three-Way Match,Approved
INV003527,PO003527,S0138,2025-04-28,2025-05-27,2025-06-26,53859042.79,AUD,54.0,Paid,2025-06-16,Manual Review,Approved
INV003528,PO003528,S0145,2025-11-02,2025-11-24,2026-01-23,39178166.02,AED,22.7,Paid,2026-01-16,Three-Way Match,Approved
INV003529,PO003529,S0193,2025-04-29,2025-05-09,2025-06-08,4189138.66,AUD,54.0,Paid,2025-05-29,Three-Way Match,Approved
INV003530,PO003530,S0176,2025-04-26,2025-05-19,2025-08-17,30230847.5,GBP,106.0,Pending,,Three-Way Match,Approved
INV003531,PO003531,S0138,2026-05-16,2026-06-13,2026-07-13,19420648.28,AUD,54.0,Paid,2026-07-07,Manual Review,Approved
INV003532,PO003532,S0166,2025-01-17,2025-01-29,2025-02-28,15216028.77,EUR,90.5,Paid,2025-02-20,Three-Way Match,Approved
INV003533,PO003533,S0169,2025-11-14,2025-11-29,2026-02-27,65134556.56,AUD,54.0,Paid,2026-02-26,Three-Way Match,Approved
INV003534,PO003534,S0130,2025-10-25,2025-11-07,2026-02-05,52334989.2,SGD,62.0,Pending,,Three-Way Match,Approved
INV003535,PO003535,S0180,2025-09-07,2025-10-05,2025-11-19,54220080.74,JPY,0.56,Paid,2025-11-16,Manual Review,Approved
INV003536,PO003536,S0221,2025-07-08,2025-08-07,2025-09-21,63250948.59,EUR,90.5,Paid,2025-09-17,Three-Way Match,Pending
INV003537,PO003537,S0197,2025-01-30,2025-02-16,2025-04-02,3492857.87,AUD,54.0,Paid,2025-03-29,Manual Review,Approved
INV003538,PO003538,S0164,2025-05-26,2025-06-13,2025-09-11,28782176.06,SGD,62.0,Paid,2025-09-05,Three-Way Match,Approved
INV003539,PO003539,S0219,2025-04-13,2025-05-04,2025-07-03,39288710.16,EUR,90.5,Paid,2025-06-23,Three-Way Match,Pending
INV003540,PO003540,S0183,2025-04-08,2025-04-26,2025-06-10,18628943.75,USD,83.5,Pending,,Three-Way Match,Pending
INV003541,PO003541,S0230,2025-07-18,2025-08-01,2025-09-30,34952254.39,EUR,90.5,Overdue,,Three-Way Match,Approved
INV003542,PO003542,S0228,2026-07-28,2026-08-21,2026-10-20,22007460.58,SGD,62.0,Paid,2026-10-20,Manual Review,Approved
INV003543,PO003543,S0228,2025-01-08,2025-01-24,2025-03-10,7849175.08,SGD,62.0,Paid,2025-03-06,Three-Way Match,Approved
INV003544,PO003544,S0213,2025-01-04,2025-01-19,2025-03-05,2109746.0,AED,22.7,Paid,2025-03-04,Three-Way Match,Pending
INV003545,PO003545,S0197,2025-04-04,2025-04-22,2025-06-06,16336993.92,AUD,54.0,Pending,,Manual Review,Pending
INV003546,PO003546,S0178,2026-03-08,2026-04-01,2026-05-16,41866643.12,JPY,0.56,Pending,,Manual Review,Pending
INV003547,PO003547,S0187,2026-07-18,2026-08-02,2026-10-31,39790234.57,AED,22.7,Paid,2026-10-25,Three-Way Match,Approved
INV003548,PO003548,S0188,2025-03-25,2025-04-17,2025-06-01,58383855.63,GBP,106.0,Paid,2025-05-31,Manual Review,Approved
INV003549,PO003549,S0243,2025-09-28,2025-10-19,2025-12-03,58752484.51,CNY,11.6,Paid,2025-11-29,Three-Way Match,Pending
INV003550,PO003550,S0170,2025-05-12,2025-05-28,2025-06-27,3627007.34,JPY,0.56,Paid,2025-06-18,Three-Way Match,Approved
INV003551,PO003551,S0167,2026-04-23,2026-05-12,2026-06-26,26237779.72,USD,83.5,Paid,2026-06-16,Three-Way Match,Approved
INV003552,PO003552,S0153,2025-11-09,2025-12-11,2026-02-09,158245.19,EUR,90.5,Paid,2026-02-04,Three-Way Match,Pending
INV003553,PO003553,S0131,2026-06-15,2026-07-07,2026-08-21,4509479.45,GBP,106.0,Paid,2026-08-15,Manual Review,Approved
INV003554,PO003554,S0212,2025-04-25,2025-05-16,2025-07-15,44981308.99,AUD,54.0,Paid,2025-07-07,Manual Review,Pending
INV003555,PO003555,S0152,2025-03-29,2025-04-17,2025-07-16,31729451.67,SGD,62.0,Paid,2025-07-13,Manual Review,Approved
INV003556,PO003556,S0166,2026-06-19,2026-06-26,2026-08-25,9571779.02,EUR,90.5,Paid,2026-08-22,Manual Review,Pending
INV003557,PO003557,S0227,2025-03-22,2025-04-02,2025-07-01,10484047.68,EUR,90.5,Paid,2025-06-23,Manual Review,Approved
INV003558,PO003558,S0244,2025-01-29,2025-02-13,2025-05-14,8232053.86,EUR,90.5,Pending,,Three-Way Match,Approved
INV003559,PO003559,S0213,2025-04-10,2025-04-26,2025-06-10,4345417.1,AED,22.7,Paid,2025-06-05,Manual Review,Approved
INV003560,PO003560,S0209,2025-05-21,2025-06-29,2025-08-28,10225008.15,CNY,11.6,Pending,,Three-Way Match,Pending
INV003561,PO003561,S0215,2025-11-16,2025-12-01,2025-12-31,610172.0,AED,22.7,Pending,,Manual Review,Approved
INV003562,PO003562,S0146,2025-05-08,2025-06-04,2025-09-02,1593986.94,EUR,90.5,Paid,2025-08-30,Three-Way Match,Approved
INV003563,PO003563,S0181,2025-08-25,2025-09-07,2025-11-06,42206192.68,AED,22.7,Paid,2025-11-05,Three-Way Match,Approved
INV003564,PO003564,S0204,2026-03-25,2026-04-15,2026-07-14,1215362.94,JPY,0.56,Paid,2026-07-12,Three-Way Match,Approved
INV003565,PO003565,S0199,2025-03-25,2025-04-21,2025-05-21,27870738.73,EUR,90.5,Overdue,,Three-Way Match,Approved
INV003566,PO003566,S0133,2025-02-24,2025-03-13,2025-04-27,5354342.91,EUR,90.5,Pending,,Three-Way Match,Approved
INV003567,PO003567,S0128,2025-11-27,2026-01-02,2026-03-03,7514877.89,AUD,54.0,Pending,,Three-Way Match,Approved
INV003568,PO003568,S0193,2026-03-21,2026-04-08,2026-07-07,23719229.92,AUD,54.0,Paid,2026-07-02,Three-Way Match,Approved
INV003569,PO003569,S0163,2026-03-23,2026-04-28,2026-06-12,72139415.26,JPY,0.56,Paid,2026-06-05,Three-Way Match,Pending
INV003570,PO003570,S0163,2025-12-23,2026-01-24,2026-02-23,35202953.7,JPY,0.56,Paid,2026-02-19,Three-Way Match,Approved
INV003571,PO003571,S0166,2025-10-20,2025-10-28,2026-01-26,59412209.49,EUR,90.5,Paid,2026-01-18,Manual Review,Approved
INV003572,PO003572,S0148,2025-03-07,2025-04-01,2025-05-16,10071816.02,AED,22.7,Overdue,,Manual Review,Approved
INV003573,PO003573,S0152,2025-02-24,2025-03-16,2025-05-15,36435746.74,SGD,62.0,Paid,2025-05-08,Manual Review,Approved
INV003574,PO003574,S0203,2026-04-20,2026-05-14,2026-07-13,80792090.22,JPY,0.56,Paid,2026-07-13,Three-Way Match,Approved
INV003575,PO003575,S0127,2026-05-03,2026-05-28,2026-07-27,67699859.6,AED,22.7,Pending,,Three-Way Match,Approved
INV003576,PO003576,S0195,2025-08-22,2025-09-17,2025-10-17,35346773.72,AUD,54.0,Pending,,Manual Review,Approved
INV003577,PO003577,S0148,2025-08-02,2025-09-05,2025-10-05,71075751.59,AED,22.7,Paid,2025-09-25,Manual Review,Approved
INV003578,PO003578,S0235,2026-04-07,2026-04-29,2026-06-28,86266470.62,CNY,11.6,Paid,2026-06-19,Manual Review,Pending
INV003579,PO003579,S0231,2025-01-14,2025-02-08,2025-04-09,36782986.68,SGD,62.0,Pending,,Manual Review,Pending
INV003580,PO003580,S0173,2026-05-07,2026-05-24,2026-06-23,73355618.41,AUD,54.0,Paid,2026-06-22,Three-Way Match,Pending
INV003581,PO003581,S0160,2026-05-10,2026-05-23,2026-07-07,19544948.88,CNY,11.6,Pending,,Manual Review,Approved
INV003582,PO003582,S0159,2025-12-25,2026-01-19,2026-03-20,62727400.11,USD,83.5,Partially Paid,,Three-Way Match,Pending
INV003583,PO003583,S0193,2025-12-03,2025-12-15,2026-02-13,6104245.27,AUD,54.0,Paid,2026-02-08,Three-Way Match,Approved
INV003584,PO003584,S0229,2025-03-30,2025-04-21,2025-06-05,60004179.45,EUR,90.5,Paid,2025-05-30,Three-Way Match,Pending
INV003585,PO003585,S0179,2026-07-29,2026-08-17,2026-10-01,23537567.14,GBP,106.0,Paid,2026-09-22,Manual Review,Approved
INV003586,PO003586,S0241,2025-11-18,2025-11-28,2025-12-28,11626087.0,CNY,11.6,Paid,2025-12-25,Three-Way Match,Approved
INV003587,PO003587,S0246,2025-06-20,2025-07-21,2025-09-19,3052804.63,USD,83.5,Overdue,,Three-Way Match,Pending
INV003588,PO003588,S0201,2025-03-17,2025-04-07,2025-06-06,47901097.84,EUR,90.5,Pending,,Manual Review,Approved
INV003589,PO003589,S0237,2026-01-24,2026-02-25,2026-03-27,875491.99,USD,83.5,Pending,,Three-Way Match,Pending
INV003590,PO003590,S0140,2025-10-26,2025-11-23,2026-01-07,16890781.2,JPY,0.56,Overdue,,Three-Way Match,Pending
INV003591,PO003591,S0175,2025-02-26,2025-03-05,2025-05-04,79770549.61,CNY,11.6,Overdue,,Manual Review,Approved
INV003592,PO003592,S0239,2025-11-23,2025-12-03,2026-01-02,592914.09,SGD,62.0,Paid,2025-12-23,Three-Way Match,Approved
INV003593,PO003593,S0216,2025-01-04,2025-02-07,2025-03-09,19260874.68,SGD,62.0,Paid,2025-03-07,Manual Review,Approved
INV003594,PO003594,S0247,2025-09-03,2025-10-01,2025-11-30,14838005.82,EUR,90.5,Paid,2025-11-26,Three-Way Match,Pending
INV003595,PO003595,S0200,2025-12-11,2026-01-01,2026-04-01,9861899.86,EUR,90.5,Paid,2026-03-31,Three-Way Match,Approved
INV003596,PO003596,S0150,2025-06-26,2025-07-26,2025-09-09,42527607.88,SGD,62.0,Paid,2025-09-02,Manual Review,Approved
INV003597,PO003597,S0188,2026-03-10,2026-03-29,2026-05-13,3195631.25,GBP,106.0,Pending,,Three-Way Match,Approved
INV003598,PO003598,S0189,2025-09-17,2025-10-06,2026-01-04,626623.07,EUR,90.5,Paid,2026-01-04,Three-Way Match,Approved
INV003599,PO003599,S0137,2025-10-09,2025-11-10,2026-01-09,39576908.11,CNY,11.6,Paid,2026-01-01,Three-Way Match,Approved
INV003600,PO003600,S0135,2025-07-15,2025-08-03,2025-10-02,3802826.88,EUR,90.5,Paid,2025-09-30,Three-Way Match,Approved
INV003601,PO003601,S0137,2025-11-05,2025-12-07,2026-01-06,32713362.26,CNY,11.6,Pending,,Three-Way Match,Approved
INV003602,PO003602,S0128,2026-02-15,2026-03-13,2026-06-11,810037.92,AUD,54.0,Paid,2026-06-01,Three-Way Match,Pending
INV003603,PO003603,S0159,2025-06-24,2025-07-21,2025-09-04,56000891.41,USD,83.5,Paid,2025-09-03,Manual Review,Approved
INV003604,PO003604,S0249,2025-05-31,2025-06-09,2025-07-09,7307787.67,GBP,106.0,Overdue,,Manual Review,Approved
INV003605,PO003605,S0162,2025-04-22,2025-05-13,2025-07-12,5275252.68,CNY,11.6,Pending,,Three-Way Match,Approved
INV003606,PO003606,S0152,2025-06-23,2025-07-08,2025-08-22,18065017.84,SGD,62.0,Partially Paid,,Three-Way Match,Pending
INV003607,PO003607,S0144,2026-04-28,2026-05-20,2026-06-19,81728459.37,GBP,106.0,Paid,2026-06-12,Three-Way Match,Approved
INV003608,PO003608,S0189,2025-02-05,2025-03-11,2025-05-10,33855065.6,EUR,90.5,Pending,,Three-Way Match,Approved
INV003609,PO003609,S0132,2026-07-23,2026-07-30,2026-10-28,1446223.64,JPY,0.56,Partially Paid,,Manual Review,Pending
INV003610,PO003610,S0160,2025-05-02,2025-05-16,2025-07-15,18714673.97,CNY,11.6,Paid,2025-07-14,Three-Way Match,Approved
INV003611,PO003611,S0195,2026-03-04,2026-04-02,2026-05-02,109846466.0,AUD,54.0,Pending,,Three-Way Match,Pending
INV003612,PO003612,S0167,2026-07-08,2026-07-26,2026-08-25,13651931.03,USD,83.5,Overdue,,Three-Way Match,Pending
INV003613,PO003613,S0172,2026-03-29,2026-04-20,2026-05-20,3016431.79,AUD,54.0,Paid,2026-05-12,Three-Way Match,Pending
INV003614,PO003614,S0228,2026-05-07,2026-06-11,2026-07-11,25647613.73,SGD,62.0,Pending,,Manual Review,Approved
INV003615,PO003615,S0230,2026-04-03,2026-04-24,2026-06-08,85442158.98,EUR,90.5,Pending,,Three-Way Match,Pending
INV003616,PO003616,S0166,2025-01-05,2025-01-15,2025-02-14,56647669.82,EUR,90.5,Paid,2025-02-11,Three-Way Match,Approved
INV003617,PO003617,S0211,2026-01-05,2026-01-15,2026-04-15,39906596.73,AED,22.7,Paid,2026-04-13,Three-Way Match,Pending
INV003618,PO003618,S0231,2025-03-20,2025-04-07,2025-05-07,32641337.76,SGD,62.0,Paid,2025-05-05,Three-Way Match,Approved
INV003619,PO003619,S0209,2025-09-04,2025-10-15,2025-11-29,9456554.76,CNY,11.6,Paid,2025-11-19,Three-Way Match,Pending
INV003620,PO003620,S0131,2025-02-27,2025-03-24,2025-05-08,56846739.81,GBP,106.0,Paid,2025-05-01,Three-Way Match,Approved
INV003621,PO003621,S0188,2025-08-24,2025-09-11,2025-11-10,11694309.18,GBP,106.0,Pending,,Three-Way Match,Approved
INV003622,PO003622,S0219,2025-11-01,2025-11-17,2026-01-01,74750794.03,EUR,90.5,Paid,2025-12-24,Three-Way Match,Approved
INV003623,PO003623,S0240,2025-07-27,2025-09-04,2025-12-03,87013926.22,JPY,0.56,Paid,2025-11-28,Three-Way Match,Approved
INV003624,PO003624,S0194,2025-09-16,2025-09-21,2025-11-05,22342461.56,USD,83.5,Paid,2025-10-30,Three-Way Match,Approved
INV003625,PO003625,S0139,2026-05-07,2026-06-18,2026-07-18,69204341.64,AED,22.7,Paid,2026-07-14,Manual Review,Approved
INV003626,PO003626,S0169,2025-05-29,2025-06-15,2025-09-13,13856468.88,AUD,54.0,Paid,2025-09-11,Manual Review,Pending
INV003627,PO003627,S0160,2025-12-29,2026-01-11,2026-02-10,11402229.84,CNY,11.6,Paid,2026-02-06,Manual Review,Pending
INV003628,PO003628,S0158,2025-09-06,2025-10-05,2025-12-04,15845597.65,EUR,90.5,Partially Paid,,Three-Way Match,Approved
INV003629,PO003629,S0171,2025-07-01,2025-07-13,2025-08-12,638972.72,GBP,106.0,Paid,2025-08-08,Three-Way Match,Approved
INV003630,PO003630,S0241,2025-02-12,2025-02-28,2025-05-29,12709882.02,CNY,11.6,Pending,,Three-Way Match,Approved
INV003631,PO003631,S0155,2025-04-23,2025-05-14,2025-06-28,2042309.93,AUD,54.0,Paid,2025-06-23,Manual Review,Pending
INV003632,PO003632,S0191,2025-01-13,2025-01-19,2025-02-18,30348286.87,EUR,90.5,Paid,2025-02-14,Three-Way Match,Approved
INV003633,PO003633,S0208,2025-08-24,2025-09-11,2025-10-26,52467753.54,GBP,106.0,Paid,2025-10-26,Three-Way Match,Approved
INV003634,PO003634,S0219,2026-04-08,2026-05-04,2026-08-02,2314997.01,EUR,90.5,Paid,2026-08-02,Three-Way Match,Approved
INV003635,PO003635,S0238,2026-06-30,2026-07-20,2026-09-03,21833398.71,CNY,11.6,Paid,2026-08-28,Three-Way Match,Approved
INV003636,PO003636,S0231,2026-07-31,2026-08-15,2026-11-13,21423305.12,SGD,62.0,Pending,,Manual Review,Approved
INV003637,PO003637,S0184,2025-03-20,2025-04-16,2025-05-31,78332118.36,USD,83.5,Paid,2025-05-24,Three-Way Match,Approved
INV003638,PO003638,S0234,2025-09-10,2025-09-23,2025-12-22,5546071.25,AUD,54.0,Paid,2025-12-22,Manual Review,Approved
INV003639,PO003639,S0157,2026-03-10,2026-04-06,2026-05-21,27312142.07,AUD,54.0,Paid,2026-05-18,Three-Way Match,Pending
INV003640,PO003640,S0143,2025-12-27,2026-01-06,2026-02-05,555877.83,JPY,0.56,Paid,2026-02-05,Three-Way Match,Approved
INV003641,PO003641,S0214,2025-08-17,2025-09-07,2025-12-06,13228109.66,EUR,90.5,Paid,2025-12-03,Three-Way Match,Approved
INV003642,PO003642,S0230,2025-07-26,2025-08-12,2025-10-11,7399532.99,EUR,90.5,Paid,2025-10-10,Three-Way Match,Approved
INV003643,PO003643,S0128,2026-06-10,2026-07-16,2026-09-14,15300951.88,AUD,54.0,Partially Paid,,Three-Way Match,Pending
INV003644,PO003644,S0149,2025-05-31,2025-06-18,2025-08-02,25296504.85,SGD,62.0,Paid,2025-07-27,Three-Way Match,Approved
INV003645,PO003645,S0177,2026-01-12,2026-01-23,2026-03-24,905521.26,EUR,90.5,Paid,2026-03-16,Manual Review,Approved
INV003646,PO003646,S0155,2025-11-24,2025-12-08,2026-02-06,47727709.48,AUD,54.0,Paid,2026-01-30,Three-Way Match,Approved
INV003647,PO003647,S0177,2026-05-03,2026-05-19,2026-06-18,1759309.53,EUR,90.5,Paid,2026-06-08,Manual Review,Approved
INV003648,PO003648,S0186,2026-03-15,2026-04-01,2026-05-16,35147842.53,EUR,90.5,Paid,2026-05-16,Manual Review,Approved
INV003649,PO003649,S0213,2025-07-07,2025-07-16,2025-08-30,66940359.37,AED,22.7,Paid,2025-08-28,Three-Way Match,Approved
INV003650,PO003650,S0145,2025-01-08,2025-01-31,2025-04-01,35030631.18,AED,22.7,Paid,2025-03-29,Three-Way Match,Approved
INV003651,PO003651,S0219,2025-05-12,2025-06-07,2025-07-22,8132397.77,EUR,90.5,Pending,,Three-Way Match,Approved
INV003652,PO003652,S0247,2025-03-05,2025-04-06,2025-05-06,6774487.94,EUR,90.5,Overdue,,Manual Review,Approved
INV003653,PO003653,S0236,2025-06-06,2025-06-26,2025-08-25,35686324.96,EUR,90.5,Paid,2025-08-24,Three-Way Match,Approved
INV003654,PO003654,S0203,2026-07-08,2026-07-18,2026-09-16,21250919.09,JPY,0.56,Paid,2026-09-08,Three-Way Match,Approved
INV003655,PO003655,S0233,2025-04-11,2025-05-09,2025-07-08,22091943.45,AUD,54.0,Overdue,,Manual Review,Approved
INV003656,PO003656,S0226,2025-12-01,2026-01-05,2026-03-06,72461862.27,SGD,62.0,Paid,2026-03-01,Three-Way Match,Pending
INV003657,PO003657,S0246,2025-08-10,2025-09-11,2025-10-26,11761409.12,USD,83.5,Pending,,Three-Way Match,Approved
INV003658,PO003658,S0220,2026-04-30,2026-06-01,2026-07-16,45129882.7,CNY,11.6,Paid,2026-07-09,Three-Way Match,Approved
INV003659,PO003659,S0126,2026-06-13,2026-06-25,2026-07-25,379726.26,EUR,90.5,Partially Paid,,Three-Way Match,Pending
INV003660,PO003660,S0159,2025-07-05,2025-08-04,2025-09-03,29085188.26,USD,83.5,Paid,2025-08-26,Three-Way Match,Pending
INV003661,PO003661,S0210,2026-06-25,2026-07-22,2026-09-20,9854619.04,EUR,90.5,Paid,2026-09-20,Manual Review,Approved
INV003662,PO003662,S0158,2026-04-18,2026-05-05,2026-06-19,16192465.54,EUR,90.5,Paid,2026-06-18,Three-Way Match,Approved
INV003663,PO003663,S0203,2026-06-16,2026-07-07,2026-08-21,12176700.16,JPY,0.56,Overdue,,Three-Way Match,Pending
INV003664,PO003664,S0223,2025-03-14,2025-03-24,2025-05-08,60956105.87,AED,22.7,Paid,2025-05-07,Manual Review,Pending
INV003665,PO003665,S0187,2025-08-05,2025-08-24,2025-10-08,32324599.39,AED,22.7,Paid,2025-09-30,Manual Review,Pending
INV003666,PO003666,S0246,2025-07-05,2025-07-31,2025-09-29,2121538.57,USD,83.5,Paid,2025-09-27,Three-Way Match,Pending
INV003667,PO003667,S0131,2025-10-26,2025-11-24,2026-01-08,14423721.04,GBP,106.0,Paid,2026-01-08,Three-Way Match,Approved
INV003668,PO003668,S0166,2025-12-02,2025-12-10,2026-01-24,12277454.32,EUR,90.5,Paid,2026-01-22,Three-Way Match,Approved
INV003669,PO003669,S0139,2025-12-08,2026-01-09,2026-02-23,44654914.53,AED,22.7,Paid,2026-02-13,Three-Way Match,Approved
INV003670,PO003670,S0205,2026-01-25,2026-02-20,2026-04-06,51018956.34,AED,22.7,Paid,2026-04-06,Three-Way Match,Approved
INV003671,PO003671,S0128,2025-08-15,2025-09-20,2025-10-20,37946048.98,AUD,54.0,Paid,2025-10-20,Three-Way Match,Approved
INV003672,PO003672,S0237,2025-12-06,2025-12-28,2026-02-11,36545337.21,USD,83.5,Paid,2026-02-03,Three-Way Match,Approved
INV003673,PO003673,S0128,2026-05-25,2026-07-03,2026-08-17,45610185.36,AUD,54.0,Paid,2026-08-10,Three-Way Match,Approved
INV003674,PO003674,S0198,2026-03-08,2026-04-05,2026-06-04,4060031.13,EUR,90.5,Paid,2026-05-31,Three-Way Match,Pending
INV003675,PO003675,S0248,2025-03-08,2025-03-12,2025-04-11,4853161.02,GBP,106.0,Pending,,Manual Review,Approved
INV003676,PO003676,S0159,2026-04-16,2026-05-13,2026-06-27,41527297.5,USD,83.5,Paid,2026-06-21,Three-Way Match,Approved
INV003677,PO003677,S0171,2025-03-29,2025-04-21,2025-05-21,2713108.28,GBP,106.0,Paid,2025-05-19,Three-Way Match,Pending
INV003678,PO003678,S0160,2026-01-06,2026-01-22,2026-03-23,29226848.56,CNY,11.6,Overdue,,Manual Review,Approved
INV003679,PO003679,S0185,2025-07-22,2025-08-08,2025-10-07,64069879.14,AED,22.7,Paid,2025-10-03,Three-Way Match,Approved
INV003680,PO003680,S0163,2025-04-08,2025-05-05,2025-06-19,11334704.37,JPY,0.56,Pending,,Three-Way Match,Approved
INV003681,PO003681,S0129,2026-04-18,2026-05-09,2026-07-08,36677683.29,USD,83.5,Paid,2026-06-29,Manual Review,Pending
INV003682,PO003682,S0235,2025-02-14,2025-03-09,2025-04-08,13635077.59,CNY,11.6,Paid,2025-04-05,Manual Review,Approved
INV003683,PO003683,S0141,2025-11-28,2025-12-17,2026-01-31,25674558.56,AED,22.7,Paid,2026-01-29,Three-Way Match,Approved
INV003684,PO003684,S0166,2025-01-10,2025-01-23,2025-03-09,6006697.86,EUR,90.5,Overdue,,Manual Review,Approved
INV003685,PO003685,S0162,2026-03-25,2026-04-14,2026-05-29,2832273.38,CNY,11.6,Paid,2026-05-29,Three-Way Match,Pending
INV003686,PO003686,S0182,2025-11-29,2025-12-22,2026-01-21,1081828.8,JPY,0.56,Paid,2026-01-15,Three-Way Match,Approved
INV003687,PO003687,S0151,2025-06-04,2025-06-22,2025-08-06,18331499.7,USD,83.5,Paid,2025-07-31,Three-Way Match,Approved
INV003688,PO003688,S0143,2026-08-02,2026-08-10,2026-09-09,54161281.3,JPY,0.56,Paid,2026-09-03,Manual Review,Approved
INV003689,PO003689,S0191,2025-03-12,2025-03-22,2025-04-21,1227605.1,EUR,90.5,Paid,2025-04-16,Three-Way Match,Approved
INV003690,PO003690,S0194,2026-08-03,2026-08-17,2026-11-15,28686149.44,USD,83.5,Pending,,Three-Way Match,Pending
INV003691,PO003691,S0218,2025-06-14,2025-07-01,2025-08-15,64617348.94,GBP,106.0,Paid,2025-08-08,Three-Way Match,Approved
INV003692,PO003692,S0129,2026-03-05,2026-03-25,2026-05-09,32979782.6,USD,83.5,Paid,2026-05-06,Three-Way Match,Pending
INV003693,PO003693,S0184,2025-11-06,2025-12-03,2026-01-17,41306978.07,USD,83.5,Paid,2026-01-07,Manual Review,Pending
INV003694,PO003694,S0162,2026-07-11,2026-07-30,2026-08-29,11391779.41,CNY,11.6,Overdue,,Manual Review,Approved
INV003695,PO003695,S0163,2025-07-03,2025-08-08,2025-09-07,16236846.07,JPY,0.56,Paid,2025-09-07,Three-Way Match,Pending
INV003696,PO003696,S0128,2025-03-21,2025-04-22,2025-05-22,25315024.83,AUD,54.0,Paid,2025-05-20,Manual Review,Pending
INV003697,PO003697,S0163,2026-02-18,2026-03-20,2026-06-18,53834266.11,JPY,0.56,Paid,2026-06-10,Manual Review,Pending
INV003698,PO003698,S0193,2025-11-19,2025-12-01,2026-03-01,8269593.06,AUD,54.0,Pending,,Manual Review,Approved
INV003699,PO003699,S0231,2026-03-07,2026-03-24,2026-05-08,44151364.35,SGD,62.0,Paid,2026-05-01,Manual Review,Approved
INV003700,PO003700,S0205,2026-06-07,2026-07-02,2026-08-01,32011136.02,AED,22.7,Pending,,Three-Way Match,Pending
INV003701,PO003701,S0126,2025-01-03,2025-01-11,2025-02-10,22676813.6,EUR,90.5,Paid,2025-02-07,Three-Way Match,Pending
INV003702,PO003702,S0178,2025-08-12,2025-08-31,2025-11-29,8863602.21,JPY,0.56,Paid,2025-11-29,Three-Way Match,Approved
INV003703,PO003703,S0177,2026-07-12,2026-07-31,2026-10-29,1851126.54,EUR,90.5,Paid,2026-10-28,Manual Review,Pending
INV003704,PO003704,S0136,2026-05-14,2026-06-18,2026-08-02,28459958.2,EUR,90.5,Paid,2026-07-28,Three-Way Match,Approved
INV003705,PO003705,S0232,2026-01-29,2026-02-25,2026-05-26,42596501.86,AUD,54.0,Partially Paid,,Manual Review,Pending
INV003706,PO003706,S0226,2025-12-27,2026-01-25,2026-03-11,699458.09,SGD,62.0,Paid,2026-03-08,Three-Way Match,Approved
INV003707,PO003707,S0146,2026-06-06,2026-07-04,2026-10-02,66797736.47,EUR,90.5,Paid,2026-09-25,Three-Way Match,Approved
INV003708,PO003708,S0217,2026-07-10,2026-07-30,2026-10-28,19349527.31,USD,83.5,Pending,,Three-Way Match,Approved
INV003709,PO003709,S0153,2026-03-20,2026-04-21,2026-06-05,6787167.92,EUR,90.5,Paid,2026-06-05,Three-Way Match,Approved
INV003710,PO003710,S0171,2025-01-16,2025-02-02,2025-03-19,45430219.13,GBP,106.0,Paid,2025-03-12,Three-Way Match,Pending
INV003711,PO003711,S0126,2026-07-18,2026-07-21,2026-08-20,2778557.0,EUR,90.5,Paid,2026-08-16,Three-Way Match,Pending
INV003712,PO003712,S0202,2025-03-05,2025-03-10,2025-05-09,33458577.25,AUD,54.0,Paid,2025-05-06,Three-Way Match,Approved
INV003713,PO003713,S0179,2025-06-16,2025-07-01,2025-07-31,40707236.08,GBP,106.0,Pending,,Three-Way Match,Approved
INV003714,PO003714,S0190,2026-01-09,2026-01-18,2026-04-18,74930506.41,SGD,62.0,Overdue,,Manual Review,Approved
INV003715,PO003715,S0190,2026-03-24,2026-04-01,2026-05-01,88599690.61,SGD,62.0,Paid,2026-04-27,Three-Way Match,Approved
INV003716,PO003716,S0170,2025-08-07,2025-08-16,2025-09-15,5617792.88,JPY,0.56,Paid,2025-09-12,Three-Way Match,Approved
INV003717,PO003717,S0215,2025-02-02,2025-02-08,2025-05-09,63328585.61,AED,22.7,Paid,2025-05-09,Three-Way Match,Approved
INV003718,PO003718,S0175,2026-07-23,2026-07-25,2026-09-08,39275222.69,CNY,11.6,Paid,2026-08-29,Three-Way Match,Approved
INV003719,PO003719,S0248,2025-09-14,2025-09-19,2025-10-19,10766518.2,GBP,106.0,Paid,2025-10-18,Three-Way Match,Pending
INV003720,PO003720,S0229,2025-10-29,2025-11-12,2026-01-11,32481038.79,EUR,90.5,Paid,2026-01-10,Three-Way Match,Approved
INV003721,PO003721,S0157,2026-07-28,2026-08-28,2026-10-27,27893110.76,AUD,54.0,Paid,2026-10-24,Three-Way Match,Approved
INV003722,PO003722,S0168,2025-09-17,2025-09-27,2025-11-26,1226337.24,EUR,90.5,Paid,2025-11-16,Three-Way Match,Approved
INV003723,PO003723,S0204,2026-07-25,2026-08-13,2026-09-27,19911582.06,JPY,0.56,Partially Paid,,Manual Review,Pending
INV003724,PO003724,S0131,2026-05-02,2026-05-29,2026-07-13,2025444.39,GBP,106.0,Pending,,Three-Way Match,Pending
INV003725,PO003725,S0215,2026-06-09,2026-06-19,2026-09-17,26770805.3,AED,22.7,Paid,2026-09-07,Three-Way Match,Approved
INV003726,PO003726,S0130,2025-11-12,2025-12-05,2026-01-19,32216504.23,SGD,62.0,Pending,,Three-Way Match,Pending
INV003727,PO003727,S0129,2026-05-02,2026-05-23,2026-07-22,46571733.73,USD,83.5,Paid,2026-07-13,Three-Way Match,Approved
INV003728,PO003728,S0224,2025-08-09,2025-08-31,2025-10-15,44623827.06,AUD,54.0,Paid,2025-10-14,Three-Way Match,Approved
INV003729,PO003729,S0227,2025-02-27,2025-03-06,2025-04-05,16793580.53,EUR,90.5,Paid,2025-03-30,Manual Review,Approved
INV003730,PO003730,S0210,2025-12-29,2026-01-16,2026-04-16,13749902.78,EUR,90.5,Partially Paid,,Three-Way Match,Pending
INV003731,PO003731,S0203,2026-01-30,2026-02-18,2026-05-19,6232109.06,JPY,0.56,Paid,2026-05-14,Manual Review,Approved
INV003732,PO003732,S0206,2025-12-07,2025-12-19,2026-02-17,4578762.39,GBP,106.0,Paid,2026-02-08,Manual Review,Approved
INV003733,PO003733,S0144,2026-05-18,2026-06-09,2026-08-08,29462485.68,GBP,106.0,Pending,,Three-Way Match,Pending
INV003734,PO003734,S0246,2025-09-28,2025-11-02,2026-01-01,47983808.88,USD,83.5,Paid,2025-12-22,Manual Review,Approved
INV003735,PO003735,S0220,2025-11-10,2025-12-16,2026-01-15,28533455.27,CNY,11.6,Paid,2026-01-13,Three-Way Match,Approved
INV003736,PO003736,S0186,2025-10-24,2025-11-13,2025-12-13,3897887.44,EUR,90.5,Paid,2025-12-09,Three-Way Match,Approved
INV003737,PO003737,S0181,2026-02-10,2026-02-25,2026-05-26,38203274.69,AED,22.7,Paid,2026-05-18,Three-Way Match,Approved
INV003738,PO003738,S0247,2025-05-22,2025-06-19,2025-07-19,11721582.8,EUR,90.5,Paid,2025-07-17,Manual Review,Approved
INV003739,PO003739,S0228,2026-02-10,2026-03-11,2026-05-10,233882.87,SGD,62.0,Pending,,Three-Way Match,Approved
INV003740,PO003740,S0207,2025-12-11,2025-12-30,2026-01-29,8758241.92,EUR,90.5,Paid,2026-01-29,Three-Way Match,Approved
INV003741,PO003741,S0168,2026-04-26,2026-05-10,2026-06-24,19368562.3,EUR,90.5,Overdue,,Three-Way Match,Pending
INV003742,PO003742,S0197,2025-01-24,2025-02-07,2025-05-08,62459900.65,AUD,54.0,Paid,2025-05-05,Three-Way Match,Approved
INV003743,PO003743,S0128,2026-04-01,2026-05-09,2026-08-07,71375589.48,AUD,54.0,Paid,2026-08-04,Manual Review,Approved
INV003744,PO003744,S0150,2025-08-06,2025-09-10,2025-10-10,12305977.24,SGD,62.0,Paid,2025-10-09,Three-Way Match,Pending
INV003745,PO003745,S0157,2026-04-05,2026-05-06,2026-08-04,26771625.74,AUD,54.0,Paid,2026-08-03,Three-Way Match,Pending
INV003746,PO003746,S0236,2025-06-06,2025-06-19,2025-08-03,41290796.53,EUR,90.5,Pending,,Manual Review,Approved
INV003747,PO003747,S0134,2026-03-06,2026-03-27,2026-04-26,3229262.51,GBP,106.0,Paid,2026-04-18,Three-Way Match,Approved
INV003748,PO003748,S0153,2025-12-25,2026-02-08,2026-05-09,7754192.64,EUR,90.5,Paid,2026-05-09,Three-Way Match,Approved
INV003749,PO003749,S0161,2026-01-30,2026-02-23,2026-04-24,5508276.45,AED,22.7,Pending,,Manual Review,Pending
INV003750,PO003750,S0140,2025-07-02,2025-08-02,2025-10-31,19292765.99,JPY,0.56,Paid,2025-10-22,Three-Way Match,Pending
INV003751,PO003751,S0172,2025-06-21,2025-07-09,2025-08-23,6497567.99,AUD,54.0,Pending,,Three-Way Match,Approved
INV003752,PO003752,S0138,2025-05-15,2025-06-15,2025-09-13,4669798.22,AUD,54.0,Paid,2025-09-11,Three-Way Match,Approved
INV003753,PO003753,S0247,2025-09-12,2025-10-14,2025-11-28,22800663.61,EUR,90.5,Paid,2025-11-19,Three-Way Match,Approved
INV003754,PO003754,S0238,2025-01-19,2025-02-11,2025-03-13,47596422.92,CNY,11.6,Paid,2025-03-08,Three-Way Match,Approved
INV003755,PO003755,S0199,2025-05-21,2025-06-20,2025-07-20,15141991.58,EUR,90.5,Pending,,Three-Way Match,Pending
INV003756,PO003756,S0215,2025-03-28,2025-03-31,2025-05-30,35731623.27,AED,22.7,Paid,2025-05-26,Three-Way Match,Pending
INV003757,PO003757,S0177,2026-04-18,2026-05-03,2026-07-02,37360743.47,EUR,90.5,Paid,2026-06-28,Manual Review,Pending
INV003758,PO003758,S0128,2025-12-31,2026-01-30,2026-04-30,20760655.68,AUD,54.0,Paid,2026-04-25,Three-Way Match,Approved
INV003759,PO003759,S0230,2025-07-08,2025-07-26,2025-09-24,65763898.58,EUR,90.5,Paid,2025-09-20,Manual Review,Approved
INV003760,PO003760,S0170,2025-01-11,2025-01-25,2025-03-26,88514064.41,JPY,0.56,Paid,2025-03-21,Manual Review,Approved
INV003761,PO003761,S0228,2025-01-29,2025-02-20,2025-05-21,4144386.73,SGD,62.0,Paid,2025-05-20,Three-Way Match,Approved
INV003762,PO003762,S0153,2025-08-16,2025-09-19,2025-10-19,67002336.35,EUR,90.5,Pending,,Three-Way Match,Approved
INV003763,PO003763,S0178,2025-07-21,2025-08-05,2025-09-04,19511767.47,JPY,0.56,Paid,2025-09-02,Three-Way Match,Pending
INV003764,PO003764,S0128,2025-11-29,2025-12-24,2026-02-07,17433755.38,AUD,54.0,Partially Paid,,Three-Way Match,Approved
INV003765,PO003765,S0208,2026-05-30,2026-06-30,2026-08-29,20456473.08,GBP,106.0,Paid,2026-08-22,Manual Review,Approved
INV003766,PO003766,S0239,2026-02-25,2026-02-28,2026-04-14,24579865.05,SGD,62.0,Overdue,,Three-Way Match,Approved
INV003767,PO003767,S0157,2025-08-05,2025-09-04,2025-10-04,26504031.62,AUD,54.0,Paid,2025-10-04,Three-Way Match,Approved
INV003768,PO003768,S0165,2026-01-09,2026-02-13,2026-05-14,47469454.72,USD,83.5,Pending,,Manual Review,Approved
INV003769,PO003769,S0236,2025-03-23,2025-04-09,2025-05-24,26527008.32,EUR,90.5,Paid,2025-05-24,Three-Way Match,Pending
INV003770,PO003770,S0129,2025-05-06,2025-05-31,2025-08-29,47554601.29,USD,83.5,Paid,2025-08-29,Three-Way Match,Approved
INV003771,PO003771,S0206,2026-04-06,2026-04-24,2026-06-08,932308.59,GBP,106.0,Overdue,,Manual Review,Approved
INV003772,PO003772,S0220,2025-08-14,2025-09-16,2025-12-15,6966869.4,CNY,11.6,Paid,2025-12-08,Three-Way Match,Pending
INV003773,PO003773,S0174,2026-04-11,2026-05-11,2026-08-09,18668182.08,SGD,62.0,Paid,2026-08-02,Manual Review,Approved
INV003774,PO003774,S0212,2025-10-24,2025-11-16,2025-12-31,1628008.22,AUD,54.0,Paid,2025-12-26,Manual Review,Approved
INV003775,PO003775,S0159,2026-02-24,2026-03-22,2026-04-21,38513955.74,USD,83.5,Paid,2026-04-12,Manual Review,Approved
INV003776,PO003776,S0185,2025-05-11,2025-06-01,2025-08-30,16255285.57,AED,22.7,Overdue,,Manual Review,Approved
INV003777,PO003777,S0229,2025-12-18,2026-01-08,2026-02-07,71210863.09,EUR,90.5,Paid,2026-02-05,Three-Way Match,Approved
INV003778,PO003778,S0205,2026-06-15,2026-07-09,2026-08-08,6989631.37,AED,22.7,Paid,2026-07-30,Manual Review,Approved
INV003779,PO003779,S0225,2025-07-04,2025-08-06,2025-10-05,52205339.45,USD,83.5,Paid,2025-10-02,Manual Review,Approved
INV003780,PO003780,S0199,2026-03-21,2026-04-22,2026-06-21,31814494.32,EUR,90.5,Paid,2026-06-11,Manual Review,Approved
INV003781,PO003781,S0165,2025-08-17,2025-09-21,2025-11-20,20516334.22,USD,83.5,Paid,2025-11-17,Three-Way Match,Pending
INV003782,PO003782,S0184,2026-06-09,2026-07-14,2026-10-12,7378233.8,USD,83.5,Paid,2026-10-09,Three-Way Match,Approved
INV003783,PO003783,S0140,2026-01-11,2026-02-06,2026-03-08,15172303.72,JPY,0.56,Paid,2026-03-03,Manual Review,Approved
INV003784,PO003784,S0141,2025-04-13,2025-05-01,2025-07-30,90852614.05,AED,22.7,Pending,,Three-Way Match,Approved
INV003785,PO003785,S0225,2025-11-09,2025-12-12,2026-01-11,10006526.4,USD,83.5,Pending,,Three-Way Match,Pending
INV003786,PO003786,S0229,2026-04-03,2026-05-04,2026-07-03,41319318.55,EUR,90.5,Paid,2026-06-30,Three-Way Match,Approved
INV003787,PO003787,S0153,2026-03-25,2026-04-24,2026-07-23,88944909.15,EUR,90.5,Pending,,Three-Way Match,Approved
INV003788,PO003788,S0126,2026-07-27,2026-08-10,2026-10-09,11436306.41,EUR,90.5,Pending,,Three-Way Match,Approved
INV003789,PO003789,S0142,2026-05-26,2026-06-17,2026-08-16,41053522.93,JPY,0.56,Paid,2026-08-16,Three-Way Match,Pending
INV003790,PO003790,S0167,2025-06-22,2025-07-12,2025-08-11,18504321.12,USD,83.5,Pending,,Manual Review,Pending
INV003791,PO003791,S0158,2026-07-19,2026-08-22,2026-10-21,54437996.97,EUR,90.5,Paid,2026-10-13,Three-Way Match,Pending
INV003792,PO003792,S0235,2025-04-11,2025-05-06,2025-06-05,23142429.16,CNY,11.6,Paid,2025-05-30,Manual Review,Pending
INV003793,PO003793,S0206,2026-02-13,2026-02-27,2026-04-13,37772544.64,GBP,106.0,Paid,2026-04-09,Three-Way Match,Approved
INV003794,PO003794,S0187,2025-01-23,2025-02-07,2025-05-08,86346719.48,AED,22.7,Pending,,Manual Review,Approved
INV003795,PO003795,S0145,2025-02-09,2025-03-03,2025-06-01,34745370.87,AED,22.7,Paid,2025-05-25,Three-Way Match,Approved
INV003796,PO003796,S0137,2025-02-08,2025-03-10,2025-06-08,77096612.57,CNY,11.6,Paid,2025-06-06,Three-Way Match,Pending
INV003797,PO003797,S0249,2025-09-12,2025-09-21,2025-10-21,40715049.76,GBP,106.0,Paid,2025-10-16,Three-Way Match,Approved
INV003798,PO003798,S0167,2025-05-22,2025-06-13,2025-07-28,7025005.81,USD,83.5,Paid,2025-07-18,Three-Way Match,Approved
INV003799,PO003799,S0176,2025-09-06,2025-09-22,2025-11-06,39695237.86,GBP,106.0,Paid,2025-11-06,Manual Review,Approved
INV003800,PO003800,S0230,2026-06-05,2026-06-22,2026-09-20,16581941.03,EUR,90.5,Pending,,Three-Way Match,Pending
INV003801,PO003801,S0127,2025-06-14,2025-07-02,2025-08-01,878270.4,AED,22.7,Paid,2025-07-24,Three-Way Match,Approved
INV003802,PO003802,S0209,2025-12-11,2026-01-06,2026-02-05,57549215.03,CNY,11.6,Pending,,Manual Review,Approved
INV003803,PO003803,S0142,2025-05-11,2025-05-29,2025-06-28,53811119.35,JPY,0.56,Overdue,,Three-Way Match,Approved
INV003804,PO003804,S0223,2025-06-02,2025-06-05,2025-07-05,103538669.5,AED,22.7,Paid,2025-07-03,Three-Way Match,Pending
INV003805,PO003805,S0232,2026-08-04,2026-08-29,2026-10-13,21406839.5,AUD,54.0,Paid,2026-10-12,Three-Way Match,Approved
INV003806,PO003806,S0228,2025-03-19,2025-04-08,2025-06-07,18203961.8,SGD,62.0,Paid,2025-06-05,Three-Way Match,Approved
INV003807,PO003807,S0245,2025-05-09,2025-05-24,2025-07-23,50098870.39,JPY,0.56,Pending,,Manual Review,Approved
INV003808,PO003808,S0170,2026-02-20,2026-03-07,2026-04-21,42775368.08,JPY,0.56,Paid,2026-04-20,Three-Way Match,Pending
INV003809,PO003809,S0165,2026-04-27,2026-05-23,2026-08-21,35644165.82,USD,83.5,Pending,,Three-Way Match,Approved
INV003810,PO003810,S0248,2026-07-30,2026-08-06,2026-09-05,74587845.33,GBP,106.0,Paid,2026-09-05,Three-Way Match,Approved
INV003811,PO003811,S0184,2025-02-01,2025-03-04,2025-06-02,11634387.55,USD,83.5,Paid,2025-05-25,Three-Way Match,Approved
INV003812,PO003812,S0195,2026-07-09,2026-08-07,2026-09-21,51430404.29,AUD,54.0,Paid,2026-09-19,Three-Way Match,Pending
INV003813,PO003813,S0250,2025-07-07,2025-07-26,2025-08-25,27302835.0,EUR,90.5,Paid,2025-08-25,Three-Way Match,Pending
INV003814,PO003814,S0167,2025-01-10,2025-01-28,2025-04-28,56770267.19,USD,83.5,Paid,2025-04-20,Three-Way Match,Pending
INV003815,PO003815,S0215,2025-03-26,2025-04-05,2025-05-20,29086284.63,AED,22.7,Pending,,Three-Way Match,Approved
INV003816,PO003816,S0188,2026-04-15,2026-05-08,2026-06-22,21990841.56,GBP,106.0,Overdue,,Manual Review,Approved
INV003817,PO003817,S0144,2025-09-10,2025-09-22,2025-11-21,769838.83,GBP,106.0,Paid,2025-11-20,Three-Way Match,Approved
INV003818,PO003818,S0166,2025-07-14,2025-07-22,2025-09-05,40814180.73,EUR,90.5,Paid,2025-08-26,Three-Way Match,Approved
INV003819,PO003819,S0213,2026-01-31,2026-02-19,2026-05-20,12995790.73,AED,22.7,Paid,2026-05-19,Three-Way Match,Approved
INV003820,PO003820,S0200,2025-08-08,2025-08-30,2025-11-28,801128.92,EUR,90.5,Paid,2025-11-24,Three-Way Match,Approved
INV003821,PO003821,S0134,2026-07-16,2026-08-17,2026-10-01,2422172.69,GBP,106.0,Paid,2026-09-30,Three-Way Match,Pending
INV003822,PO003822,S0242,2026-04-14,2026-05-14,2026-06-13,13373177.81,EUR,90.5,Partially Paid,,Three-Way Match,Pending
INV003823,PO003823,S0139,2025-01-27,2025-02-27,2025-04-28,16562075.1,AED,22.7,Paid,2025-04-27,Three-Way Match,Pending
INV003824,PO003824,S0243,2025-05-04,2025-05-26,2025-06-25,23294498.62,CNY,11.6,Paid,2025-06-22,Three-Way Match,Approved
INV003825,PO003825,S0162,2025-09-15,2025-10-05,2026-01-03,73314201.23,CNY,11.6,Paid,2025-12-24,Manual Review,Pending
INV003826,PO003826,S0140,2025-12-04,2025-12-29,2026-02-27,33785306.47,JPY,0.56,Paid,2026-02-23,Three-Way Match,Approved
INV003827,PO003827,S0187,2026-05-28,2026-06-16,2026-08-15,23229598.11,AED,22.7,Paid,2026-08-07,Three-Way Match,Approved
INV003828,PO003828,S0180,2025-03-31,2025-04-30,2025-05-30,17347461.14,JPY,0.56,Paid,2025-05-26,Manual Review,Approved
INV003829,PO003829,S0222,2026-03-08,2026-04-04,2026-06-03,45673588.03,AED,22.7,Paid,2026-05-26,Three-Way Match,Approved
INV003830,PO003830,S0146,2025-02-01,2025-02-26,2025-03-28,41418012.14,EUR,90.5,Pending,,Three-Way Match,Approved
INV003831,PO003831,S0186,2026-02-01,2026-02-18,2026-03-20,38346083.64,EUR,90.5,Paid,2026-03-13,Three-Way Match,Approved
INV003832,PO003832,S0141,2025-11-06,2025-11-19,2025-12-19,32981710.71,AED,22.7,Paid,2025-12-10,Three-Way Match,Pending
INV003833,PO003833,S0199,2025-07-16,2025-08-13,2025-10-12,3343824.8,EUR,90.5,Paid,2025-10-04,Three-Way Match,Approved
INV003834,PO003834,S0143,2025-11-12,2025-11-24,2025-12-24,11902013.76,JPY,0.56,Paid,2025-12-16,Manual Review,Pending
INV003835,PO003835,S0169,2025-05-23,2025-06-10,2025-07-25,28737.39,AUD,54.0,Paid,2025-07-25,Three-Way Match,Pending
INV003836,PO003836,S0147,2025-12-10,2025-12-30,2026-01-29,3202721.87,EUR,90.5,Paid,2026-01-21,Manual Review,Pending
INV003837,PO003837,S0166,2026-01-26,2026-02-10,2026-03-12,18981463.35,EUR,90.5,Paid,2026-03-06,Three-Way Match,Approved
INV003838,PO003838,S0144,2026-03-05,2026-03-20,2026-06-18,16403849.88,GBP,106.0,Paid,2026-06-13,Three-Way Match,Approved
INV003839,PO003839,S0185,2026-07-20,2026-08-09,2026-11-07,34974873.75,AED,22.7,Paid,2026-10-29,Three-Way Match,Approved
INV003840,PO003840,S0210,2025-03-12,2025-03-25,2025-04-24,5334120.19,EUR,90.5,Paid,2025-04-15,Three-Way Match,Pending
INV003841,PO003841,S0180,2025-05-13,2025-06-18,2025-08-02,20193163.94,JPY,0.56,Paid,2025-07-28,Three-Way Match,Approved
INV003842,PO003842,S0178,2025-11-02,2025-11-26,2026-02-24,51383369.97,JPY,0.56,Paid,2026-02-22,Three-Way Match,Pending
INV003843,PO003843,S0147,2025-11-03,2025-12-01,2025-12-31,23800697.19,EUR,90.5,Pending,,Manual Review,Approved
INV003844,PO003844,S0238,2026-02-24,2026-03-13,2026-05-12,59322462.62,CNY,11.6,Paid,2026-05-10,Three-Way Match,Approved
INV003845,PO003845,S0192,2025-02-24,2025-03-29,2025-05-28,43439498.63,JPY,0.56,Paid,2025-05-26,Manual Review,Pending
INV003846,PO003846,S0234,2026-03-29,2026-04-11,2026-05-11,34168570.98,AUD,54.0,Partially Paid,,Three-Way Match,Approved
INV003847,PO003847,S0170,2025-12-26,2026-01-15,2026-04-15,14021945.77,JPY,0.56,Pending,,Manual Review,Approved
INV003848,PO003848,S0224,2026-04-21,2026-05-09,2026-06-23,13014548.29,AUD,54.0,Paid,2026-06-16,Three-Way Match,Pending
INV003849,PO003849,S0201,2025-07-23,2025-08-22,2025-09-21,35257082.17,EUR,90.5,Paid,2025-09-15,Three-Way Match,Approved
INV003850,PO003850,S0237,2025-06-13,2025-07-13,2025-08-27,22160260.49,USD,83.5,Paid,2025-08-20,Manual Review,Approved
INV003851,PO003851,S0207,2026-07-19,2026-08-07,2026-10-06,44025401.61,EUR,90.5,Partially Paid,,Three-Way Match,Approved
INV003852,PO003852,S0127,2026-02-06,2026-03-06,2026-04-20,66169363.54,AED,22.7,Paid,2026-04-15,Three-Way Match,Approved
INV003853,PO003853,S0208,2025-06-21,2025-07-11,2025-09-09,19657154.3,GBP,106.0,Paid,2025-09-07,Three-Way Match,Pending
INV003854,PO003854,S0240,2025-10-03,2025-11-08,2025-12-08,72355379.19,JPY,0.56,Overdue,,Manual Review,Approved
INV003855,PO003855,S0181,2026-05-30,2026-06-11,2026-07-26,16347360.96,AED,22.7,Paid,2026-07-18,Manual Review,Approved
INV003856,PO003856,S0249,2025-09-21,2025-10-01,2025-11-15,8820566.35,GBP,106.0,Paid,2025-11-11,Three-Way Match,Approved
INV003857,PO003857,S0151,2025-09-15,2025-10-02,2025-11-16,3020435.87,USD,83.5,Paid,2025-11-15,Three-Way Match,Pending
INV003858,PO003858,S0243,2025-03-02,2025-03-30,2025-05-14,1075577.91,CNY,11.6,Paid,2025-05-09,Three-Way Match,Pending
INV003859,PO003859,S0128,2025-02-16,2025-03-24,2025-05-23,31951240.93,AUD,54.0,Paid,2025-05-21,Manual Review,Pending
INV003860,PO003860,S0176,2025-01-27,2025-02-19,2025-03-21,2985604.95,GBP,106.0,Paid,2025-03-15,Three-Way Match,Approved
INV003861,PO003861,S0147,2025-03-07,2025-03-31,2025-04-30,32506263.82,EUR,90.5,Paid,2025-04-26,Three-Way Match,Approved
INV003862,PO003862,S0208,2025-08-11,2025-09-10,2025-10-10,80387212.74,GBP,106.0,Paid,2025-10-08,Three-Way Match,Pending
INV003863,PO003863,S0199,2025-06-17,2025-07-23,2025-09-06,82467921.57,EUR,90.5,Overdue,,Manual Review,Approved
INV003864,PO003864,S0246,2025-05-22,2025-06-21,2025-07-21,944504.4,USD,83.5,Paid,2025-07-21,Three-Way Match,Approved
INV003865,PO003865,S0197,2025-02-17,2025-02-27,2025-03-29,24843060.82,AUD,54.0,Paid,2025-03-23,Manual Review,Approved
INV003866,PO003866,S0146,2025-02-09,2025-03-09,2025-04-08,15483797.23,EUR,90.5,Paid,2025-04-06,Manual Review,Approved
INV003867,PO003867,S0190,2025-01-11,2025-01-18,2025-04-18,15085358.29,SGD,62.0,Paid,2025-04-14,Manual Review,Approved
INV003868,PO003868,S0191,2025-11-12,2025-11-25,2026-01-24,1765348.38,EUR,90.5,Partially Paid,,Three-Way Match,Approved
INV003869,PO003869,S0139,2025-11-21,2025-12-15,2026-01-29,9706259.19,AED,22.7,Paid,2026-01-19,Manual Review,Pending
INV003870,PO003870,S0191,2026-03-15,2026-03-19,2026-04-18,26320602.29,EUR,90.5,Paid,2026-04-13,Three-Way Match,Approved
INV003871,PO003871,S0190,2026-05-05,2026-05-20,2026-07-19,5362516.5,SGD,62.0,Partially Paid,,Three-Way Match,Pending
INV003872,PO003872,S0167,2025-10-05,2025-11-02,2025-12-17,50578682.37,USD,83.5,Paid,2025-12-16,Three-Way Match,Approved
INV003873,PO003873,S0154,2025-03-08,2025-04-08,2025-05-23,33709780.42,AUD,54.0,Pending,,Three-Way Match,Approved
INV003874,PO003874,S0135,2026-04-17,2026-05-02,2026-07-01,34648921.16,EUR,90.5,Paid,2026-06-23,Three-Way Match,Pending
INV003875,PO003875,S0206,2025-06-25,2025-07-15,2025-10-13,4640806.24,GBP,106.0,Paid,2025-10-05,Three-Way Match,Pending
INV003876,PO003876,S0165,2025-05-23,2025-06-22,2025-09-20,12732930.11,USD,83.5,Overdue,,Three-Way Match,Approved
INV003877,PO003877,S0175,2025-10-08,2025-10-16,2025-12-15,6506410.37,CNY,11.6,Paid,2025-12-07,Three-Way Match,Approved
INV003878,PO003878,S0185,2025-09-16,2025-10-05,2025-11-19,29860024.55,AED,22.7,Paid,2025-11-13,Manual Review,Approved
INV003879,PO003879,S0242,2026-01-12,2026-02-09,2026-03-26,53778298.22,EUR,90.5,Paid,2026-03-26,Manual Review,Approved
INV003880,PO003880,S0213,2025-04-02,2025-04-13,2025-05-28,52551901.83,AED,22.7,Paid,2025-05-18,Three-Way Match,Approved
INV003881,PO003881,S0219,2025-11-19,2025-12-07,2026-01-21,39322608.74,EUR,90.5,Paid,2026-01-11,Three-Way Match,Approved
INV003882,PO003882,S0198,2025-07-22,2025-08-24,2025-10-08,9252931.91,EUR,90.5,Paid,2025-10-02,Three-Way Match,Pending
INV003883,PO003883,S0214,2025-08-18,2025-09-10,2025-10-10,56341931.99,EUR,90.5,Paid,2025-10-10,Three-Way Match,Pending
INV003884,PO003884,S0181,2026-08-01,2026-08-17,2026-11-15,36529823.06,AED,22.7,Paid,2026-11-09,Manual Review,Approved
INV003885,PO003885,S0221,2025-07-07,2025-08-10,2025-09-24,10857433.84,EUR,90.5,Paid,2025-09-23,Three-Way Match,Approved
INV003886,PO003886,S0197,2025-03-07,2025-03-27,2025-05-26,12764798.36,AUD,54.0,Paid,2025-05-22,Three-Way Match,Approved
INV003887,PO003887,S0142,2025-05-20,2025-06-06,2025-07-21,38517443.19,JPY,0.56,Paid,2025-07-16,Three-Way Match,Pending
INV003888,PO003888,S0235,2025-12-25,2026-01-29,2026-02-28,57697906.31,CNY,11.6,Paid,2026-02-26,Three-Way Match,Pending
INV003889,PO003889,S0205,2025-07-23,2025-09-01,2025-10-16,74196216.39,AED,22.7,Paid,2025-10-15,Three-Way Match,Approved
INV003890,PO003890,S0139,2026-06-14,2026-07-07,2026-10-05,62821908.39,AED,22.7,Overdue,,Three-Way Match,Approved
INV003891,PO003891,S0154,2026-07-02,2026-07-30,2026-09-28,11359506.04,AUD,54.0,Paid,2026-09-18,Three-Way Match,Approved
INV003892,PO003892,S0231,2025-11-22,2025-12-14,2026-02-12,14746808.74,SGD,62.0,Paid,2026-02-10,Manual Review,Pending
INV003893,PO003893,S0247,2026-06-25,2026-07-20,2026-09-18,39590271.66,EUR,90.5,Pending,,Manual Review,Approved
INV003894,PO003894,S0212,2025-06-27,2025-07-20,2025-09-03,27290728.46,AUD,54.0,Pending,,Three-Way Match,Approved
INV003895,PO003895,S0204,2025-04-13,2025-05-03,2025-06-02,3695495.86,JPY,0.56,Overdue,,Three-Way Match,Approved
INV003896,PO003896,S0201,2026-04-08,2026-05-01,2026-06-15,16895885.9,EUR,90.5,Pending,,Manual Review,Pending
INV003897,PO003897,S0160,2025-11-15,2025-11-23,2026-01-22,5454361.34,CNY,11.6,Pending,,Manual Review,Pending
INV003898,PO003898,S0191,2026-01-11,2026-01-14,2026-03-15,7746700.51,EUR,90.5,Partially Paid,,Three-Way Match,Pending
INV003899,PO003899,S0232,2026-07-04,2026-07-18,2026-10-16,53068171.46,AUD,54.0,Overdue,,Three-Way Match,Approved
INV003900,PO003900,S0172,2025-06-18,2025-07-12,2025-09-10,6929044.23,AUD,54.0,Paid,2025-09-02,Three-Way Match,Approved
INV003901,PO003901,S0162,2025-01-21,2025-02-03,2025-03-20,20581455.99,CNY,11.6,Paid,2025-03-13,Three-Way Match,Approved
INV003902,PO003902,S0188,2026-06-02,2026-06-26,2026-08-10,2951477.33,GBP,106.0,Paid,2026-08-06,Three-Way Match,Approved
INV003903,PO003903,S0153,2025-10-29,2025-12-05,2026-03-05,24593633.57,EUR,90.5,Paid,2026-03-02,Three-Way Match,Approved
INV003904,PO003904,S0218,2026-05-02,2026-05-27,2026-08-25,9684913.91,GBP,106.0,Paid,2026-08-24,Manual Review,Approved
INV003905,PO003905,S0137,2025-02-02,2025-03-08,2025-05-07,23123553.26,CNY,11.6,Pending,,Manual Review,Approved
INV003906,PO003906,S0137,2025-10-25,2025-11-30,2026-01-14,20673204.76,CNY,11.6,Pending,,Three-Way Match,Pending
INV003907,PO003907,S0190,2025-02-24,2025-03-07,2025-06-05,26121779.44,SGD,62.0,Paid,2025-06-04,Three-Way Match,Approved
INV003908,PO003908,S0135,2026-05-27,2026-06-14,2026-09-12,6511950.63,EUR,90.5,Paid,2026-09-08,Three-Way Match,Approved
INV003909,PO003909,S0176,2025-11-12,2025-11-29,2025-12-29,24188051.63,GBP,106.0,Paid,2025-12-26,Manual Review,Pending
INV003910,PO003910,S0224,2025-09-06,2025-09-18,2025-11-17,27996960.89,AUD,54.0,Overdue,,Manual Review,Approved
INV003911,PO003911,S0148,2025-08-05,2025-09-02,2025-10-17,20647051.28,AED,22.7,Paid,2025-10-07,Manual Review,Pending
INV003912,PO003912,S0207,2025-05-15,2025-06-01,2025-08-30,28393897.65,EUR,90.5,Pending,,Three-Way Match,Pending
INV003913,PO003913,S0129,2026-07-04,2026-07-28,2026-08-27,86141959.33,USD,83.5,Paid,2026-08-26,Manual Review,Approved
INV003914,PO003914,S0174,2026-01-18,2026-02-13,2026-05-14,48760296.0,SGD,62.0,Paid,2026-05-06,Three-Way Match,Pending
INV003915,PO003915,S0183,2026-05-08,2026-05-24,2026-06-23,4300400.19,USD,83.5,Overdue,,Three-Way Match,Pending
INV003916,PO003916,S0201,2026-07-18,2026-08-05,2026-11-03,6806893.33,EUR,90.5,Paid,2026-11-03,Manual Review,Approved
INV003917,PO003917,S0140,2025-06-20,2025-07-17,2025-08-31,80840455.87,JPY,0.56,Overdue,,Three-Way Match,Pending
INV003918,PO003918,S0207,2025-07-12,2025-07-30,2025-10-28,15648380.6,EUR,90.5,Paid,2025-10-22,Manual Review,Pending
INV003919,PO003919,S0174,2025-08-02,2025-09-04,2025-12-03,5521301.86,SGD,62.0,Pending,,Three-Way Match,Approved
INV003920,PO003920,S0191,2025-10-25,2025-11-02,2026-01-31,22776212.7,EUR,90.5,Partially Paid,,Three-Way Match,Approved
INV003921,PO003921,S0222,2025-02-07,2025-03-03,2025-05-02,5558714.11,AED,22.7,Pending,,Three-Way Match,Approved
INV003922,PO003922,S0138,2026-03-14,2026-04-11,2026-07-10,16698950.3,AUD,54.0,Paid,2026-07-01,Three-Way Match,Approved
INV003923,PO003923,S0187,2025-02-03,2025-02-22,2025-04-23,28718757.79,AED,22.7,Partially Paid,,Manual Review,Pending
INV003924,PO003924,S0207,2025-01-06,2025-01-24,2025-03-25,10149830.84,EUR,90.5,Paid,2025-03-23,Three-Way Match,Approved
INV003925,PO003925,S0213,2025-05-07,2025-05-19,2025-07-03,20796700.37,AED,22.7,Paid,2025-06-29,Three-Way Match,Pending
INV003926,PO003926,S0179,2026-02-24,2026-03-15,2026-04-14,60858194.15,GBP,106.0,Paid,2026-04-07,Three-Way Match,Pending
INV003927,PO003927,S0241,2026-04-25,2026-05-19,2026-07-03,48997808.44,CNY,11.6,Partially Paid,,Three-Way Match,Approved
INV003928,PO003928,S0189,2026-01-16,2026-02-04,2026-03-21,3596633.21,EUR,90.5,Paid,2026-03-16,Manual Review,Pending
INV003929,PO003929,S0145,2026-03-30,2026-04-16,2026-05-16,49850091.77,AED,22.7,Paid,2026-05-09,Three-Way Match,Approved
INV003930,PO003930,S0158,2026-05-25,2026-06-23,2026-08-07,74812439.79,EUR,90.5,Paid,2026-07-28,Manual Review,Approved
INV003931,PO003931,S0151,2025-07-22,2025-08-18,2025-09-17,32466603.06,USD,83.5,Partially Paid,,Manual Review,Pending
INV003932,PO003932,S0208,2025-05-12,2025-06-06,2025-07-06,64944220.9,GBP,106.0,Paid,2025-07-05,Three-Way Match,Pending
INV003933,PO003933,S0130,2025-10-01,2025-10-21,2025-12-20,17758314.17,SGD,62.0,Paid,2025-12-13,Manual Review,Pending
INV003934,PO003934,S0183,2025-10-12,2025-10-25,2025-12-09,25841231.19,USD,83.5,Paid,2025-12-02,Three-Way Match,Approved
INV003935,PO003935,S0157,2026-08-01,2026-08-24,2026-11-22,29612724.5,AUD,54.0,Paid,2026-11-14,Three-Way Match,Approved
INV003936,PO003936,S0234,2026-02-18,2026-03-13,2026-06-11,8737166.09,AUD,54.0,Pending,,Three-Way Match,Pending
INV003937,PO003937,S0175,2026-04-12,2026-04-19,2026-06-18,6603464.54,CNY,11.6,Paid,2026-06-13,Manual Review,Approved
INV003938,PO003938,S0228,2026-08-03,2026-08-30,2026-11-28,95208325.99,SGD,62.0,Pending,,Three-Way Match,Approved
INV003939,PO003939,S0201,2025-10-26,2025-11-15,2026-01-14,23186235.69,EUR,90.5,Paid,2026-01-13,Three-Way Match,Approved
INV003940,PO003940,S0134,2025-03-23,2025-04-13,2025-06-12,36154534.65,GBP,106.0,Paid,2025-06-09,Manual Review,Pending
INV003941,PO003941,S0193,2025-11-24,2025-12-06,2026-01-05,40529108.03,AUD,54.0,Paid,2025-12-27,Three-Way Match,Approved
INV003942,PO003942,S0216,2025-01-04,2025-01-31,2025-03-17,45695895.88,SGD,62.0,Pending,,Three-Way Match,Pending
INV003943,PO003943,S0214,2026-06-06,2026-06-30,2026-07-30,2878200.37,EUR,90.5,Paid,2026-07-20,Three-Way Match,Approved
INV003944,PO003944,S0207,2025-09-11,2025-09-29,2025-12-28,20271224.71,EUR,90.5,Paid,2025-12-18,Three-Way Match,Approved
INV003945,PO003945,S0144,2025-02-01,2025-02-14,2025-03-31,81570317.65,GBP,106.0,Paid,2025-03-22,Three-Way Match,Approved
INV003946,PO003946,S0178,2025-11-25,2025-12-17,2026-01-31,41496554.84,JPY,0.56,Paid,2026-01-26,Three-Way Match,Approved
INV003947,PO003947,S0164,2026-05-16,2026-06-12,2026-07-12,11512575.15,SGD,62.0,Pending,,Three-Way Match,Approved
INV003948,PO003948,S0135,2025-04-27,2025-05-16,2025-06-15,30366083.24,EUR,90.5,Paid,2025-06-09,Three-Way Match,Pending
INV003949,PO003949,S0174,2025-06-20,2025-07-11,2025-08-10,8222400.39,SGD,62.0,Pending,,Manual Review,Approved
INV003950,PO003950,S0182,2025-08-12,2025-09-04,2025-10-04,11003900.12,JPY,0.56,Pending,,Manual Review,Pending
INV003951,PO003951,S0202,2025-05-25,2025-06-10,2025-09-08,14699871.66,AUD,54.0,Overdue,,Three-Way Match,Pending
INV003952,PO003952,S0250,2025-03-15,2025-03-30,2025-04-29,3638452.11,EUR,90.5,Pending,,Manual Review,Approved
INV003953,PO003953,S0223,2026-06-23,2026-07-07,2026-08-21,79602605.72,AED,22.7,Paid,2026-08-17,Manual Review,Approved
INV003954,PO003954,S0197,2026-04-09,2026-04-27,2026-06-26,2621068.66,AUD,54.0,Paid,2026-06-16,Three-Way Match,Approved
INV003955,PO003955,S0202,2026-01-26,2026-02-06,2026-05-07,49861029.88,AUD,54.0,Paid,2026-05-01,Three-Way Match,Approved
INV003956,PO003956,S0135,2025-12-23,2026-01-16,2026-03-02,15260895.38,EUR,90.5,Paid,2026-02-25,Three-Way Match,Approved
INV003957,PO003957,S0187,2025-07-10,2025-07-24,2025-10-22,9231244.93,AED,22.7,Overdue,,Three-Way Match,Approved
INV003958,PO003958,S0241,2025-10-24,2025-11-16,2025-12-31,39809517.23,CNY,11.6,Paid,2025-12-27,Manual Review,Approved
INV003959,PO003959,S0129,2025-05-06,2025-05-30,2025-06-29,13788369.48,USD,83.5,Paid,2025-06-21,Manual Review,Pending
INV003960,PO003960,S0230,2025-03-03,2025-03-12,2025-04-11,22336643.97,EUR,90.5,Paid,2025-04-02,Three-Way Match,Pending
INV003961,PO003961,S0248,2025-02-11,2025-02-24,2025-04-10,7505402.73,GBP,106.0,Paid,2025-04-08,Three-Way Match,Pending
INV003962,PO003962,S0127,2025-10-25,2025-11-17,2026-01-16,7941756.99,AED,22.7,Paid,2026-01-16,Three-Way Match,Approved
INV003963,PO003963,S0138,2026-03-07,2026-04-20,2026-06-04,59059826.07,AUD,54.0,Paid,2026-06-02,Manual Review,Approved
INV003964,PO003964,S0150,2026-03-15,2026-04-10,2026-07-09,25847757.82,SGD,62.0,Pending,,Three-Way Match,Approved
INV003965,PO003965,S0237,2025-12-07,2026-01-01,2026-01-31,45685212.52,USD,83.5,Pending,,Three-Way Match,Approved
INV003966,PO003966,S0176,2025-05-19,2025-06-10,2025-07-25,27274777.39,GBP,106.0,Overdue,,Three-Way Match,Pending
INV003967,PO003967,S0188,2025-04-15,2025-04-30,2025-06-29,7115257.23,GBP,106.0,Paid,2025-06-28,Manual Review,Pending
INV003968,PO003968,S0165,2025-08-13,2025-09-17,2025-11-01,7812829.33,USD,83.5,Pending,,Manual Review,Approved
INV003969,PO003969,S0156,2026-03-09,2026-03-19,2026-04-18,6146387.29,CNY,11.6,Pending,,Three-Way Match,Pending
INV003970,PO003970,S0222,2025-05-07,2025-06-05,2025-09-03,50271016.51,AED,22.7,Paid,2025-08-27,Manual Review,Pending
INV003971,PO003971,S0232,2025-12-01,2025-12-16,2026-01-30,25172909.77,AUD,54.0,Paid,2026-01-25,Three-Way Match,Approved
INV003972,PO003972,S0199,2025-07-27,2025-08-31,2025-10-15,1376049.01,EUR,90.5,Paid,2025-10-10,Manual Review,Approved
INV003973,PO003973,S0190,2026-01-25,2026-01-30,2026-04-30,2399945.99,SGD,62.0,Pending,,Three-Way Match,Pending
INV003974,PO003974,S0148,2026-05-31,2026-06-26,2026-09-24,54412620.31,AED,22.7,Paid,2026-09-23,Three-Way Match,Pending
INV003975,PO003975,S0249,2026-07-24,2026-08-13,2026-10-12,8210267.18,GBP,106.0,Overdue,,Three-Way Match,Pending
INV003976,PO003976,S0209,2026-05-09,2026-06-08,2026-08-07,28741936.03,CNY,11.6,Paid,2026-08-06,Three-Way Match,Pending
INV003977,PO003977,S0158,2025-01-18,2025-02-09,2025-04-10,23463640.82,EUR,90.5,Paid,2025-04-04,Three-Way Match,Pending
INV003978,PO003978,S0137,2025-05-17,2025-06-14,2025-07-14,28698663.35,CNY,11.6,Paid,2025-07-08,Three-Way Match,Pending
INV003979,PO003979,S0143,2025-06-12,2025-06-24,2025-08-08,68033287.12,JPY,0.56,Overdue,,Three-Way Match,Approved
INV003980,PO003980,S0191,2025-08-09,2025-08-14,2025-10-13,11906682.54,EUR,90.5,Pending,,Three-Way Match,Pending
INV003981,PO003981,S0161,2026-03-10,2026-04-11,2026-05-26,5776964.95,AED,22.7,Paid,2026-05-23,Manual Review,Approved
INV003982,PO003982,S0229,2025-02-04,2025-03-01,2025-04-15,5720017.72,EUR,90.5,Paid,2025-04-05,Manual Review,Approved
INV003983,PO003983,S0223,2026-03-27,2026-04-01,2026-05-16,2107316.56,AED,22.7,Pending,,Three-Way Match,Approved
INV003984,PO003984,S0188,2025-02-08,2025-02-27,2025-04-28,34866222.51,GBP,106.0,Paid,2025-04-25,Three-Way Match,Approved
INV003985,PO003985,S0192,2025-11-14,2025-12-19,2026-01-18,8549181.54,JPY,0.56,Paid,2026-01-13,Manual Review,Approved
INV003986,PO003986,S0141,2025-07-22,2025-08-05,2025-10-04,49589341.34,AED,22.7,Paid,2025-09-26,Three-Way Match,Approved
INV003987,PO003987,S0187,2025-12-03,2025-12-25,2026-02-08,52334908.57,AED,22.7,Paid,2026-01-31,Manual Review,Approved
INV003988,PO003988,S0138,2026-07-06,2026-08-02,2026-09-16,11073118.7,AUD,54.0,Paid,2026-09-16,Three-Way Match,Approved
INV003989,PO003989,S0235,2025-07-24,2025-08-17,2025-09-16,60707627.57,CNY,11.6,Paid,2025-09-13,Three-Way Match,Pending
INV003990,PO003990,S0245,2026-07-28,2026-08-06,2026-09-20,8618293.57,JPY,0.56,Pending,,Three-Way Match,Pending
INV003991,PO003991,S0198,2026-03-06,2026-04-02,2026-05-02,64788988.4,EUR,90.5,Partially Paid,,Three-Way Match,Approved
INV003992,PO003992,S0144,2025-08-07,2025-08-31,2025-09-30,10075978.64,GBP,106.0,Paid,2025-09-25,Three-Way Match,Pending
INV003993,PO003993,S0153,2025-02-25,2025-03-31,2025-05-15,46692311.68,EUR,90.5,Paid,2025-05-05,Three-Way Match,Approved
INV003994,PO003994,S0221,2025-05-01,2025-06-05,2025-07-05,16484462.27,EUR,90.5,Pending,,Three-Way Match,Pending
INV003995,PO003995,S0153,2026-06-18,2026-07-18,2026-09-16,37174581.25,EUR,90.5,Paid,2026-09-13,Three-Way Match,Approved
INV003996,PO003996,S0199,2026-06-08,2026-07-12,2026-08-11,13723676.29,EUR,90.5,Overdue,,Manual Review,Approved
INV003997,PO003997,S0204,2025-09-29,2025-10-20,2025-11-19,7946747.32,JPY,0.56,Paid,2025-11-12,Three-Way Match,Pending
INV003998,PO003998,S0128,2026-05-05,2026-06-02,2026-07-02,9656452.02,AUD,54.0,Paid,2026-06-27,Three-Way Match,Approved
INV003999,PO003999,S0138,2025-01-17,2025-02-09,2025-05-10,7979689.13,AUD,54.0,Paid,2025-05-08,Three-Way Match,Approved
INV004000,PO004000,S0219,2025-11-28,2025-12-24,2026-03-24,2181421.58,EUR,90.5,Paid,2026-03-17,Three-Way Match,Pending
INV004001,PO004001,S0128,2025-10-06,2025-11-09,2025-12-09,6923888.32,AUD,54.0,Pending,,Three-Way Match,Approved
INV004002,PO004002,S0176,2025-08-29,2025-09-14,2025-11-13,54025334.94,GBP,106.0,Paid,2025-11-05,Three-Way Match,Approved
INV004003,PO004003,S0238,2025-07-23,2025-08-17,2025-09-16,77684369.03,CNY,11.6,Paid,2025-09-08,Three-Way Match,Approved
INV004004,PO004004,S0181,2025-08-03,2025-08-14,2025-10-13,71445493.72,AED,22.7,Overdue,,Three-Way Match,Approved
INV004005,PO004005,S0225,2025-03-11,2025-04-17,2025-05-17,9897814.1,USD,83.5,Paid,2025-05-12,Three-Way Match,Approved
INV004006,PO004006,S0157,2026-01-24,2026-02-20,2026-03-22,6509930.18,AUD,54.0,Paid,2026-03-18,Three-Way Match,Pending
INV004007,PO004007,S0214,2025-03-17,2025-04-12,2025-06-11,5347751.72,EUR,90.5,Paid,2025-06-02,Manual Review,Pending
INV004008,PO004008,S0218,2025-05-02,2025-05-30,2025-07-14,13280058.79,GBP,106.0,Pending,,Manual Review,Approved
INV004009,PO004009,S0146,2025-12-09,2026-01-03,2026-03-04,30877387.44,EUR,90.5,Overdue,,Three-Way Match,Approved
INV004010,PO004010,S0151,2025-01-28,2025-02-21,2025-03-23,66624280.51,USD,83.5,Paid,2025-03-20,Three-Way Match,Approved
INV004011,PO004011,S0218,2025-05-14,2025-06-11,2025-07-26,2403576.16,GBP,106.0,Paid,2025-07-25,Three-Way Match,Approved
INV004012,PO004012,S0250,2025-12-16,2025-12-27,2026-02-10,28123237.29,EUR,90.5,Paid,2026-02-10,Three-Way Match,Approved
INV004013,PO004013,S0207,2025-07-21,2025-08-14,2025-11-12,69323152.93,EUR,90.5,Paid,2025-11-02,Manual Review,Approved
INV004014,PO004014,S0174,2026-03-09,2026-04-10,2026-06-09,13857726.57,SGD,62.0,Pending,,Manual Review,Approved
INV004015,PO004015,S0206,2025-07-28,2025-08-14,2025-10-13,41160925.3,GBP,106.0,Paid,2025-10-12,Three-Way Match,Pending
INV004016,PO004016,S0244,2025-02-06,2025-03-01,2025-05-30,30908602.63,EUR,90.5,Partially Paid,,Manual Review,Pending
INV004017,PO004017,S0226,2025-10-03,2025-11-03,2026-02-01,728151.42,SGD,62.0,Paid,2026-01-27,Three-Way Match,Approved
INV004018,PO004018,S0205,2025-07-26,2025-08-23,2025-10-07,21275628.33,AED,22.7,Paid,2025-10-03,Three-Way Match,Approved
INV004019,PO004019,S0209,2025-03-11,2025-04-22,2025-05-22,16151272.89,CNY,11.6,Paid,2025-05-16,Three-Way Match,Pending
INV004020,PO004020,S0190,2025-10-08,2025-10-24,2026-01-22,1830145.73,SGD,62.0,Paid,2026-01-22,Manual Review,Approved
INV004021,PO004021,S0156,2025-09-21,2025-10-04,2026-01-02,292438.01,CNY,11.6,Overdue,,Three-Way Match,Approved
INV004022,PO004022,S0174,2026-03-17,2026-04-11,2026-05-11,46885154.68,SGD,62.0,Paid,2026-05-05,Three-Way Match,Pending
INV004023,PO004023,S0201,2025-06-02,2025-06-20,2025-07-20,16970661.98,EUR,90.5,Pending,,Three-Way Match,Pending
INV004024,PO004024,S0174,2025-06-12,2025-07-06,2025-08-05,68179866.13,SGD,62.0,Paid,2025-08-05,Manual Review,Approved
INV004025,PO004025,S0240,2025-10-24,2025-12-02,2026-01-31,26397672.61,JPY,0.56,Paid,2026-01-25,Three-Way Match,Approved
INV004026,PO004026,S0198,2025-01-20,2025-02-17,2025-04-03,41220094.67,EUR,90.5,Pending,,Manual Review,Pending
INV004027,PO004027,S0142,2025-03-13,2025-04-12,2025-05-27,18446450.36,JPY,0.56,Paid,2025-05-19,Three-Way Match,Approved
INV004028,PO004028,S0205,2026-05-11,2026-06-13,2026-07-13,18354243.43,AED,22.7,Pending,,Manual Review,Approved
INV004029,PO004029,S0249,2025-08-02,2025-08-16,2025-11-14,43283655.67,GBP,106.0,Paid,2025-11-12,Manual Review,Approved
INV004030,PO004030,S0134,2026-05-23,2026-06-17,2026-08-16,32816597.34,GBP,106.0,Paid,2026-08-08,Three-Way Match,Pending
INV004031,PO004031,S0181,2025-12-24,2026-01-05,2026-03-06,24888080.99,AED,22.7,Partially Paid,,Three-Way Match,Approved
INV004032,PO004032,S0228,2026-02-22,2026-03-17,2026-06-15,54714220.89,SGD,62.0,Overdue,,Three-Way Match,Pending
INV004033,PO004033,S0231,2026-01-17,2026-02-01,2026-05-02,32762090.85,SGD,62.0,Pending,,Manual Review,Approved
INV004034,PO004034,S0228,2025-11-14,2025-12-03,2026-01-17,2545711.01,SGD,62.0,Pending,,Three-Way Match,Approved
INV004035,PO004035,S0210,2025-04-19,2025-05-10,2025-06-09,45544588.62,EUR,90.5,Overdue,,Three-Way Match,Approved
INV004036,PO004036,S0150,2025-11-15,2025-12-08,2026-01-07,22405678.13,SGD,62.0,Paid,2026-01-07,Three-Way Match,Approved
INV004037,PO004037,S0168,2025-06-12,2025-06-23,2025-08-22,9184990.55,EUR,90.5,Overdue,,Manual Review,Approved
INV004038,PO004038,S0176,2026-01-11,2026-01-28,2026-02-27,25832599.64,GBP,106.0,Paid,2026-02-19,Three-Way Match,Pending
INV004039,PO004039,S0182,2025-01-17,2025-02-16,2025-05-17,67577156.75,JPY,0.56,Paid,2025-05-17,Three-Way Match,Approved
INV004040,PO004040,S0240,2025-05-07,2025-06-10,2025-07-10,816936.42,JPY,0.56,Paid,2025-07-02,Three-Way Match,Pending
INV004041,PO004041,S0148,2025-08-19,2025-09-08,2025-12-07,21374663.55,AED,22.7,Overdue,,Manual Review,Approved
INV004042,PO004042,S0196,2025-07-07,2025-08-07,2025-11-05,7243583.88,EUR,90.5,Paid,2025-11-05,Three-Way Match,Approved
INV004043,PO004043,S0164,2025-08-17,2025-09-05,2025-10-05,1621590.32,SGD,62.0,Paid,2025-09-27,Three-Way Match,Pending
INV004044,PO004044,S0155,2026-03-08,2026-03-22,2026-04-21,30873653.7,AUD,54.0,Overdue,,Three-Way Match,Approved
INV004045,PO004045,S0200,2025-10-16,2025-11-06,2026-01-05,8062535.73,EUR,90.5,Paid,2025-12-30,Three-Way Match,Approved
INV004046,PO004046,S0150,2025-03-19,2025-04-21,2025-07-20,9961042.48,SGD,62.0,Paid,2025-07-17,Three-Way Match,Approved
INV004047,PO004047,S0224,2025-08-29,2025-09-17,2025-11-16,831995.51,AUD,54.0,Paid,2025-11-15,Three-Way Match,Approved
INV004048,PO004048,S0247,2025-12-07,2026-01-14,2026-02-28,61648142.6,EUR,90.5,Pending,,Manual Review,Approved
INV004049,PO004049,S0167,2025-04-10,2025-05-06,2025-07-05,74071658.74,USD,83.5,Pending,,Three-Way Match,Approved
INV004050,PO004050,S0207,2025-10-17,2025-11-18,2026-01-17,55486743.31,EUR,90.5,Pending,,Manual Review,Approved
INV004051,PO004051,S0212,2025-09-23,2025-10-10,2025-12-09,47853018.72,AUD,54.0,Pending,,Three-Way Match,Approved
INV004052,PO004052,S0240,2025-04-08,2025-05-15,2025-06-29,4128746.11,JPY,0.56,Pending,,Manual Review,Approved
INV004053,PO004053,S0239,2025-02-20,2025-02-26,2025-03-28,29575813.97,SGD,62.0,Pending,,Three-Way Match,Approved
INV004054,PO004054,S0240,2025-07-17,2025-08-24,2025-09-23,7323517.0,JPY,0.56,Paid,2025-09-13,Three-Way Match,Approved
INV004055,PO004055,S0164,2025-12-31,2026-01-23,2026-04-23,1423434.1,SGD,62.0,Pending,,Three-Way Match,Pending
INV004056,PO004056,S0224,2025-10-01,2025-10-20,2025-11-19,24180935.3,AUD,54.0,Partially Paid,,Three-Way Match,Approved
INV004057,PO004057,S0250,2026-04-17,2026-05-04,2026-06-18,2716097.77,EUR,90.5,Paid,2026-06-12,Manual Review,Pending
INV004058,PO004058,S0134,2025-12-31,2026-01-30,2026-03-01,22309845.88,GBP,106.0,Paid,2026-02-28,Manual Review,Approved
INV004059,PO004059,S0224,2026-03-14,2026-04-03,2026-07-02,24438572.75,AUD,54.0,Paid,2026-07-01,Manual Review,Pending
INV004060,PO004060,S0163,2025-12-09,2026-01-14,2026-02-13,28448874.05,JPY,0.56,Paid,2026-02-04,Manual Review,Approved
INV004061,PO004061,S0177,2026-06-15,2026-07-03,2026-08-02,34659842.32,EUR,90.5,Paid,2026-07-24,Manual Review,Pending
INV004062,PO004062,S0236,2025-03-14,2025-04-04,2025-05-19,377572.5,EUR,90.5,Paid,2025-05-09,Manual Review,Pending
INV004063,PO004063,S0174,2025-02-13,2025-03-13,2025-05-12,48724944.68,SGD,62.0,Partially Paid,,Manual Review,Approved
INV004064,PO004064,S0227,2025-02-12,2025-02-23,2025-05-24,22503122.01,EUR,90.5,Pending,,Three-Way Match,Approved
INV004065,PO004065,S0167,2025-08-09,2025-08-26,2025-11-24,38509819.61,USD,83.5,Paid,2025-11-18,Three-Way Match,Pending
INV004066,PO004066,S0203,2025-03-01,2025-03-11,2025-06-09,66373985.62,JPY,0.56,Pending,,Manual Review,Approved
INV004067,PO004067,S0151,2026-01-03,2026-01-29,2026-04-29,36608521.64,USD,83.5,Paid,2026-04-28,Three-Way Match,Approved
INV004068,PO004068,S0139,2026-05-17,2026-06-14,2026-07-14,13303648.29,AED,22.7,Paid,2026-07-06,Three-Way Match,Pending
INV004069,PO004069,S0199,2025-05-02,2025-05-31,2025-07-30,17251142.23,EUR,90.5,Paid,2025-07-24,Three-Way Match,Approved
INV004070,PO004070,S0142,2025-08-21,2025-09-12,2025-11-11,25896602.59,JPY,0.56,Pending,,Manual Review,Pending
INV004071,PO004071,S0150,2025-01-12,2025-02-06,2025-03-23,9696381.35,SGD,62.0,Paid,2025-03-15,Manual Review,Pending
INV004072,PO004072,S0249,2026-02-13,2026-03-05,2026-04-19,25715598.93,GBP,106.0,Partially Paid,,Manual Review,Approved
INV004073,PO004073,S0221,2026-06-05,2026-07-10,2026-10-08,73547986.08,EUR,90.5,Partially Paid,,Three-Way Match,Approved
INV004074,PO004074,S0207,2025-08-25,2025-09-18,2025-11-17,2026029.34,EUR,90.5,Paid,2025-11-10,Three-Way Match,Approved
INV004075,PO004075,S0136,2026-07-04,2026-08-07,2026-10-06,49653516.63,EUR,90.5,Paid,2026-10-01,Three-Way Match,Approved
INV004076,PO004076,S0141,2025-05-06,2025-05-25,2025-06-24,41162100.26,AED,22.7,Overdue,,Three-Way Match,Approved
INV004077,PO004077,S0180,2025-03-05,2025-04-09,2025-05-24,3343056.44,JPY,0.56,Paid,2025-05-17,Three-Way Match,Pending
INV004078,PO004078,S0201,2026-02-08,2026-02-24,2026-04-10,26770909.16,EUR,90.5,Paid,2026-04-03,Manual Review,Pending
INV004079,PO004079,S0236,2025-09-23,2025-10-11,2025-12-10,46782375.56,EUR,90.5,Overdue,,Manual Review,Approved
INV004080,PO004080,S0199,2025-02-04,2025-03-17,2025-05-16,62729952.01,EUR,90.5,Paid,2025-05-13,Three-Way Match,Approved
INV004081,PO004081,S0164,2025-01-23,2025-02-17,2025-03-19,17759865.93,SGD,62.0,Overdue,,Three-Way Match,Approved
INV004082,PO004082,S0163,2025-05-10,2025-06-07,2025-07-22,20673287.94,JPY,0.56,Paid,2025-07-22,Three-Way Match,Approved
INV004083,PO004083,S0144,2026-07-19,2026-08-08,2026-09-22,10160287.13,GBP,106.0,Paid,2026-09-19,Manual Review,Pending
INV004084,PO004084,S0226,2026-01-27,2026-02-23,2026-04-24,23419857.29,SGD,62.0,Pending,,Three-Way Match,Pending
INV004085,PO004085,S0217,2025-10-23,2025-11-06,2026-01-05,12352739.07,USD,83.5,Pending,,Three-Way Match,Pending
INV004086,PO004086,S0225,2025-11-01,2025-12-02,2026-01-31,20961711.18,USD,83.5,Pending,,Manual Review,Approved
INV004087,PO004087,S0196,2026-04-03,2026-04-19,2026-05-19,16994262.84,EUR,90.5,Paid,2026-05-19,Manual Review,Approved
INV004088,PO004088,S0201,2025-09-23,2025-10-15,2026-01-13,27674893.72,EUR,90.5,Paid,2026-01-06,Three-Way Match,Pending
INV004089,PO004089,S0139,2026-01-06,2026-01-30,2026-03-31,3619762.22,AED,22.7,Paid,2026-03-30,Three-Way Match,Approved
INV004090,PO004090,S0127,2026-05-25,2026-06-17,2026-08-16,19362423.04,AED,22.7,Paid,2026-08-14,Manual Review,Pending
INV004091,PO004091,S0208,2025-11-29,2025-12-23,2026-01-22,56661888.77,GBP,106.0,Paid,2026-01-13,Three-Way Match,Approved
INV004092,PO004092,S0163,2026-02-25,2026-03-31,2026-05-15,30120974.9,JPY,0.56,Paid,2026-05-07,Three-Way Match,Approved
INV004093,PO004093,S0225,2026-07-18,2026-08-14,2026-09-28,1724553.11,USD,83.5,Paid,2026-09-22,Three-Way Match,Pending
INV004094,PO004094,S0201,2026-07-13,2026-08-01,2026-08-31,52957284.73,EUR,90.5,Paid,2026-08-24,Three-Way Match,Approved
INV004095,PO004095,S0208,2025-07-13,2025-08-04,2025-09-18,19383897.15,GBP,106.0,Paid,2025-09-17,Three-Way Match,Pending
INV004096,PO004096,S0210,2025-04-11,2025-04-20,2025-06-04,23026511.44,EUR,90.5,Overdue,,Three-Way Match,Pending
INV004097,PO004097,S0237,2026-07-07,2026-08-06,2026-10-05,6252824.33,USD,83.5,Pending,,Three-Way Match,Pending
INV004098,PO004098,S0184,2026-06-09,2026-07-14,2026-08-13,3563329.02,USD,83.5,Pending,,Three-Way Match,Approved
INV004099,PO004099,S0240,2026-01-24,2026-02-28,2026-04-29,18030253.83,JPY,0.56,Pending,,Three-Way Match,Pending
INV004100,PO004100,S0190,2025-05-16,2025-05-25,2025-08-23,19796104.7,SGD,62.0,Paid,2025-08-23,Manual Review,Approved
INV004101,PO004101,S0210,2025-09-28,2025-10-06,2025-12-05,25145773.04,EUR,90.5,Overdue,,Three-Way Match,Approved
INV004102,PO004102,S0185,2025-05-24,2025-06-12,2025-08-11,6503328.97,AED,22.7,Pending,,Three-Way Match,Approved
INV004103,PO004103,S0217,2025-06-27,2025-07-12,2025-10-10,16430852.22,USD,83.5,Paid,2025-10-06,Manual Review,Approved
INV004104,PO004104,S0231,2026-07-26,2026-08-07,2026-09-21,1838615.71,SGD,62.0,Paid,2026-09-14,Three-Way Match,Approved
INV004105,PO004105,S0206,2026-03-02,2026-03-16,2026-06-14,89103739.54,GBP,106.0,Paid,2026-06-09,Three-Way Match,Approved
INV004106,PO004106,S0152,2026-05-17,2026-06-04,2026-07-19,17356193.15,SGD,62.0,Pending,,Three-Way Match,Pending
INV004107,PO004107,S0234,2025-10-28,2025-11-12,2026-02-10,37928257.08,AUD,54.0,Paid,2026-02-06,Three-Way Match,Pending
INV004108,PO004108,S0194,2025-11-16,2025-11-23,2026-01-22,27408221.47,USD,83.5,Paid,2026-01-17,Three-Way Match,Approved
INV004109,PO004109,S0194,2025-09-11,2025-09-19,2025-11-03,9989030.16,USD,83.5,Partially Paid,,Manual Review,Pending
INV004110,PO004110,S0241,2025-07-20,2025-08-09,2025-11-07,48819944.18,CNY,11.6,Paid,2025-10-30,Three-Way Match,Pending
INV004111,PO004111,S0243,2025-06-18,2025-07-08,2025-10-06,58098681.63,CNY,11.6,Paid,2025-10-01,Three-Way Match,Approved
INV004112,PO004112,S0228,2025-08-09,2025-09-01,2025-10-16,2454238.64,SGD,62.0,Pending,,Three-Way Match,Pending
INV004113,PO004113,S0221,2026-03-23,2026-04-21,2026-06-05,22959960.29,EUR,90.5,Pending,,Manual Review,Pending
INV004114,PO004114,S0164,2026-03-28,2026-04-19,2026-07-18,64764396.09,SGD,62.0,Paid,2026-07-15,Three-Way Match,Approved
INV004115,PO004115,S0231,2026-04-02,2026-04-19,2026-06-18,43889739.77,SGD,62.0,Paid,2026-06-16,Three-Way Match,Approved
INV004116,PO004116,S0225,2025-12-13,2026-01-13,2026-02-12,501758.43,USD,83.5,Partially Paid,,Three-Way Match,Approved
INV004117,PO004117,S0130,2025-01-23,2025-02-15,2025-04-01,44868731.29,SGD,62.0,Paid,2025-03-25,Three-Way Match,Approved
INV004118,PO004118,S0200,2026-05-11,2026-06-02,2026-08-31,15294393.97,EUR,90.5,Paid,2026-08-22,Three-Way Match,Approved
INV004119,PO004119,S0194,2026-04-02,2026-04-18,2026-06-17,44404104.12,USD,83.5,Paid,2026-06-15,Manual Review,Pending
INV004120,PO004120,S0196,2026-01-02,2026-01-25,2026-02-24,36146316.92,EUR,90.5,Paid,2026-02-18,Three-Way Match,Approved
INV004121,PO004121,S0142,2026-05-05,2026-06-01,2026-07-31,50484396.9,JPY,0.56,Paid,2026-07-30,Three-Way Match,Pending
INV004122,PO004122,S0188,2026-05-09,2026-05-26,2026-06-25,932560.98,GBP,106.0,Paid,2026-06-21,Three-Way Match,Pending
INV004123,PO004123,S0149,2026-06-18,2026-07-08,2026-08-07,11692518.6,SGD,62.0,Pending,,Three-Way Match,Approved
INV004124,PO004124,S0199,2025-08-30,2025-10-17,2025-12-16,31105571.21,EUR,90.5,Paid,2025-12-09,Three-Way Match,Pending
INV004125,PO004125,S0171,2025-12-30,2026-01-20,2026-03-21,43298689.71,GBP,106.0,Paid,2026-03-15,Manual Review,Approved
INV004126,PO004126,S0161,2025-04-14,2025-05-10,2025-06-09,53265840.48,AED,22.7,Paid,2025-06-03,Manual Review,Approved
INV004127,PO004127,S0146,2025-01-03,2025-01-25,2025-02-24,52695166.09,EUR,90.5,Paid,2025-02-17,Three-Way Match,Approved
INV004128,PO004128,S0156,2025-12-23,2025-12-30,2026-01-29,20640370.14,CNY,11.6,Paid,2026-01-25,Manual Review,Approved
INV004129,PO004129,S0129,2026-04-04,2026-05-05,2026-07-04,2818306.52,USD,83.5,Overdue,,Three-Way Match,Approved
INV004130,PO004130,S0218,2025-07-21,2025-08-17,2025-10-16,19917248.34,GBP,106.0,Pending,,Manual Review,Pending
INV004131,PO004131,S0144,2025-03-23,2025-04-09,2025-05-24,64248886.54,GBP,106.0,Pending,,Three-Way Match,Approved
INV004132,PO004132,S0165,2025-02-14,2025-03-22,2025-05-21,8942794.91,USD,83.5,Paid,2025-05-19,Three-Way Match,Pending
INV004133,PO004133,S0242,2026-03-07,2026-04-14,2026-06-13,29059178.17,EUR,90.5,Overdue,,Three-Way Match,Approved
INV004134,PO004134,S0161,2025-10-11,2025-11-11,2026-01-10,17718723.56,AED,22.7,Paid,2026-01-10,Three-Way Match,Approved
INV004135,PO004135,S0166,2025-05-27,2025-06-03,2025-07-18,32775400.11,EUR,90.5,Partially Paid,,Manual Review,Pending
INV004136,PO004136,S0249,2025-05-23,2025-06-12,2025-07-27,32893728.96,GBP,106.0,Paid,2025-07-23,Manual Review,Approved
INV004137,PO004137,S0173,2025-08-04,2025-08-14,2025-10-13,17781233.53,AUD,54.0,Paid,2025-10-09,Three-Way Match,Approved
INV004138,PO004138,S0178,2025-07-10,2025-07-27,2025-09-25,52407542.8,JPY,0.56,Paid,2025-09-22,Manual Review,Approved
INV004139,PO004139,S0189,2025-04-27,2025-05-25,2025-06-24,63003234.37,EUR,90.5,Paid,2025-06-17,Three-Way Match,Approved
INV004140,PO004140,S0238,2025-08-15,2025-08-31,2025-10-30,24547207.86,CNY,11.6,Overdue,,Three-Way Match,Approved
INV004141,PO004141,S0182,2025-01-21,2025-02-14,2025-05-15,2836900.47,JPY,0.56,Paid,2025-05-10,Three-Way Match,Pending
INV004142,PO004142,S0157,2025-03-05,2025-03-29,2025-04-28,2777993.14,AUD,54.0,Paid,2025-04-25,Three-Way Match,Pending
INV004143,PO004143,S0136,2025-03-09,2025-04-11,2025-05-26,75545903.02,EUR,90.5,Overdue,,Three-Way Match,Approved
INV004144,PO004144,S0238,2025-05-28,2025-06-17,2025-08-16,36604831.67,CNY,11.6,Paid,2025-08-07,Three-Way Match,Approved
INV004145,PO004145,S0126,2026-01-22,2026-02-12,2026-05-13,557396.39,EUR,90.5,Paid,2026-05-04,Manual Review,Approved
INV004146,PO004146,S0162,2025-10-28,2025-11-16,2026-02-14,19662134.15,CNY,11.6,Paid,2026-02-11,Three-Way Match,Approved
INV004147,PO004147,S0232,2025-10-02,2025-10-26,2025-11-25,1082088.64,AUD,54.0,Paid,2025-11-20,Three-Way Match,Pending
INV004148,PO004148,S0147,2025-04-07,2025-04-24,2025-05-24,14840802.01,EUR,90.5,Paid,2025-05-19,Manual Review,Pending
INV004149,PO004149,S0213,2025-02-05,2025-02-22,2025-03-24,2348163.04,AED,22.7,Paid,2025-03-22,Three-Way Match,Pending
INV004150,PO004150,S0151,2025-08-14,2025-08-31,2025-09-30,3556626.15,USD,83.5,Paid,2025-09-28,Three-Way Match,Approved
INV004151,PO004151,S0233,2026-05-18,2026-06-10,2026-07-25,70450762.03,AUD,54.0,Paid,2026-07-17,Three-Way Match,Approved
INV004152,PO004152,S0226,2026-05-24,2026-06-20,2026-08-04,13680251.9,SGD,62.0,Paid,2026-07-27,Manual Review,Pending
INV004153,PO004153,S0144,2026-01-24,2026-02-08,2026-04-09,1138407.48,GBP,106.0,Paid,2026-04-02,Three-Way Match,Pending
INV004154,PO004154,S0207,2026-03-31,2026-04-28,2026-06-12,11647912.58,EUR,90.5,Paid,2026-06-10,Three-Way Match,Approved
INV004155,PO004155,S0157,2025-11-26,2025-12-25,2026-02-08,54809259.43,AUD,54.0,Paid,2026-02-04,Three-Way Match,Approved
INV004156,PO004156,S0147,2026-04-17,2026-05-21,2026-06-20,17124754.35,EUR,90.5,Overdue,,Manual Review,Approved
INV004157,PO004157,S0244,2025-01-08,2025-01-24,2025-03-10,39779218.29,EUR,90.5,Pending,,Manual Review,Pending
INV004158,PO004158,S0167,2026-03-27,2026-04-13,2026-05-13,13181085.9,USD,83.5,Paid,2026-05-04,Three-Way Match,Approved
INV004159,PO004159,S0239,2026-01-24,2026-02-02,2026-03-19,74188377.87,SGD,62.0,Paid,2026-03-09,Three-Way Match,Approved
INV004160,PO004160,S0180,2025-12-05,2026-01-03,2026-02-02,25420183.64,JPY,0.56,Paid,2026-01-28,Manual Review,Approved
INV004161,PO004161,S0131,2025-03-17,2025-04-09,2025-07-08,27574257.43,GBP,106.0,Pending,,Three-Way Match,Approved
INV004162,PO004162,S0129,2026-07-10,2026-07-24,2026-08-23,3375194.3,USD,83.5,Paid,2026-08-20,Three-Way Match,Pending
INV004163,PO004163,S0190,2025-07-20,2025-08-02,2025-10-31,25378174.06,SGD,62.0,Paid,2025-10-22,Three-Way Match,Approved
INV004164,PO004164,S0244,2025-01-22,2025-02-14,2025-04-15,4847269.03,EUR,90.5,Partially Paid,,Three-Way Match,Approved
INV004165,PO004165,S0177,2025-03-05,2025-03-18,2025-06-16,5431052.6,EUR,90.5,Paid,2025-06-12,Three-Way Match,Approved
INV004166,PO004166,S0141,2025-08-18,2025-09-06,2025-12-05,924579.66,AED,22.7,Paid,2025-12-04,Three-Way Match,Approved
INV004167,PO004167,S0187,2026-05-24,2026-06-13,2026-07-13,4203230.99,AED,22.7,Pending,,Three-Way Match,Approved
INV004168,PO004168,S0191,2025-11-11,2025-12-03,2026-01-02,16340308.1,EUR,90.5,Pending,,Three-Way Match,Approved
INV004169,PO004169,S0165,2026-07-07,2026-08-12,2026-11-10,12344380.23,USD,83.5,Paid,2026-11-04,Three-Way Match,Approved
INV004170,PO004170,S0152,2025-09-02,2025-09-19,2025-11-03,47942682.11,SGD,62.0,Paid,2025-10-28,Manual Review,Pending
INV004171,PO004171,S0228,2025-01-20,2025-02-16,2025-04-02,19544503.26,SGD,62.0,Paid,2025-03-26,Three-Way Match,Approved
INV004172,PO004172,S0184,2026-04-15,2026-05-22,2026-08-20,26162809.02,USD,83.5,Paid,2026-08-16,Three-Way Match,Pending
INV004173,PO004173,S0191,2025-10-04,2025-10-13,2025-12-12,60978730.97,EUR,90.5,Paid,2025-12-10,Three-Way Match,Approved
INV004174,PO004174,S0132,2025-10-15,2025-10-26,2025-12-10,438860.7,JPY,0.56,Paid,2025-12-01,Manual Review,Approved
INV004175,PO004175,S0142,2025-02-11,2025-03-12,2025-06-10,8110427.21,JPY,0.56,Paid,2025-06-07,Manual Review,Approved
INV004176,PO004176,S0145,2025-04-29,2025-05-15,2025-06-29,36656408.48,AED,22.7,Paid,2025-06-22,Manual Review,Approved
INV004177,PO004177,S0191,2025-01-13,2025-01-20,2025-04-20,27169245.98,EUR,90.5,Paid,2025-04-12,Three-Way Match,Approved
INV004178,PO004178,S0242,2026-04-01,2026-05-08,2026-06-22,25609812.27,EUR,90.5,Paid,2026-06-15,Manual Review,Approved
INV004179,PO004179,S0133,2026-05-27,2026-06-23,2026-08-07,37768145.91,EUR,90.5,Paid,2026-08-04,Three-Way Match,Approved
INV004180,PO004180,S0140,2026-01-15,2026-02-09,2026-03-26,43349816.67,JPY,0.56,Partially Paid,,Three-Way Match,Pending
INV004181,PO004181,S0227,2025-01-28,2025-02-04,2025-04-05,13008733.38,EUR,90.5,Paid,2025-03-26,Three-Way Match,Pending
INV004182,PO004182,S0170,2025-08-08,2025-08-20,2025-10-19,15379489.36,JPY,0.56,Overdue,,Manual Review,Approved
INV004183,PO004183,S0175,2026-07-08,2026-07-12,2026-08-26,16703294.63,CNY,11.6,Paid,2026-08-23,Three-Way Match,Approved
INV004184,PO004184,S0210,2025-01-24,2025-02-10,2025-05-11,4589595.67,EUR,90.5,Paid,2025-05-11,Three-Way Match,Approved
INV004185,PO004185,S0175,2025-11-04,2025-11-11,2026-01-10,23811492.86,CNY,11.6,Paid,2026-01-06,Three-Way Match,Pending
INV004186,PO004186,S0169,2025-08-19,2025-09-13,2025-10-13,55641707.33,AUD,54.0,Overdue,,Three-Way Match,Pending
INV004187,PO004187,S0137,2026-06-06,2026-07-12,2026-08-26,43579751.67,CNY,11.6,Paid,2026-08-18,Three-Way Match,Approved
INV004188,PO004188,S0170,2025-10-03,2025-10-21,2026-01-19,40879315.42,JPY,0.56,Paid,2026-01-13,Three-Way Match,Approved
INV004189,PO004189,S0232,2025-01-07,2025-01-20,2025-03-21,87524263.88,AUD,54.0,Pending,,Manual Review,Approved
INV004190,PO004190,S0145,2025-09-29,2025-10-21,2025-12-20,6837383.43,AED,22.7,Paid,2025-12-19,Three-Way Match,Approved
INV004191,PO004191,S0173,2025-06-01,2025-06-03,2025-08-02,31373443.71,AUD,54.0,Paid,2025-07-31,Three-Way Match,Pending
INV004192,PO004192,S0217,2025-03-30,2025-04-17,2025-06-01,791143.77,USD,83.5,Paid,2025-05-24,Three-Way Match,Pending
INV004193,PO004193,S0236,2026-07-10,2026-07-30,2026-09-28,4472001.25,EUR,90.5,Paid,2026-09-23,Three-Way Match,Approved
INV004194,PO004194,S0180,2025-12-17,2026-01-20,2026-02-19,17760401.47,JPY,0.56,Paid,2026-02-16,Three-Way Match,Approved
INV004195,PO004195,S0213,2025-07-27,2025-08-07,2025-09-06,5803447.76,AED,22.7,Paid,2025-08-30,Manual Review,Pending
INV004196,PO004196,S0191,2025-04-05,2025-04-09,2025-07-08,26407453.06,EUR,90.5,Overdue,,Three-Way Match,Approved
INV004197,PO004197,S0184,2026-03-14,2026-04-16,2026-05-16,32093160.39,USD,83.5,Paid,2026-05-12,Three-Way Match,Pending
INV004198,PO004198,S0223,2025-10-21,2025-11-03,2026-02-01,18302469.49,AED,22.7,Overdue,,Three-Way Match,Approved
INV004199,PO004199,S0199,2025-12-27,2026-02-02,2026-03-04,25972974.64,EUR,90.5,Pending,,Three-Way Match,Approved
INV004200,PO004200,S0180,2025-05-06,2025-06-11,2025-07-26,72474808.84,JPY,0.56,Overdue,,Three-Way Match,Approved
INV004201,PO004201,S0221,2025-04-09,2025-05-06,2025-06-20,8321997.25,EUR,90.5,Paid,2025-06-13,Manual Review,Pending
INV004202,PO004202,S0237,2025-01-28,2025-02-27,2025-05-28,76570322.75,USD,83.5,Paid,2025-05-22,Manual Review,Pending
INV004203,PO004203,S0206,2025-01-03,2025-01-21,2025-03-07,23681096.8,GBP,106.0,Paid,2025-03-06,Three-Way Match,Pending
INV004204,PO004204,S0156,2025-11-24,2025-12-04,2026-03-04,25694492.55,CNY,11.6,Overdue,,Three-Way Match,Approved
INV004205,PO004205,S0131,2025-12-21,2026-01-23,2026-02-22,20457412.73,GBP,106.0,Paid,2026-02-18,Three-Way Match,Pending
INV004206,PO004206,S0208,2026-03-29,2026-04-28,2026-06-12,17155338.42,GBP,106.0,Paid,2026-06-07,Three-Way Match,Pending
INV004207,PO004207,S0163,2026-01-30,2026-03-08,2026-05-07,67356142.76,JPY,0.56,Partially Paid,,Manual Review,Pending
INV004208,PO004208,S0215,2025-08-01,2025-08-05,2025-10-04,84693586.91,AED,22.7,Overdue,,Manual Review,Approved
INV004209,PO004209,S0161,2026-06-30,2026-07-31,2026-10-29,61767521.08,AED,22.7,Partially Paid,,Three-Way Match,Pending
INV004210,PO004210,S0247,2026-02-25,2026-04-01,2026-05-31,54074548.83,EUR,90.5,Paid,2026-05-29,Three-Way Match,Approved
INV004211,PO004211,S0219,2026-07-13,2026-08-01,2026-09-15,13133018.2,EUR,90.5,Paid,2026-09-15,Three-Way Match,Pending
INV004212,PO004212,S0182,2026-01-24,2026-02-20,2026-05-21,601133.69,JPY,0.56,Paid,2026-05-13,Three-Way Match,Approved
INV004213,PO004213,S0173,2026-05-19,2026-06-01,2026-07-31,54134660.17,AUD,54.0,Paid,2026-07-23,Manual Review,Pending
INV004214,PO004214,S0167,2025-01-24,2025-02-11,2025-03-28,717311.08,USD,83.5,Pending,,Three-Way Match,Approved
INV004215,PO004215,S0240,2025-03-01,2025-04-01,2025-05-01,2993066.22,JPY,0.56,Partially Paid,,Three-Way Match,Pending
INV004216,PO004216,S0169,2026-01-25,2026-02-14,2026-04-15,46988735.17,AUD,54.0,Paid,2026-04-14,Manual Review,Approved
INV004217,PO004217,S0180,2026-01-04,2026-01-29,2026-03-30,42589000.14,JPY,0.56,Pending,,Manual Review,Approved
INV004218,PO004218,S0135,2025-05-05,2025-05-24,2025-08-22,29614038.83,EUR,90.5,Paid,2025-08-22,Manual Review,Approved
INV004219,PO004219,S0196,2025-09-26,2025-10-13,2025-11-27,18069447.15,EUR,90.5,Paid,2025-11-23,Three-Way Match,Pending
INV004220,PO004220,S0194,2026-02-10,2026-02-26,2026-04-27,49358383.25,USD,83.5,Paid,2026-04-24,Three-Way Match,Pending
INV004221,PO004221,S0174,2026-01-27,2026-02-25,2026-03-27,77353021.45,SGD,62.0,Paid,2026-03-20,Manual Review,Approved
INV004222,PO004222,S0175,2025-01-25,2025-02-02,2025-03-04,5951430.43,CNY,11.6,Paid,2025-02-27,Three-Way Match,Pending
INV004223,PO004223,S0170,2025-02-03,2025-02-15,2025-04-16,9574651.31,JPY,0.56,Paid,2025-04-16,Manual Review,Approved
INV004224,PO004224,S0153,2026-06-14,2026-07-16,2026-08-15,4464698.18,EUR,90.5,Paid,2026-08-13,Manual Review,Approved
INV004225,PO004225,S0186,2025-05-20,2025-06-15,2025-07-30,13748825.9,EUR,90.5,Paid,2025-07-23,Three-Way Match,Pending
INV004226,PO004226,S0181,2025-02-15,2025-03-04,2025-06-02,61762630.85,AED,22.7,Paid,2025-05-26,Manual Review,Approved
INV004227,PO004227,S0193,2025-06-16,2025-07-03,2025-08-17,2961535.62,AUD,54.0,Paid,2025-08-11,Three-Way Match,Approved
INV004228,PO004228,S0159,2026-06-04,2026-07-02,2026-09-30,13540086.96,USD,83.5,Paid,2026-09-30,Manual Review,Approved
INV004229,PO004229,S0138,2026-07-13,2026-08-13,2026-10-12,14869118.44,AUD,54.0,Paid,2026-10-04,Three-Way Match,Pending
INV004230,PO004230,S0188,2026-04-17,2026-05-01,2026-05-31,18052437.01,GBP,106.0,Paid,2026-05-21,Three-Way Match,Pending
INV004231,PO004231,S0218,2026-07-02,2026-07-27,2026-09-25,27021309.98,GBP,106.0,Paid,2026-09-23,Three-Way Match,Approved
INV004232,PO004232,S0212,2026-05-20,2026-06-08,2026-09-06,57811634.26,AUD,54.0,Pending,,Three-Way Match,Approved
INV004233,PO004233,S0198,2026-08-04,2026-09-07,2026-11-06,74377565.6,EUR,90.5,Partially Paid,,Three-Way Match,Pending
INV004234,PO004234,S0179,2025-02-08,2025-02-26,2025-04-27,1454085.45,GBP,106.0,Pending,,Manual Review,Pending
INV004235,PO004235,S0233,2026-08-02,2026-08-22,2026-09-21,19269965.86,AUD,54.0,Paid,2026-09-16,Three-Way Match,Approved
INV004236,PO004236,S0150,2025-02-16,2025-03-21,2025-04-20,20396592.37,SGD,62.0,Pending,,Manual Review,Pending
INV004237,PO004237,S0170,2025-09-19,2025-09-28,2025-10-28,35362038.26,JPY,0.56,Paid,2025-10-18,Three-Way Match,Pending
INV004238,PO004238,S0224,2026-07-25,2026-08-10,2026-10-09,47484985.54,AUD,54.0,Paid,2026-10-05,Manual Review,Approved
INV004239,PO004239,S0205,2026-03-01,2026-03-24,2026-06-22,724073.38,AED,22.7,Pending,,Three-Way Match,Approved
INV004240,PO004240,S0148,2026-01-09,2026-01-31,2026-03-02,6494929.96,AED,22.7,Paid,2026-02-24,Manual Review,Approved
INV004241,PO004241,S0131,2025-05-13,2025-06-08,2025-07-08,23261787.84,GBP,106.0,Paid,2025-07-03,Manual Review,Approved
INV004242,PO004242,S0230,2025-08-07,2025-08-15,2025-09-14,85590161.18,EUR,90.5,Overdue,,Three-Way Match,Pending
INV004243,PO004243,S0161,2025-08-29,2025-09-24,2025-12-23,29553189.02,AED,22.7,Pending,,Three-Way Match,Approved
INV004244,PO004244,S0148,2025-09-11,2025-10-02,2025-12-01,57850773.31,AED,22.7,Pending,,Three-Way Match,Approved
INV004245,PO004245,S0211,2026-05-01,2026-05-11,2026-07-10,45674305.44,AED,22.7,Overdue,,Three-Way Match,Approved
INV004246,PO004246,S0247,2025-11-03,2025-12-20,2026-02-18,37730306.77,EUR,90.5,Paid,2026-02-18,Manual Review,Pending
INV004247,PO004247,S0220,2025-11-13,2025-12-21,2026-03-21,48420874.7,CNY,11.6,Paid,2026-03-20,Three-Way Match,Approved
INV004248,PO004248,S0214,2026-03-10,2026-03-28,2026-06-26,25002191.61,EUR,90.5,Pending,,Three-Way Match,Pending
INV004249,PO004249,S0191,2025-01-01,2025-01-12,2025-03-13,16986065.54,EUR,90.5,Overdue,,Manual Review,Pending
INV004250,PO004250,S0197,2026-04-22,2026-05-15,2026-06-29,36376699.36,AUD,54.0,Paid,2026-06-27,Three-Way Match,Pending
INV004251,PO004251,S0164,2025-09-30,2025-10-17,2025-12-01,7475028.35,SGD,62.0,Paid,2025-11-28,Manual Review,Approved
INV004252,PO004252,S0248,2025-07-29,2025-08-02,2025-09-16,77868150.95,GBP,106.0,Paid,2025-09-09,Three-Way Match,Approved
INV004253,PO004253,S0137,2026-03-10,2026-04-09,2026-06-08,60333067.31,CNY,11.6,Pending,,Manual Review,Approved
INV004254,PO004254,S0198,2025-12-01,2026-01-03,2026-02-02,60676423.61,EUR,90.5,Paid,2026-01-24,Three-Way Match,Pending
INV004255,PO004255,S0165,2025-03-14,2025-04-17,2025-06-01,59835362.23,USD,83.5,Pending,,Three-Way Match,Approved
INV004256,PO004256,S0243,2025-12-03,2025-12-30,2026-02-28,15948294.52,CNY,11.6,Paid,2026-02-19,Three-Way Match,Approved
INV004257,PO004257,S0152,2025-02-20,2025-03-09,2025-06-07,10505423.68,SGD,62.0,Overdue,,Manual Review,Approved
INV004258,PO004258,S0166,2026-05-23,2026-06-02,2026-07-02,13121280.87,EUR,90.5,Paid,2026-06-26,Three-Way Match,Approved
INV004259,PO004259,S0200,2025-03-08,2025-03-31,2025-05-30,24942838.05,EUR,90.5,Paid,2025-05-26,Three-Way Match,Pending
INV004260,PO004260,S0219,2026-07-29,2026-08-26,2026-11-24,37575392.8,EUR,90.5,Paid,2026-11-15,Manual Review,Pending
INV004261,PO004261,S0219,2025-08-16,2025-09-11,2025-10-26,14513984.43,EUR,90.5,Paid,2025-10-26,Three-Way Match,Pending
INV004262,PO004262,S0141,2025-05-07,2025-05-22,2025-06-21,31619830.08,AED,22.7,Paid,2025-06-14,Three-Way Match,Approved
INV004263,PO004263,S0157,2026-03-21,2026-04-12,2026-05-12,87663522.12,AUD,54.0,Paid,2026-05-06,Manual Review,Approved
INV004264,PO004264,S0142,2026-07-07,2026-07-30,2026-08-29,20713204.42,JPY,0.56,Overdue,,Three-Way Match,Pending
INV004265,PO004265,S0182,2025-07-20,2025-08-09,2025-11-07,54028647.49,JPY,0.56,Paid,2025-10-29,Manual Review,Pending
INV004266,PO004266,S0174,2025-06-16,2025-07-13,2025-08-27,16762281.36,SGD,62.0,Paid,2025-08-19,Three-Way Match,Approved
INV004267,PO004267,S0209,2026-06-26,2026-07-24,2026-08-23,4141857.31,CNY,11.6,Pending,,Manual Review,Pending
INV004268,PO004268,S0134,2025-12-09,2026-01-03,2026-02-17,2445662.39,GBP,106.0,Paid,2026-02-15,Three-Way Match,Approved
INV004269,PO004269,S0214,2025-01-15,2025-02-13,2025-03-30,7176465.52,EUR,90.5,Paid,2025-03-21,Three-Way Match,Approved
INV004270,PO004270,S0187,2025-03-02,2025-03-22,2025-05-21,18122309.52,AED,22.7,Paid,2025-05-19,Manual Review,Approved
INV004271,PO004271,S0158,2026-07-11,2026-08-02,2026-10-01,50086883.89,EUR,90.5,Paid,2026-09-28,Three-Way Match,Approved
INV004272,PO004272,S0137,2026-04-07,2026-05-14,2026-07-13,90259177.44,CNY,11.6,Paid,2026-07-12,Three-Way Match,Pending
INV004273,PO004273,S0236,2025-03-25,2025-04-11,2025-06-10,13417242.31,EUR,90.5,Paid,2025-06-04,Three-Way Match,Approved
INV004274,PO004274,S0131,2025-03-19,2025-04-07,2025-05-22,5290795.45,GBP,106.0,Paid,2025-05-19,Manual Review,Approved
INV004275,PO004275,S0228,2025-10-20,2025-11-17,2026-01-01,59354124.31,SGD,62.0,Paid,2025-12-31,Three-Way Match,Approved
INV004276,PO004276,S0198,2026-05-10,2026-06-07,2026-09-05,33578336.36,EUR,90.5,Paid,2026-09-04,Manual Review,Pending
INV004277,PO004277,S0199,2026-04-11,2026-05-12,2026-07-11,70359137.4,EUR,90.5,Paid,2026-07-10,Manual Review,Approved
INV004278,PO004278,S0242,2026-05-16,2026-06-19,2026-09-17,14104708.51,EUR,90.5,Overdue,,Three-Way Match,Approved
INV004279,PO004279,S0173,2025-11-18,2025-12-06,2026-01-20,19388106.46,AUD,54.0,Paid,2026-01-20,Three-Way Match,Pending
INV004280,PO004280,S0208,2026-04-21,2026-05-20,2026-08-18,37949386.01,GBP,106.0,Paid,2026-08-16,Three-Way Match,Approved
INV004281,PO004281,S0130,2025-05-16,2025-06-03,2025-09-01,73356298.4,SGD,62.0,Paid,2025-08-27,Three-Way Match,Approved
INV004282,PO004282,S0156,2025-08-11,2025-08-19,2025-11-17,33697271.02,CNY,11.6,Paid,2025-11-15,Three-Way Match,Approved
INV004283,PO004283,S0169,2026-04-09,2026-05-02,2026-07-01,75275351.05,AUD,54.0,Paid,2026-06-27,Manual Review,Pending
INV004284,PO004284,S0143,2025-02-20,2025-02-28,2025-04-14,32860413.59,JPY,0.56,Paid,2025-04-11,Three-Way Match,Pending
INV004285,PO004285,S0151,2025-01-31,2025-02-17,2025-03-19,32333062.53,USD,83.5,Overdue,,Three-Way Match,Pending
INV004286,PO004286,S0178,2025-08-18,2025-09-04,2025-10-19,11507798.72,JPY,0.56,Pending,,Three-Way Match,Pending
INV004287,PO004287,S0229,2026-05-03,2026-05-27,2026-07-11,23462457.47,EUR,90.5,Paid,2026-07-02,Three-Way Match,Approved
INV004288,PO004288,S0162,2025-01-16,2025-02-01,2025-03-03,14502013.69,CNY,11.6,Paid,2025-02-28,Manual Review,Approved
INV004289,PO004289,S0218,2026-05-11,2026-06-05,2026-08-04,39909427.79,GBP,106.0,Paid,2026-07-31,Three-Way Match,Pending
INV004290,PO004290,S0173,2026-06-01,2026-06-11,2026-07-11,4239599.88,AUD,54.0,Paid,2026-07-04,Manual Review,Pending
INV004291,PO004291,S0206,2026-06-04,2026-06-14,2026-07-14,24036178.06,GBP,106.0,Paid,2026-07-07,Three-Way Match,Pending
INV004292,PO004292,S0199,2026-07-05,2026-08-20,2026-10-19,16396851.03,EUR,90.5,Partially Paid,,Three-Way Match,Pending
INV004293,PO004293,S0205,2025-05-01,2025-06-02,2025-07-17,31243205.69,AED,22.7,Pending,,Three-Way Match,Approved
INV004294,PO004294,S0201,2025-06-25,2025-07-15,2025-09-13,60976938.43,EUR,90.5,Paid,2025-09-05,Three-Way Match,Approved
INV004295,PO004295,S0155,2025-02-12,2025-02-18,2025-03-20,45218561.08,AUD,54.0,Pending,,Three-Way Match,Approved
INV004296,PO004296,S0131,2025-08-06,2025-08-30,2025-10-29,37057541.26,GBP,106.0,Paid,2025-10-24,Manual Review,Approved
INV004297,PO004297,S0187,2025-10-04,2025-10-26,2026-01-24,34088512.7,AED,22.7,Paid,2026-01-17,Three-Way Match,Approved
INV004298,PO004298,S0247,2026-02-21,2026-03-27,2026-06-25,66302254.4,EUR,90.5,Paid,2026-06-16,Three-Way Match,Approved
INV004299,PO004299,S0226,2025-12-03,2025-12-31,2026-03-31,12189940.2,SGD,62.0,Pending,,Manual Review,Approved
INV004300,PO004300,S0155,2025-02-23,2025-03-04,2025-05-03,1610738.56,AUD,54.0,Pending,,Three-Way Match,Pending
INV004301,PO004301,S0177,2026-04-20,2026-05-03,2026-06-17,17361499.28,EUR,90.5,Paid,2026-06-08,Manual Review,Pending
INV004302,PO004302,S0194,2025-08-14,2025-08-21,2025-09-20,42264380.93,USD,83.5,Paid,2025-09-10,Three-Way Match,Pending
INV004303,PO004303,S0213,2026-03-17,2026-03-23,2026-05-22,9945930.28,AED,22.7,Partially Paid,,Three-Way Match,Approved
INV004304,PO004304,S0218,2025-11-15,2025-12-02,2026-01-16,31601177.56,GBP,106.0,Pending,,Manual Review,Approved
INV004305,PO004305,S0249,2026-06-04,2026-06-23,2026-08-22,54572179.91,GBP,106.0,Paid,2026-08-15,Three-Way Match,Pending
INV004306,PO004306,S0232,2026-02-12,2026-03-05,2026-04-19,31361999.2,AUD,54.0,Paid,2026-04-13,Three-Way Match,Approved
INV004307,PO004307,S0128,2025-05-29,2025-07-02,2025-08-31,19887490.62,AUD,54.0,Pending,,Three-Way Match,Pending
INV004308,PO004308,S0192,2025-04-17,2025-05-13,2025-08-11,13133145.05,JPY,0.56,Paid,2025-08-10,Manual Review,Pending
INV004309,PO004309,S0139,2025-09-21,2025-10-25,2025-12-09,22481294.81,AED,22.7,Pending,,Manual Review,Approved
INV004310,PO004310,S0173,2026-03-30,2026-04-08,2026-07-07,8736889.27,AUD,54.0,Paid,2026-07-03,Three-Way Match,Approved
INV004311,PO004311,S0195,2025-12-08,2026-01-10,2026-02-24,42622751.83,AUD,54.0,Paid,2026-02-24,Manual Review,Approved
INV004312,PO004312,S0194,2025-05-31,2025-06-05,2025-09-03,16972947.78,USD,83.5,Paid,2025-08-24,Three-Way Match,Pending
INV004313,PO004313,S0136,2025-12-12,2026-01-16,2026-02-15,33460545.59,EUR,90.5,Paid,2026-02-07,Manual Review,Approved
INV004314,PO004314,S0163,2025-12-30,2026-01-31,2026-03-02,60254616.63,JPY,0.56,Pending,,Three-Way Match,Pending
INV004315,PO004315,S0139,2026-07-29,2026-08-27,2026-10-11,44058517.21,AED,22.7,Paid,2026-10-03,Manual Review,Approved
INV004316,PO004316,S0227,2025-11-25,2025-12-02,2026-03-02,52747089.94,EUR,90.5,Pending,,Three-Way Match,Approved
INV004317,PO004317,S0157,2025-12-28,2026-01-23,2026-03-24,5255914.22,AUD,54.0,Pending,,Manual Review,Approved
INV004318,PO004318,S0132,2025-01-15,2025-01-18,2025-02-17,7624003.88,JPY,0.56,Paid,2025-02-15,Manual Review,Approved
INV004319,PO004319,S0134,2025-05-17,2025-06-19,2025-09-17,6943968.15,GBP,106.0,Pending,,Manual Review,Pending
INV004320,PO004320,S0216,2025-11-13,2025-12-08,2026-01-07,12010256.33,SGD,62.0,Paid,2026-01-06,Three-Way Match,Pending
INV004321,PO004321,S0207,2025-06-14,2025-07-04,2025-08-18,73120175.86,EUR,90.5,Paid,2025-08-10,Manual Review,Pending
INV004322,PO004322,S0225,2025-06-30,2025-08-05,2025-10-04,17546032.59,USD,83.5,Pending,,Three-Way Match,Approved
INV004323,PO004323,S0193,2025-03-03,2025-03-18,2025-06-16,14828083.76,AUD,54.0,Paid,2025-06-15,Manual Review,Pending
INV004324,PO004324,S0187,2025-01-11,2025-02-03,2025-05-04,46903769.99,AED,22.7,Paid,2025-04-24,Manual Review,Approved
INV004325,PO004325,S0193,2025-07-13,2025-07-23,2025-10-21,62717616.62,AUD,54.0,Paid,2025-10-18,Three-Way Match,Approved
INV004326,PO004326,S0182,2025-04-30,2025-05-26,2025-06-25,54827303.98,JPY,0.56,Paid,2025-06-19,Three-Way Match,Pending
INV004327,PO004327,S0244,2025-09-26,2025-10-15,2025-11-14,39840949.36,EUR,90.5,Paid,2025-11-04,Three-Way Match,Pending
INV004328,PO004328,S0220,2026-01-06,2026-02-10,2026-03-27,88309704.31,CNY,11.6,Paid,2026-03-17,Manual Review,Pending
INV004329,PO004329,S0126,2026-04-23,2026-04-30,2026-06-14,7276543.91,EUR,90.5,Paid,2026-06-08,Three-Way Match,Approved
INV004330,PO004330,S0139,2026-07-08,2026-08-08,2026-10-07,31258559.92,AED,22.7,Paid,2026-10-06,Three-Way Match,Pending
INV004331,PO004331,S0205,2025-03-02,2025-03-24,2025-05-08,16205663.92,AED,22.7,Paid,2025-05-08,Three-Way Match,Approved
INV004332,PO004332,S0164,2026-05-31,2026-06-25,2026-08-09,28673338.52,SGD,62.0,Pending,,Three-Way Match,Approved
INV004333,PO004333,S0126,2026-04-27,2026-05-09,2026-06-23,43315237.22,EUR,90.5,Paid,2026-06-21,Manual Review,Approved
INV004334,PO004334,S0185,2025-05-19,2025-06-02,2025-07-02,8706761.46,AED,22.7,Paid,2025-07-01,Manual Review,Approved
INV004335,PO004335,S0214,2025-08-05,2025-09-06,2025-11-05,1425886.08,EUR,90.5,Paid,2025-11-03,Manual Review,Approved
INV004336,PO004336,S0237,2026-01-30,2026-02-27,2026-04-13,17200691.65,USD,83.5,Paid,2026-04-08,Manual Review,Approved
INV004337,PO004337,S0175,2026-05-20,2026-05-23,2026-07-22,6274005.21,CNY,11.6,Partially Paid,,Manual Review,Approved
INV004338,PO004338,S0179,2025-12-11,2026-01-02,2026-03-03,13487577.46,GBP,106.0,Paid,2026-02-23,Three-Way Match,Approved
INV004339,PO004339,S0241,2025-11-23,2025-12-12,2026-02-10,9407925.18,CNY,11.6,Pending,,Manual Review,Pending
INV004340,PO004340,S0141,2025-07-31,2025-08-11,2025-09-10,12976135.88,AED,22.7,Paid,2025-08-31,Three-Way Match,Approved
INV004341,PO004341,S0170,2025-05-10,2025-05-25,2025-07-24,21015067.17,JPY,0.56,Pending,,Three-Way Match,Approved
INV004342,PO004342,S0219,2025-05-05,2025-05-26,2025-08-24,3368415.62,EUR,90.5,Paid,2025-08-24,Manual Review,Approved
INV004343,PO004343,S0188,2025-11-06,2025-11-24,2026-02-22,26611318.68,GBP,106.0,Paid,2026-02-19,Three-Way Match,Approved
INV004344,PO004344,S0154,2026-07-31,2026-09-08,2026-11-07,28062888.78,AUD,54.0,Pending,,Manual Review,Approved
INV004345,PO004345,S0243,2025-03-15,2025-04-22,2025-07-21,30958015.47,CNY,11.6,Paid,2025-07-17,Three-Way Match,Approved
INV004346,PO004346,S0207,2026-05-30,2026-06-29,2026-07-29,7008371.47,EUR,90.5,Paid,2026-07-22,Three-Way Match,Approved
INV004347,PO004347,S0127,2025-09-21,2025-10-21,2025-12-05,38817600.5,AED,22.7,Paid,2025-12-04,Manual Review,Approved
INV004348,PO004348,S0224,2025-04-23,2025-05-03,2025-07-02,1334959.24,AUD,54.0,Paid,2025-07-01,Manual Review,Pending
INV004349,PO004349,S0223,2025-12-20,2026-01-02,2026-02-16,8160007.74,AED,22.7,Paid,2026-02-15,Manual Review,Pending
INV004350,PO004350,S0195,2025-09-09,2025-10-16,2026-01-14,22795866.33,AUD,54.0,Paid,2026-01-09,Manual Review,Approved
INV004351,PO004351,S0215,2025-04-26,2025-05-01,2025-06-30,10071526.38,AED,22.7,Paid,2025-06-25,Three-Way Match,Pending
INV004352,PO004352,S0158,2026-08-01,2026-08-31,2026-10-15,673232.87,EUR,90.5,Pending,,Three-Way Match,Pending
INV004353,PO004353,S0243,2026-01-15,2026-02-05,2026-05-06,6040717.21,CNY,11.6,Pending,,Three-Way Match,Approved
INV004354,PO004354,S0210,2026-02-04,2026-02-19,2026-04-05,27394756.41,EUR,90.5,Paid,2026-04-05,Manual Review,Approved
INV004355,PO004355,S0201,2025-09-22,2025-10-24,2025-12-23,40621698.78,EUR,90.5,Paid,2025-12-13,Manual Review,Pending
INV004356,PO004356,S0185,2025-06-28,2025-07-17,2025-09-15,65237338.48,AED,22.7,Partially Paid,,Manual Review,Approved
INV004357,PO004357,S0137,2025-09-27,2025-10-28,2025-12-27,22359937.13,CNY,11.6,Paid,2025-12-24,Three-Way Match,Pending
INV004358,PO004358,S0143,2026-02-22,2026-03-01,2026-04-15,52131449.34,JPY,0.56,Paid,2026-04-11,Three-Way Match,Approved
INV004359,PO004359,S0163,2026-05-01,2026-06-03,2026-09-01,13374004.74,JPY,0.56,Partially Paid,,Three-Way Match,Pending
INV004360,PO004360,S0154,2025-01-09,2025-02-06,2025-04-07,11545359.82,AUD,54.0,Paid,2025-03-31,Three-Way Match,Pending
INV004361,PO004361,S0153,2026-05-20,2026-06-24,2026-07-24,280765.98,EUR,90.5,Paid,2026-07-17,Three-Way Match,Approved
INV004362,PO004362,S0247,2025-08-30,2025-09-29,2025-10-29,66061007.95,EUR,90.5,Paid,2025-10-29,Three-Way Match,Approved
INV004363,PO004363,S0161,2025-10-01,2025-10-26,2025-12-25,18743219.36,AED,22.7,Paid,2025-12-15,Three-Way Match,Approved
INV004364,PO004364,S0216,2026-01-01,2026-02-04,2026-03-06,9751029.56,SGD,62.0,Paid,2026-02-28,Three-Way Match,Approved
INV004365,PO004365,S0183,2025-06-19,2025-07-12,2025-10-10,36044427.15,USD,83.5,Paid,2025-10-09,Manual Review,Pending
INV004366,PO004366,S0189,2025-09-18,2025-10-18,2025-12-17,17786844.15,EUR,90.5,Paid,2025-12-07,Three-Way Match,Approved
INV004367,PO004367,S0153,2026-01-21,2026-02-24,2026-03-26,1315185.28,EUR,90.5,Paid,2026-03-24,Three-Way Match,Approved
INV004368,PO004368,S0137,2025-11-04,2025-12-08,2026-02-06,48334151.89,CNY,11.6,Paid,2026-02-02,Three-Way Match,Approved
INV004369,PO004369,S0153,2025-03-26,2025-04-30,2025-07-29,2827026.18,EUR,90.5,Paid,2025-07-25,Manual Review,Approved
INV004370,PO004370,S0141,2026-04-10,2026-04-20,2026-05-20,80249961.38,AED,22.7,Paid,2026-05-18,Three-Way Match,Approved
INV004371,PO004371,S0215,2025-04-04,2025-04-11,2025-06-10,4028080.7,AED,22.7,Paid,2025-06-07,Manual Review,Pending
INV004372,PO004372,S0200,2026-04-18,2026-05-11,2026-06-10,60234361.8,EUR,90.5,Paid,2026-06-04,Three-Way Match,Approved
INV004373,PO004373,S0201,2025-12-21,2026-01-07,2026-02-21,21232338.38,EUR,90.5,Paid,2026-02-21,Manual Review,Approved
INV004374,PO004374,S0192,2026-06-15,2026-07-12,2026-09-10,64273785.44,JPY,0.56,Paid,2026-09-02,Manual Review,Approved
INV004375,PO004375,S0199,2025-11-14,2025-12-15,2026-03-15,18742424.25,EUR,90.5,Paid,2026-03-07,Three-Way Match,Approved
INV004376,PO004376,S0249,2025-12-06,2025-12-27,2026-02-10,26929896.67,GBP,106.0,Pending,,Manual Review,Approved
INV004377,PO004377,S0148,2026-07-14,2026-08-10,2026-10-09,33639079.53,AED,22.7,Paid,2026-10-03,Three-Way Match,Approved
INV004378,PO004378,S0200,2026-02-14,2026-03-09,2026-04-23,10749555.44,EUR,90.5,Paid,2026-04-19,Three-Way Match,Approved
INV004379,PO004379,S0135,2026-01-24,2026-02-04,2026-04-05,1757202.33,EUR,90.5,Paid,2026-04-01,Three-Way Match,Approved
INV004380,PO004380,S0169,2026-07-09,2026-07-27,2026-09-10,9842146.84,AUD,54.0,Paid,2026-09-07,Manual Review,Approved
INV004381,PO004381,S0162,2025-10-04,2025-10-20,2026-01-18,25192363.04,CNY,11.6,Paid,2026-01-12,Manual Review,Approved
INV004382,PO004382,S0234,2026-05-05,2026-05-29,2026-08-27,4624635.88,AUD,54.0,Overdue,,Three-Way Match,Pending
INV004383,PO004383,S0216,2026-04-29,2026-06-01,2026-08-30,43514258.75,SGD,62.0,Paid,2026-08-26,Manual Review,Approved
INV004384,PO004384,S0158,2025-09-18,2025-10-12,2026-01-10,3722290.75,EUR,90.5,Paid,2026-01-03,Three-Way Match,Pending
INV004385,PO004385,S0160,2025-12-14,2025-12-18,2026-02-16,12673981.12,CNY,11.6,Paid,2026-02-07,Three-Way Match,Pending
INV004386,PO004386,S0174,2025-10-02,2025-10-31,2025-12-15,45190763.81,SGD,62.0,Paid,2025-12-13,Three-Way Match,Pending
INV004387,PO004387,S0139,2025-03-16,2025-04-10,2025-06-09,55084772.8,AED,22.7,Paid,2025-06-06,Three-Way Match,Pending
INV004388,PO004388,S0217,2026-04-25,2026-05-11,2026-07-10,5956601.59,USD,83.5,Pending,,Three-Way Match,Pending
INV004389,PO004389,S0129,2025-11-25,2025-12-11,2026-03-11,62425593.78,USD,83.5,Paid,2026-03-04,Three-Way Match,Approved
INV004390,PO004390,S0215,2026-01-08,2026-01-20,2026-02-19,8816401.68,AED,22.7,Paid,2026-02-12,Three-Way Match,Approved
INV004391,PO004391,S0225,2026-08-02,2026-09-09,2026-12-08,5540311.12,USD,83.5,Overdue,,Manual Review,Pending
INV004392,PO004392,S0196,2026-01-19,2026-02-04,2026-03-21,42453787.42,EUR,90.5,Paid,2026-03-13,Manual Review,Approved
INV004393,PO004393,S0239,2025-01-23,2025-02-01,2025-05-02,15725346.39,SGD,62.0,Paid,2025-05-02,Three-Way Match,Approved
INV004394,PO004394,S0172,2025-03-20,2025-04-08,2025-06-07,49819488.34,AUD,54.0,Paid,2025-05-30,Manual Review,Approved
INV004395,PO004395,S0187,2026-02-19,2026-03-17,2026-04-16,20969995.26,AED,22.7,Paid,2026-04-11,Three-Way Match,Approved
INV004396,PO004396,S0214,2025-05-12,2025-06-07,2025-09-05,70354629.55,EUR,90.5,Paid,2025-08-26,Three-Way Match,Pending
INV004397,PO004397,S0193,2026-07-23,2026-08-05,2026-09-19,41269146.0,AUD,54.0,Overdue,,Three-Way Match,Approved
INV004398,PO004398,S0237,2025-02-03,2025-03-05,2025-04-04,1839713.17,USD,83.5,Pending,,Three-Way Match,Approved
INV004399,PO004399,S0181,2025-11-11,2025-11-17,2026-01-16,14440665.38,AED,22.7,Pending,,Three-Way Match,Approved
INV004400,PO004400,S0142,2025-09-22,2025-10-11,2025-11-25,51759358.35,JPY,0.56,Paid,2025-11-22,Manual Review,Pending
INV004401,PO004401,S0234,2026-01-28,2026-02-20,2026-04-06,12372065.32,AUD,54.0,Pending,,Manual Review,Pending
INV004402,PO004402,S0150,2025-02-03,2025-03-04,2025-05-03,15676252.8,SGD,62.0,Paid,2025-04-27,Three-Way Match,Approved
INV004403,PO004403,S0168,2025-07-21,2025-08-04,2025-09-18,34431702.19,EUR,90.5,Pending,,Manual Review,Approved
INV004404,PO004404,S0203,2025-09-02,2025-09-21,2025-12-20,16380890.98,JPY,0.56,Paid,2025-12-15,Manual Review,Approved
INV004405,PO004405,S0198,2026-01-01,2026-01-31,2026-05-01,5652977.46,EUR,90.5,Paid,2026-04-27,Manual Review,Pending
INV004406,PO004406,S0204,2026-04-04,2026-04-25,2026-06-24,46816880.58,JPY,0.56,Paid,2026-06-23,Manual Review,Approved
INV004407,PO004407,S0176,2025-08-29,2025-09-16,2025-10-16,24018935.51,GBP,106.0,Paid,2025-10-15,Manual Review,Pending
INV004408,PO004408,S0160,2025-07-20,2025-07-30,2025-09-13,85924638.04,CNY,11.6,Paid,2025-09-05,Three-Way Match,Approved
INV004409,PO004409,S0196,2025-03-20,2025-04-10,2025-05-25,2206912.34,EUR,90.5,Paid,2025-05-20,Manual Review,Approved
INV004410,PO004410,S0233,2025-03-31,2025-04-24,2025-06-08,46067995.91,AUD,54.0,Paid,2025-06-05,Three-Way Match,Pending
INV004411,PO004411,S0170,2026-04-14,2026-04-21,2026-06-05,20947968.77,JPY,0.56,Pending,,Manual Review,Pending
INV004412,PO004412,S0218,2025-12-15,2026-01-01,2026-04-01,19313154.64,GBP,106.0,Paid,2026-03-28,Manual Review,Approved
INV004413,PO004413,S0200,2026-04-18,2026-05-04,2026-08-02,21956712.42,EUR,90.5,Paid,2026-07-27,Three-Way Match,Approved
INV004414,PO004414,S0175,2025-01-07,2025-01-14,2025-02-28,78641441.07,CNY,11.6,Pending,,Three-Way Match,Approved
INV004415,PO004415,S0158,2025-01-13,2025-02-05,2025-03-07,53750803.21,EUR,90.5,Paid,2025-03-04,Three-Way Match,Approved
INV004416,PO004416,S0203,2025-09-04,2025-09-17,2025-11-01,28725007.52,JPY,0.56,Paid,2025-11-01,Three-Way Match,Pending
INV004417,PO004417,S0135,2026-02-20,2026-03-11,2026-05-10,21997655.93,EUR,90.5,Pending,,Manual Review,Approved
INV004418,PO004418,S0169,2025-08-18,2025-09-07,2025-10-22,6065266.98,AUD,54.0,Paid,2025-10-20,Three-Way Match,Approved
INV004419,PO004419,S0224,2025-02-27,2025-03-14,2025-04-28,17647033.97,AUD,54.0,Paid,2025-04-19,Three-Way Match,Approved
INV004420,PO004420,S0146,2025-04-23,2025-05-24,2025-06-23,101208030.9,EUR,90.5,Paid,2025-06-22,Manual Review,Approved
INV004421,PO004421,S0171,2025-10-02,2025-10-25,2025-12-09,86878033.89,GBP,106.0,Paid,2025-12-06,Manual Review,Approved
INV004422,PO004422,S0127,2025-12-24,2026-01-17,2026-03-03,4237043.46,AED,22.7,Paid,2026-02-25,Manual Review,Pending
INV004423,PO004423,S0137,2025-12-13,2026-01-13,2026-03-14,1721192.75,CNY,11.6,Partially Paid,,Manual Review,Pending
INV004424,PO004424,S0246,2026-05-29,2026-06-21,2026-08-20,15285834.88,USD,83.5,Paid,2026-08-16,Manual Review,Approved
INV004425,PO004425,S0221,2025-06-17,2025-07-13,2025-08-12,12819288.12,EUR,90.5,Paid,2025-08-06,Three-Way Match,Approved
INV004426,PO004426,S0208,2025-05-01,2025-05-28,2025-08-26,8314645.62,GBP,106.0,Paid,2025-08-18,Manual Review,Pending
INV004427,PO004427,S0233,2026-07-23,2026-08-18,2026-10-02,41604763.24,AUD,54.0,Paid,2026-09-26,Three-Way Match,Pending
INV004428,PO004428,S0177,2026-04-24,2026-05-16,2026-06-30,45764715.52,EUR,90.5,Overdue,,Manual Review,Approved
INV004429,PO004429,S0137,2026-05-01,2026-06-04,2026-08-03,13498240.61,CNY,11.6,Paid,2026-07-29,Manual Review,Pending
INV004430,PO004430,S0191,2025-03-01,2025-03-14,2025-04-28,96274086.4,EUR,90.5,Pending,,Three-Way Match,Approved
INV004431,PO004431,S0157,2026-05-24,2026-06-22,2026-09-20,20842901.38,AUD,54.0,Paid,2026-09-13,Three-Way Match,Approved
INV004432,PO004432,S0246,2026-05-14,2026-06-16,2026-08-15,25671230.04,USD,83.5,Paid,2026-08-08,Three-Way Match,Pending
INV004433,PO004433,S0166,2025-09-19,2025-10-01,2025-11-15,19149119.85,EUR,90.5,Paid,2025-11-08,Three-Way Match,Pending
INV004434,PO004434,S0218,2025-07-05,2025-07-27,2025-09-25,901397.9,GBP,106.0,Paid,2025-09-17,Three-Way Match,Approved
INV004435,PO004435,S0243,2026-08-03,2026-09-01,2026-10-31,9863382.02,CNY,11.6,Paid,2026-10-21,Three-Way Match,Approved
INV004436,PO004436,S0179,2026-07-30,2026-08-13,2026-11-11,83032526.15,GBP,106.0,Paid,2026-11-05,Manual Review,Approved
INV004437,PO004437,S0241,2025-01-22,2025-01-31,2025-03-17,1951485.55,CNY,11.6,Paid,2025-03-09,Three-Way Match,Pending
INV004438,PO004438,S0168,2025-05-16,2025-05-29,2025-08-27,23876001.79,EUR,90.5,Paid,2025-08-26,Manual Review,Pending
INV004439,PO004439,S0177,2025-08-13,2025-08-26,2025-10-10,29786500.68,EUR,90.5,Paid,2025-10-02,Manual Review,Pending
INV004440,PO004440,S0148,2025-11-14,2025-12-03,2026-01-17,24605302.45,AED,22.7,Paid,2026-01-11,Three-Way Match,Pending
INV004441,PO004441,S0207,2025-02-14,2025-03-15,2025-04-29,15469656.63,EUR,90.5,Paid,2025-04-25,Three-Way Match,Approved
INV004442,PO004442,S0157,2026-01-01,2026-01-23,2026-04-23,2454991.12,AUD,54.0,Paid,2026-04-15,Manual Review,Approved
INV004443,PO004443,S0177,2026-03-17,2026-04-07,2026-05-07,718756.4,EUR,90.5,Partially Paid,,Three-Way Match,Pending
INV004444,PO004444,S0186,2026-04-17,2026-05-12,2026-06-11,15436730.85,EUR,90.5,Overdue,,Three-Way Match,Approved
INV004445,PO004445,S0158,2025-04-22,2025-05-11,2025-06-10,52149708.68,EUR,90.5,Paid,2025-06-08,Manual Review,Approved
INV004446,PO004446,S0174,2025-06-24,2025-07-20,2025-09-18,4795107.82,SGD,62.0,Paid,2025-09-11,Three-Way Match,Approved
INV004447,PO004447,S0243,2025-01-02,2025-01-30,2025-03-01,23183383.16,CNY,11.6,Overdue,,Three-Way Match,Approved
INV004448,PO004448,S0132,2025-12-28,2026-01-12,2026-02-11,24346926.82,JPY,0.56,Pending,,Three-Way Match,Approved
INV004449,PO004449,S0159,2025-09-08,2025-10-03,2025-11-02,34119645.67,USD,83.5,Overdue,,Three-Way Match,Approved
INV004450,PO004450,S0168,2025-11-25,2025-12-09,2026-02-07,31195385.52,EUR,90.5,Pending,,Manual Review,Approved
INV004451,PO004451,S0190,2025-02-14,2025-02-25,2025-05-26,10405075.42,SGD,62.0,Paid,2025-05-22,Three-Way Match,Approved
INV004452,PO004452,S0146,2026-02-02,2026-02-25,2026-04-26,24323354.29,EUR,90.5,Pending,,Three-Way Match,Pending
INV004453,PO004453,S0173,2025-09-15,2025-09-21,2025-11-20,2943931.09,AUD,54.0,Pending,,Three-Way Match,Approved
INV004454,PO004454,S0139,2025-01-01,2025-02-05,2025-05-06,26450745.53,AED,22.7,Paid,2025-05-06,Three-Way Match,Approved
INV004455,PO004455,S0179,2026-07-01,2026-07-18,2026-09-16,5374356.46,GBP,106.0,Paid,2026-09-06,Three-Way Match,Pending
INV004456,PO004456,S0153,2025-12-06,2026-01-04,2026-04-04,32961178.56,EUR,90.5,Pending,,Manual Review,Approved
INV004457,PO004457,S0233,2025-10-09,2025-10-24,2025-12-08,8266924.15,AUD,54.0,Paid,2025-12-07,Three-Way Match,Pending
INV004458,PO004458,S0203,2026-03-17,2026-04-03,2026-06-02,3717308.84,JPY,0.56,Paid,2026-05-23,Three-Way Match,Approved
INV004459,PO004459,S0164,2025-05-05,2025-05-26,2025-06-25,4621676.11,SGD,62.0,Paid,2025-06-25,Three-Way Match,Pending
INV004460,PO004460,S0249,2025-04-18,2025-04-29,2025-07-28,198087.01,GBP,106.0,Overdue,,Manual Review,Approved
INV004461,PO004461,S0138,2025-03-21,2025-04-28,2025-06-12,6017410.56,AUD,54.0,Paid,2025-06-08,Manual Review,Approved
INV004462,PO004462,S0144,2025-08-16,2025-09-03,2025-12-02,22410758.18,GBP,106.0,Paid,2025-11-25,Three-Way Match,Pending
INV004463,PO004463,S0233,2026-04-12,2026-05-05,2026-06-19,68314000.7,AUD,54.0,Paid,2026-06-10,Manual Review,Pending
INV004464,PO004464,S0236,2025-07-07,2025-07-22,2025-09-05,38777149.04,EUR,90.5,Paid,2025-08-27,Three-Way Match,Approved
INV004465,PO004465,S0204,2025-08-13,2025-09-02,2025-12-01,32230694.13,JPY,0.56,Paid,2025-11-23,Three-Way Match,Pending
INV004466,PO004466,S0196,2026-03-16,2026-04-06,2026-05-06,23089094.44,EUR,90.5,Paid,2026-04-29,Three-Way Match,Pending
INV004467,PO004467,S0129,2025-09-17,2025-10-09,2025-11-08,10848638.06,USD,83.5,Pending,,Three-Way Match,Approved
INV004468,PO004468,S0199,2025-01-14,2025-02-23,2025-04-24,46268851.76,EUR,90.5,Paid,2025-04-15,Three-Way Match,Pending
INV004469,PO004469,S0175,2026-05-01,2026-05-08,2026-07-07,14964099.85,CNY,11.6,Paid,2026-07-04,Three-Way Match,Pending
INV004470,PO004470,S0207,2025-09-20,2025-10-14,2025-11-28,24616349.74,EUR,90.5,Paid,2025-11-27,Three-Way Match,Approved
INV004471,PO004471,S0211,2025-07-08,2025-07-19,2025-09-02,35017628.24,AED,22.7,Paid,2025-08-26,Three-Way Match,Approved
INV004472,PO004472,S0166,2026-03-31,2026-04-04,2026-05-04,13578445.71,EUR,90.5,Paid,2026-04-24,Manual Review,Approved
INV004473,PO004473,S0154,2026-04-03,2026-05-07,2026-07-06,81593448.56,AUD,54.0,Paid,2026-07-04,Three-Way Match,Approved
INV004474,PO004474,S0241,2025-04-08,2025-04-27,2025-06-26,9401164.18,CNY,11.6,Pending,,Manual Review,Approved
INV004475,PO004475,S0175,2025-05-17,2025-05-24,2025-07-23,9437351.17,CNY,11.6,Paid,2025-07-14,Three-Way Match,Approved
INV004476,PO004476,S0165,2026-04-13,2026-05-17,2026-08-15,37763995.35,USD,83.5,Paid,2026-08-12,Manual Review,Approved
INV004477,PO004477,S0226,2025-01-25,2025-02-25,2025-03-27,18891195.54,SGD,62.0,Paid,2025-03-22,Three-Way Match,Pending
INV004478,PO004478,S0221,2026-04-08,2026-05-20,2026-07-04,64195878.97,EUR,90.5,Paid,2026-06-26,Manual Review,Approved
INV004479,PO004479,S0189,2026-04-29,2026-05-18,2026-07-02,40280556.41,EUR,90.5,Pending,,Three-Way Match,Approved
INV004480,PO004480,S0204,2026-05-19,2026-06-12,2026-08-11,76566703.08,JPY,0.56,Paid,2026-08-04,Manual Review,Approved
INV004481,PO004481,S0247,2025-05-21,2025-06-21,2025-08-20,19833615.12,EUR,90.5,Paid,2025-08-17,Manual Review,Approved
INV004482,PO004482,S0208,2025-03-29,2025-04-21,2025-05-21,35488775.16,GBP,106.0,Paid,2025-05-11,Manual Review,Pending
INV004483,PO004483,S0219,2026-06-13,2026-07-08,2026-09-06,47191210.67,EUR,90.5,Paid,2026-09-01,Manual Review,Pending
INV004484,PO004484,S0202,2026-07-04,2026-07-08,2026-08-22,470117.88,AUD,54.0,Paid,2026-08-17,Manual Review,Approved
INV004485,PO004485,S0213,2025-04-02,2025-04-13,2025-07-12,16506522.17,AED,22.7,Paid,2025-07-04,Three-Way Match,Pending
INV004486,PO004486,S0194,2025-03-10,2025-03-18,2025-06-16,63882216.61,USD,83.5,Overdue,,Three-Way Match,Approved
INV004487,PO004487,S0211,2025-01-25,2025-02-08,2025-04-09,18358803.82,AED,22.7,Pending,,Three-Way Match,Approved
INV004488,PO004488,S0167,2026-07-21,2026-08-15,2026-09-29,5369589.04,USD,83.5,Pending,,Three-Way Match,Approved
INV004489,PO004489,S0142,2026-04-15,2026-05-11,2026-07-10,49114104.84,JPY,0.56,Paid,2026-07-01,Three-Way Match,Approved
INV004490,PO004490,S0160,2025-01-25,2025-02-02,2025-03-19,18721518.87,CNY,11.6,Pending,,Manual Review,Approved
INV004491,PO004491,S0228,2025-04-07,2025-05-01,2025-06-30,370990.77,SGD,62.0,Pending,,Three-Way Match,Pending
INV004492,PO004492,S0142,2025-11-19,2025-12-10,2026-01-09,59063423.43,JPY,0.56,Paid,2026-01-01,Manual Review,Approved
INV004493,PO004493,S0235,2026-05-18,2026-06-09,2026-07-09,6044774.29,CNY,11.6,Paid,2026-07-08,Manual Review,Approved
INV004494,PO004494,S0246,2025-09-11,2025-10-01,2025-11-30,66747658.09,USD,83.5,Paid,2025-11-29,Three-Way Match,Pending
INV004495,PO004495,S0165,2025-12-25,2026-01-31,2026-03-02,60889553.49,USD,83.5,Pending,,Three-Way Match,Approved
INV004496,PO004496,S0138,2026-06-03,2026-07-01,2026-08-15,67763737.26,AUD,54.0,Paid,2026-08-15,Three-Way Match,Approved
INV004497,PO004497,S0226,2026-03-17,2026-04-15,2026-06-14,912467.08,SGD,62.0,Paid,2026-06-12,Three-Way Match,Approved
INV004498,PO004498,S0247,2026-08-03,2026-09-01,2026-10-01,32469228.7,EUR,90.5,Pending,,Manual Review,Approved
INV004499,PO004499,S0185,2025-01-31,2025-02-14,2025-05-15,8832334.5,AED,22.7,Pending,,Manual Review,Approved
INV004500,PO004500,S0199,2025-10-11,2025-11-17,2026-01-16,62006918.18,EUR,90.5,Paid,2026-01-13,Three-Way Match,Pending
INV004501,PO004501,S0232,2025-03-01,2025-03-26,2025-05-10,2274091.34,AUD,54.0,Paid,2025-05-08,Three-Way Match,Pending
INV004502,PO004502,S0162,2025-06-13,2025-07-01,2025-08-30,1160351.41,CNY,11.6,Paid,2025-08-29,Three-Way Match,Approved
INV004503,PO004503,S0207,2025-11-26,2025-12-12,2026-01-26,12656693.47,EUR,90.5,Paid,2026-01-26,Manual Review,Pending
INV004504,PO004504,S0140,2025-05-26,2025-06-21,2025-07-21,44891306.07,JPY,0.56,Paid,2025-07-20,Three-Way Match,Approved
INV004505,PO004505,S0143,2025-04-16,2025-04-20,2025-05-20,78626129.35,JPY,0.56,Pending,,Three-Way Match,Approved
INV004506,PO004506,S0172,2026-03-29,2026-04-16,2026-05-16,82210323.96,AUD,54.0,Paid,2026-05-10,Three-Way Match,Approved
INV004507,PO004507,S0130,2025-06-16,2025-07-03,2025-10-01,732923.01,SGD,62.0,Pending,,Manual Review,Approved
INV004508,PO004508,S0209,2026-05-01,2026-06-02,2026-07-02,23832646.81,CNY,11.6,Paid,2026-06-22,Three-Way Match,Pending
INV004509,PO004509,S0244,2026-03-11,2026-03-24,2026-05-23,32114988.91,EUR,90.5,Paid,2026-05-17,Three-Way Match,Approved
INV004510,PO004510,S0202,2026-03-12,2026-03-16,2026-04-15,26369427.39,AUD,54.0,Paid,2026-04-09,Manual Review,Pending
INV004511,PO004511,S0247,2025-08-20,2025-09-14,2025-10-29,68217101.22,EUR,90.5,Paid,2025-10-27,Three-Way Match,Approved
INV004512,PO004512,S0161,2026-04-13,2026-05-12,2026-06-26,8666116.01,AED,22.7,Paid,2026-06-23,Three-Way Match,Pending
INV004513,PO004513,S0154,2025-09-27,2025-11-10,2025-12-10,4836881.86,AUD,54.0,Paid,2025-12-04,Three-Way Match,Approved
INV004514,PO004514,S0247,2025-01-20,2025-02-19,2025-04-05,100995810.0,EUR,90.5,Paid,2025-04-01,Three-Way Match,Approved
INV004515,PO004515,S0169,2026-06-12,2026-07-04,2026-08-03,28067374.92,AUD,54.0,Partially Paid,,Three-Way Match,Approved
INV004516,PO004516,S0143,2026-07-06,2026-07-12,2026-10-10,757834.03,JPY,0.56,Paid,2026-10-07,Manual Review,Approved
INV004517,PO004517,S0210,2025-10-11,2025-10-21,2026-01-19,31915937.86,EUR,90.5,Overdue,,Three-Way Match,Approved
INV004518,PO004518,S0155,2026-01-09,2026-01-16,2026-03-17,2851319.83,AUD,54.0,Paid,2026-03-11,Manual Review,Pending
INV004519,PO004519,S0193,2025-01-18,2025-02-01,2025-04-02,12492120.14,AUD,54.0,Paid,2025-03-24,Three-Way Match,Approved
INV004520,PO004520,S0246,2026-03-27,2026-04-22,2026-06-06,2288293.05,USD,83.5,Paid,2026-05-29,Three-Way Match,Approved
INV004521,PO004521,S0182,2025-05-30,2025-06-20,2025-08-19,16927190.81,JPY,0.56,Partially Paid,,Three-Way Match,Approved
INV004522,PO004522,S0226,2025-11-11,2025-12-08,2026-02-06,23710368.88,SGD,62.0,Partially Paid,,Three-Way Match,Approved
INV004523,PO004523,S0171,2025-07-23,2025-08-12,2025-10-11,66403473.93,GBP,106.0,Paid,2025-10-08,Manual Review,Approved
INV004524,PO004524,S0234,2025-02-08,2025-03-09,2025-04-23,14667563.35,AUD,54.0,Paid,2025-04-16,Three-Way Match,Approved
INV004525,PO004525,S0157,2026-06-20,2026-07-22,2026-08-21,75497583.48,AUD,54.0,Pending,,Three-Way Match,Approved
INV004526,PO004526,S0186,2025-01-23,2025-02-09,2025-03-11,1431624.19,EUR,90.5,Pending,,Three-Way Match,Pending
INV004527,PO004527,S0249,2025-10-24,2025-11-05,2026-01-04,33465253.43,GBP,106.0,Paid,2025-12-26,Three-Way Match,Approved
INV004528,PO004528,S0146,2025-07-07,2025-08-11,2025-09-10,39780755.79,EUR,90.5,Paid,2025-09-10,Three-Way Match,Approved
INV004529,PO004529,S0198,2025-01-03,2025-02-05,2025-03-22,7305636.91,EUR,90.5,Overdue,,Manual Review,Pending
INV004530,PO004530,S0239,2026-08-02,2026-08-22,2026-10-06,14834900.16,SGD,62.0,Pending,,Three-Way Match,Pending
INV004531,PO004531,S0211,2026-02-19,2026-02-26,2026-03-28,68894955.66,AED,22.7,Paid,2026-03-27,Three-Way Match,Approved
INV004532,PO004532,S0166,2025-06-19,2025-06-28,2025-08-27,44779283.34,EUR,90.5,Partially Paid,,Three-Way Match,Approved
INV004533,PO004533,S0140,2025-08-08,2025-08-31,2025-09-30,6893678.08,JPY,0.56,Paid,2025-09-26,Three-Way Match,Approved
INV004534,PO004534,S0153,2026-03-14,2026-04-15,2026-05-15,4268282.76,EUR,90.5,Paid,2026-05-11,Manual Review,Approved
INV004535,PO004535,S0223,2026-07-17,2026-07-22,2026-09-20,3981152.34,AED,22.7,Paid,2026-09-15,Three-Way Match,Approved
INV004536,PO004536,S0162,2025-05-14,2025-06-05,2025-07-20,4496344.17,CNY,11.6,Paid,2025-07-14,Three-Way Match,Approved
INV004537,PO004537,S0248,2026-01-25,2026-02-01,2026-03-18,15047285.17,GBP,106.0,Paid,2026-03-15,Manual Review,Pending
INV004538,PO004538,S0139,2026-05-15,2026-06-08,2026-07-23,36647834.43,AED,22.7,Paid,2026-07-21,Three-Way Match,Approved
INV004539,PO004539,S0207,2025-12-23,2026-01-17,2026-04-17,21331194.52,EUR,90.5,Paid,2026-04-09,Three-Way Match,Approved
INV004540,PO004540,S0205,2026-07-25,2026-08-24,2026-10-08,44392837.76,AED,22.7,Paid,2026-09-30,Three-Way Match,Approved
INV004541,PO004541,S0130,2026-06-17,2026-07-07,2026-08-06,9476503.17,SGD,62.0,Paid,2026-08-06,Three-Way Match,Pending
INV004542,PO004542,S0160,2025-06-24,2025-07-11,2025-08-25,28740915.69,CNY,11.6,Paid,2025-08-22,Three-Way Match,Pending
INV004543,PO004543,S0190,2025-09-09,2025-09-16,2025-11-15,3728382.85,SGD,62.0,Paid,2025-11-13,Three-Way Match,Approved
INV004544,PO004544,S0145,2026-07-01,2026-07-22,2026-08-21,2211695.14,AED,22.7,Paid,2026-08-19,Three-Way Match,Approved
INV004545,PO004545,S0131,2025-09-06,2025-09-27,2025-12-26,7551293.05,GBP,106.0,Overdue,,Three-Way Match,Approved
INV004546,PO004546,S0176,2026-06-05,2026-06-20,2026-09-18,8044746.74,GBP,106.0,Paid,2026-09-14,Three-Way Match,Approved
INV004547,PO004547,S0216,2026-07-26,2026-08-24,2026-09-23,12776918.57,SGD,62.0,Overdue,,Manual Review,Approved
INV004548,PO004548,S0145,2025-06-16,2025-07-02,2025-08-01,56874783.61,AED,22.7,Paid,2025-07-28,Three-Way Match,Approved
INV004549,PO004549,S0140,2025-01-28,2025-03-01,2025-04-30,53656637.47,JPY,0.56,Paid,2025-04-30,Three-Way Match,Approved
INV004550,PO004550,S0243,2025-06-30,2025-07-27,2025-09-25,15106188.34,CNY,11.6,Paid,2025-09-15,Manual Review,Pending
INV004551,PO004551,S0198,2025-09-15,2025-10-12,2026-01-10,34026095.4,EUR,90.5,Paid,2026-01-08,Three-Way Match,Approved
INV004552,PO004552,S0199,2026-03-14,2026-04-12,2026-05-27,2383321.35,EUR,90.5,Overdue,,Three-Way Match,Approved
INV004553,PO004553,S0212,2025-09-13,2025-10-01,2025-11-30,5004283.01,AUD,54.0,Paid,2025-11-30,Three-Way Match,Approved
INV004554,PO004554,S0148,2026-08-04,2026-08-29,2026-11-27,45220845.66,AED,22.7,Paid,2026-11-21,Three-Way Match,Approved
INV004555,PO004555,S0159,2025-11-15,2025-12-15,2026-01-14,66174682.96,USD,83.5,Pending,,Three-Way Match,Approved
INV004556,PO004556,S0242,2026-01-18,2026-02-16,2026-03-18,12399523.19,EUR,90.5,Paid,2026-03-16,Three-Way Match,Pending
INV004557,PO004557,S0166,2025-06-02,2025-06-18,2025-08-02,17511905.76,EUR,90.5,Pending,,Three-Way Match,Pending
INV004558,PO004558,S0208,2025-12-07,2026-01-05,2026-03-06,85582375.25,GBP,106.0,Paid,2026-02-25,Three-Way Match,Approved
INV004559,PO004559,S0132,2025-07-18,2025-08-01,2025-09-15,10514486.74,JPY,0.56,Pending,,Manual Review,Approved
INV004560,PO004560,S0147,2026-03-14,2026-04-06,2026-07-05,31271955.51,EUR,90.5,Paid,2026-06-30,Three-Way Match,Approved
INV004561,PO004561,S0176,2025-03-12,2025-04-04,2025-05-19,14610343.4,GBP,106.0,Paid,2025-05-19,Three-Way Match,Approved
INV004562,PO004562,S0234,2026-03-09,2026-03-22,2026-06-20,10713287.67,AUD,54.0,Paid,2026-06-10,Manual Review,Pending
INV004563,PO004563,S0226,2025-03-11,2025-04-05,2025-07-04,5294158.18,SGD,62.0,Paid,2025-06-29,Three-Way Match,Approved
INV004564,PO004564,S0157,2026-01-23,2026-02-17,2026-03-19,1227155.74,AUD,54.0,Paid,2026-03-13,Three-Way Match,Approved
INV004565,PO004565,S0153,2026-03-15,2026-04-23,2026-06-22,4737758.43,EUR,90.5,Pending,,Three-Way Match,Approved
INV004566,PO004566,S0194,2025-03-13,2025-04-05,2025-07-04,2170835.15,USD,83.5,Paid,2025-07-02,Three-Way Match,Pending
INV004567,PO004567,S0134,2025-03-15,2025-04-08,2025-07-07,6946418.7,GBP,106.0,Overdue,,Manual Review,Approved
INV004568,PO004568,S0216,2025-04-11,2025-05-08,2025-08-06,82523423.73,SGD,62.0,Pending,,Manual Review,Approved
INV004569,PO004569,S0230,2026-07-12,2026-07-28,2026-10-26,16593689.75,EUR,90.5,Paid,2026-10-26,Three-Way Match,Approved
INV004570,PO004570,S0174,2025-01-30,2025-03-05,2025-05-04,57779559.96,SGD,62.0,Paid,2025-04-27,Manual Review,Approved
INV004571,PO004571,S0221,2026-05-06,2026-06-11,2026-09-09,1255165.33,EUR,90.5,Paid,2026-09-07,Three-Way Match,Approved
INV004572,PO004572,S0231,2025-07-20,2025-08-08,2025-10-07,29883315.43,SGD,62.0,Overdue,,Three-Way Match,Approved
INV004573,PO004573,S0208,2025-05-18,2025-06-10,2025-07-25,41795426.64,GBP,106.0,Pending,,Three-Way Match,Approved
INV004574,PO004574,S0202,2025-04-17,2025-05-05,2025-07-04,31955392.12,AUD,54.0,Overdue,,Three-Way Match,Pending
INV004575,PO004575,S0143,2025-12-04,2025-12-24,2026-02-22,4483992.62,JPY,0.56,Paid,2026-02-20,Manual Review,Pending
INV004576,PO004576,S0206,2025-03-06,2025-03-25,2025-05-09,34812571.39,GBP,106.0,Paid,2025-05-04,Manual Review,Approved
INV004577,PO004577,S0181,2025-09-01,2025-09-07,2025-10-22,39951967.2,AED,22.7,Paid,2025-10-21,Manual Review,Pending
INV004578,PO004578,S0127,2025-08-30,2025-09-18,2025-11-02,69834798.39,AED,22.7,Paid,2025-11-02,Three-Way Match,Pending
INV004579,PO004579,S0212,2026-03-15,2026-04-07,2026-05-07,51195576.1,AUD,54.0,Paid,2026-04-29,Three-Way Match,Approved
INV004580,PO004580,S0167,2026-03-24,2026-04-18,2026-05-18,58511124.33,USD,83.5,Pending,,Three-Way Match,Approved
INV004581,PO004581,S0242,2026-05-31,2026-07-04,2026-10-02,13554188.4,EUR,90.5,Paid,2026-09-25,Three-Way Match,Approved
INV004582,PO004582,S0133,2025-03-11,2025-04-06,2025-05-21,47614924.83,EUR,90.5,Paid,2025-05-20,Three-Way Match,Pending
INV004583,PO004583,S0130,2026-01-25,2026-02-08,2026-04-09,65798608.11,SGD,62.0,Paid,2026-04-05,Three-Way Match,Pending
INV004584,PO004584,S0170,2025-07-01,2025-07-19,2025-09-17,47359827.87,JPY,0.56,Paid,2025-09-12,Three-Way Match,Approved
INV004585,PO004585,S0142,2025-05-07,2025-05-30,2025-07-29,45737692.3,JPY,0.56,Paid,2025-07-28,Three-Way Match,Approved
INV004586,PO004586,S0188,2026-03-17,2026-03-31,2026-06-29,16203079.48,GBP,106.0,Overdue,,Manual Review,Approved
INV004587,PO004587,S0201,2026-02-17,2026-03-09,2026-04-23,41048948.52,EUR,90.5,Overdue,,Three-Way Match,Pending
INV004588,PO004588,S0240,2025-12-18,2026-01-23,2026-02-22,72803704.0,JPY,0.56,Paid,2026-02-14,Three-Way Match,Pending
INV004589,PO004589,S0186,2026-03-19,2026-04-13,2026-05-13,36320881.47,EUR,90.5,Paid,2026-05-08,Three-Way Match,Approved
INV004590,PO004590,S0236,2025-08-03,2025-08-17,2025-09-16,16540798.4,EUR,90.5,Partially Paid,,Three-Way Match,Approved
INV004591,PO004591,S0203,2025-08-08,2025-08-29,2025-09-28,32546192.83,JPY,0.56,Overdue,,Three-Way Match,Approved
INV004592,PO004592,S0161,2025-11-14,2025-12-07,2026-02-05,3665348.32,AED,22.7,Overdue,,Three-Way Match,Approved
INV004593,PO004593,S0240,2025-08-05,2025-09-03,2025-12-02,101915167.4,JPY,0.56,Paid,2025-11-28,Manual Review,Pending
INV004594,PO004594,S0209,2026-02-25,2026-03-25,2026-05-09,39391558.23,CNY,11.6,Pending,,Three-Way Match,Approved
INV004595,PO004595,S0165,2025-02-08,2025-03-12,2025-04-26,5190570.52,USD,83.5,Paid,2025-04-26,Three-Way Match,Approved
INV004596,PO004596,S0167,2025-02-14,2025-03-09,2025-04-23,13654493.26,USD,83.5,Paid,2025-04-21,Three-Way Match,Pending
INV004597,PO004597,S0166,2026-04-14,2026-04-18,2026-05-18,72787564.42,EUR,90.5,Overdue,,Manual Review,Approved
INV004598,PO004598,S0208,2025-03-17,2025-04-06,2025-05-06,10794121.58,GBP,106.0,Paid,2025-05-04,Three-Way Match,Approved
INV004599,PO004599,S0127,2025-08-02,2025-09-01,2025-10-01,46276767.9,AED,22.7,Paid,2025-09-22,Manual Review,Pending
INV004600,PO004600,S0185,2025-08-25,2025-09-11,2025-11-10,6502829.13,AED,22.7,Pending,,Three-Way Match,Pending
INV004601,PO004601,S0237,2026-07-08,2026-08-07,2026-11-05,3224595.04,USD,83.5,Pending,,Three-Way Match,Approved
INV004602,PO004602,S0149,2025-08-07,2025-08-25,2025-09-24,12009167.76,SGD,62.0,Paid,2025-09-24,Three-Way Match,Approved
INV004603,PO004603,S0164,2025-03-27,2025-04-14,2025-06-13,48244799.98,SGD,62.0,Paid,2025-06-10,Manual Review,Approved
INV004604,PO004604,S0166,2025-08-15,2025-08-28,2025-09-27,21572367.44,EUR,90.5,Paid,2025-09-24,Three-Way Match,Approved
INV004605,PO004605,S0139,2026-02-02,2026-03-08,2026-06-06,7814020.91,AED,22.7,Paid,2026-05-28,Three-Way Match,Approved
INV004606,PO004606,S0235,2025-07-15,2025-08-05,2025-11-03,68504873.75,CNY,11.6,Paid,2025-10-27,Three-Way Match,Approved
INV004607,PO004607,S0159,2026-03-14,2026-04-07,2026-07-06,62142113.57,USD,83.5,Overdue,,Three-Way Match,Approved
INV004608,PO004608,S0230,2025-12-12,2025-12-30,2026-02-13,2127523.86,EUR,90.5,Paid,2026-02-13,Three-Way Match,Approved
INV004609,PO004609,S0152,2025-09-26,2025-10-19,2025-11-18,24334771.3,SGD,62.0,Paid,2025-11-14,Manual Review,Pending
INV004610,PO004610,S0135,2025-03-22,2025-04-10,2025-06-09,8993184.36,EUR,90.5,Paid,2025-06-06,Manual Review,Approved
INV004611,PO004611,S0188,2025-06-26,2025-07-11,2025-08-10,68094924.17,GBP,106.0,Paid,2025-08-07,Manual Review,Approved
INV004612,PO004612,S0138,2025-01-28,2025-02-26,2025-03-28,21293283.84,AUD,54.0,Paid,2025-03-23,Manual Review,Approved
INV004613,PO004613,S0192,2026-06-01,2026-06-29,2026-09-27,62588659.04,JPY,0.56,Paid,2026-09-27,Three-Way Match,Approved
INV004614,PO004614,S0133,2026-06-02,2026-06-26,2026-08-10,49537600.95,EUR,90.5,Paid,2026-07-31,Three-Way Match,Pending
INV004615,PO004615,S0250,2025-12-06,2025-12-29,2026-02-12,33723610.19,EUR,90.5,Paid,2026-02-11,Three-Way Match,Pending
INV004616,PO004616,S0234,2025-05-18,2025-06-04,2025-08-03,61080796.64,AUD,54.0,Paid,2025-08-02,Manual Review,Approved
INV004617,PO004617,S0172,2025-07-01,2025-07-12,2025-08-26,14765018.44,AUD,54.0,Pending,,Manual Review,Approved
INV004618,PO004618,S0163,2026-07-31,2026-08-28,2026-09-27,16791399.99,JPY,0.56,Paid,2026-09-26,Three-Way Match,Pending
INV004619,PO004619,S0189,2025-12-08,2025-12-28,2026-02-26,46275571.43,EUR,90.5,Paid,2026-02-19,Three-Way Match,Approved
INV004620,PO004620,S0237,2025-11-11,2025-12-11,2026-01-25,46766339.35,USD,83.5,Pending,,Three-Way Match,Approved
INV004621,PO004621,S0193,2025-12-03,2025-12-13,2026-02-11,25771057.11,AUD,54.0,Paid,2026-02-03,Three-Way Match,Pending
INV004622,PO004622,S0207,2025-06-25,2025-07-22,2025-09-05,17447970.99,EUR,90.5,Paid,2025-08-30,Manual Review,Approved
INV004623,PO004623,S0219,2026-05-10,2026-06-01,2026-08-30,16419139.62,EUR,90.5,Pending,,Three-Way Match,Approved
INV004624,PO004624,S0248,2025-04-28,2025-05-11,2025-06-25,2277258.0,GBP,106.0,Overdue,,Three-Way Match,Pending
INV004625,PO004625,S0150,2025-06-11,2025-07-07,2025-08-06,21269950.35,SGD,62.0,Overdue,,Three-Way Match,Approved
INV004626,PO004626,S0216,2026-04-20,2026-05-18,2026-08-16,55843057.71,SGD,62.0,Paid,2026-08-10,Three-Way Match,Approved
INV004627,PO004627,S0237,2025-01-26,2025-02-21,2025-04-07,15345847.7,USD,83.5,Paid,2025-04-07,Manual Review,Approved
INV004628,PO004628,S0183,2026-03-01,2026-03-23,2026-05-22,3417534.02,USD,83.5,Pending,,Three-Way Match,Approved
INV004629,PO004629,S0192,2025-07-19,2025-08-20,2025-11-18,30780197.11,JPY,0.56,Paid,2025-11-08,Three-Way Match,Approved
INV004630,PO004630,S0188,2025-01-07,2025-01-24,2025-03-25,11593263.74,GBP,106.0,Pending,,Three-Way Match,Approved
INV004631,PO004631,S0186,2025-09-15,2025-10-03,2025-11-17,275381.07,EUR,90.5,Paid,2025-11-14,Manual Review,Pending
INV004632,PO004632,S0165,2025-12-27,2026-01-21,2026-03-22,31370155.71,USD,83.5,Paid,2026-03-19,Three-Way Match,Approved
INV004633,PO004633,S0173,2026-07-22,2026-07-30,2026-09-28,17611939.62,AUD,54.0,Paid,2026-09-20,Three-Way Match,Approved
INV004634,PO004634,S0133,2025-12-15,2026-01-06,2026-02-05,52527356.71,EUR,90.5,Overdue,,Three-Way Match,Pending
INV004635,PO004635,S0134,2026-02-22,2026-03-20,2026-04-19,41261818.08,GBP,106.0,Paid,2026-04-12,Three-Way Match,Approved
INV004636,PO004636,S0204,2025-06-20,2025-07-04,2025-09-02,30457638.09,JPY,0.56,Overdue,,Three-Way Match,Approved
INV004637,PO004637,S0198,2025-05-07,2025-06-10,2025-09-08,7730372.72,EUR,90.5,Paid,2025-09-02,Manual Review,Approved
INV004638,PO004638,S0208,2025-05-30,2025-06-24,2025-09-22,19754531.04,GBP,106.0,Paid,2025-09-21,Three-Way Match,Approved
INV004639,PO004639,S0217,2026-04-24,2026-05-12,2026-07-11,26313374.8,USD,83.5,Paid,2026-07-10,Three-Way Match,Approved
INV004640,PO004640,S0246,2026-04-07,2026-05-10,2026-06-09,69163871.35,USD,83.5,Paid,2026-06-01,Manual Review,Pending
INV004641,PO004641,S0217,2025-12-04,2025-12-22,2026-01-21,23603873.26,USD,83.5,Pending,,Manual Review,Approved
INV004642,PO004642,S0204,2025-01-13,2025-02-03,2025-05-04,61711964.36,JPY,0.56,Overdue,,Three-Way Match,Pending
INV004643,PO004643,S0203,2025-03-01,2025-03-25,2025-05-09,3070254.53,JPY,0.56,Pending,,Three-Way Match,Approved
INV004644,PO004644,S0205,2026-03-17,2026-04-19,2026-06-03,2967416.89,AED,22.7,Paid,2026-05-27,Three-Way Match,Approved
INV004645,PO004645,S0130,2025-06-20,2025-07-13,2025-09-11,16012280.27,SGD,62.0,Paid,2025-09-08,Manual Review,Approved
INV004646,PO004646,S0220,2026-04-20,2026-05-28,2026-08-26,3515918.71,CNY,11.6,Overdue,,Three-Way Match,Pending
INV004647,PO004647,S0217,2025-06-12,2025-06-22,2025-08-21,50162608.31,USD,83.5,Pending,,Three-Way Match,Approved
INV004648,PO004648,S0135,2025-03-17,2025-04-02,2025-05-17,96853712.15,EUR,90.5,Pending,,Three-Way Match,Pending
INV004649,PO004649,S0141,2025-04-22,2025-04-29,2025-07-28,36773223.99,AED,22.7,Paid,2025-07-26,Three-Way Match,Approved
INV004650,PO004650,S0232,2026-04-20,2026-05-08,2026-08-06,7861027.27,AUD,54.0,Paid,2026-08-03,Three-Way Match,Pending
INV004651,PO004651,S0159,2025-12-11,2026-01-13,2026-02-12,42934920.61,USD,83.5,Paid,2026-02-07,Manual Review,Approved
INV004652,PO004652,S0204,2025-08-17,2025-09-08,2025-10-23,72764103.28,JPY,0.56,Paid,2025-10-19,Three-Way Match,Pending
INV004653,PO004653,S0169,2025-12-16,2026-01-02,2026-02-01,9247884.17,AUD,54.0,Paid,2026-01-31,Three-Way Match,Approved
INV004654,PO004654,S0224,2026-07-11,2026-07-23,2026-09-06,9819293.64,AUD,54.0,Paid,2026-09-04,Three-Way Match,Approved
INV004655,PO004655,S0163,2026-01-19,2026-02-23,2026-03-25,20801634.45,JPY,0.56,Paid,2026-03-25,Three-Way Match,Pending
INV004656,PO004656,S0179,2025-12-12,2025-12-30,2026-02-13,33539662.23,GBP,106.0,Paid,2026-02-09,Three-Way Match,Approved
INV004657,PO004657,S0200,2025-12-10,2025-12-31,2026-01-30,13997911.19,EUR,90.5,Pending,,Three-Way Match,Approved
INV004658,PO004658,S0247,2025-04-09,2025-05-15,2025-06-14,15829960.7,EUR,90.5,Paid,2025-06-05,Manual Review,Approved
INV004659,PO004659,S0213,2025-09-16,2025-09-26,2025-10-26,50201716.41,AED,22.7,Overdue,,Three-Way Match,Approved
INV004660,PO004660,S0232,2026-02-06,2026-02-27,2026-04-13,33248390.0,AUD,54.0,Pending,,Three-Way Match,Approved
INV004661,PO004661,S0143,2026-06-15,2026-07-03,2026-08-02,51027216.1,JPY,0.56,Paid,2026-08-02,Three-Way Match,Approved
INV004662,PO004662,S0152,2026-02-09,2026-02-24,2026-04-10,1149370.96,SGD,62.0,Pending,,Manual Review,Approved
INV004663,PO004663,S0198,2025-07-05,2025-08-13,2025-10-12,41532484.8,EUR,90.5,Pending,,Three-Way Match,Approved
INV004664,PO004664,S0137,2026-03-01,2026-04-13,2026-05-13,21291133.73,CNY,11.6,Paid,2026-05-08,Manual Review,Pending
INV004665,PO004665,S0222,2026-04-05,2026-04-30,2026-06-29,9449604.78,AED,22.7,Paid,2026-06-26,Three-Way Match,Approved
INV004666,PO004666,S0150,2025-09-17,2025-10-18,2026-01-16,28909442.32,SGD,62.0,Paid,2026-01-13,Three-Way Match,Pending
INV004667,PO004667,S0218,2025-04-30,2025-05-23,2025-08-21,63871792.32,GBP,106.0,Paid,2025-08-14,Three-Way Match,Approved
INV004668,PO004668,S0168,2026-06-16,2026-07-06,2026-09-04,25110942.7,EUR,90.5,Pending,,Manual Review,Approved
INV004669,PO004669,S0206,2025-09-08,2025-09-17,2025-11-16,24107191.18,GBP,106.0,Pending,,Three-Way Match,Pending
INV004670,PO004670,S0155,2026-06-03,2026-06-11,2026-07-26,71820644.89,AUD,54.0,Partially Paid,,Manual Review,Pending
INV004671,PO004671,S0210,2025-10-05,2025-10-28,2025-12-27,27512700.3,EUR,90.5,Paid,2025-12-23,Three-Way Match,Pending
INV004672,PO004672,S0163,2025-09-14,2025-10-10,2025-11-09,71695398.24,JPY,0.56,Paid,2025-11-03,Manual Review,Approved
INV004673,PO004673,S0137,2026-01-22,2026-02-25,2026-03-27,4869727.9,CNY,11.6,Paid,2026-03-22,Three-Way Match,Pending
INV004674,PO004674,S0195,2025-09-13,2025-10-12,2025-11-26,18676786.43,AUD,54.0,Paid,2025-11-22,Manual Review,Approved
INV004675,PO004675,S0212,2025-12-27,2026-01-14,2026-02-13,3260372.11,AUD,54.0,Paid,2026-02-12,Three-Way Match,Approved
INV004676,PO004676,S0220,2026-05-12,2026-06-19,2026-07-19,49032071.36,CNY,11.6,Paid,2026-07-19,Three-Way Match,Pending
INV004677,PO004677,S0233,2026-04-25,2026-05-15,2026-07-14,195797.27,AUD,54.0,Paid,2026-07-07,Three-Way Match,Approved
INV004678,PO004678,S0133,2025-09-18,2025-10-13,2025-11-12,47193860.65,EUR,90.5,Paid,2025-11-08,Manual Review,Approved
INV004679,PO004679,S0191,2025-07-16,2025-07-18,2025-08-17,59285677.25,EUR,90.5,Paid,2025-08-11,Three-Way Match,Pending
INV004680,PO004680,S0155,2026-07-18,2026-08-01,2026-09-30,18330196.86,AUD,54.0,Paid,2026-09-30,Three-Way Match,Approved
INV004681,PO004681,S0144,2025-05-25,2025-06-11,2025-08-10,1797982.21,GBP,106.0,Overdue,,Manual Review,Pending
INV004682,PO004682,S0169,2025-08-19,2025-09-04,2025-11-03,8377945.35,AUD,54.0,Paid,2025-11-01,Three-Way Match,Pending
INV004683,PO004683,S0164,2026-04-20,2026-05-12,2026-06-11,60546226.39,SGD,62.0,Paid,2026-06-08,Three-Way Match,Approved
INV004684,PO004684,S0135,2025-08-26,2025-09-11,2025-11-10,18280723.5,EUR,90.5,Partially Paid,,Manual Review,Approved
INV004685,PO004685,S0194,2026-06-18,2026-07-03,2026-08-17,4711607.28,USD,83.5,Paid,2026-08-13,Three-Way Match,Approved
INV004686,PO004686,S0229,2026-04-13,2026-04-28,2026-05-28,76166423.65,EUR,90.5,Overdue,,Manual Review,Pending
INV004687,PO004687,S0212,2026-06-11,2026-07-01,2026-09-29,26558899.28,AUD,54.0,Paid,2026-09-22,Three-Way Match,Approved
INV004688,PO004688,S0195,2026-01-02,2026-02-02,2026-03-19,35775183.36,AUD,54.0,Paid,2026-03-17,Three-Way Match,Pending
INV004689,PO004689,S0164,2026-04-16,2026-05-12,2026-08-10,29547077.31,SGD,62.0,Paid,2026-08-06,Three-Way Match,Approved
INV004690,PO004690,S0240,2026-04-26,2026-06-03,2026-07-03,6599092.33,JPY,0.56,Paid,2026-07-01,Three-Way Match,Pending
INV004691,PO004691,S0141,2025-03-27,2025-04-12,2025-05-12,60404172.86,AED,22.7,Paid,2025-05-08,Manual Review,Pending
INV004692,PO004692,S0176,2025-07-06,2025-07-22,2025-08-21,14257683.61,GBP,106.0,Paid,2025-08-16,Three-Way Match,Pending
INV004693,PO004693,S0173,2025-01-04,2025-01-13,2025-02-12,79559188.15,AUD,54.0,Pending,,Three-Way Match,Pending
INV004694,PO004694,S0165,2025-12-05,2026-01-06,2026-03-07,23228067.63,USD,83.5,Paid,2026-03-05,Manual Review,Approved
INV004695,PO004695,S0134,2026-01-11,2026-02-05,2026-04-06,1966696.2,GBP,106.0,Pending,,Manual Review,Approved
INV004696,PO004696,S0191,2025-02-12,2025-02-16,2025-03-18,6053060.0,EUR,90.5,Paid,2025-03-18,Three-Way Match,Approved
INV004697,PO004697,S0138,2025-12-24,2026-01-31,2026-04-01,39162671.15,AUD,54.0,Paid,2026-03-27,Manual Review,Approved
INV004698,PO004698,S0165,2025-05-29,2025-06-28,2025-07-28,59179519.4,USD,83.5,Paid,2025-07-18,Three-Way Match,Approved
INV004699,PO004699,S0181,2025-06-28,2025-07-13,2025-10-11,102396210.5,AED,22.7,Paid,2025-10-09,Manual Review,Pending
INV004700,PO004700,S0208,2025-03-26,2025-04-15,2025-05-15,18078827.74,GBP,106.0,Overdue,,Three-Way Match,Approved
INV004701,PO004701,S0220,2026-01-21,2026-02-18,2026-03-20,27513790.91,CNY,11.6,Paid,2026-03-12,Manual Review,Approved
INV004702,PO004702,S0179,2026-07-13,2026-07-31,2026-10-29,31425663.51,GBP,106.0,Paid,2026-10-24,Three-Way Match,Pending
INV004703,PO004703,S0179,2026-04-23,2026-05-05,2026-07-04,40388453.27,GBP,106.0,Paid,2026-06-30,Three-Way Match,Pending
INV004704,PO004704,S0171,2025-11-12,2025-11-28,2026-02-26,4899632.41,GBP,106.0,Paid,2026-02-25,Three-Way Match,Approved
INV004705,PO004705,S0133,2025-08-25,2025-09-22,2025-11-06,4597325.24,EUR,90.5,Paid,2025-11-06,Manual Review,Approved
INV004706,PO004706,S0162,2026-03-28,2026-04-16,2026-06-15,16540047.25,CNY,11.6,Overdue,,Three-Way Match,Approved
INV004707,PO004707,S0169,2025-02-15,2025-03-03,2025-05-02,38594223.74,AUD,54.0,Paid,2025-05-02,Manual Review,Pending
INV004708,PO004708,S0215,2025-07-18,2025-07-26,2025-09-09,20788571.09,AED,22.7,Pending,,Manual Review,Approved
INV004709,PO004709,S0159,2025-07-22,2025-08-17,2025-09-16,66745572.94,USD,83.5,Paid,2025-09-11,Three-Way Match,Approved
INV004710,PO004710,S0198,2025-08-13,2025-09-15,2025-12-14,20557824.78,EUR,90.5,Pending,,Three-Way Match,Approved
INV004711,PO004711,S0249,2025-03-19,2025-03-30,2025-06-28,5045024.85,GBP,106.0,Paid,2025-06-24,Three-Way Match,Pending
INV004712,PO004712,S0172,2025-05-09,2025-05-26,2025-08-24,63796720.69,AUD,54.0,Pending,,Manual Review,Approved
INV004713,PO004713,S0137,2025-01-08,2025-02-15,2025-03-17,9043057.93,CNY,11.6,Paid,2025-03-14,Three-Way Match,Approved
INV004714,PO004714,S0246,2025-05-01,2025-05-30,2025-08-28,50440319.4,USD,83.5,Paid,2025-08-27,Three-Way Match,Approved
INV004715,PO004715,S0222,2025-08-28,2025-09-26,2025-10-26,24157417.24,AED,22.7,Pending,,Three-Way Match,Approved
INV004716,PO004716,S0140,2026-06-22,2026-07-16,2026-08-15,26026943.49,JPY,0.56,Pending,,Manual Review,Approved
INV004717,PO004717,S0140,2025-08-21,2025-09-13,2025-10-13,4446054.83,JPY,0.56,Paid,2025-10-13,Three-Way Match,Approved
INV004718,PO004718,S0195,2026-05-02,2026-06-03,2026-07-18,24869113.61,AUD,54.0,Pending,,Three-Way Match,Pending
INV004719,PO004719,S0234,2026-06-19,2026-07-05,2026-08-04,92694400.59,AUD,54.0,Overdue,,Three-Way Match,Approved
INV004720,PO004720,S0216,2026-04-06,2026-05-09,2026-07-08,26909637.63,SGD,62.0,Pending,,Three-Way Match,Pending
INV004721,PO004721,S0147,2026-03-17,2026-04-01,2026-05-01,22794546.78,EUR,90.5,Paid,2026-04-29,Manual Review,Approved
INV004722,PO004722,S0242,2025-11-26,2025-12-30,2026-01-29,15380508.81,EUR,90.5,Paid,2026-01-20,Three-Way Match,Approved
INV004723,PO004723,S0161,2026-03-03,2026-03-27,2026-06-25,7680565.0,AED,22.7,Overdue,,Manual Review,Pending
INV004724,PO004724,S0228,2026-02-22,2026-03-17,2026-05-01,21224902.48,SGD,62.0,Paid,2026-04-23,Manual Review,Pending
INV004725,PO004725,S0141,2026-06-30,2026-07-09,2026-10-07,16148532.64,AED,22.7,Overdue,,Three-Way Match,Approved
INV004726,PO004726,S0241,2025-05-02,2025-05-15,2025-06-14,58380300.42,CNY,11.6,Paid,2025-06-09,Manual Review,Pending
INV004727,PO004727,S0224,2025-09-07,2025-09-21,2025-12-20,15385410.16,AUD,54.0,Paid,2025-12-20,Three-Way Match,Pending
INV004728,PO004728,S0143,2026-06-07,2026-06-19,2026-08-03,9266171.72,JPY,0.56,Paid,2026-07-25,Manual Review,Pending
INV004729,PO004729,S0216,2026-03-23,2026-04-20,2026-05-20,3750004.47,SGD,62.0,Pending,,Manual Review,Approved
INV004730,PO004730,S0211,2025-11-09,2025-11-28,2026-01-27,40758546.41,AED,22.7,Paid,2026-01-26,Three-Way Match,Approved
INV004731,PO004731,S0170,2025-10-13,2025-10-26,2025-11-25,86736790.11,JPY,0.56,Paid,2025-11-16,Manual Review,Pending
INV004732,PO004732,S0195,2026-07-15,2026-08-19,2026-10-18,27413849.98,AUD,54.0,Paid,2026-10-16,Three-Way Match,Approved
INV004733,PO004733,S0233,2025-02-17,2025-03-08,2025-04-07,56505324.84,AUD,54.0,Partially Paid,,Manual Review,Approved
INV004734,PO004734,S0219,2026-01-11,2026-01-30,2026-03-01,7953003.55,EUR,90.5,Paid,2026-02-26,Three-Way Match,Pending
INV004735,PO004735,S0227,2025-10-27,2025-11-02,2026-01-01,46075130.64,EUR,90.5,Paid,2025-12-25,Three-Way Match,Pending
INV004736,PO004736,S0233,2025-04-03,2025-04-26,2025-07-25,52398191.7,AUD,54.0,Pending,,Manual Review,Pending
INV004737,PO004737,S0235,2026-01-17,2026-02-10,2026-03-27,1403634.08,CNY,11.6,Paid,2026-03-20,Three-Way Match,Approved
INV004738,PO004738,S0218,2025-06-06,2025-06-25,2025-08-09,51566294.97,GBP,106.0,Pending,,Three-Way Match,Approved
INV004739,PO004739,S0227,2025-06-20,2025-07-01,2025-08-30,2048379.62,EUR,90.5,Paid,2025-08-29,Three-Way Match,Approved
INV004740,PO004740,S0137,2025-07-24,2025-08-28,2025-11-26,2464850.33,CNY,11.6,Pending,,Three-Way Match,Pending
INV004741,PO004741,S0216,2025-05-14,2025-06-11,2025-07-26,5040366.07,SGD,62.0,Paid,2025-07-23,Three-Way Match,Approved
INV004742,PO004742,S0172,2025-08-12,2025-08-24,2025-10-08,38848512.48,AUD,54.0,Paid,2025-10-05,Manual Review,Approved
INV004743,PO004743,S0238,2025-06-10,2025-06-30,2025-09-28,26490661.64,CNY,11.6,Paid,2025-09-21,Three-Way Match,Pending
INV004744,PO004744,S0196,2026-07-16,2026-08-09,2026-11-07,5230751.11,EUR,90.5,Partially Paid,,Manual Review,Approved
INV004745,PO004745,S0239,2025-09-27,2025-10-09,2025-12-08,70350693.55,SGD,62.0,Paid,2025-11-30,Manual Review,Pending
INV004746,PO004746,S0204,2025-02-12,2025-03-03,2025-04-02,55770068.22,JPY,0.56,Paid,2025-04-01,Three-Way Match,Approved
INV004747,PO004747,S0176,2025-07-26,2025-08-18,2025-11-16,2336102.62,GBP,106.0,Pending,,Manual Review,Approved
INV004748,PO004748,S0234,2025-10-05,2025-10-23,2025-11-22,13261903.27,AUD,54.0,Pending,,Three-Way Match,Approved
INV004749,PO004749,S0161,2026-05-31,2026-06-26,2026-08-10,75105776.59,AED,22.7,Paid,2026-08-06,Manual Review,Approved
INV004750,PO004750,S0161,2025-03-16,2025-04-09,2025-05-24,39616706.11,AED,22.7,Paid,2025-05-14,Three-Way Match,Approved
INV004751,PO004751,S0214,2026-01-24,2026-02-17,2026-03-19,77552748.65,EUR,90.5,Paid,2026-03-14,Manual Review,Approved
INV004752,PO004752,S0248,2025-02-13,2025-02-25,2025-04-11,5465900.69,GBP,106.0,Paid,2025-04-05,Manual Review,Approved
INV004753,PO004753,S0145,2025-03-05,2025-03-23,2025-05-07,44903272.09,AED,22.7,Paid,2025-05-06,Three-Way Match,Approved
INV004754,PO004754,S0189,2025-12-21,2026-01-21,2026-02-20,13118883.39,EUR,90.5,Paid,2026-02-13,Three-Way Match,Approved
INV004755,PO004755,S0231,2025-12-16,2026-01-02,2026-04-02,15213973.17,SGD,62.0,Paid,2026-03-30,Three-Way Match,Pending
INV004756,PO004756,S0199,2026-07-15,2026-08-17,2026-09-16,3799239.36,EUR,90.5,Overdue,,Manual Review,Approved
INV004757,PO004757,S0163,2025-09-22,2025-10-31,2025-12-30,98475247.16,JPY,0.56,Pending,,Manual Review,Approved
INV004758,PO004758,S0217,2025-03-25,2025-04-11,2025-05-26,37093132.25,USD,83.5,Paid,2025-05-20,Manual Review,Approved
INV004759,PO004759,S0132,2026-04-30,2026-05-10,2026-06-24,1067241.48,JPY,0.56,Paid,2026-06-21,Manual Review,Approved
INV004760,PO004760,S0223,2025-04-14,2025-04-23,2025-05-23,2377486.55,AED,22.7,Paid,2025-05-21,Three-Way Match,Pending
INV004761,PO004761,S0217,2025-08-27,2025-09-19,2025-10-19,26047796.03,USD,83.5,Paid,2025-10-11,Three-Way Match,Pending
INV004762,PO004762,S0134,2026-01-27,2026-02-22,2026-04-23,43243263.34,GBP,106.0,Pending,,Three-Way Match,Pending
INV004763,PO004763,S0246,2025-09-22,2025-10-24,2026-01-22,9250131.36,USD,83.5,Overdue,,Manual Review,Pending
INV004764,PO004764,S0131,2026-01-22,2026-02-21,2026-04-22,47768899.93,GBP,106.0,Paid,2026-04-13,Three-Way Match,Pending
INV004765,PO004765,S0246,2025-08-12,2025-09-11,2025-12-10,70729468.82,USD,83.5,Paid,2025-12-10,Three-Way Match,Approved
INV004766,PO004766,S0145,2025-08-14,2025-09-02,2025-12-01,5082164.21,AED,22.7,Paid,2025-11-30,Three-Way Match,Approved
INV004767,PO004767,S0187,2026-07-29,2026-08-13,2026-10-12,41631379.22,AED,22.7,Paid,2026-10-12,Manual Review,Pending
INV004768,PO004768,S0244,2025-05-26,2025-06-18,2025-08-17,62523870.36,EUR,90.5,Paid,2025-08-07,Three-Way Match,Approved
INV004769,PO004769,S0246,2026-05-06,2026-06-06,2026-07-06,60411486.87,USD,83.5,Overdue,,Three-Way Match,Approved
INV004770,PO004770,S0162,2026-07-09,2026-07-26,2026-09-09,72559736.61,CNY,11.6,Paid,2026-09-06,Three-Way Match,Approved
INV004771,PO004771,S0187,2025-12-22,2026-01-14,2026-03-15,5943275.99,AED,22.7,Paid,2026-03-09,Three-Way Match,Approved
INV004772,PO004772,S0171,2025-07-13,2025-07-24,2025-09-22,41265916.35,GBP,106.0,Paid,2025-09-13,Three-Way Match,Pending
INV004773,PO004773,S0159,2026-04-22,2026-05-24,2026-07-08,98296380.84,USD,83.5,Pending,,Three-Way Match,Approved
INV004774,PO004774,S0152,2025-09-01,2025-09-14,2025-12-13,16291875.97,SGD,62.0,Partially Paid,,Three-Way Match,Approved
INV004775,PO004775,S0140,2026-07-10,2026-07-30,2026-10-28,24064687.22,JPY,0.56,Paid,2026-10-26,Three-Way Match,Approved
INV004776,PO004776,S0139,2026-05-11,2026-06-14,2026-07-14,81007739.28,AED,22.7,Paid,2026-07-07,Three-Way Match,Approved
INV004777,PO004777,S0162,2026-07-03,2026-07-21,2026-09-19,27807353.05,CNY,11.6,Paid,2026-09-10,Manual Review,Approved
INV004778,PO004778,S0242,2025-03-20,2025-05-01,2025-05-31,30223994.39,EUR,90.5,Paid,2025-05-29,Three-Way Match,Approved
INV004779,PO004779,S0134,2025-07-28,2025-09-06,2025-10-21,26222900.77,GBP,106.0,Paid,2025-10-12,Manual Review,Pending
INV004780,PO004780,S0191,2026-04-21,2026-05-03,2026-07-02,9935869.74,EUR,90.5,Paid,2026-06-29,Manual Review,Approved
INV004781,PO004781,S0217,2025-12-29,2026-01-16,2026-03-02,27638821.91,USD,83.5,Pending,,Manual Review,Pending
INV004782,PO004782,S0242,2026-04-27,2026-06-10,2026-07-10,3401453.78,EUR,90.5,Paid,2026-07-02,Three-Way Match,Approved
INV004783,PO004783,S0216,2025-10-03,2025-11-04,2026-01-03,874514.74,SGD,62.0,Paid,2026-01-03,Three-Way Match,Approved
INV004784,PO004784,S0127,2025-10-22,2025-11-24,2026-01-08,2306380.06,AED,22.7,Pending,,Three-Way Match,Pending
INV004785,PO004785,S0157,2025-02-08,2025-02-28,2025-05-29,4643747.85,AUD,54.0,Overdue,,Three-Way Match,Approved
INV004786,PO004786,S0214,2025-11-14,2025-12-02,2026-01-31,17991756.07,EUR,90.5,Paid,2026-01-25,Three-Way Match,Approved
INV004787,PO004787,S0208,2025-06-24,2025-07-19,2025-09-17,24602427.25,GBP,106.0,Pending,,Three-Way Match,Pending
INV004788,PO004788,S0158,2025-05-11,2025-06-12,2025-07-27,16433441.51,EUR,90.5,Overdue,,Three-Way Match,Pending
INV004789,PO004789,S0139,2025-05-15,2025-06-14,2025-07-14,70285088.96,AED,22.7,Paid,2025-07-10,Manual Review,Approved
INV004790,PO004790,S0233,2025-10-01,2025-10-25,2025-12-09,53149210.45,AUD,54.0,Pending,,Three-Way Match,Approved
INV004791,PO004791,S0224,2026-06-30,2026-07-12,2026-08-11,14825315.08,AUD,54.0,Paid,2026-08-02,Manual Review,Approved
INV004792,PO004792,S0150,2026-05-31,2026-06-30,2026-08-29,27502560.11,SGD,62.0,Overdue,,Three-Way Match,Pending
INV004793,PO004793,S0142,2026-04-08,2026-05-03,2026-08-01,75653551.99,JPY,0.56,Pending,,Three-Way Match,Approved
INV004794,PO004794,S0146,2025-06-19,2025-07-15,2025-10-13,29845936.31,EUR,90.5,Paid,2025-10-12,Three-Way Match,Pending
INV004795,PO004795,S0195,2025-06-29,2025-07-30,2025-09-28,95131488.36,AUD,54.0,Paid,2025-09-27,Three-Way Match,Pending
INV004796,PO004796,S0136,2026-07-03,2026-08-04,2026-10-03,34174812.13,EUR,90.5,Pending,,Manual Review,Pending
INV004797,PO004797,S0160,2026-01-22,2026-02-06,2026-03-23,8634958.22,CNY,11.6,Paid,2026-03-19,Manual Review,Pending
INV004798,PO004798,S0157,2025-11-07,2025-11-29,2026-02-27,13239540.37,AUD,54.0,Overdue,,Three-Way Match,Approved
INV004799,PO004799,S0214,2025-07-07,2025-07-28,2025-09-11,48476895.74,EUR,90.5,Pending,,Manual Review,Pending
INV004800,PO004800,S0128,2025-04-06,2025-05-04,2025-06-18,40623945.26,AUD,54.0,Paid,2025-06-11,Three-Way Match,Approved
INV004801,PO004801,S0198,2026-03-12,2026-04-10,2026-07-09,4525909.69,EUR,90.5,Overdue,,Three-Way Match,Approved
INV004802,PO004802,S0152,2025-02-19,2025-03-05,2025-04-04,75258021.5,SGD,62.0,Overdue,,Manual Review,Approved
INV004803,PO004803,S0161,2026-07-02,2026-07-23,2026-09-06,50696234.89,AED,22.7,Overdue,,Three-Way Match,Approved
INV004804,PO004804,S0221,2025-06-05,2025-06-30,2025-08-29,67801973.96,EUR,90.5,Pending,,Manual Review,Pending
INV004805,PO004805,S0135,2026-04-20,2026-05-09,2026-06-08,2634573.81,EUR,90.5,Paid,2026-06-07,Three-Way Match,Approved
INV004806,PO004806,S0195,2025-11-07,2025-12-07,2026-02-05,15140298.46,AUD,54.0,Paid,2026-01-31,Three-Way Match,Pending
INV004807,PO004807,S0214,2026-01-07,2026-01-28,2026-04-28,4307228.83,EUR,90.5,Paid,2026-04-19,Three-Way Match,Approved
INV004808,PO004808,S0155,2026-05-23,2026-06-07,2026-09-05,38083610.19,AUD,54.0,Paid,2026-08-26,Three-Way Match,Pending
INV004809,PO004809,S0209,2026-07-24,2026-08-27,2026-09-26,9908386.71,CNY,11.6,Paid,2026-09-20,Manual Review,Pending
INV004810,PO004810,S0135,2025-09-27,2025-10-16,2025-11-15,39239828.32,EUR,90.5,Overdue,,Three-Way Match,Approved
INV004811,PO004811,S0198,2025-11-10,2025-12-05,2026-01-19,15860585.82,EUR,90.5,Paid,2026-01-11,Manual Review,Approved
INV004812,PO004812,S0186,2025-09-26,2025-10-22,2025-12-21,15136505.32,EUR,90.5,Paid,2025-12-13,Manual Review,Approved
INV004813,PO004813,S0137,2025-06-20,2025-07-17,2025-08-16,20488253.79,CNY,11.6,Paid,2025-08-12,Manual Review,Approved
INV004814,PO004814,S0144,2026-03-31,2026-04-20,2026-05-20,2899884.07,GBP,106.0,Paid,2026-05-11,Manual Review,Approved
INV004815,PO004815,S0188,2026-08-03,2026-08-16,2026-09-15,47776767.57,GBP,106.0,Pending,,Three-Way Match,Approved
INV004816,PO004816,S0141,2026-06-19,2026-07-05,2026-08-19,32654072.82,AED,22.7,Paid,2026-08-19,Three-Way Match,Approved
INV004817,PO004817,S0156,2025-10-08,2025-10-24,2025-11-23,84795032.17,CNY,11.6,Paid,2025-11-13,Manual Review,Approved
INV004818,PO004818,S0171,2026-01-27,2026-02-13,2026-05-14,2159708.8,GBP,106.0,Paid,2026-05-08,Manual Review,Approved
INV004819,PO004819,S0244,2026-03-28,2026-04-16,2026-05-16,5806886.86,EUR,90.5,Paid,2026-05-11,Manual Review,Pending
INV004820,PO004820,S0174,2025-08-27,2025-10-01,2025-11-30,4667681.52,SGD,62.0,Pending,,Three-Way Match,Approved
INV004821,PO004821,S0126,2025-03-18,2025-03-28,2025-05-27,27169084.76,EUR,90.5,Paid,2025-05-27,Three-Way Match,Approved
INV004822,PO004822,S0240,2026-03-31,2026-05-05,2026-06-19,29784998.47,JPY,0.56,Pending,,Three-Way Match,Pending
INV004823,PO004823,S0196,2025-01-01,2025-01-26,2025-04-26,10129685.6,EUR,90.5,Paid,2025-04-20,Manual Review,Approved
INV004824,PO004824,S0211,2025-10-10,2025-10-17,2025-11-16,10059727.35,AED,22.7,Pending,,Three-Way Match,Approved
INV004825,PO004825,S0146,2026-02-12,2026-03-14,2026-06-12,35634147.36,EUR,90.5,Partially Paid,,Three-Way Match,Approved
INV004826,PO004826,S0144,2025-03-17,2025-04-05,2025-07-04,13266710.3,GBP,106.0,Paid,2025-07-01,Manual Review,Approved
INV004827,PO004827,S0231,2026-06-14,2026-07-01,2026-08-15,63222688.29,SGD,62.0,Pending,,Three-Way Match,Pending
INV004828,PO004828,S0141,2025-03-19,2025-04-02,2025-07-01,14286082.06,AED,22.7,Paid,2025-06-26,Three-Way Match,Pending
INV004829,PO004829,S0165,2025-02-05,2025-03-04,2025-05-03,11262661.41,USD,83.5,Pending,,Three-Way Match,Approved
INV004830,PO004830,S0203,2026-06-15,2026-06-26,2026-08-10,47611210.54,JPY,0.56,Partially Paid,,Manual Review,Pending
INV004831,PO004831,S0218,2025-04-07,2025-04-25,2025-06-24,11932447.71,GBP,106.0,Paid,2025-06-15,Three-Way Match,Approved
INV004832,PO004832,S0156,2025-05-10,2025-05-21,2025-07-05,7776350.74,CNY,11.6,Paid,2025-07-03,Three-Way Match,Approved
INV004833,PO004833,S0146,2025-03-16,2025-04-17,2025-05-17,4419979.0,EUR,90.5,Pending,,Three-Way Match,Approved
INV004834,PO004834,S0149,2026-02-03,2026-03-03,2026-04-02,25379692.53,SGD,62.0,Paid,2026-04-01,Three-Way Match,Approved
INV004835,PO004835,S0217,2026-01-21,2026-02-03,2026-04-04,3477618.43,USD,83.5,Paid,2026-03-25,Manual Review,Approved
INV004836,PO004836,S0243,2026-05-09,2026-05-31,2026-07-15,37029872.07,CNY,11.6,Pending,,Manual Review,Approved
INV004837,PO004837,S0148,2025-08-22,2025-09-18,2025-11-17,73105158.1,AED,22.7,Paid,2025-11-16,Three-Way Match,Approved
INV004838,PO004838,S0186,2025-02-12,2025-03-01,2025-04-15,6977578.86,EUR,90.5,Pending,,Three-Way Match,Pending
INV004839,PO004839,S0187,2025-03-22,2025-04-16,2025-05-16,3853462.63,AED,22.7,Paid,2025-05-06,Three-Way Match,Pending
INV004840,PO004840,S0167,2025-10-16,2025-11-09,2026-01-08,30028217.1,USD,83.5,Paid,2025-12-30,Three-Way Match,Pending
INV004841,PO004841,S0156,2025-09-25,2025-10-10,2025-11-09,43329421.19,CNY,11.6,Paid,2025-11-04,Three-Way Match,Pending
INV004842,PO004842,S0220,2025-08-27,2025-09-24,2025-12-23,5634358.83,CNY,11.6,Paid,2025-12-16,Manual Review,Approved
INV004843,PO004843,S0180,2025-09-05,2025-10-03,2026-01-01,75107757.61,JPY,0.56,Paid,2025-12-25,Three-Way Match,Approved
INV004844,PO004844,S0148,2026-01-27,2026-02-25,2026-05-26,77592849.21,AED,22.7,Overdue,,Three-Way Match,Approved
INV004845,PO004845,S0152,2025-02-23,2025-03-11,2025-04-25,5667895.2,SGD,62.0,Paid,2025-04-17,Manual Review,Approved
INV004846,PO004846,S0197,2025-05-08,2025-05-21,2025-07-20,22142460.6,AUD,54.0,Paid,2025-07-16,Manual Review,Approved
INV004847,PO004847,S0215,2026-05-09,2026-05-20,2026-07-04,3018721.04,AED,22.7,Pending,,Three-Way Match,Approved
INV004848,PO004848,S0137,2025-01-12,2025-02-13,2025-03-15,8051132.3,CNY,11.6,Overdue,,Three-Way Match,Approved
INV004849,PO004849,S0170,2025-06-29,2025-07-11,2025-10-09,22256258.13,JPY,0.56,Paid,2025-10-05,Three-Way Match,Approved
INV004850,PO004850,S0184,2026-01-01,2026-02-02,2026-04-03,7770773.08,USD,83.5,Partially Paid,,Manual Review,Approved
INV004851,PO004851,S0232,2025-07-15,2025-08-11,2025-11-09,10194927.82,AUD,54.0,Paid,2025-11-04,Three-Way Match,Approved
INV004852,PO004852,S0178,2026-07-24,2026-08-17,2026-10-01,5646711.25,JPY,0.56,Pending,,Three-Way Match,Approved
INV004853,PO004853,S0157,2025-06-15,2025-07-11,2025-10-09,35308689.75,AUD,54.0,Overdue,,Manual Review,Pending
INV004854,PO004854,S0140,2025-05-15,2025-06-13,2025-07-28,26591670.16,JPY,0.56,Partially Paid,,Three-Way Match,Approved
INV004855,PO004855,S0142,2025-06-06,2025-06-23,2025-08-07,42382601.3,JPY,0.56,Paid,2025-08-04,Three-Way Match,Approved
INV004856,PO004856,S0224,2025-06-06,2025-06-25,2025-08-09,42553075.93,AUD,54.0,Paid,2025-07-31,Three-Way Match,Pending
INV004857,PO004857,S0143,2026-04-09,2026-04-18,2026-06-02,1200990.5,JPY,0.56,Overdue,,Manual Review,Pending
INV004858,PO004858,S0164,2026-01-13,2026-02-01,2026-04-02,8328574.4,SGD,62.0,Pending,,Three-Way Match,Pending
INV004859,PO004859,S0178,2026-01-18,2026-02-05,2026-04-06,8109374.48,JPY,0.56,Pending,,Three-Way Match,Approved
INV004860,PO004860,S0203,2025-01-13,2025-01-25,2025-04-25,27596098.94,JPY,0.56,Paid,2025-04-19,Three-Way Match,Approved
INV004861,PO004861,S0207,2025-03-25,2025-04-13,2025-05-13,33648181.61,EUR,90.5,Paid,2025-05-07,Manual Review,Approved
INV004862,PO004862,S0178,2026-07-26,2026-08-25,2026-11-23,53197646.42,JPY,0.56,Overdue,,Three-Way Match,Approved
INV004863,PO004863,S0142,2025-06-10,2025-07-04,2025-08-18,10970593.69,JPY,0.56,Pending,,Three-Way Match,Approved
INV004864,PO004864,S0141,2025-01-18,2025-01-31,2025-03-02,82896315.29,AED,22.7,Paid,2025-02-28,Three-Way Match,Pending
INV004865,PO004865,S0238,2026-01-26,2026-02-07,2026-04-08,408160.76,CNY,11.6,Paid,2026-04-06,Three-Way Match,Approved
INV004866,PO004866,S0209,2025-08-14,2025-09-19,2025-10-19,725381.21,CNY,11.6,Paid,2025-10-16,Three-Way Match,Pending
INV004867,PO004867,S0236,2026-04-17,2026-05-11,2026-06-10,35432218.23,EUR,90.5,Overdue,,Manual Review,Approved
INV004868,PO004868,S0149,2026-01-18,2026-02-11,2026-05-12,5267529.54,SGD,62.0,Paid,2026-05-05,Three-Way Match,Approved
INV004869,PO004869,S0131,2025-02-02,2025-02-24,2025-04-10,15469769.21,GBP,106.0,Pending,,Manual Review,Pending
INV004870,PO004870,S0206,2026-03-10,2026-03-20,2026-06-18,13015914.57,GBP,106.0,Paid,2026-06-11,Manual Review,Approved
INV004871,PO004871,S0244,2026-06-28,2026-07-19,2026-09-02,10920298.46,EUR,90.5,Overdue,,Three-Way Match,Approved
INV004872,PO004872,S0219,2025-09-29,2025-10-26,2025-12-25,94909654.53,EUR,90.5,Paid,2025-12-21,Three-Way Match,Approved
INV004873,PO004873,S0184,2025-06-15,2025-07-12,2025-08-11,46661949.76,USD,83.5,Pending,,Three-Way Match,Approved
INV004874,PO004874,S0153,2026-06-22,2026-08-01,2026-10-30,41146225.19,EUR,90.5,Paid,2026-10-23,Manual Review,Pending
INV004875,PO004875,S0178,2026-03-18,2026-04-02,2026-05-17,7403593.77,JPY,0.56,Paid,2026-05-17,Three-Way Match,Pending
INV004876,PO004876,S0188,2025-08-11,2025-09-02,2025-12-01,319049.31,GBP,106.0,Pending,,Manual Review,Approved
INV004877,PO004877,S0219,2025-10-16,2025-11-03,2026-02-01,7644040.96,EUR,90.5,Pending,,Three-Way Match,Approved
INV004878,PO004878,S0209,2025-01-10,2025-02-06,2025-04-07,21262101.28,CNY,11.6,Paid,2025-04-03,Three-Way Match,Pending
INV004879,PO004879,S0172,2025-10-28,2025-11-15,2026-02-13,43286705.56,AUD,54.0,Paid,2026-02-08,Manual Review,Approved
INV004880,PO004880,S0134,2025-02-02,2025-02-24,2025-04-10,9668469.6,GBP,106.0,Paid,2025-04-06,Manual Review,Pending
INV004881,PO004881,S0194,2025-04-13,2025-04-25,2025-06-09,1587905.31,USD,83.5,Paid,2025-06-01,Three-Way Match,Approved
INV004882,PO004882,S0237,2026-06-07,2026-07-12,2026-10-10,12521393.84,USD,83.5,Paid,2026-10-03,Manual Review,Pending
INV004883,PO004883,S0152,2025-04-01,2025-04-11,2025-06-10,14627682.44,SGD,62.0,Pending,,Three-Way Match,Pending
INV004884,PO004884,S0212,2025-02-03,2025-02-26,2025-05-27,12159408.84,AUD,54.0,Paid,2025-05-18,Three-Way Match,Approved
INV004885,PO004885,S0229,2025-10-22,2025-11-09,2026-02-07,4574295.23,EUR,90.5,Pending,,Manual Review,Approved
INV004886,PO004886,S0165,2025-09-18,2025-10-15,2025-12-14,13277732.13,USD,83.5,Paid,2025-12-11,Three-Way Match,Pending
INV004887,PO004887,S0156,2026-04-14,2026-04-22,2026-06-21,15118325.0,CNY,11.6,Pending,,Three-Way Match,Pending
INV004888,PO004888,S0139,2025-12-06,2026-01-02,2026-04-02,40809619.18,AED,22.7,Overdue,,Manual Review,Pending
INV004889,PO004889,S0178,2025-09-17,2025-10-03,2025-11-02,6459312.15,JPY,0.56,Pending,,Manual Review,Approved
INV004890,PO004890,S0132,2026-01-23,2026-02-04,2026-03-06,3116132.62,JPY,0.56,Paid,2026-03-03,Three-Way Match,Approved
INV004891,PO004891,S0232,2026-02-22,2026-03-11,2026-05-10,815819.91,AUD,54.0,Paid,2026-05-08,Manual Review,Pending
INV004892,PO004892,S0180,2025-07-26,2025-08-24,2025-10-23,21703494.08,JPY,0.56,Paid,2025-10-19,Three-Way Match,Approved
INV004893,PO004893,S0155,2025-05-28,2025-06-10,2025-08-09,31077527.8,AUD,54.0,Paid,2025-08-06,Manual Review,Approved
INV004894,PO004894,S0228,2026-04-10,2026-05-05,2026-06-04,52592141.4,SGD,62.0,Paid,2026-05-30,Three-Way Match,Approved
INV004895,PO004895,S0243,2026-04-28,2026-05-26,2026-07-25,22335679.9,CNY,11.6,Paid,2026-07-22,Three-Way Match,Approved
INV004896,PO004896,S0234,2025-04-14,2025-05-05,2025-08-03,65810001.61,AUD,54.0,Pending,,Three-Way Match,Approved
INV004897,PO004897,S0208,2026-03-24,2026-04-12,2026-05-27,5158186.72,GBP,106.0,Paid,2026-05-24,Manual Review,Approved
INV004898,PO004898,S0223,2025-05-14,2025-05-28,2025-06-27,2613462.49,AED,22.7,Paid,2025-06-21,Manual Review,Pending
INV004899,PO004899,S0130,2026-01-20,2026-02-04,2026-05-05,9954151.93,SGD,62.0,Overdue,,Manual Review,Pending
INV004900,PO004900,S0198,2026-03-09,2026-04-12,2026-05-12,28534164.39,EUR,90.5,Paid,2026-05-08,Three-Way Match,Approved
INV004901,PO004901,S0169,2026-07-12,2026-07-31,2026-10-29,1436849.71,AUD,54.0,Paid,2026-10-22,Three-Way Match,Pending
INV004902,PO004902,S0216,2026-02-18,2026-03-13,2026-04-12,50145901.57,SGD,62.0,Paid,2026-04-06,Manual Review,Approved
INV004903,PO004903,S0143,2026-01-06,2026-01-18,2026-02-17,30890160.34,JPY,0.56,Paid,2026-02-15,Three-Way Match,Pending
INV004904,PO004904,S0167,2025-08-07,2025-08-29,2025-10-28,67849248.94,USD,83.5,Overdue,,Three-Way Match,Approved
INV004905,PO004905,S0164,2025-07-24,2025-08-12,2025-10-11,2363708.46,SGD,62.0,Paid,2025-10-09,Manual Review,Approved
INV004906,PO004906,S0231,2025-06-18,2025-07-04,2025-09-02,21016089.02,SGD,62.0,Paid,2025-08-26,Manual Review,Approved
INV004907,PO004907,S0230,2026-02-10,2026-02-28,2026-05-29,45264568.85,EUR,90.5,Paid,2026-05-28,Manual Review,Approved
INV004908,PO004908,S0153,2025-12-14,2026-01-18,2026-02-17,58396064.66,EUR,90.5,Paid,2026-02-10,Manual Review,Pending
INV004909,PO004909,S0249,2026-04-02,2026-04-13,2026-07-12,305934.19,GBP,106.0,Paid,2026-07-11,Manual Review,Pending
INV004910,PO004910,S0143,2025-08-16,2025-08-27,2025-09-26,6074601.24,JPY,0.56,Partially Paid,,Manual Review,Pending
INV004911,PO004911,S0219,2026-06-27,2026-07-18,2026-09-16,77246553.95,EUR,90.5,Paid,2026-09-10,Three-Way Match,Pending
INV004912,PO004912,S0177,2025-06-06,2025-06-21,2025-09-19,2626303.48,EUR,90.5,Paid,2025-09-12,Three-Way Match,Pending
INV004913,PO004913,S0150,2026-03-29,2026-04-24,2026-07-23,3007036.96,SGD,62.0,Paid,2026-07-16,Three-Way Match,Approved
INV004914,PO004914,S0221,2026-04-08,2026-05-08,2026-08-06,12035212.11,EUR,90.5,Paid,2026-08-04,Manual Review,Approved
INV004915,PO004915,S0188,2026-03-31,2026-04-18,2026-06-02,46175487.32,GBP,106.0,Paid,2026-05-24,Manual Review,Approved
INV004916,PO004916,S0162,2026-04-11,2026-05-01,2026-05-31,17478891.94,CNY,11.6,Paid,2026-05-30,Manual Review,Pending
INV004917,PO004917,S0142,2025-06-18,2025-07-15,2025-08-14,28581329.7,JPY,0.56,Paid,2025-08-09,Three-Way Match,Pending
INV004918,PO004918,S0153,2026-02-13,2026-03-15,2026-04-29,18178697.13,EUR,90.5,Paid,2026-04-22,Three-Way Match,Pending
INV004919,PO004919,S0190,2026-04-02,2026-04-08,2026-06-07,39416291.14,SGD,62.0,Paid,2026-06-05,Manual Review,Pending
INV004920,PO004920,S0211,2025-02-23,2025-03-07,2025-05-06,33920925.17,AED,22.7,Paid,2025-04-26,Manual Review,Approved
INV004921,PO004921,S0179,2026-01-07,2026-01-22,2026-03-23,28880513.49,GBP,106.0,Paid,2026-03-19,Three-Way Match,Pending
INV004922,PO004922,S0215,2025-11-21,2025-11-30,2026-02-28,5408763.95,AED,22.7,Paid,2026-02-26,Three-Way Match,Approved
INV004923,PO004923,S0231,2026-03-21,2026-04-24,2026-06-23,5747146.46,SGD,62.0,Pending,,Manual Review,Approved
INV004924,PO004924,S0189,2026-03-07,2026-03-28,2026-05-27,23352078.28,EUR,90.5,Partially Paid,,Manual Review,Pending
INV004925,PO004925,S0164,2025-06-02,2025-06-27,2025-08-11,7488079.52,SGD,62.0,Overdue,,Three-Way Match,Approved
INV004926,PO004926,S0141,2026-05-23,2026-06-10,2026-09-08,7106525.46,AED,22.7,Paid,2026-09-04,Three-Way Match,Approved
INV004927,PO004927,S0138,2026-06-12,2026-07-09,2026-10-07,1317321.08,AUD,54.0,Paid,2026-10-06,Manual Review,Approved
INV004928,PO004928,S0197,2025-04-07,2025-04-28,2025-06-27,3881958.91,AUD,54.0,Paid,2025-06-18,Three-Way Match,Pending
INV004929,PO004929,S0187,2025-03-08,2025-03-27,2025-05-26,59861389.47,AED,22.7,Paid,2025-05-16,Three-Way Match,Approved
INV004930,PO004930,S0138,2025-06-06,2025-07-01,2025-08-30,48479315.93,AUD,54.0,Pending,,Manual Review,Approved
INV004931,PO004931,S0204,2025-12-26,2026-01-15,2026-03-01,2332829.5,JPY,0.56,Paid,2026-02-24,Three-Way Match,Approved
INV004932,PO004932,S0164,2025-12-07,2026-01-01,2026-03-02,12860182.79,SGD,62.0,Paid,2026-03-01,Three-Way Match,Approved
INV004933,PO004933,S0189,2025-02-21,2025-03-19,2025-05-18,3746398.8,EUR,90.5,Pending,,Three-Way Match,Approved
INV004934,PO004934,S0183,2025-09-18,2025-10-09,2025-11-08,24052726.25,USD,83.5,Overdue,,Manual Review,Approved
INV004935,PO004935,S0221,2025-06-13,2025-07-20,2025-09-03,43579063.34,EUR,90.5,Pending,,Three-Way Match,Approved
INV004936,PO004936,S0234,2026-06-06,2026-06-29,2026-07-29,37800202.63,AUD,54.0,Pending,,Three-Way Match,Pending
INV004937,PO004937,S0224,2026-02-16,2026-02-27,2026-03-29,2481274.43,AUD,54.0,Pending,,Three-Way Match,Approved
INV004938,PO004938,S0152,2025-06-01,2025-06-28,2025-08-12,36407957.3,SGD,62.0,Paid,2025-08-02,Manual Review,Approved
INV004939,PO004939,S0184,2026-01-21,2026-02-15,2026-03-17,8746747.87,USD,83.5,Overdue,,Three-Way Match,Pending
INV004940,PO004940,S0137,2025-08-03,2025-09-08,2025-12-07,16642968.66,CNY,11.6,Paid,2025-12-05,Manual Review,Approved
INV004941,PO004941,S0170,2025-07-20,2025-08-06,2025-10-05,32129053.07,JPY,0.56,Paid,2025-10-05,Three-Way Match,Approved
INV004942,PO004942,S0181,2025-06-07,2025-06-21,2025-09-19,42656778.64,AED,22.7,Partially Paid,,Manual Review,Pending
INV004943,PO004943,S0187,2026-04-09,2026-04-26,2026-05-26,3364715.34,AED,22.7,Paid,2026-05-24,Three-Way Match,Pending
INV004944,PO004944,S0180,2026-04-02,2026-05-02,2026-07-31,35356961.49,JPY,0.56,Pending,,Manual Review,Approved
INV004945,PO004945,S0236,2025-08-23,2025-09-14,2025-12-13,5797721.66,EUR,90.5,Paid,2025-12-07,Three-Way Match,Pending
INV004946,PO004946,S0193,2026-04-28,2026-05-14,2026-08-12,10246634.71,AUD,54.0,Paid,2026-08-03,Manual Review,Approved
INV004947,PO004947,S0198,2026-05-01,2026-05-30,2026-07-14,9508615.15,EUR,90.5,Pending,,Three-Way Match,Approved
INV004948,PO004948,S0186,2026-05-29,2026-06-14,2026-08-13,1569434.95,EUR,90.5,Paid,2026-08-08,Three-Way Match,Approved
INV004949,PO004949,S0161,2026-05-19,2026-06-16,2026-08-15,12625398.03,AED,22.7,Paid,2026-08-06,Three-Way Match,Approved
INV004950,PO004950,S0220,2026-06-05,2026-07-11,2026-08-10,5954819.63,CNY,11.6,Paid,2026-08-01,Manual Review,Approved
INV004951,PO004951,S0167,2026-04-26,2026-06-02,2026-08-01,33365109.84,USD,83.5,Overdue,,Three-Way Match,Approved
INV004952,PO004952,S0136,2026-07-05,2026-08-10,2026-11-08,30624122.03,EUR,90.5,Partially Paid,,Three-Way Match,Pending
INV004953,PO004953,S0158,2025-07-08,2025-07-27,2025-08-26,32998588.17,EUR,90.5,Pending,,Three-Way Match,Pending
INV004954,PO004954,S0173,2025-08-26,2025-09-05,2025-12-04,18946541.42,AUD,54.0,Overdue,,Manual Review,Approved
INV004955,PO004955,S0192,2026-01-09,2026-02-08,2026-03-25,10117422.75,JPY,0.56,Paid,2026-03-15,Three-Way Match,Pending
INV004956,PO004956,S0206,2026-03-31,2026-04-16,2026-07-15,3176535.91,GBP,106.0,Paid,2026-07-09,Three-Way Match,Approved
INV004957,PO004957,S0127,2026-04-03,2026-04-25,2026-07-24,2781133.27,AED,22.7,Paid,2026-07-24,Manual Review,Approved
INV004958,PO004958,S0127,2026-02-21,2026-03-11,2026-06-09,69091545.0,AED,22.7,Paid,2026-06-05,Three-Way Match,Approved
INV004959,PO004959,S0162,2025-02-11,2025-02-27,2025-05-28,72637341.39,CNY,11.6,Paid,2025-05-27,Three-Way Match,Approved
INV004960,PO004960,S0221,2026-01-30,2026-02-26,2026-05-27,9606855.93,EUR,90.5,Paid,2026-05-23,Three-Way Match,Approved
INV004961,PO004961,S0209,2025-09-25,2025-10-27,2026-01-25,49836902.27,CNY,11.6,Pending,,Manual Review,Approved
INV004962,PO004962,S0160,2026-05-26,2026-06-06,2026-07-21,8345333.53,CNY,11.6,Paid,2026-07-21,Manual Review,Approved
INV004963,PO004963,S0129,2025-08-05,2025-08-28,2025-10-12,10891354.37,USD,83.5,Paid,2025-10-11,Manual Review,Pending
INV004964,PO004964,S0246,2025-06-04,2025-06-28,2025-09-26,44888237.05,USD,83.5,Paid,2025-09-19,Three-Way Match,Approved
INV004965,PO004965,S0135,2025-12-17,2025-12-29,2026-02-27,28489237.27,EUR,90.5,Paid,2026-02-18,Manual Review,Pending
INV004966,PO004966,S0184,2025-07-03,2025-08-04,2025-09-18,9428572.2,USD,83.5,Paid,2025-09-11,Three-Way Match,Pending
INV004967,PO004967,S0127,2025-04-19,2025-05-18,2025-07-02,44096425.96,AED,22.7,Paid,2025-06-23,Three-Way Match,Approved
INV004968,PO004968,S0128,2025-06-29,2025-07-26,2025-09-09,39748602.43,AUD,54.0,Pending,,Three-Way Match,Approved
INV004969,PO004969,S0203,2026-08-04,2026-08-14,2026-11-12,9984896.33,JPY,0.56,Paid,2026-11-07,Three-Way Match,Approved
INV004970,PO004970,S0186,2026-04-01,2026-04-21,2026-06-20,66723397.22,EUR,90.5,Paid,2026-06-14,Manual Review,Approved
INV004971,PO004971,S0218,2026-02-22,2026-03-11,2026-04-25,6534059.52,GBP,106.0,Paid,2026-04-24,Manual Review,Pending
INV004972,PO004972,S0219,2025-10-29,2025-11-20,2026-01-04,10120112.72,EUR,90.5,Partially Paid,,Three-Way Match,Pending
INV004973,PO004973,S0185,2025-12-27,2026-01-18,2026-03-04,52535829.86,AED,22.7,Partially Paid,,Manual Review,Approved
INV004974,PO004974,S0230,2025-05-01,2025-05-13,2025-07-12,3669794.63,EUR,90.5,Overdue,,Three-Way Match,Approved
INV004975,PO004975,S0237,2025-02-01,2025-02-25,2025-03-27,1470573.9,USD,83.5,Paid,2025-03-27,Three-Way Match,Pending
INV004976,PO004976,S0242,2025-09-09,2025-10-06,2025-11-20,8792273.27,EUR,90.5,Paid,2025-11-14,Manual Review,Pending
INV004977,PO004977,S0240,2025-08-11,2025-09-10,2025-12-09,60530202.82,JPY,0.56,Paid,2025-11-29,Three-Way Match,Pending
INV004978,PO004978,S0149,2025-11-12,2025-12-04,2026-01-18,42653764.12,SGD,62.0,Pending,,Manual Review,Approved
INV004979,PO004979,S0147,2026-03-02,2026-03-23,2026-06-21,26189008.61,EUR,90.5,Paid,2026-06-16,Three-Way Match,Approved
INV004980,PO004980,S0198,2025-08-20,2025-09-12,2025-11-11,16330109.42,EUR,90.5,Paid,2025-11-07,Three-Way Match,Pending
INV004981,PO004981,S0185,2025-09-28,2025-10-12,2025-12-11,17514382.4,AED,22.7,Paid,2025-12-03,Three-Way Match,Pending
INV004982,PO004982,S0126,2025-09-24,2025-10-09,2025-11-08,1994937.37,EUR,90.5,Paid,2025-11-08,Manual Review,Approved
INV004983,PO004983,S0202,2026-04-19,2026-04-23,2026-06-07,36670399.19,AUD,54.0,Paid,2026-06-01,Three-Way Match,Approved
INV004984,PO004984,S0188,2026-07-11,2026-08-04,2026-10-03,24163068.83,GBP,106.0,Overdue,,Three-Way Match,Approved
INV004985,PO004985,S0219,2025-12-14,2025-12-31,2026-03-31,60548288.85,EUR,90.5,Paid,2026-03-22,Three-Way Match,Approved
INV004986,PO004986,S0126,2026-07-03,2026-07-13,2026-10-11,21044935.63,EUR,90.5,Paid,2026-10-09,Three-Way Match,Approved
INV004987,PO004987,S0202,2026-06-19,2026-07-09,2026-10-07,7676767.23,AUD,54.0,Paid,2026-10-01,Manual Review,Approved
INV004988,PO004988,S0220,2026-06-25,2026-07-29,2026-09-12,1315330.9,CNY,11.6,Paid,2026-09-06,Three-Way Match,Approved
INV004989,PO004989,S0187,2026-06-10,2026-07-03,2026-10-01,72373832.22,AED,22.7,Paid,2026-09-21,Manual Review,Pending
INV004990,PO004990,S0172,2025-09-22,2025-10-12,2025-11-26,6243363.05,AUD,54.0,Paid,2025-11-24,Manual Review,Approved
INV004991,PO004991,S0247,2026-03-05,2026-03-31,2026-06-29,22075363.4,EUR,90.5,Overdue,,Three-Way Match,Approved
INV004992,PO004992,S0145,2025-07-03,2025-07-22,2025-09-20,64487504.96,AED,22.7,Overdue,,Three-Way Match,Approved
INV004993,PO004993,S0180,2025-11-04,2025-12-03,2026-03-03,41473223.46,JPY,0.56,Paid,2026-03-02,Three-Way Match,Approved
INV004994,PO004994,S0208,2025-03-06,2025-04-05,2025-05-05,10354755.57,GBP,106.0,Paid,2025-05-02,Manual Review,Approved
INV004995,PO004995,S0190,2025-07-29,2025-08-13,2025-09-12,80555512.14,SGD,62.0,Pending,,Three-Way Match,Approved
INV004996,PO004996,S0176,2026-08-04,2026-08-26,2026-10-10,213434.9,GBP,106.0,Paid,2026-10-02,Three-Way Match,Approved
INV004997,PO004997,S0134,2025-02-15,2025-03-19,2025-06-17,22986918.22,GBP,106.0,Paid,2025-06-15,Three-Way Match,Pending
INV004998,PO004998,S0165,2026-02-01,2026-03-08,2026-06-06,45996427.61,USD,83.5,Paid,2026-06-06,Manual Review,Approved
INV004999,PO004999,S0232,2026-07-16,2026-08-03,2026-09-02,90096393.55,AUD,54.0,Paid,2026-08-23,Three-Way Match,Approved
INV005000,PO005000,S0195,2026-04-23,2026-05-20,2026-07-19,3226631.3,AUD,54.0,Paid,2026-07-12,Three-Way Match,Approved
