Inventory_ID,PO_ID,Product_ID,Warehouse_ID,Snapshot_Date,Opening_Stock,Stock_In,Stock_Out,Closing_Stock,Reorder_Level,Safety_Stock,Inventory_Value_INR,Stock_Status,Capacity_Utilization_Percent,Calculated_Closing_Stock,Inventory_Quality_Flag
INVT000001,PO000001,P0097,WH003,2025-10-22,715,355,189,881,197,84,60715506.98,Normal,3.31,881,Valid
INVT000002,PO000002,P0128,WH001,2025-06-11,465,489,375,579,404,136,16862882.85,Normal,2.5,579,Valid
INVT000003,PO000003,P0279,WH004,2025-06-06,224,600,480,344,138,52,24955799.92,Normal,2.35,344,Valid
INVT000004,PO000004,P0121,WH004,2025-07-02,73,260,277,56,119,200,990622.08,Reorder,0.38,56,Valid
INVT000005,PO000005,P0120,WH001,2025-07-28,686,290,150,826,236,214,64010308.32,Normal,3.56,826,Valid
INVT000006,PO000006,P0072,WH001,2025-06-18,98,836,1163,0,290,216,0.0,Stockout,0.0,0,Valid
INVT000007,PO000007,P0084,WH003,2025-04-13,319,569,378,510,239,88,19309681.2,Normal,1.9100000000000001,510,Valid
INVT000008,PO000008,P0135,WH003,2025-01-24,222,669,263,628,182,127,39559892.88,Normal,2.36,628,Valid
INVT000009,PO000009,P0070,WH002,2025-04-10,1112,13,15,1110,306,185,82830653.1,Normal,5.99,1110,Valid
INVT000010,PO000010,P0030,WH004,2025-06-22,672,16,9,679,258,168,53274747.4,Normal,4.65,679,Valid
INVT000011,PO000011,P0032,WH002,2025-10-26,193,755,987,0,237,188,0.0,Stockout,0.0,0,Valid
INVT000012,PO000012,P0107,WH002,2025-07-17,1305,734,151,1888,328,235,66221883.2,Overstock,10.18,1888,Valid
INVT000013,PO000013,P0236,WH003,2025-11-15,1637,743,1056,1324,480,237,92240921.88,Normal,4.97,1324,Valid
INVT000014,PO000014,P0144,WH002,2025-01-27,1064,666,288,1442,391,246,65064539.68,Normal,7.78,1442,Valid
INVT000015,PO000015,P0064,WH001,2026-02-19,1274,741,784,1231,499,106,90070645.08,Normal,5.31,1231,Valid
INVT000016,PO000016,P0198,WH002,2025-06-16,39,418,446,11,38,223,706867.7,Reorder,0.06,11,Valid
INVT000017,PO000017,P0010,WH001,2025-03-22,1334,907,619,1622,380,29,13623778.14,Normal,7.0,1622,Valid
INVT000018,PO000018,P0007,WH004,2025-10-14,191,347,36,502,194,82,30992701.9,Normal,3.44,502,Valid
INVT000019,PO000019,P0090,WH004,2025-04-03,89,920,1025,0,76,160,0.0,Stockout,0.0,0,Valid
INVT000020,PO000020,P0106,WH001,2025-07-01,17,833,470,380,213,184,6459027.2,Normal,1.6400000000000001,380,Valid
INVT000021,PO000021,P0016,WH004,2026-04-09,76,412,111,377,38,195,33470297.51,Overstock,2.58,377,Valid
INVT000022,PO000022,P0064,WH002,2025-11-06,680,104,154,630,499,106,52856716.5,Normal,3.4,630,Valid
INVT000023,PO000023,P0221,WH002,2025-02-28,446,348,218,576,187,23,28375228.8,Normal,3.11,576,Valid
INVT000024,PO000024,P0239,WH002,2026-04-26,798,277,233,842,338,96,41026652.08,Normal,4.54,842,Valid
INVT000025,PO000025,P0135,WH004,2026-03-18,19,982,967,34,182,127,2090526.72,Reorder,0.23,34,Valid
INVT000026,PO000026,P0067,WH003,2025-03-16,152,73,89,136,217,184,6829416.8,Reorder,0.51,136,Valid
INVT000027,PO000027,P0208,WH003,2025-12-04,467,132,61,538,159,116,16576517.06,Normal,2.02,538,Valid
INVT000028,PO000028,P0114,WH001,2026-07-01,215,631,780,66,70,236,4315114.98,Reorder,0.28,66,Valid
INVT000029,PO000029,P0293,WH002,2025-05-19,374,929,1227,76,212,211,3304587.16,Reorder,0.41000000000000003,76,Valid
INVT000030,PO000030,P0298,WH002,2025-08-04,937,346,421,862,432,66,12865556.88,Normal,4.65,862,Valid
INVT000031,PO000031,P0189,WH004,2025-02-01,179,538,271,446,72,109,23646754.98,Overstock,3.05,446,Valid
INVT000032,PO000032,P0125,WH003,2026-06-16,199,607,714,92,177,14,1150572.24,Reorder,0.35000000000000003,92,Valid
INVT000033,PO000033,P0076,WH002,2025-05-20,113,282,32,363,315,60,26748068.82,Normal,1.96,363,Valid
INVT000034,PO000034,P0298,WH004,2025-12-28,618,467,458,627,432,66,9138662.94,Normal,4.29,627,Valid
INVT000035,PO000035,P0069,WH002,2025-10-25,488,350,408,430,302,96,17189293.0,Normal,2.32,430,Valid
INVT000036,PO000036,P0126,WH004,2025-11-18,114,708,486,336,226,14,20115805.92,Normal,2.3,336,Valid
INVT000037,PO000037,P0205,WH001,2025-06-17,555,158,140,573,480,72,14121636.57,Normal,2.47,573,Valid
INVT000038,PO000038,P0053,WH002,2025-06-17,68,825,1087,0,53,166,0.0,Stockout,0.0,0,Valid
INVT000039,PO000039,P0294,WH002,2025-05-29,386,561,437,510,481,19,24366183.3,Normal,2.75,510,Valid
INVT000040,PO000040,P0288,WH003,2025-03-25,117,847,833,131,42,71,4625341.45,Normal,0.49,131,Valid
INVT000041,PO000041,P0214,WH001,2026-06-06,358,819,317,860,124,156,22571336.4,Overstock,3.71,860,Valid
INVT000042,PO000042,P0270,WH004,2025-12-24,819,216,56,979,429,112,70447958.9,Normal,6.7,979,Valid
INVT000043,PO000043,P0045,WH004,2025-12-07,1380,462,338,1504,388,79,71509905.92,Normal,10.3,1504,Valid
INVT000044,PO000044,P0082,WH001,2025-08-04,402,441,235,608,151,103,35152638.72,Normal,2.62,608,Valid
INVT000045,PO000045,P0080,WH002,2025-11-22,759,738,179,1318,332,36,54178077.04,Normal,7.11,1318,Valid
INVT000046,PO000046,P0265,WH003,2025-06-11,618,912,183,1347,167,227,37335984.36,Overstock,5.05,1347,Valid
INVT000047,PO000047,P0150,WH003,2025-04-21,274,837,697,414,80,75,26059660.56,Overstock,1.55,414,Valid
INVT000048,PO000048,P0112,WH004,2025-10-26,1595,408,110,1893,439,184,44121778.98,Normal,12.96,1893,Valid
INVT000049,PO000049,P0237,WH001,2025-01-17,437,983,913,507,290,24,13233425.01,Normal,2.19,507,Valid
INVT000050,PO000050,P0138,WH004,2025-07-24,81,274,157,198,183,201,11868741.72,Normal,1.3599999999999999,198,Valid
INVT000051,PO000051,P0222,WH002,2026-01-04,1122,126,7,1241,372,47,94528955.6,Normal,6.69,1241,Valid
INVT000052,PO000052,P0278,WH003,2025-06-02,460,412,132,740,495,236,14007408.2,Normal,2.7800000000000002,740,Valid
INVT000053,PO000053,P0168,WH003,2025-05-27,306,743,57,992,156,80,84343639.36,Overstock,3.7199999999999998,992,Valid
INVT000054,PO000054,P0058,WH004,2025-01-06,1277,114,116,1275,459,191,10195690.5,Normal,8.73,1275,Valid
INVT000055,PO000055,P0106,WH001,2026-03-02,595,359,44,910,213,184,16920913.1,Normal,3.93,910,Valid
INVT000056,PO000056,P0167,WH002,2025-03-03,1162,172,103,1231,451,169,21710753.08,Normal,6.64,1231,Valid
INVT000057,PO000057,P0133,WH003,2025-03-26,131,849,582,398,118,125,25909525.38,Normal,1.49,398,Valid
INVT000058,PO000058,P0160,WH001,2025-01-29,562,866,1293,135,173,173,5564246.4,Reorder,0.58,135,Valid
INVT000059,PO000059,P0100,WH001,2025-01-25,1081,988,1427,642,311,64,513908.16,Normal,2.77,642,Valid
INVT000060,PO000060,P0281,WH003,2025-12-23,181,685,830,36,94,20,1988582.4,Reorder,0.14,36,Valid
INVT000061,PO000061,P0250,WH001,2026-05-20,1376,308,216,1468,485,23,85405450.8,Normal,6.34,1468,Valid
INVT000062,PO000062,P0256,WH002,2025-05-12,10,754,139,625,29,170,28241968.75,Overstock,3.37,625,Valid
INVT000063,PO000063,P0296,WH002,2026-07-03,1657,700,654,1703,422,228,72250711.65,Normal,9.18,1703,Valid
INVT000064,PO000064,P0151,WH002,2025-09-17,132,850,334,648,390,115,4715230.32,Normal,3.49,648,Valid
INVT000065,PO000065,P0074,WH003,2025-01-06,113,399,298,214,87,78,11713127.36,Normal,0.8,214,Valid
INVT000066,PO000066,P0233,WH004,2025-12-13,172,559,97,634,59,136,24232855.78,Overstock,4.34,634,Valid
INVT000067,PO000067,P0129,WH003,2025-06-07,290,380,238,432,126,140,8667315.36,Normal,1.62,432,Valid
INVT000068,PO000068,P0044,WH002,2026-03-25,557,571,417,711,177,19,40325758.56,Normal,3.83,711,Valid
INVT000069,PO000069,P0241,WH003,2025-10-06,282,959,1181,60,252,138,1506047.4,Reorder,0.23,60,Valid
INVT000070,PO000070,P0231,WH004,2026-06-02,456,686,534,608,295,51,25039458.56,Normal,4.16,608,Valid
INVT000071,PO000071,P0070,WH002,2025-10-19,136,554,315,375,306,185,25865880.0,Normal,2.02,375,Valid
INVT000072,PO000072,P0078,WH002,2026-06-17,346,238,284,300,89,82,15201486.0,Normal,1.62,300,Valid
INVT000073,PO000073,P0254,WH003,2025-01-03,728,463,53,1138,193,239,82793767.5,Overstock,4.27,1138,Valid
INVT000074,PO000074,P0211,WH001,2025-02-14,476,916,479,913,173,144,44093745.85,Overstock,3.94,913,Valid
INVT000075,PO000075,P0067,WH002,2025-04-02,207,757,629,335,217,184,17203616.8,Normal,1.81,335,Valid
INVT000076,PO000076,P0073,WH004,2026-02-19,768,345,3,1110,216,72,31936187.4,Overstock,7.6,1110,Valid
INVT000077,PO000077,P0160,WH004,2025-04-10,329,716,819,226,173,173,9522157.44,Normal,1.55,226,Valid
INVT000078,PO000078,P0009,WH004,2025-04-06,1219,614,550,1283,435,127,55562162.52,Normal,8.78,1283,Valid
INVT000079,PO000079,P0030,WH004,2026-06-10,512,619,236,895,258,168,70899241.85,Normal,6.13,895,Valid
INVT000080,PO000080,P0104,WH004,2025-03-07,423,561,33,951,297,48,25270561.62,Normal,6.51,951,Valid
INVT000081,PO000081,P0222,WH001,2026-05-12,1367,885,274,1978,372,47,155982370.1,Overstock,8.54,1978,Valid
INVT000082,PO000082,P0181,WH002,2025-02-01,16,116,173,0,31,180,0.0,Stockout,0.0,0,Valid
INVT000083,PO000083,P0047,WH003,2025-05-15,105,25,0,130,224,237,11016562.7,Reorder,0.49,130,Valid
INVT000084,PO000084,P0225,WH003,2025-11-28,750,118,64,804,347,132,63492265.92,Normal,3.02,804,Valid
INVT000085,PO000085,P0065,WH002,2026-07-21,655,157,170,642,390,19,27947954.88,Normal,3.46,642,Valid
INVT000086,PO000086,P0219,WH004,2025-03-03,1053,450,304,1199,311,33,109264354.4,Normal,8.21,1199,Valid
INVT000087,PO000087,P0229,WH004,2025-10-06,140,825,752,213,220,105,1400875.44,Reorder,1.46,213,Valid
INVT000088,PO000088,P0107,WH003,2025-01-22,235,930,1138,27,328,235,916791.21,Reorder,0.1,27,Valid
INVT000089,PO000089,P0222,WH001,2026-04-15,942,265,81,1126,372,47,96217217.96,Normal,4.86,1126,Valid
INVT000090,PO000090,P0146,WH001,2025-05-12,153,424,269,308,52,166,18628757.84,Overstock,1.33,308,Valid
INVT000091,PO000091,P0012,WH004,2026-05-28,471,783,497,757,307,35,57804118.79,Normal,5.18,757,Valid
INVT000092,PO000092,P0249,WH004,2025-04-20,120,136,182,74,257,96,800688.14,Reorder,0.51,74,Valid
INVT000093,PO000093,P0292,WH004,2026-01-09,1291,214,16,1489,355,98,99148147.23,Normal,10.19,1489,Valid
INVT000094,PO000094,P0176,WH004,2025-09-02,59,616,377,298,174,94,9518718.98,Normal,2.04,298,Valid
INVT000095,PO000095,P0094,WH003,2025-12-03,37,739,191,585,216,65,15974682.75,Normal,2.2,585,Valid
INVT000096,PO000096,P0152,WH003,2025-03-15,511,983,591,903,360,101,28706017.83,Normal,3.39,903,Valid
INVT000097,PO000097,P0151,WH003,2025-04-30,1531,183,31,1683,390,115,10905368.76,Normal,6.32,1683,Valid
INVT000098,PO000098,P0052,WH001,2025-10-31,263,432,563,132,402,58,2350714.08,Reorder,0.5700000000000001,132,Valid
INVT000099,PO000099,P0090,WH004,2026-02-26,202,19,10,211,76,160,18960409.36,Normal,1.44,211,Valid
INVT000100,PO000100,P0116,WH001,2026-02-08,12,869,740,141,51,95,9526715.76,Normal,0.61,141,Valid
INVT000101,PO000101,P0265,WH003,2026-05-20,221,450,105,566,167,227,17891724.12,Normal,2.12,566,Valid
INVT000102,PO000102,P0075,WH003,2026-03-01,287,200,221,266,105,160,5968412.24,Normal,1.0,266,Valid
INVT000103,PO000103,P0293,WH002,2025-08-17,1,574,257,318,212,211,13706143.44,Normal,1.71,318,Valid
INVT000104,PO000104,P0197,WH001,2025-05-26,76,22,12,86,223,17,2124229.24,Reorder,0.37,86,Valid
INVT000105,PO000105,P0273,WH002,2026-01-15,541,334,240,635,217,132,46096193.05,Normal,3.42,635,Valid
INVT000106,PO000106,P0227,WH001,2025-02-04,65,685,761,0,109,237,0.0,Stockout,0.0,0,Valid
INVT000107,PO000107,P0288,WH001,2026-07-19,32,628,588,72,42,71,2360550.96,Normal,0.31,72,Valid
INVT000108,PO000108,P0217,WH002,2025-04-22,400,981,822,559,394,47,41151338.41,Normal,3.01,559,Valid
INVT000109,PO000109,P0259,WH001,2025-05-07,133,163,200,96,70,12,7552781.76,Normal,0.41000000000000003,96,Valid
INVT000110,PO000110,P0109,WH003,2025-03-26,2,644,625,21,373,189,1335617.64,Reorder,0.08,21,Valid
INVT000111,PO000111,P0263,WH003,2026-02-27,123,300,148,275,72,247,22237355.25,Normal,1.03,275,Valid
INVT000112,PO000112,P0081,WH002,2026-05-23,449,838,951,336,211,168,9163976.64,Normal,1.81,336,Valid
INVT000113,PO000113,P0209,WH001,2026-04-18,746,388,12,1122,236,35,89369880.6,Normal,4.84,1122,Valid
INVT000114,PO000114,P0225,WH001,2025-11-23,1186,683,869,1000,347,132,77166310.0,Normal,4.32,1000,Valid
INVT000115,PO000115,P0240,WH001,2025-11-05,1040,181,49,1172,378,29,95113507.64,Normal,5.06,1172,Valid
INVT000116,PO000116,P0057,WH003,2026-05-03,120,126,94,152,45,53,6847005.68,Normal,0.5700000000000001,152,Valid
INVT000117,PO000117,P0275,WH002,2026-01-27,316,201,21,496,361,144,19813533.44,Normal,2.67,496,Valid
INVT000118,PO000118,P0261,WH002,2025-07-25,133,924,1030,27,132,180,198995.13,Reorder,0.15,27,Valid
INVT000119,PO000119,P0007,WH001,2025-07-19,709,877,429,1157,194,82,71302913.37,Overstock,4.99,1157,Valid
INVT000120,PO000120,P0121,WH003,2026-07-23,344,94,134,304,119,200,4913527.68,Normal,1.1400000000000001,304,Valid
INVT000121,PO000121,P0043,WH003,2026-02-28,1516,621,845,1292,466,119,27389779.84,Normal,4.85,1292,Valid
INVT000122,PO000122,P0057,WH001,2025-09-17,144,406,516,34,45,53,1511038.54,Reorder,0.15,34,Valid
INVT000123,PO000123,P0032,WH002,2025-02-09,127,671,775,23,237,188,387668.22,Reorder,0.12,23,Valid
INVT000124,PO000124,P0257,WH001,2025-10-22,663,952,763,852,336,211,55642867.56,Normal,3.68,852,Valid
INVT000125,PO000125,P0282,WH003,2025-01-20,194,207,261,140,246,248,5398465.8,Reorder,0.53,140,Valid
INVT000126,PO000126,P0136,WH001,2025-11-30,337,32,12,357,441,74,13456832.97,Reorder,1.54,357,Valid
INVT000127,PO000127,P0138,WH004,2026-06-08,685,23,14,694,183,201,39648157.54,Normal,4.75,694,Valid
INVT000128,PO000128,P0267,WH001,2026-07-28,1000,478,52,1426,309,30,14787377.58,Normal,6.15,1426,Valid
INVT000129,PO000129,P0007,WH002,2025-10-24,760,225,79,906,194,82,58445181.18,Normal,4.89,906,Valid
INVT000130,PO000130,P0230,WH003,2025-06-13,88,904,248,744,346,159,42816828.0,Normal,2.79,744,Valid
INVT000131,PO000131,P0276,WH003,2025-05-31,919,507,9,1417,382,193,115919371.2,Normal,5.32,1417,Valid
INVT000132,PO000132,P0044,WH003,2025-08-22,625,523,718,430,177,19,21071591.0,Normal,1.6099999999999999,430,Valid
INVT000133,PO000133,P0027,WH001,2025-10-21,1297,758,1080,975,495,214,58388898.75,Normal,4.21,975,Valid
INVT000134,PO000134,P0177,WH001,2026-04-23,475,146,100,521,450,112,30044574.73,Normal,2.25,521,Valid
INVT000135,PO000135,P0124,WH001,2025-12-17,1100,987,1299,788,411,167,60925252.28,Normal,3.4,788,Valid
INVT000136,PO000136,P0165,WH002,2025-05-29,1016,329,16,1329,491,224,70453080.9,Normal,7.17,1329,Valid
INVT000137,PO000137,P0108,WH002,2026-07-18,222,458,24,656,217,213,24136188.32,Normal,3.54,656,Valid
INVT000138,PO000138,P0233,WH001,2026-02-05,66,114,12,168,59,136,5805179.52,Normal,0.73,168,Valid
INVT000139,PO000139,P0090,WH004,2025-08-26,170,55,64,161,76,160,13919783.08,Normal,1.1,161,Valid
INVT000140,PO000140,P0051,WH001,2025-07-09,1197,308,354,1151,387,133,5790600.43,Normal,4.97,1151,Valid
INVT000141,PO000141,P0080,WH003,2025-05-11,964,327,146,1145,332,36,46677757.0,Normal,4.3,1145,Valid
INVT000142,PO000142,P0276,WH004,2026-03-11,108,521,316,313,382,193,26835189.59,Reorder,2.14,313,Valid
INVT000143,PO000143,P0174,WH004,2025-08-08,397,60,19,438,391,52,38977659.42,Normal,3.0,438,Valid
INVT000144,PO000144,P0221,WH003,2026-04-20,30,118,156,0,187,23,0.0,Stockout,0.0,0,Valid
INVT000145,PO000145,P0288,WH001,2026-02-26,81,420,396,105,42,71,3897166.35,Normal,0.45,105,Valid
INVT000146,PO000146,P0148,WH003,2025-08-06,40,113,70,83,247,48,4467134.7,Reorder,0.31,83,Valid
INVT000147,PO000147,P0261,WH002,2025-08-14,165,954,144,975,132,180,6972195.75,Overstock,5.26,975,Valid
INVT000148,PO000148,P0247,WH001,2025-06-25,793,554,735,612,303,118,17493469.2,Normal,2.64,612,Valid
INVT000149,PO000149,P0033,WH001,2026-07-15,1303,229,297,1235,441,103,58069440.65,Normal,5.33,1235,Valid
INVT000150,PO000150,P0260,WH002,2025-03-06,1032,858,775,1115,341,72,31754486.4,Normal,6.01,1115,Valid
INVT000151,PO000151,P0149,WH004,2025-10-03,430,659,860,229,487,100,10606485.37,Reorder,1.57,229,Valid
INVT000152,PO000152,P0055,WH002,2026-01-10,1222,920,1155,987,437,63,32325246.87,Normal,5.32,987,Valid
INVT000153,PO000153,P0168,WH002,2025-01-09,189,719,543,365,156,80,28765518.6,Normal,1.97,365,Valid
INVT000154,PO000154,P0196,WH003,2025-08-04,703,565,846,422,236,215,29873603.66,Normal,1.58,422,Valid
INVT000155,PO000155,P0041,WH001,2026-03-03,733,661,332,1062,372,143,38995609.86,Normal,4.58,1062,Valid
INVT000156,PO000156,P0069,WH003,2025-08-27,788,468,202,1054,302,96,48295650.2,Normal,3.96,1054,Valid
INVT000157,PO000157,P0105,WH003,2026-01-02,42,270,205,107,175,213,1304658.49,Reorder,0.4,107,Valid
INVT000158,PO000158,P0197,WH001,2025-06-30,739,619,839,519,223,17,11460775.98,Normal,2.24,519,Valid
INVT000159,PO000159,P0168,WH003,2026-05-09,551,953,124,1380,156,80,110099891.4,Overstock,5.18,1380,Valid
INVT000160,PO000160,P0284,WH002,2025-03-26,513,728,1082,159,318,224,5459816.73,Reorder,0.86,159,Valid
INVT000161,PO000161,P0056,WH001,2025-01-03,918,375,466,827,455,211,34495733.03,Normal,3.5700000000000003,827,Valid
INVT000162,PO000162,P0045,WH004,2025-08-25,1214,163,191,1186,388,79,58061910.88,Normal,8.12,1186,Valid
INVT000163,PO000163,P0221,WH004,2026-05-29,383,399,72,710,187,23,34811165.1,Normal,4.86,710,Valid
INVT000164,PO000164,P0010,WH001,2025-02-25,577,947,889,635,380,29,5508567.85,Normal,2.74,635,Valid
INVT000165,PO000165,P0284,WH004,2025-09-06,1263,196,3,1456,318,224,47495171.36,Normal,9.97,1456,Valid
INVT000166,PO000166,P0198,WH002,2025-05-05,3,289,95,197,38,223,14934676.38,Overstock,1.06,197,Valid
INVT000167,PO000167,P0008,WH001,2025-09-26,182,835,704,313,81,100,19603997.54,Normal,1.35,313,Valid
INVT000168,PO000168,P0164,WH002,2025-11-16,1396,896,472,1820,419,83,148889650.0,Normal,9.81,1820,Valid
INVT000169,PO000169,P0074,WH003,2026-06-13,198,977,779,396,87,78,19960007.76,Normal,1.49,396,Valid
INVT000170,PO000170,P0073,WH003,2025-02-28,675,11,1,685,216,72,20007521.1,Normal,2.5700000000000003,685,Valid
INVT000171,PO000171,P0106,WH003,2025-11-16,527,946,95,1378,213,184,23906467.26,Overstock,5.17,1378,Valid
INVT000172,PO000172,P0190,WH002,2026-06-28,217,274,254,237,238,85,15128565.57,Reorder,1.28,237,Valid
INVT000173,PO000173,P0150,WH003,2026-07-27,202,962,448,716,80,75,49664316.12,Overstock,2.69,716,Valid
INVT000174,PO000174,P0017,WH004,2025-04-28,95,538,49,584,419,65,43645526.16,Normal,4.0,584,Valid
INVT000175,PO000175,P0261,WH001,2025-07-30,94,786,791,89,132,180,592602.94,Reorder,0.38,89,Valid
INVT000176,PO000176,P0223,WH001,2025-09-30,1272,196,178,1290,362,20,2724363.9,Normal,5.57,1290,Valid
INVT000177,PO000177,P0168,WH003,2025-06-05,313,538,736,115,156,80,10030387.4,Reorder,0.43,115,Valid
INVT000178,PO000178,P0165,WH001,2026-01-16,568,966,904,630,491,224,34730816.4,Normal,2.7199999999999998,630,Valid
INVT000179,PO000179,P0134,WH001,2026-03-14,136,583,81,638,245,14,10316319.64,Normal,2.75,638,Valid
INVT000180,PO000180,P0058,WH003,2026-06-13,1041,397,48,1390,459,191,11501012.9,Normal,5.22,1390,Valid
INVT000181,PO000181,P0187,WH002,2026-02-27,42,851,212,681,114,24,24666616.77,Overstock,3.67,681,Valid
INVT000182,PO000182,P0184,WH003,2025-12-29,130,656,755,31,157,106,2469112.49,Reorder,0.12,31,Valid
INVT000183,PO000183,P0270,WH004,2026-04-22,88,28,9,107,429,112,8107952.82,Reorder,0.73,107,Valid
INVT000184,PO000184,P0066,WH001,2026-07-07,1238,933,1201,970,379,91,44389188.5,Normal,4.19,970,Valid
INVT000185,PO000185,P0153,WH004,2025-11-23,395,367,322,440,441,216,13781086.0,Reorder,3.01,440,Valid
INVT000186,PO000186,P0246,WH003,2026-05-25,733,345,297,781,213,207,60739525.88,Normal,2.93,781,Valid
INVT000187,PO000187,P0131,WH004,2025-10-07,1381,787,114,2054,393,68,49910597.88,Overstock,14.06,2054,Valid
INVT000188,PO000188,P0049,WH002,2025-08-22,741,314,311,744,495,201,20308633.2,Normal,4.01,744,Valid
INVT000189,PO000189,P0005,WH002,2025-12-31,305,946,1134,117,145,104,4311859.5,Reorder,0.63,117,Valid
INVT000190,PO000190,P0131,WH003,2026-05-27,822,578,333,1067,393,68,28643326.91,Normal,4.0,1067,Valid
INVT000191,PO000191,P0081,WH001,2026-02-26,148,156,211,93,211,168,2742033.39,Reorder,0.4,93,Valid
INVT000192,PO000192,P0051,WH003,2025-09-06,240,930,691,479,387,133,2369795.02,Normal,1.8,479,Valid
INVT000193,PO000193,P0216,WH003,2026-01-12,324,378,196,506,430,35,27064265.14,Normal,1.9,506,Valid
INVT000194,PO000194,P0041,WH001,2026-04-27,1407,765,123,2049,372,143,74157346.53,Overstock,8.84,2049,Valid
INVT000195,PO000195,P0084,WH001,2026-02-22,373,573,42,904,239,88,36958891.92,Normal,3.9,904,Valid
INVT000196,PO000196,P0001,WH003,2025-03-07,109,388,106,391,364,114,17386597.0,Normal,1.47,391,Valid
INVT000197,PO000197,P0159,WH001,2026-03-30,1121,764,456,1429,290,206,42604720.44,Normal,6.17,1429,Valid
INVT000198,PO000198,P0157,WH004,2026-04-05,349,794,857,286,432,85,6177648.62,Reorder,1.96,286,Valid
INVT000199,PO000199,P0117,WH002,2025-02-20,947,912,253,1606,490,224,80393677.98,Normal,8.66,1606,Valid
INVT000200,PO000200,P0276,WH004,2025-05-16,43,584,171,456,382,193,34460841.12,Normal,3.12,456,Valid
INVT000201,PO000201,P0148,WH002,2025-06-14,550,346,369,527,247,48,25013770.42,Normal,2.84,527,Valid
INVT000202,PO000202,P0077,WH001,2026-02-23,498,403,604,297,173,144,9326720.7,Normal,1.28,297,Valid
INVT000203,PO000203,P0254,WH002,2026-01-21,45,620,712,0,193,239,0.0,Stockout,0.0,0,Valid
INVT000204,PO000204,P0005,WH001,2026-05-19,338,664,716,286,145,104,10558485.08,Normal,1.23,286,Valid
INVT000205,PO000205,P0173,WH002,2026-06-30,1002,287,200,1089,340,55,35586799.38,Normal,5.87,1089,Valid
INVT000206,PO000206,P0045,WH001,2026-07-30,510,94,71,533,388,79,24769085.64,Normal,2.3,533,Valid
INVT000207,PO000207,P0186,WH003,2026-08-01,192,962,1085,69,147,34,4620825.12,Reorder,0.26,69,Valid
INVT000208,PO000208,P0300,WH001,2026-08-04,802,462,438,826,213,163,2286029.34,Normal,3.56,826,Valid
INVT000209,PO000209,P0296,WH001,2025-09-02,608,278,273,613,422,228,22528412.04,Normal,2.65,613,Valid
INVT000210,PO000210,P0178,WH001,2025-10-20,81,336,310,107,46,71,2416979.13,Normal,0.46,107,Valid
INVT000211,PO000211,P0090,WH003,2026-07-03,107,587,480,214,76,160,18103533.3,Normal,0.8,214,Valid
INVT000212,PO000212,P0268,WH003,2025-09-09,564,369,317,616,208,247,12330545.92,Normal,2.31,616,Valid
INVT000213,PO000213,P0254,WH001,2025-03-20,722,709,671,760,193,239,55696014.8,Normal,3.2800000000000002,760,Valid
INVT000214,PO000214,P0267,WH001,2025-09-01,1046,138,164,1020,309,30,11808397.2,Normal,4.4,1020,Valid
INVT000215,PO000215,P0111,WH004,2026-01-07,76,216,268,24,40,62,314440.8,Reorder,0.16,24,Valid
INVT000216,PO000216,P0071,WH003,2025-05-15,1001,602,734,869,368,103,29631883.27,Normal,3.26,869,Valid
INVT000217,PO000217,P0103,WH002,2026-03-14,529,850,609,770,161,185,19244278.9,Normal,4.15,770,Valid
INVT000218,PO000218,P0075,WH003,2026-04-10,306,444,87,663,105,160,15640508.13,Overstock,2.49,663,Valid
INVT000219,PO000219,P0112,WH003,2026-07-25,528,34,14,548,439,184,11179693.2,Normal,2.06,548,Valid
INVT000220,PO000220,P0098,WH002,2025-09-26,449,86,112,423,256,35,9094690.35,Normal,2.2800000000000002,423,Valid
INVT000221,PO000221,P0299,WH003,2025-10-14,932,86,72,946,471,18,6753285.88,Normal,3.55,946,Valid
INVT000222,PO000222,P0229,WH004,2025-10-23,226,306,116,416,220,105,2727974.08,Normal,2.85,416,Valid
INVT000223,PO000223,P0121,WH003,2025-08-27,162,190,137,215,119,200,3460450.8,Normal,0.81,215,Valid
INVT000224,PO000224,P0093,WH002,2026-04-08,697,390,304,783,224,216,33886298.16,Normal,4.22,783,Valid
INVT000225,PO000225,P0272,WH003,2025-11-29,134,132,125,141,133,17,10589152.17,Normal,0.53,141,Valid
INVT000226,PO000226,P0016,WH001,2026-01-01,40,305,393,0,38,195,0.0,Stockout,0.0,0,Valid
INVT000227,PO000227,P0056,WH003,2026-04-29,1643,706,40,2309,455,211,94274484.26,Overstock,8.66,2309,Valid
INVT000228,PO000228,P0048,WH004,2025-07-08,1381,598,598,1381,370,99,117940203.4,Normal,9.45,1381,Valid
INVT000229,PO000229,P0005,WH002,2025-12-31,270,14,21,263,145,104,9089879.64,Normal,1.42,263,Valid
INVT000230,PO000230,P0018,WH004,2026-06-01,595,497,598,494,357,159,14399897.46,Normal,3.38,494,Valid
INVT000231,PO000231,P0173,WH002,2026-07-29,3,570,637,0,340,55,0.0,Stockout,0.0,0,Valid
INVT000232,PO000232,P0107,WH004,2026-05-02,293,556,138,711,328,235,21448637.46,Normal,4.87,711,Valid
INVT000233,PO000233,P0292,WH001,2025-07-08,1369,202,92,1479,355,98,88798272.6,Normal,6.38,1479,Valid
INVT000234,PO000234,P0006,WH004,2025-02-23,486,263,18,731,205,68,53353292.32,Normal,5.0,731,Valid
INVT000235,PO000235,P0244,WH001,2026-06-06,163,808,810,161,54,42,2172883.37,Normal,0.6900000000000001,161,Valid
INVT000236,PO000236,P0082,WH001,2025-10-23,320,689,728,281,151,103,15834605.71,Normal,1.21,281,Valid
INVT000237,PO000237,P0017,WH004,2025-04-21,1674,582,253,2003,419,65,158765111.0,Normal,13.71,2003,Valid
INVT000238,PO000238,P0202,WH003,2026-03-21,107,690,306,491,297,174,17062264.73,Normal,1.8399999999999999,491,Valid
INVT000239,PO000239,P0251,WH002,2026-07-15,691,830,694,827,184,38,29810405.88,Normal,4.46,827,Valid
INVT000240,PO000240,P0077,WH004,2025-10-26,36,912,706,242,173,144,8733387.96,Normal,1.6600000000000001,242,Valid
INVT000241,PO000241,P0174,WH004,2025-03-29,423,998,1497,0,391,52,0.0,Stockout,0.0,0,Valid
INVT000242,PO000242,P0112,WH002,2026-03-12,1087,558,431,1214,439,184,26705960.48,Normal,6.55,1214,Valid
INVT000243,PO000243,P0015,WH001,2026-06-13,322,748,34,1036,340,128,75296676.84,Normal,4.47,1036,Valid
INVT000244,PO000244,P0226,WH004,2025-11-17,285,435,105,615,229,114,6504203.1,Normal,4.21,615,Valid
INVT000245,PO000245,P0029,WH003,2025-11-24,181,841,449,573,236,45,36404036.55,Normal,2.15,573,Valid
INVT000246,PO000246,P0287,WH003,2026-05-17,806,749,480,1075,254,99,87429868.25,Normal,4.03,1075,Valid
INVT000247,PO000247,P0095,WH001,2026-02-24,812,477,584,705,393,151,16583665.65,Normal,3.04,705,Valid
INVT000248,PO000248,P0041,WH002,2026-06-09,1261,15,0,1276,372,143,47430502.24,Normal,6.88,1276,Valid
INVT000249,PO000249,P0145,WH001,2026-03-31,100,154,188,66,30,79,4454007.36,Normal,0.28,66,Valid
INVT000250,PO000250,P0134,WH002,2025-08-05,962,456,274,1144,245,14,17246703.76,Normal,6.17,1144,Valid
INVT000251,PO000251,P0157,WH003,2025-12-02,501,847,951,397,432,85,8655961.71,Reorder,1.49,397,Valid
INVT000252,PO000252,P0191,WH003,2026-03-20,1485,790,477,1798,429,204,128751687.4,Normal,6.75,1798,Valid
INVT000253,PO000253,P0053,WH003,2025-07-22,188,104,63,229,53,166,8362523.53,Normal,0.86,229,Valid
INVT000254,PO000254,P0157,WH001,2025-05-06,1049,20,11,1058,432,85,20363728.04,Normal,4.57,1058,Valid
INVT000255,PO000255,P0238,WH001,2025-11-18,673,802,1025,450,179,171,22583056.5,Normal,1.94,450,Valid
INVT000256,PO000256,P0273,WH004,2025-04-11,203,448,20,631,217,132,40401049.62,Normal,4.32,631,Valid
INVT000257,PO000257,P0297,WH003,2026-02-07,713,690,18,1385,364,12,37248730.15,Normal,5.2,1385,Valid
INVT000258,PO000258,P0205,WH001,2025-02-14,1817,277,172,1922,480,72,53744636.14,Normal,8.29,1922,Valid
INVT000259,PO000259,P0155,WH002,2025-03-25,1348,297,117,1528,338,157,72632991.04,Normal,8.24,1528,Valid
INVT000260,PO000260,P0146,WH002,2025-01-26,125,144,8,261,52,166,16124428.62,Overstock,1.4100000000000001,261,Valid
INVT000261,PO000261,P0282,WH002,2025-06-30,800,973,1004,769,246,248,30040908.1,Normal,4.15,769,Valid
INVT000262,PO000262,P0242,WH001,2025-11-29,182,173,119,236,228,88,2622401.32,Normal,1.02,236,Valid
INVT000263,PO000263,P0097,WH001,2025-04-02,205,794,635,364,197,84,26413485.28,Normal,1.57,364,Valid
INVT000264,PO000264,P0229,WH002,2025-12-11,413,579,636,356,220,105,2333636.96,Normal,1.92,356,Valid
INVT000265,PO000265,P0043,WH002,2025-11-17,1533,820,988,1365,466,119,27218823.45,Normal,7.36,1365,Valid
INVT000266,PO000266,P0190,WH003,2025-08-18,698,20,6,712,238,85,47308006.96,Normal,2.67,712,Valid
INVT000267,PO000267,P0267,WH004,2025-08-11,1095,760,1084,771,309,30,8128945.98,Normal,5.28,771,Valid
INVT000268,PO000268,P0079,WH004,2025-05-16,106,17,20,103,63,108,4924690.59,Normal,0.71,103,Valid
INVT000269,PO000269,P0153,WH003,2025-07-11,21,808,1161,0,441,216,0.0,Stockout,0.0,0,Valid
INVT000270,PO000270,P0155,WH001,2025-07-28,337,389,320,406,338,157,19563576.9,Normal,1.75,406,Valid
INVT000271,PO000271,P0258,WH004,2025-07-08,829,460,333,956,331,246,25796206.88,Normal,6.54,956,Valid
INVT000272,PO000272,P0038,WH004,2025-02-12,439,609,376,672,339,40,20666667.84,Normal,4.6,672,Valid
INVT000273,PO000273,P0252,WH003,2025-11-14,108,908,367,649,413,213,745259.68,Normal,2.44,649,Valid
INVT000274,PO000274,P0017,WH001,2025-03-14,311,474,350,435,419,65,32085173.7,Normal,1.88,435,Valid
INVT000275,PO000275,P0290,WH001,2025-02-24,178,946,587,537,95,201,39652472.01,Overstock,2.32,537,Valid
INVT000276,PO000276,P0235,WH004,2026-02-11,5,472,237,240,300,200,11383912.8,Reorder,1.6400000000000001,240,Valid
INVT000277,PO000277,P0026,WH002,2025-07-20,515,207,1,721,171,23,61645182.76,Normal,3.89,721,Valid
INVT000278,PO000278,P0091,WH001,2025-12-28,597,238,132,703,382,83,21816255.24,Normal,3.03,703,Valid
INVT000279,PO000279,P0061,WH004,2025-03-03,681,44,49,676,232,52,25217206.56,Normal,4.63,676,Valid
INVT000280,PO000280,P0197,WH003,2026-07-12,717,267,103,881,223,17,21145444.84,Normal,3.31,881,Valid
INVT000281,PO000281,P0297,WH002,2025-08-31,628,905,480,1053,364,12,28210196.43,Normal,5.68,1053,Valid
INVT000282,PO000282,P0184,WH001,2026-01-06,167,601,619,149,157,106,10042965.05,Reorder,0.64,149,Valid
INVT000283,PO000283,P0030,WH002,2025-10-28,955,438,482,911,258,168,74892544.76,Normal,4.91,911,Valid
INVT000284,PO000284,P0148,WH003,2026-05-31,917,583,589,911,247,48,43017174.03,Normal,3.42,911,Valid
INVT000285,PO000285,P0255,WH003,2025-11-14,48,508,448,108,163,172,4993256.88,Reorder,0.41000000000000003,108,Valid
INVT000286,PO000286,P0014,WH003,2026-07-11,82,622,44,660,31,150,15569268.0,Overstock,2.48,660,Valid
INVT000287,PO000287,P0277,WH003,2025-01-10,18,188,74,132,33,25,9682999.92,Normal,0.5,132,Valid
INVT000288,PO000288,P0157,WH002,2026-04-15,294,112,149,257,432,85,5281393.69,Reorder,1.3900000000000001,257,Valid
INVT000289,PO000289,P0267,WH002,2025-02-14,772,780,217,1335,309,30,16449189.15,Normal,7.2,1335,Valid
INVT000290,PO000290,P0095,WH002,2025-01-11,184,455,669,0,393,151,0.0,Stockout,0.0,0,Valid
INVT000291,PO000291,P0008,WH003,2026-02-03,296,698,275,719,81,100,43200805.83,Overstock,2.7,719,Valid
INVT000292,PO000292,P0148,WH001,2026-03-21,26,35,42,19,247,48,955964.67,Reorder,0.08,19,Valid
INVT000293,PO000293,P0011,WH001,2025-05-01,207,951,186,972,348,26,61560249.48,Normal,4.19,972,Valid
INVT000294,PO000294,P0243,WH002,2026-03-24,854,269,238,885,377,159,731187.0,Normal,4.77,885,Valid
INVT000295,PO000295,P0134,WH002,2025-08-15,836,43,11,868,245,14,14337103.2,Normal,4.68,868,Valid
INVT000296,PO000296,P0246,WH001,2026-04-22,235,800,125,910,213,207,66255216.3,Normal,3.93,910,Valid
INVT000297,PO000297,P0179,WH003,2025-12-23,162,517,189,490,128,245,3857461.3,Normal,1.8399999999999999,490,Valid
INVT000298,PO000298,P0122,WH003,2026-05-30,305,617,891,31,208,225,1480644.01,Reorder,0.12,31,Valid
INVT000299,PO000299,P0018,WH003,2025-11-29,651,513,325,839,357,159,25368415.11,Normal,3.15,839,Valid
INVT000300,PO000300,P0262,WH001,2026-05-05,448,52,74,426,159,57,27458298.6,Normal,1.8399999999999999,426,Valid
INVT000301,PO000301,P0151,WH004,2025-12-19,601,508,558,551,390,115,3595412.75,Normal,3.77,551,Valid
INVT000302,PO000302,P0103,WH003,2025-09-09,442,437,499,380,161,185,8221972.6,Normal,1.43,380,Valid
INVT000303,PO000303,P0293,WH002,2026-08-03,801,357,337,821,212,211,36158202.86,Normal,4.43,821,Valid
INVT000304,PO000304,P0104,WH001,2025-03-19,594,324,168,750,297,48,17593957.5,Normal,3.24,750,Valid
INVT000305,PO000305,P0160,WH002,2026-07-23,574,620,121,1073,173,173,52738314.82,Overstock,5.79,1073,Valid
INVT000306,PO000306,P0046,WH002,2026-07-08,1748,606,820,1534,486,202,71505876.0,Normal,8.27,1534,Valid
INVT000307,PO000307,P0058,WH001,2025-10-13,1483,91,86,1488,459,191,12699618.72,Normal,6.42,1488,Valid
INVT000308,PO000308,P0242,WH002,2025-07-22,772,56,10,818,228,88,10195821.94,Normal,4.41,818,Valid
INVT000309,PO000309,P0103,WH003,2025-02-14,75,691,751,15,161,185,334597.65,Reorder,0.06,15,Valid
INVT000310,PO000310,P0264,WH002,2025-01-18,412,525,444,493,126,166,7337111.94,Normal,2.66,493,Valid
INVT000311,PO000311,P0188,WH003,2025-09-24,590,321,458,453,324,165,931852.71,Normal,1.7000000000000002,453,Valid
INVT000312,PO000312,P0025,WH003,2025-09-03,1554,799,136,2217,417,19,28706469.78,Overstock,8.32,2217,Valid
INVT000313,PO000313,P0041,WH004,2026-05-16,1063,764,51,1776,372,143,58700920.32,Normal,12.16,1776,Valid
INVT000314,PO000314,P0248,WH003,2025-05-09,1416,852,38,2230,444,184,194266427.7,Overstock,8.37,2230,Valid
INVT000315,PO000315,P0108,WH004,2025-04-01,168,467,371,264,217,213,9731729.04,Normal,1.81,264,Valid
INVT000316,PO000316,P0180,WH004,2025-04-07,825,298,189,934,306,39,32841971.14,Normal,6.39,934,Valid
INVT000317,PO000317,P0180,WH001,2025-11-15,238,609,129,718,306,39,23237150.96,Normal,3.1,718,Valid
INVT000318,PO000318,P0093,WH004,2026-01-14,444,303,82,665,224,216,26381527.55,Normal,4.55,665,Valid
INVT000319,PO000319,P0095,WH002,2025-01-13,1543,614,721,1436,393,151,35741566.12,Normal,7.74,1436,Valid
INVT000320,PO000320,P0044,WH002,2026-03-25,541,505,176,870,177,19,51194323.5,Normal,4.69,870,Valid
INVT000321,PO000321,P0107,WH004,2025-07-18,607,297,220,684,328,235,22335000.84,Normal,4.68,684,Valid
INVT000322,PO000322,P0153,WH003,2025-07-24,222,631,341,512,441,216,15922918.4,Normal,1.92,512,Valid
INVT000323,PO000323,P0163,WH001,2025-05-30,651,663,675,639,201,83,31011155.64,Normal,2.76,639,Valid
INVT000324,PO000324,P0196,WH003,2026-03-18,728,432,298,862,236,215,54346755.36,Normal,3.23,862,Valid
INVT000325,PO000325,P0190,WH003,2025-06-27,362,785,81,1066,238,85,66489628.66,Normal,4.0,1066,Valid
INVT000326,PO000326,P0138,WH003,2026-04-05,255,414,122,547,183,201,31466514.14,Normal,2.05,547,Valid
INVT000327,PO000327,P0094,WH003,2026-06-15,740,686,159,1267,216,65,34594079.31,Overstock,4.75,1267,Valid
INVT000328,PO000328,P0160,WH003,2026-01-04,349,481,552,278,173,173,12103249.86,Normal,1.04,278,Valid
INVT000329,PO000329,P0261,WH001,2026-04-06,21,614,194,441,132,180,2875430.25,Normal,1.9,441,Valid
INVT000330,PO000330,P0226,WH002,2025-04-30,559,321,151,729,229,114,7175649.06,Normal,3.93,729,Valid
INVT000331,PO000331,P0091,WH002,2025-10-22,788,287,305,770,382,83,24152066.4,Normal,4.15,770,Valid
INVT000332,PO000332,P0194,WH002,2025-03-25,20,984,750,254,145,42,19487680.1,Normal,1.37,254,Valid
INVT000333,PO000333,P0208,WH003,2026-01-10,258,557,734,81,159,116,2448817.92,Reorder,0.30000000000000004,81,Valid
INVT000334,PO000334,P0054,WH003,2026-06-29,97,313,332,78,114,156,3767222.16,Reorder,0.29,78,Valid
INVT000335,PO000335,P0026,WH004,2026-07-22,511,270,87,694,171,23,57196849.74,Normal,4.75,694,Valid
INVT000336,PO000336,P0191,WH003,2025-08-17,1499,717,940,1276,429,204,90099903.96,Normal,4.79,1276,Valid
INVT000337,PO000337,P0218,WH001,2025-04-13,52,924,345,631,52,176,27616453.27,Overstock,2.7199999999999998,631,Valid
INVT000338,PO000338,P0133,WH001,2026-04-16,136,842,208,770,118,125,49818214.6,Overstock,3.32,770,Valid
INVT000339,PO000339,P0017,WH001,2025-11-02,265,76,10,331,419,65,25738821.49,Reorder,1.43,331,Valid
INVT000340,PO000340,P0150,WH002,2026-07-20,302,367,376,293,80,75,21064332.56,Normal,1.58,293,Valid
INVT000341,PO000341,P0049,WH004,2025-08-29,579,796,894,481,495,201,14495526.63,Reorder,3.29,481,Valid
INVT000342,PO000342,P0158,WH002,2026-04-07,480,20,23,477,298,222,17124218.91,Normal,2.5700000000000003,477,Valid
INVT000343,PO000343,P0092,WH003,2025-03-18,341,604,620,325,369,36,5761434.25,Reorder,1.22,325,Valid
INVT000344,PO000344,P0111,WH001,2025-07-18,50,257,161,146,40,62,1870067.28,Normal,0.63,146,Valid
INVT000345,PO000345,P0051,WH002,2026-03-22,928,12,17,923,387,133,5191994.99,Normal,4.98,923,Valid
INVT000346,PO000346,P0070,WH002,2026-06-12,986,882,1294,574,306,185,40742640.54,Normal,3.1,574,Valid
INVT000347,PO000347,P0011,WH003,2025-05-15,1023,210,100,1133,348,26,67289187.24,Normal,4.25,1133,Valid
INVT000348,PO000348,P0268,WH002,2025-02-10,469,344,4,809,208,247,18963299.78,Normal,4.36,809,Valid
INVT000349,PO000349,P0033,WH003,2025-08-21,548,459,581,426,441,103,19908117.42,Reorder,1.6,426,Valid
INVT000350,PO000350,P0114,WH003,2025-05-11,199,703,152,750,70,236,58241760.0,Overstock,2.81,750,Valid
INVT000351,PO000351,P0110,WH003,2025-04-11,659,740,577,822,228,116,15501506.16,Normal,3.08,822,Valid
INVT000352,PO000352,P0094,WH003,2025-01-11,529,753,276,1006,216,65,24580131.18,Normal,3.7800000000000002,1006,Valid
INVT000353,PO000353,P0210,WH004,2025-08-27,4,547,218,333,136,236,22809008.16,Normal,2.2800000000000002,333,Valid
INVT000354,PO000354,P0057,WH003,2025-08-27,13,942,206,749,45,53,29482340.23,Overstock,2.81,749,Valid
INVT000355,PO000355,P0237,WH001,2025-12-13,164,212,278,98,290,24,2471438.48,Reorder,0.42,98,Valid
INVT000356,PO000356,P0101,WH001,2025-08-24,105,892,1101,0,36,204,0.0,Stockout,0.0,0,Valid
INVT000357,PO000357,P0133,WH003,2026-07-07,380,994,1432,0,118,125,0.0,Stockout,0.0,0,Valid
INVT000358,PO000358,P0203,WH004,2025-08-15,27,993,146,874,63,71,19288716.78,Overstock,5.98,874,Valid
INVT000359,PO000359,P0075,WH004,2025-12-31,383,775,939,219,105,160,4896982.35,Normal,1.5,219,Valid
INVT000360,PO000360,P0153,WH003,2025-03-02,1602,340,178,1764,441,216,51301653.48,Normal,6.62,1764,Valid
INVT000361,PO000361,P0180,WH001,2025-09-26,133,267,281,119,306,39,4020999.29,Reorder,0.51,119,Valid
INVT000362,PO000362,P0100,WH003,2025-12-16,1130,458,504,1084,311,64,880067.08,Normal,4.07,1084,Valid
INVT000363,PO000363,P0027,WH002,2025-09-13,1199,19,10,1208,495,214,73534958.48,Normal,6.51,1208,Valid
INVT000364,PO000364,P0267,WH002,2026-03-26,89,566,83,572,309,30,7054161.4,Normal,3.08,572,Valid
INVT000365,PO000365,P0298,WH003,2025-05-31,718,320,135,903,432,66,12219964.89,Normal,3.39,903,Valid
INVT000366,PO000366,P0273,WH003,2026-04-08,577,901,198,1280,217,132,82189683.2,Overstock,4.8,1280,Valid
INVT000367,PO000367,P0247,WH001,2025-02-08,203,488,90,601,303,118,19058821.85,Normal,2.59,601,Valid
INVT000368,PO000368,P0189,WH001,2026-01-03,1,877,617,261,72,109,12863110.95,Normal,1.13,261,Valid
INVT000369,PO000369,P0255,WH001,2025-11-18,56,92,69,79,163,172,3504904.52,Reorder,0.34,79,Valid
INVT000370,PO000370,P0105,WH004,2025-09-18,81,694,231,544,175,213,6661171.2,Normal,3.7199999999999998,544,Valid
INVT000371,PO000371,P0266,WH001,2026-05-29,322,453,378,397,470,103,27767676.69,Reorder,1.71,397,Valid
INVT000372,PO000372,P0211,WH003,2026-02-27,570,974,79,1465,173,144,66987623.1,Overstock,5.5,1465,Valid
INVT000373,PO000373,P0213,WH001,2025-10-23,173,914,1314,0,76,205,0.0,Stockout,0.0,0,Valid
INVT000374,PO000374,P0176,WH003,2026-01-22,320,482,701,101,174,94,3364011.04,Reorder,0.38,101,Valid
INVT000375,PO000375,P0125,WH003,2025-04-30,155,791,662,284,177,14,3421419.0,Normal,1.07,284,Valid
INVT000376,PO000376,P0283,WH002,2025-11-18,699,985,190,1494,321,33,79181417.34,Normal,8.06,1494,Valid
INVT000377,PO000377,P0251,WH001,2025-06-02,306,418,474,250,184,38,8805192.5,Normal,1.08,250,Valid
INVT000378,PO000378,P0023,WH002,2025-04-24,1044,1000,1440,604,301,65,10943211.6,Normal,3.26,604,Valid
INVT000379,PO000379,P0015,WH002,2025-05-08,11,13,12,12,340,128,892960.08,Reorder,0.06,12,Valid
INVT000380,PO000380,P0202,WH001,2025-09-21,245,387,278,354,297,174,10886696.52,Normal,1.53,354,Valid
INVT000381,PO000381,P0087,WH001,2025-10-25,406,251,306,351,237,242,30146568.66,Normal,1.51,351,Valid
INVT000382,PO000382,P0157,WH002,2026-07-21,1576,558,495,1639,432,85,31719271.98,Normal,8.84,1639,Valid
INVT000383,PO000383,P0162,WH003,2025-06-07,398,520,101,817,216,189,48374529.15,Normal,3.07,817,Valid
INVT000384,PO000384,P0269,WH004,2026-02-18,256,475,181,550,252,243,44530436.5,Normal,3.77,550,Valid
INVT000385,PO000385,P0241,WH002,2025-03-16,9,850,794,65,252,138,1701807.9,Reorder,0.35000000000000003,65,Valid
INVT000386,PO000386,P0004,WH001,2025-12-27,143,775,791,127,310,85,8724234.52,Reorder,0.55,127,Valid
INVT000387,PO000387,P0069,WH001,2025-07-19,341,726,917,150,302,96,6252612.0,Reorder,0.65,150,Valid
INVT000388,PO000388,P0159,WH002,2026-01-17,1023,669,784,908,290,206,29269425.4,Normal,4.9,908,Valid
INVT000389,PO000389,P0063,WH004,2026-01-24,472,905,808,569,443,35,19133216.76,Normal,3.9,569,Valid
INVT000390,PO000390,P0088,WH004,2026-05-13,735,146,70,811,384,57,17379997.63,Normal,5.55,811,Valid
INVT000391,PO000391,P0276,WH002,2025-02-12,72,218,132,158,382,193,12981458.54,Reorder,0.85,158,Valid
INVT000392,PO000392,P0174,WH002,2026-05-30,262,268,369,161,391,52,13631234.05,Reorder,0.87,161,Valid
INVT000393,PO000393,P0235,WH004,2025-03-30,423,44,24,443,300,200,23392477.67,Normal,3.03,443,Valid
INVT000394,PO000394,P0112,WH002,2025-12-22,48,570,3,615,439,184,13717390.5,Normal,3.32,615,Valid
INVT000395,PO000395,P0112,WH002,2026-07-09,915,148,98,965,439,184,21998912.0,Normal,5.2,965,Valid
INVT000396,PO000396,P0141,WH003,2026-03-30,748,770,372,1146,230,103,26919872.34,Normal,4.3,1146,Valid
INVT000397,PO000397,P0161,WH003,2025-04-26,52,753,918,0,40,242,0.0,Stockout,0.0,0,Valid
INVT000398,PO000398,P0281,WH004,2025-01-23,128,222,301,49,94,20,2945417.93,Reorder,0.34,49,Valid
INVT000399,PO000399,P0018,WH004,2026-07-23,444,855,59,1240,357,159,36154295.6,Normal,8.49,1240,Valid
INVT000400,PO000400,P0148,WH002,2025-12-27,565,783,870,478,247,48,23385160.54,Normal,2.58,478,Valid
INVT000401,PO000401,P0040,WH003,2025-09-06,498,285,258,525,191,99,23218608.0,Normal,1.97,525,Valid
INVT000402,PO000402,P0198,WH001,2025-10-19,126,875,232,769,38,223,54867996.2,Overstock,3.32,769,Valid
INVT000403,PO000403,P0191,WH002,2025-11-29,726,908,762,872,429,204,61953184.56,Normal,4.7,872,Valid
INVT000404,PO000404,P0164,WH001,2025-11-21,1071,432,565,938,419,83,69244867.16,Normal,4.05,938,Valid
INVT000405,PO000405,P0060,WH001,2026-07-31,729,879,174,1434,311,48,7981213.8,Normal,6.19,1434,Valid
INVT000406,PO000406,P0061,WH003,2026-04-18,926,797,487,1236,232,52,48827314.8,Overstock,4.64,1236,Valid
INVT000407,PO000407,P0150,WH004,2026-01-13,83,976,1454,0,80,75,0.0,Stockout,0.0,0,Valid
INVT000408,PO000408,P0253,WH004,2025-10-11,787,723,557,953,310,246,64795813.73,Normal,6.52,953,Valid
INVT000409,PO000409,P0127,WH003,2025-09-11,447,536,528,455,369,148,35415207.1,Normal,1.71,455,Valid
INVT000410,PO000410,P0289,WH001,2026-05-24,67,864,937,0,22,220,0.0,Stockout,0.0,0,Valid
INVT000411,PO000411,P0243,WH002,2025-08-31,93,922,1222,0,377,159,0.0,Stockout,0.0,0,Valid
INVT000412,PO000412,P0192,WH003,2025-02-20,334,216,190,360,215,162,17936805.6,Normal,1.35,360,Valid
INVT000413,PO000413,P0006,WH004,2026-02-05,142,483,699,0,205,68,0.0,Stockout,0.0,0,Valid
INVT000414,PO000414,P0234,WH002,2025-11-08,159,144,118,185,150,113,3981710.6,Normal,1.0,185,Valid
INVT000415,PO000415,P0092,WH004,2025-06-02,78,901,1147,0,369,36,0.0,Stockout,0.0,0,Valid
INVT000416,PO000416,P0156,WH001,2025-07-15,334,444,521,257,140,169,17504527.0,Normal,1.11,257,Valid
INVT000417,PO000417,P0011,WH003,2026-06-08,175,920,943,152,348,26,8125281.6,Reorder,0.5700000000000001,152,Valid
INVT000418,PO000418,P0012,WH002,2026-01-26,889,885,974,800,307,35,62154016.0,Normal,4.31,800,Valid
INVT000419,PO000419,P0053,WH004,2025-12-09,206,475,278,403,53,166,14897962.95,Overstock,2.76,403,Valid
INVT000420,PO000420,P0082,WH002,2025-01-27,550,765,731,584,151,103,33401354.4,Normal,3.15,584,Valid
INVT000421,PO000421,P0202,WH003,2025-04-09,350,940,864,426,297,174,13427460.36,Normal,1.6,426,Valid
INVT000422,PO000422,P0255,WH003,2026-04-27,551,846,447,950,163,172,42929911.0,Overstock,3.56,950,Valid
INVT000423,PO000423,P0070,WH004,2025-03-28,1155,400,265,1290,306,185,92712648.3,Normal,8.83,1290,Valid
INVT000424,PO000424,P0262,WH001,2026-03-23,15,392,480,0,159,57,0.0,Stockout,0.0,0,Valid
INVT000425,PO000425,P0295,WH003,2025-02-07,422,570,702,290,261,18,17273928.3,Normal,1.09,290,Valid
INVT000426,PO000426,P0232,WH004,2025-04-22,339,765,288,816,293,69,31704880.32,Normal,5.59,816,Valid
INVT000427,PO000427,P0069,WH001,2025-10-18,519,745,161,1103,302,96,44990090.52,Normal,4.76,1103,Valid
INVT000428,PO000428,P0134,WH003,2025-12-27,691,469,599,561,245,14,7737749.58,Normal,2.11,561,Valid
INVT000429,PO000429,P0266,WH003,2025-05-17,361,204,192,373,470,103,28137568.32,Reorder,1.4,373,Valid
INVT000430,PO000430,P0037,WH004,2025-06-27,748,925,1081,592,344,50,19266758.4,Normal,4.05,592,Valid
INVT000431,PO000431,P0116,WH002,2025-12-21,23,845,1156,0,51,95,0.0,Stockout,0.0,0,Valid
INVT000432,PO000432,P0185,WH004,2025-10-03,244,36,28,252,166,111,12968245.08,Normal,1.73,252,Valid
INVT000433,PO000433,P0174,WH004,2025-05-01,1346,375,460,1261,391,52,94780467.34,Normal,8.63,1261,Valid
INVT000434,PO000434,P0081,WH002,2025-01-28,265,586,646,205,211,168,5717185.55,Reorder,1.11,205,Valid
INVT000435,PO000435,P0199,WH003,2025-04-24,691,402,448,645,325,187,41195317.95,Normal,2.42,645,Valid
INVT000436,PO000436,P0287,WH003,2025-05-19,1014,233,288,959,254,99,73976991.48,Normal,3.6,959,Valid
INVT000437,PO000437,P0001,WH002,2025-05-18,848,97,41,904,364,114,42994203.84,Normal,4.87,904,Valid
INVT000438,PO000438,P0166,WH002,2025-07-22,435,624,573,486,209,166,8925598.98,Normal,2.62,486,Valid
INVT000439,PO000439,P0231,WH001,2025-06-18,819,549,137,1231,295,51,49681744.35,Normal,5.31,1231,Valid
INVT000440,PO000440,P0040,WH004,2025-11-16,167,331,188,310,191,99,13278034.7,Normal,2.12,310,Valid
INVT000441,PO000441,P0258,WH001,2026-06-03,1149,398,247,1300,331,246,36746905.0,Normal,5.61,1300,Valid
INVT000442,PO000442,P0141,WH001,2026-07-04,672,879,1048,503,230,103,11728717.59,Normal,2.17,503,Valid
INVT000443,PO000443,P0201,WH003,2026-05-11,42,313,342,13,47,245,1073266.48,Reorder,0.05,13,Valid
INVT000444,PO000444,P0115,WH003,2025-12-24,405,720,1073,52,150,154,1647195.16,Reorder,0.2,52,Valid
INVT000445,PO000445,P0268,WH003,2025-12-05,327,709,147,889,208,247,18469455.06,Normal,3.34,889,Valid
INVT000446,PO000446,P0290,WH003,2026-07-14,62,629,875,0,95,201,0.0,Stockout,0.0,0,Valid
INVT000447,PO000447,P0283,WH002,2025-03-24,839,991,608,1222,321,33,64099020.18,Normal,6.59,1222,Valid
INVT000448,PO000448,P0262,WH004,2026-02-20,408,97,142,363,159,57,27500585.97,Normal,2.48,363,Valid
INVT000449,PO000449,P0023,WH004,2025-06-25,325,773,1121,0,301,65,0.0,Stockout,0.0,0,Valid
INVT000450,PO000450,P0003,WH003,2025-11-20,692,522,125,1089,234,143,93240397.8,Normal,4.09,1089,Valid
INVT000451,PO000451,P0030,WH003,2025-02-21,19,543,66,496,258,168,41102572.64,Normal,1.8599999999999999,496,Valid
INVT000452,PO000452,P0094,WH001,2025-01-13,178,20,8,190,216,65,4608980.1,Reorder,0.8200000000000001,190,Valid
INVT000453,PO000453,P0173,WH001,2025-09-12,765,920,596,1089,340,55,34689245.58,Normal,4.7,1089,Valid
INVT000454,PO000454,P0214,WH004,2026-02-16,401,737,421,717,124,156,16199647.05,Overstock,4.91,717,Valid
INVT000455,PO000455,P0112,WH001,2026-01-06,127,27,25,129,439,184,2648964.69,Reorder,0.56,129,Valid
INVT000456,PO000456,P0193,WH003,2025-10-18,1520,173,257,1436,470,163,41843560.92,Normal,5.39,1436,Valid
INVT000457,PO000457,P0216,WH001,2026-01-10,1000,463,618,845,430,35,44212259.0,Normal,3.65,845,Valid
INVT000458,PO000458,P0082,WH001,2026-01-30,279,719,583,415,151,103,22025116.55,Normal,1.79,415,Valid
INVT000459,PO000459,P0184,WH004,2025-07-20,620,148,189,579,157,106,42307900.56,Normal,3.96,579,Valid
INVT000460,PO000460,P0197,WH002,2025-12-03,410,956,784,582,223,17,12900321.0,Normal,3.14,582,Valid
INVT000461,PO000461,P0100,WH002,2026-04-29,1202,365,283,1284,311,64,953780.88,Normal,6.92,1284,Valid
INVT000462,PO000462,P0167,WH001,2025-06-26,1366,214,276,1304,451,169,21787153.76,Normal,5.63,1304,Valid
INVT000463,PO000463,P0177,WH003,2026-01-31,595,829,1016,408,450,112,25852136.64,Reorder,1.53,408,Valid
INVT000464,PO000464,P0278,WH004,2026-05-23,819,129,168,780,495,236,16067937.6,Normal,5.34,780,Valid
INVT000465,PO000465,P0198,WH003,2025-03-15,104,191,252,43,38,223,3178201.38,Normal,0.16,43,Valid
INVT000466,PO000466,P0135,WH001,2025-09-05,59,846,611,294,182,127,21258066.9,Normal,1.27,294,Valid
INVT000467,PO000467,P0061,WH001,2025-06-01,339,810,1017,132,232,52,5593353.48,Reorder,0.5700000000000001,132,Valid
INVT000468,PO000468,P0193,WH004,2025-03-21,1701,937,1055,1583,470,163,42087490.11,Normal,10.84,1583,Valid
INVT000469,PO000469,P0008,WH002,2025-07-05,239,893,455,677,81,100,41971400.32,Overstock,3.65,677,Valid
INVT000470,PO000470,P0126,WH004,2026-03-24,468,516,90,894,226,14,50343705.78,Normal,6.12,894,Valid
INVT000471,PO000471,P0029,WH002,2025-12-20,873,345,247,971,236,45,60263037.06,Normal,5.24,971,Valid
INVT000472,PO000472,P0020,WH002,2026-06-08,66,797,156,707,28,180,50894413.08,Overstock,3.81,707,Valid
INVT000473,PO000473,P0244,WH003,2025-07-08,121,687,136,672,54,42,10242805.44,Overstock,2.52,672,Valid
INVT000474,PO000474,P0294,WH002,2025-10-10,570,73,69,574,481,19,27441223.74,Normal,3.1,574,Valid
INVT000475,PO000475,P0141,WH001,2025-07-26,106,949,877,178,230,103,4275221.8,Reorder,0.77,178,Valid
INVT000476,PO000476,P0086,WH001,2026-03-29,1262,71,34,1299,442,229,60280198.92,Normal,5.61,1299,Valid
INVT000477,PO000477,P0249,WH004,2026-05-13,965,181,154,992,257,96,12666828.16,Normal,6.79,992,Valid
INVT000478,PO000478,P0046,WH003,2025-01-18,1253,697,94,1856,486,202,85607870.08,Normal,6.96,1856,Valid
INVT000479,PO000479,P0263,WH003,2025-01-25,181,699,515,365,72,247,26672484.5,Overstock,1.37,365,Valid
INVT000480,PO000480,P0011,WH001,2026-03-19,327,595,156,766,348,26,40987602.92,Normal,3.31,766,Valid
INVT000481,PO000481,P0139,WH004,2025-12-09,97,894,11,980,42,232,62126022.0,Overstock,6.71,980,Valid
INVT000482,PO000482,P0087,WH003,2025-05-07,414,202,21,595,237,242,45051043.8,Normal,2.23,595,Valid
INVT000483,PO000483,P0186,WH004,2025-08-25,586,302,391,497,147,34,29634539.48,Normal,3.4,497,Valid
INVT000484,PO000484,P0202,WH001,2025-03-18,69,719,833,0,297,174,0.0,Stockout,0.0,0,Valid
INVT000485,PO000485,P0286,WH002,2025-07-07,363,574,585,352,421,85,17890871.68,Reorder,1.9,352,Valid
INVT000486,PO000486,P0083,WH001,2025-09-09,78,825,347,556,435,180,30454321.76,Normal,2.4,556,Valid
INVT000487,PO000487,P0263,WH004,2025-01-17,158,423,336,245,72,247,19471259.85,Normal,1.6800000000000002,245,Valid
INVT000488,PO000488,P0037,WH003,2025-03-13,1239,802,189,1852,344,50,61101609.96,Overstock,6.95,1852,Valid
INVT000489,PO000489,P0210,WH002,2025-12-18,11,908,341,578,136,236,39713749.98,Normal,3.12,578,Valid
INVT000490,PO000490,P0121,WH002,2026-07-25,62,374,320,116,119,200,1739933.88,Reorder,0.63,116,Valid
INVT000491,PO000491,P0283,WH003,2026-02-15,920,402,187,1135,321,33,61688623.35,Normal,4.26,1135,Valid
INVT000492,PO000492,P0022,WH003,2025-01-23,323,129,120,332,356,116,21843641.2,Reorder,1.25,332,Valid
INVT000493,PO000493,P0046,WH003,2025-06-16,1377,377,109,1645,486,202,64711914.75,Normal,6.17,1645,Valid
INVT000494,PO000494,P0170,WH003,2025-05-30,668,106,9,765,210,177,45943780.95,Normal,2.87,765,Valid
INVT000495,PO000495,P0057,WH001,2025-01-15,149,402,343,208,45,53,7700557.28,Normal,0.9,208,Valid
INVT000496,PO000496,P0180,WH001,2025-03-28,403,923,1351,0,306,39,0.0,Stockout,0.0,0,Valid
INVT000497,PO000497,P0002,WH002,2025-01-12,792,293,379,706,301,86,60290507.92,Normal,3.81,706,Valid
INVT000498,PO000498,P0152,WH002,2026-01-22,230,106,93,243,360,101,7662788.73,Reorder,1.31,243,Valid
INVT000499,PO000499,P0106,WH002,2025-07-05,730,973,1135,568,213,184,8908182.56,Normal,3.06,568,Valid
INVT000500,PO000500,P0139,WH001,2026-08-03,60,693,928,0,42,232,0.0,Stockout,0.0,0,Valid
INVT000501,PO000501,P0081,WH002,2025-05-27,223,405,590,38,211,168,1088451.48,Reorder,0.2,38,Valid
INVT000502,PO000502,P0284,WH001,2025-07-12,733,133,12,854,318,224,32021353.42,Normal,3.69,854,Valid
INVT000503,PO000503,P0284,WH002,2026-02-20,821,613,484,950,318,224,36820204.5,Normal,5.12,950,Valid
INVT000504,PO000504,P0190,WH003,2025-05-21,127,434,550,11,238,85,700211.27,Reorder,0.04,11,Valid
INVT000505,PO000505,P0180,WH001,2025-11-17,1060,564,185,1439,306,39,49652738.17,Normal,6.21,1439,Valid
INVT000506,PO000506,P0270,WH001,2026-05-14,1403,506,99,1810,429,112,133203239.5,Normal,7.8100000000000005,1810,Valid
INVT000507,PO000507,P0244,WH002,2026-07-31,77,861,1114,0,54,42,0.0,Stockout,0.0,0,Valid
INVT000508,PO000508,P0203,WH001,2025-02-24,87,706,210,583,63,71,12242207.12,Overstock,2.52,583,Valid
INVT000509,PO000509,P0288,WH004,2026-01-27,74,393,271,196,42,71,6251398.44,Normal,1.34,196,Valid
INVT000510,PO000510,P0287,WH001,2026-08-03,96,242,92,246,254,99,17119912.44,Reorder,1.06,246,Valid
INVT000511,PO000511,P0246,WH003,2026-06-25,456,930,759,627,213,207,41816247.66,Normal,2.35,627,Valid
INVT000512,PO000512,P0196,WH004,2025-08-13,248,885,822,311,236,215,20484167.39,Normal,2.13,311,Valid
INVT000513,PO000513,P0090,WH004,2026-01-09,198,768,505,461,76,160,34563101.59,Overstock,3.16,461,Valid
INVT000514,PO000514,P0294,WH001,2026-01-12,1379,933,749,1563,481,19,72993240.99,Normal,6.75,1563,Valid
INVT000515,PO000515,P0192,WH003,2025-01-13,581,46,35,592,215,162,25310143.04,Normal,2.22,592,Valid
INVT000516,PO000516,P0095,WH003,2025-02-18,73,648,105,616,393,151,15249868.48,Normal,2.31,616,Valid
INVT000517,PO000517,P0154,WH004,2025-11-22,1605,536,241,1900,404,23,60184742.0,Normal,13.01,1900,Valid
INVT000518,PO000518,P0050,WH004,2025-11-17,624,846,425,1045,162,116,46346544.2,Overstock,7.15,1045,Valid
INVT000519,PO000519,P0144,WH003,2025-08-04,984,213,151,1046,391,246,43541277.16,Normal,3.93,1046,Valid
INVT000520,PO000520,P0284,WH001,2026-04-19,664,480,172,972,318,224,36328354.2,Normal,4.19,972,Valid
INVT000521,PO000521,P0012,WH002,2025-08-04,411,438,625,224,307,35,20504314.88,Reorder,1.21,224,Valid
INVT000522,PO000522,P0055,WH001,2025-11-25,3,384,353,34,437,63,1006111.34,Reorder,0.15,34,Valid
INVT000523,PO000523,P0129,WH004,2025-02-14,239,113,38,314,126,140,5431700.74,Normal,2.15,314,Valid
INVT000524,PO000524,P0157,WH001,2025-11-10,518,748,577,689,432,85,15168403.9,Normal,2.9699999999999998,689,Valid
INVT000525,PO000525,P0035,WH001,2025-02-04,353,513,298,568,489,155,30632648.96,Normal,2.45,568,Valid
INVT000526,PO000526,P0185,WH001,2026-03-21,298,113,51,360,166,111,20013343.2,Normal,1.55,360,Valid
INVT000527,PO000527,P0014,WH002,2026-02-27,34,736,793,0,31,150,0.0,Stockout,0.0,0,Valid
INVT000528,PO000528,P0198,WH001,2025-11-28,20,31,32,19,38,223,1445331.9,Reorder,0.08,19,Valid
INVT000529,PO000529,P0106,WH003,2026-05-19,158,69,76,151,213,184,2602765.86,Reorder,0.5700000000000001,151,Valid
INVT000530,PO000530,P0030,WH002,2026-05-27,498,557,829,226,258,168,19673831.1,Reorder,1.22,226,Valid
INVT000531,PO000531,P0173,WH001,2026-04-17,890,638,865,663,340,55,21066712.29,Normal,2.86,663,Valid
INVT000532,PO000532,P0287,WH002,2025-03-02,392,551,671,272,254,99,20753763.2,Normal,1.47,272,Valid
INVT000533,PO000533,P0272,WH003,2025-11-20,78,958,656,380,133,17,26862363.4,Normal,1.43,380,Valid
INVT000534,PO000534,P0068,WH001,2025-11-16,372,793,160,1005,409,202,5365061.85,Normal,4.34,1005,Valid
INVT000535,PO000535,P0137,WH004,2026-06-27,497,23,3,517,180,28,7940696.06,Normal,3.54,517,Valid
INVT000536,PO000536,P0076,WH004,2026-05-07,52,59,10,101,315,60,7545783.73,Reorder,0.6900000000000001,101,Valid
INVT000537,PO000537,P0100,WH004,2026-05-24,366,433,283,516,311,64,403104.36,Normal,3.5300000000000002,516,Valid
INVT000538,PO000538,P0277,WH004,2025-02-27,54,672,552,174,33,25,13422003.3,Overstock,1.19,174,Valid
INVT000539,PO000539,P0084,WH002,2025-03-25,377,181,32,526,239,88,20184382.1,Normal,2.84,526,Valid
INVT000540,PO000540,P0160,WH002,2026-05-30,138,90,101,127,173,173,6077163.36,Reorder,0.68,127,Valid
INVT000541,PO000541,P0216,WH004,2025-08-11,329,249,252,326,430,35,15193725.52,Reorder,2.23,326,Valid
INVT000542,PO000542,P0294,WH004,2025-01-25,693,432,269,856,481,19,42268971.84,Normal,5.86,856,Valid
INVT000543,PO000543,P0037,WH001,2026-07-06,104,245,216,133,344,50,4574209.15,Reorder,0.5700000000000001,133,Valid
INVT000544,PO000544,P0179,WH004,2025-07-04,421,451,269,603,128,245,3993596.64,Normal,4.13,603,Valid
INVT000545,PO000545,P0105,WH004,2025-04-20,606,57,48,615,175,213,7239078.9,Normal,4.21,615,Valid
INVT000546,PO000546,P0260,WH003,2025-08-01,367,633,628,372,341,72,10156448.16,Normal,1.4,372,Valid
INVT000547,PO000547,P0256,WH003,2025-09-01,31,960,560,431,29,170,20875959.1,Overstock,1.62,431,Valid
INVT000548,PO000548,P0244,WH001,2025-02-24,18,152,219,0,54,42,0.0,Stockout,0.0,0,Valid
INVT000549,PO000549,P0285,WH003,2025-10-12,297,898,1294,0,165,178,0.0,Stockout,0.0,0,Valid
INVT000550,PO000550,P0027,WH004,2025-11-15,1636,462,592,1506,495,214,95616452.04,Normal,10.31,1506,Valid
INVT000551,PO000551,P0277,WH004,2025-10-02,131,574,146,559,33,25,44268607.5,Overstock,3.83,559,Valid
INVT000552,PO000552,P0086,WH003,2025-04-29,1557,923,943,1537,442,229,66488744.86,Normal,5.77,1537,Valid
INVT000553,PO000553,P0173,WH001,2026-04-02,582,414,597,399,340,55,12795343.47,Normal,1.72,399,Valid
INVT000554,PO000554,P0244,WH002,2025-10-23,117,331,115,333,54,42,4354544.43,Overstock,1.8,333,Valid
INVT000555,PO000555,P0300,WH001,2026-02-16,69,938,486,521,213,163,1549021.57,Normal,2.25,521,Valid
INVT000556,PO000556,P0230,WH002,2025-03-08,3,780,765,18,346,159,987628.14,Reorder,0.1,18,Valid
INVT000557,PO000557,P0022,WH004,2026-06-27,881,599,840,640,356,116,41334028.8,Normal,4.38,640,Valid
INVT000558,PO000558,P0157,WH004,2025-03-29,163,239,49,353,432,85,7680355.14,Reorder,2.42,353,Valid
INVT000559,PO000559,P0020,WH002,2025-08-28,74,912,1159,0,28,180,0.0,Stockout,0.0,0,Valid
INVT000560,PO000560,P0285,WH003,2026-07-02,186,574,19,741,165,178,47056219.47,Normal,2.7800000000000002,741,Valid
INVT000561,PO000561,P0207,WH004,2025-04-29,128,139,37,230,32,142,7716688.6,Overstock,1.57,230,Valid
INVT000562,PO000562,P0141,WH002,2026-05-16,54,543,741,0,230,103,0.0,Stockout,0.0,0,Valid
INVT000563,PO000563,P0201,WH004,2026-05-06,17,103,106,14,47,245,1053598.98,Reorder,0.1,14,Valid
INVT000564,PO000564,P0016,WH001,2025-02-20,24,723,1078,0,38,195,0.0,Stockout,0.0,0,Valid
INVT000565,PO000565,P0022,WH001,2026-05-30,693,759,97,1355,356,116,94252675.35,Normal,5.85,1355,Valid
INVT000566,PO000566,P0236,WH002,2025-12-02,1818,525,317,2026,480,237,155433848.8,Normal,10.92,2026,Valid
INVT000567,PO000567,P0265,WH004,2025-12-26,572,389,311,650,167,227,18605080.0,Normal,4.45,650,Valid
INVT000568,PO000568,P0296,WH001,2026-06-01,348,529,529,348,422,228,14994310.8,Reorder,1.5,348,Valid
INVT000569,PO000569,P0145,WH002,2026-07-09,56,501,316,241,30,79,15060579.23,Overstock,1.3,241,Valid
INVT000570,PO000570,P0208,WH004,2026-07-13,200,620,388,432,159,116,13616203.68,Normal,2.96,432,Valid
INVT000571,PO000571,P0202,WH003,2025-01-13,955,581,742,794,297,174,24385859.98,Normal,2.98,794,Valid
INVT000572,PO000572,P0146,WH001,2025-06-21,47,493,325,215,52,166,13277290.6,Normal,0.93,215,Valid
INVT000573,PO000573,P0170,WH001,2025-05-29,811,470,466,815,210,177,53776495.45,Normal,3.52,815,Valid
INVT000574,PO000574,P0003,WH004,2025-06-18,845,434,288,991,234,143,81953202.68,Normal,6.78,991,Valid
INVT000575,PO000575,P0269,WH001,2026-03-27,813,975,72,1716,252,243,139138102.0,Overstock,7.41,1716,Valid
INVT000576,PO000576,P0111,WH002,2025-09-06,5,725,256,474,40,62,5978476.68,Overstock,2.56,474,Valid
INVT000577,PO000577,P0059,WH002,2026-01-20,583,527,627,483,460,48,27848306.85,Normal,2.6,483,Valid
INVT000578,PO000578,P0160,WH001,2025-04-03,380,935,64,1251,173,173,55156327.29,Overstock,5.4,1251,Valid
INVT000579,PO000579,P0018,WH002,2026-01-30,351,621,48,924,357,159,28051050.72,Normal,4.98,924,Valid
INVT000580,PO000580,P0207,WH004,2026-04-15,113,963,318,758,32,142,26312598.02,Overstock,5.19,758,Valid
INVT000581,PO000581,P0248,WH001,2025-10-09,1569,672,307,1934,444,184,164696016.8,Normal,8.35,1934,Valid
INVT000582,PO000582,P0043,WH004,2025-02-24,1053,677,248,1482,466,119,35818309.8,Normal,10.15,1482,Valid
INVT000583,PO000583,P0140,WH004,2025-04-17,534,327,190,671,462,58,41676118.66,Normal,4.59,671,Valid
INVT000584,PO000584,P0199,WH002,2025-01-18,401,873,1163,111,325,187,7213890.0,Reorder,0.6000000000000001,111,Valid
INVT000585,PO000585,P0230,WH002,2026-07-18,577,54,53,578,346,159,33825565.72,Normal,3.12,578,Valid
INVT000586,PO000586,P0060,WH004,2026-06-15,1079,593,781,891,311,48,5027663.52,Normal,6.1,891,Valid
INVT000587,PO000587,P0114,WH003,2025-01-12,156,992,1295,0,70,236,0.0,Stockout,0.0,0,Valid
INVT000588,PO000588,P0143,WH001,2025-07-07,20,168,170,18,36,230,1371675.42,Reorder,0.08,18,Valid
INVT000589,PO000589,P0178,WH002,2025-10-05,6,752,558,200,46,71,4583344.0,Normal,1.08,200,Valid
INVT000590,PO000590,P0116,WH002,2025-11-12,12,983,189,806,51,95,54469584.78,Overstock,4.35,806,Valid
INVT000591,PO000591,P0152,WH001,2025-05-21,349,364,198,515,360,101,14821947.2,Normal,2.22,515,Valid
INVT000592,PO000592,P0169,WH004,2026-04-02,66,565,146,485,257,169,38767893.0,Normal,3.32,485,Valid
INVT000593,PO000593,P0152,WH004,2025-10-16,518,538,366,690,360,101,21208102.2,Normal,4.72,690,Valid
INVT000594,PO000594,P0120,WH002,2025-09-01,358,852,418,792,236,214,58106394.72,Normal,4.27,792,Valid
INVT000595,PO000595,P0135,WH004,2025-04-27,196,965,165,996,182,127,69228055.68,Overstock,6.82,996,Valid
INVT000596,PO000596,P0022,WH004,2025-10-13,446,372,117,701,356,116,44518049.49,Normal,4.8,701,Valid
INVT000597,PO000597,P0126,WH004,2025-12-16,238,237,321,154,226,14,8323912.52,Reorder,1.05,154,Valid
INVT000598,PO000598,P0285,WH004,2026-01-30,175,127,120,182,165,178,12555413.78,Normal,1.25,182,Valid
INVT000599,PO000599,P0157,WH003,2025-12-03,1501,734,466,1769,432,85,33775517.0,Normal,6.64,1769,Valid
INVT000600,PO000600,P0117,WH002,2025-08-25,1803,914,971,1746,490,224,88561205.64,Normal,9.41,1746,Valid
INVT000601,PO000601,P0277,WH004,2025-02-20,73,277,48,302,33,25,25584111.2,Overstock,2.07,302,Valid
INVT000602,PO000602,P0237,WH004,2025-11-30,466,115,33,548,290,24,13272735.36,Normal,3.75,548,Valid
INVT000603,PO000603,P0021,WH003,2025-09-05,982,582,308,1256,254,131,31454585.76,Normal,4.71,1256,Valid
INVT000604,PO000604,P0061,WH003,2026-01-05,202,189,154,237,232,52,8788732.62,Normal,0.89,237,Valid
INVT000605,PO000605,P0145,WH004,2025-06-21,5,889,521,373,30,79,25854987.36,Overstock,2.55,373,Valid
INVT000606,PO000606,P0149,WH004,2026-03-17,1577,940,0,2517,487,100,117794568.0,Overstock,17.23,2517,Valid
INVT000607,PO000607,P0259,WH002,2026-03-26,134,898,638,394,70,12,31065591.92,Overstock,2.12,394,Valid
INVT000608,PO000608,P0175,WH001,2025-01-20,1209,351,432,1128,455,79,8315130.96,Normal,4.87,1128,Valid
INVT000609,PO000609,P0145,WH003,2025-06-14,43,808,23,828,30,79,52562268.0,Overstock,3.11,828,Valid
INVT000610,PO000610,P0111,WH002,2025-07-15,101,765,13,853,40,62,11766580.55,Overstock,4.6,853,Valid
INVT000611,PO000611,P0027,WH002,2026-04-26,573,305,364,514,495,214,32682160.58,Normal,2.77,514,Valid
INVT000612,PO000612,P0248,WH004,2026-01-16,100,27,6,121,444,184,9940444.03,Reorder,0.8300000000000001,121,Valid
INVT000613,PO000613,P0019,WH001,2026-03-06,1163,343,23,1483,417,37,71068978.52,Normal,6.4,1483,Valid
INVT000614,PO000614,P0086,WH004,2025-01-21,213,463,370,306,442,229,13090462.74,Reorder,2.09,306,Valid
INVT000615,PO000615,P0166,WH001,2026-01-21,174,763,475,462,209,166,9784369.98,Normal,1.99,462,Valid
INVT000616,PO000616,P0255,WH002,2025-06-29,358,213,13,558,163,172,29517915.42,Normal,3.01,558,Valid
INVT000617,PO000617,P0126,WH001,2025-07-05,572,390,402,560,226,14,33633079.2,Normal,2.42,560,Valid
INVT000618,PO000618,P0076,WH002,2026-01-03,70,319,418,0,315,60,0.0,Stockout,0.0,0,Valid
INVT000619,PO000619,P0021,WH003,2025-09-08,366,368,265,469,254,131,13684552.35,Normal,1.76,469,Valid
INVT000620,PO000620,P0117,WH002,2026-07-10,1351,772,1016,1107,490,224,51574908.6,Normal,5.97,1107,Valid
INVT000621,PO000621,P0128,WH002,2025-04-25,74,408,76,406,404,136,11690234.08,Normal,2.19,406,Valid
INVT000622,PO000622,P0015,WH002,2025-09-05,458,587,675,370,340,128,30084485.4,Normal,2.0,370,Valid
INVT000623,PO000623,P0177,WH001,2025-09-29,1500,716,455,1761,450,112,97998470.13,Normal,7.6,1761,Valid
INVT000624,PO000624,P0129,WH004,2025-07-06,306,144,21,429,126,140,8544071.25,Normal,2.94,429,Valid
INVT000625,PO000625,P0213,WH004,2025-10-07,163,490,607,46,76,205,3093033.1,Reorder,0.31,46,Valid
INVT000626,PO000626,P0031,WH001,2025-04-21,1368,774,908,1234,378,181,17528562.78,Normal,5.33,1234,Valid
INVT000627,PO000627,P0031,WH003,2026-07-05,1274,660,512,1422,378,181,20198528.82,Normal,5.34,1422,Valid
INVT000628,PO000628,P0017,WH003,2026-05-05,222,734,373,583,419,65,43753648.62,Normal,2.19,583,Valid
INVT000629,PO000629,P0248,WH004,2025-05-21,1439,942,508,1873,444,184,159128075.9,Normal,12.82,1873,Valid
INVT000630,PO000630,P0009,WH002,2025-08-26,1606,206,304,1508,435,127,70543621.72,Normal,8.13,1508,Valid
INVT000631,PO000631,P0059,WH001,2025-03-29,1651,558,166,2043,460,48,127813328.4,Normal,8.82,2043,Valid
INVT000632,PO000632,P0095,WH002,2025-11-12,1402,450,432,1420,393,151,33248206.6,Normal,7.66,1420,Valid
INVT000633,PO000633,P0104,WH001,2025-01-10,362,88,80,370,297,48,10339239.3,Normal,1.6,370,Valid
INVT000634,PO000634,P0029,WH003,2025-12-08,324,244,300,268,236,45,16355099.32,Normal,1.01,268,Valid
INVT000635,PO000635,P0165,WH002,2026-01-28,1832,668,783,1717,491,224,85446075.75,Normal,9.26,1717,Valid
INVT000636,PO000636,P0283,WH002,2025-09-28,641,988,59,1570,321,33,91601587.2,Normal,8.47,1570,Valid
INVT000637,PO000637,P0019,WH003,2026-07-31,96,442,106,432,417,37,20984456.16,Normal,1.62,432,Valid
INVT000638,PO000638,P0275,WH001,2025-03-15,118,158,34,242,361,144,9374339.48,Reorder,1.04,242,Valid
INVT000639,PO000639,P0036,WH004,2025-12-12,771,243,238,776,499,189,69021451.92,Normal,5.31,776,Valid
INVT000640,PO000640,P0001,WH004,2025-10-08,576,72,4,644,364,114,31966208.68,Normal,4.41,644,Valid
INVT000641,PO000641,P0038,WH001,2025-01-18,822,693,356,1159,339,40,36160973.85,Normal,5.0,1159,Valid
INVT000642,PO000642,P0128,WH002,2025-08-06,338,195,291,242,404,136,7385726.26,Reorder,1.3,242,Valid
INVT000643,PO000643,P0123,WH003,2026-05-08,1193,758,947,1004,308,180,43618498.88,Normal,3.77,1004,Valid
INVT000644,PO000644,P0199,WH001,2026-02-12,581,904,151,1334,325,187,89092390.6,Normal,5.76,1334,Valid
INVT000645,PO000645,P0268,WH001,2025-09-09,237,109,41,305,208,247,6912288.2,Normal,1.32,305,Valid
INVT000646,PO000646,P0146,WH002,2025-10-28,167,993,789,371,52,166,23122819.86,Overstock,2.0,371,Valid
INVT000647,PO000647,P0228,WH003,2025-08-29,649,56,28,677,351,11,52583937.23,Normal,2.54,677,Valid
INVT000648,PO000648,P0172,WH004,2025-11-21,325,977,7,1295,170,34,556655.75,Overstock,8.87,1295,Valid
INVT000649,PO000649,P0076,WH003,2026-04-03,402,131,21,512,315,60,33846389.76,Normal,1.92,512,Valid
INVT000650,PO000650,P0163,WH004,2025-04-13,150,628,543,235,201,83,13252183.45,Normal,1.6099999999999999,235,Valid
INVT000651,PO000651,P0158,WH004,2025-07-02,1123,216,14,1325,298,222,50833863.5,Normal,9.07,1325,Valid
INVT000652,PO000652,P0164,WH002,2025-04-20,53,746,971,0,419,83,0.0,Stockout,0.0,0,Valid
INVT000653,PO000653,P0298,WH002,2025-03-06,656,759,133,1282,432,66,17641576.36,Normal,6.91,1282,Valid
INVT000654,PO000654,P0295,WH003,2025-12-31,382,143,166,359,261,18,22760316.39,Normal,1.35,359,Valid
INVT000655,PO000655,P0154,WH001,2025-07-05,977,36,27,986,404,23,29646969.12,Normal,4.26,986,Valid
INVT000656,PO000656,P0248,WH004,2025-07-17,136,871,1152,0,444,184,0.0,Stockout,0.0,0,Valid
INVT000657,PO000657,P0004,WH004,2025-03-06,872,318,270,920,310,85,61029754.8,Normal,6.3,920,Valid
INVT000658,PO000658,P0200,WH002,2025-10-08,62,355,83,334,422,173,25602579.62,Reorder,1.8,334,Valid
INVT000659,PO000659,P0095,WH004,2025-06-17,989,517,68,1438,393,151,40260548.8,Normal,9.84,1438,Valid
INVT000660,PO000660,P0016,WH002,2026-05-04,70,21,29,62,38,195,5635153.96,Normal,0.33,62,Valid
INVT000661,PO000661,P0014,WH003,2026-05-10,98,624,192,530,31,150,11673398.4,Overstock,1.99,530,Valid
INVT000662,PO000662,P0218,WH001,2025-04-22,203,146,168,181,52,176,9190727.5,Normal,0.78,181,Valid
INVT000663,PO000663,P0197,WH002,2026-05-17,21,74,58,37,223,17,833670.31,Reorder,0.2,37,Valid
INVT000664,PO000664,P0107,WH002,2025-12-01,1105,172,211,1066,328,235,35936864.08,Normal,5.75,1066,Valid
INVT000665,PO000665,P0018,WH001,2026-07-17,1423,946,901,1468,357,159,46764886.92,Normal,6.34,1468,Valid
INVT000666,PO000666,P0226,WH004,2025-03-29,164,48,19,193,229,114,1708847.09,Reorder,1.32,193,Valid
INVT000667,PO000667,P0249,WH004,2025-07-08,693,464,8,1149,257,96,12861492.36,Normal,7.87,1149,Valid
INVT000668,PO000668,P0097,WH003,2025-03-07,151,319,173,297,197,84,21465749.25,Normal,1.11,297,Valid
INVT000669,PO000669,P0206,WH001,2025-07-14,263,325,198,390,441,100,32091169.5,Reorder,1.6800000000000002,390,Valid
INVT000670,PO000670,P0293,WH003,2026-03-21,554,782,985,351,212,211,15321364.11,Normal,1.32,351,Valid
INVT000671,PO000671,P0005,WH004,2026-02-18,149,896,258,787,145,104,27577739.2,Overstock,5.39,787,Valid
INVT000672,PO000672,P0114,WH004,2025-12-20,266,616,874,8,70,236,519214.24,Reorder,0.05,8,Valid
INVT000673,PO000673,P0242,WH002,2025-01-20,763,446,434,775,228,88,9119952.0,Normal,4.18,775,Valid
INVT000674,PO000674,P0147,WH004,2025-08-07,1269,554,531,1292,335,66,93044090.6,Normal,8.84,1292,Valid
INVT000675,PO000675,P0049,WH002,2025-01-07,1955,693,1015,1633,495,201,50263005.15,Normal,8.81,1633,Valid
INVT000676,PO000676,P0007,WH004,2025-06-06,713,585,338,960,194,82,63623654.4,Normal,6.57,960,Valid
INVT000677,PO000677,P0144,WH003,2025-06-22,1463,938,720,1681,391,246,70477084.89,Normal,6.31,1681,Valid
INVT000678,PO000678,P0191,WH001,2025-12-31,791,80,45,826,429,204,58752686.16,Normal,3.56,826,Valid
INVT000679,PO000679,P0020,WH004,2025-11-02,84,280,214,150,28,180,9547639.5,Overstock,1.03,150,Valid
INVT000680,PO000680,P0259,WH002,2025-04-12,219,292,34,477,70,12,44342377.92,Overstock,2.5700000000000003,477,Valid
INVT000681,PO000681,P0056,WH004,2025-04-20,1527,51,25,1553,455,211,62016259.6,Normal,10.63,1553,Valid
INVT000682,PO000682,P0272,WH001,2026-02-16,372,19,19,372,133,17,27551205.36,Normal,1.6099999999999999,372,Valid
INVT000683,PO000683,P0209,WH003,2025-05-19,178,467,552,93,236,35,8323371.66,Reorder,0.35000000000000003,93,Valid
INVT000684,PO000684,P0008,WH002,2026-03-11,261,886,290,857,81,100,48643251.44,Overstock,4.62,857,Valid
INVT000685,PO000685,P0224,WH003,2025-09-13,343,778,493,628,187,112,21500672.72,Normal,2.36,628,Valid
INVT000686,PO000686,P0284,WH004,2025-06-22,387,957,940,404,318,224,15621851.8,Normal,2.77,404,Valid
INVT000687,PO000687,P0190,WH002,2026-01-18,302,569,588,283,238,85,19033614.97,Normal,1.53,283,Valid
INVT000688,PO000688,P0112,WH004,2025-03-16,62,177,35,204,439,184,4552104.96,Reorder,1.4,204,Valid
INVT000689,PO000689,P0025,WH001,2025-12-29,947,828,338,1437,417,19,21624608.28,Normal,6.2,1437,Valid
INVT000690,PO000690,P0291,WH004,2025-05-04,1236,483,247,1472,329,249,111952636.2,Normal,10.08,1472,Valid
INVT000691,PO000691,P0183,WH001,2025-01-14,1284,337,420,1201,482,121,70580572.17,Normal,5.18,1201,Valid
INVT000692,PO000692,P0231,WH003,2025-02-10,803,240,218,825,295,51,34537643.25,Normal,3.1,825,Valid
INVT000693,PO000693,P0210,WH001,2025-05-25,442,162,205,399,136,236,26854503.48,Normal,1.72,399,Valid
INVT000694,PO000694,P0169,WH003,2025-11-01,430,385,323,492,257,169,36829088.04,Normal,1.85,492,Valid
INVT000695,PO000695,P0105,WH002,2025-01-05,404,846,191,1059,175,213,10773948.3,Overstock,5.71,1059,Valid
INVT000696,PO000696,P0065,WH001,2025-10-19,1078,528,124,1482,390,19,67239110.64,Normal,6.4,1482,Valid
INVT000697,PO000697,P0154,WH001,2025-07-12,209,154,57,306,404,23,9658060.74,Reorder,1.32,306,Valid
INVT000698,PO000698,P0154,WH002,2026-03-17,125,396,154,367,404,23,10662792.31,Reorder,1.98,367,Valid
INVT000699,PO000699,P0028,WH001,2025-06-27,97,748,296,549,29,232,7403792.04,Overstock,2.37,549,Valid
INVT000700,PO000700,P0047,WH002,2025-06-24,379,75,62,392,224,237,32320078.56,Normal,2.11,392,Valid
INVT000701,PO000701,P0155,WH002,2025-06-24,627,354,308,673,338,157,33647806.02,Normal,3.63,673,Valid
INVT000702,PO000702,P0276,WH002,2026-04-14,106,371,330,147,382,193,11643496.62,Reorder,0.79,147,Valid
INVT000703,PO000703,P0075,WH001,2025-07-21,112,107,124,95,105,160,2160400.7,Reorder,0.41000000000000003,95,Valid
INVT000704,PO000704,P0144,WH001,2026-06-11,141,711,905,0,391,246,0.0,Stockout,0.0,0,Valid
INVT000705,PO000705,P0123,WH003,2025-07-23,1072,128,173,1027,308,180,45636336.85,Normal,3.85,1027,Valid
INVT000706,PO000706,P0244,WH004,2025-05-01,210,831,939,102,54,42,1549021.98,Normal,0.7000000000000001,102,Valid
INVT000707,PO000707,P0106,WH003,2025-12-27,804,218,99,923,213,184,17155404.11,Normal,3.46,923,Valid
INVT000708,PO000708,P0109,WH004,2025-11-09,59,427,474,12,373,189,763394.16,Reorder,0.08,12,Valid
INVT000709,PO000709,P0096,WH004,2026-04-25,466,326,458,334,303,232,12971758.4,Normal,2.29,334,Valid
INVT000710,PO000710,P0044,WH004,2025-02-12,135,697,374,458,177,19,26009829.16,Normal,3.14,458,Valid
INVT000711,PO000711,P0272,WH004,2025-07-04,301,992,354,939,133,17,70444634.49,Overstock,6.43,939,Valid
INVT000712,PO000712,P0114,WH002,2025-01-14,258,933,190,1001,70,236,66316039.79,Overstock,5.4,1001,Valid
INVT000713,PO000713,P0272,WH003,2025-03-16,525,328,255,598,133,17,39348232.56,Normal,2.24,598,Valid
INVT000714,PO000714,P0083,WH001,2025-07-12,194,742,594,342,435,180,18350550.36,Reorder,1.48,342,Valid
INVT000715,PO000715,P0264,WH002,2026-04-10,330,113,158,285,126,166,3847391.7,Normal,1.54,285,Valid
INVT000716,PO000716,P0075,WH001,2025-01-12,105,507,245,367,105,160,7866050.46,Normal,1.58,367,Valid
INVT000717,PO000717,P0081,WH001,2026-06-11,243,805,1204,0,211,168,0.0,Stockout,0.0,0,Valid
INVT000718,PO000718,P0125,WH001,2025-05-01,70,361,130,301,177,14,3383559.06,Normal,1.3,301,Valid
INVT000719,PO000719,P0046,WH004,2026-05-19,450,217,52,615,486,202,24530486.55,Normal,4.21,615,Valid
INVT000720,PO000720,P0089,WH003,2025-05-14,490,922,1009,403,390,162,12490166.91,Normal,1.51,403,Valid
INVT000721,PO000721,P0027,WH002,2026-05-10,530,689,589,630,495,214,41362171.2,Normal,3.4,630,Valid
INVT000722,PO000722,P0148,WH004,2026-06-26,349,658,811,196,247,48,10566459.96,Reorder,1.34,196,Valid
INVT000723,PO000723,P0285,WH003,2026-02-15,140,827,1219,0,165,178,0.0,Stockout,0.0,0,Valid
INVT000724,PO000724,P0170,WH001,2026-06-20,434,781,982,233,210,177,16591573.51,Normal,1.01,233,Valid
INVT000725,PO000725,P0093,WH004,2026-07-10,840,903,20,1723,224,216,76086008.69,Overstock,11.79,1723,Valid
INVT000726,PO000726,P0198,WH001,2025-02-14,8,524,307,225,38,223,17237605.5,Overstock,0.97,225,Valid
INVT000727,PO000727,P0156,WH003,2025-04-20,509,172,179,502,140,169,32856055.62,Normal,1.88,502,Valid
INVT000728,PO000728,P0264,WH003,2026-06-03,104,476,606,0,126,166,0.0,Stockout,0.0,0,Valid
INVT000729,PO000729,P0289,WH004,2026-06-22,68,606,265,409,22,220,16091949.58,Overstock,2.8,409,Valid
INVT000730,PO000730,P0036,WH004,2025-01-13,1768,430,331,1867,499,189,168235799.4,Normal,12.78,1867,Valid
INVT000731,PO000731,P0242,WH004,2025-09-10,399,671,426,644,228,88,8054546.64,Normal,4.41,644,Valid
INVT000732,PO000732,P0298,WH003,2025-04-09,1273,697,132,1838,432,66,25438085.42,Normal,6.9,1838,Valid
INVT000733,PO000733,P0264,WH004,2026-05-24,323,135,14,444,126,166,6644127.0,Normal,3.04,444,Valid
INVT000734,PO000734,P0013,WH001,2025-01-13,703,475,261,917,440,231,13960297.96,Normal,3.96,917,Valid
INVT000735,PO000735,P0106,WH003,2026-04-01,38,810,734,114,213,184,1971652.8,Reorder,0.43,114,Valid
INVT000736,PO000736,P0054,WH001,2026-01-10,390,687,17,1060,114,156,50091614.4,Overstock,4.57,1060,Valid
INVT000737,PO000737,P0125,WH002,2025-02-28,237,880,138,979,177,14,11173943.77,Overstock,5.28,979,Valid
INVT000738,PO000738,P0291,WH003,2026-05-18,781,526,379,928,329,249,70016486.4,Normal,3.48,928,Valid
INVT000739,PO000739,P0201,WH003,2025-12-15,86,782,1027,0,47,245,0.0,Stockout,0.0,0,Valid
INVT000740,PO000740,P0258,WH002,2026-04-02,45,371,315,101,331,246,2919571.65,Reorder,0.54,101,Valid
INVT000741,PO000741,P0258,WH001,2025-04-07,928,42,34,936,331,246,24455461.68,Normal,4.04,936,Valid
INVT000742,PO000742,P0127,WH004,2025-04-27,1247,437,527,1157,369,148,76627577.78,Normal,7.92,1157,Valid
INVT000743,PO000743,P0189,WH002,2026-06-16,265,728,444,549,72,109,26102979.09,Overstock,2.96,549,Valid
INVT000744,PO000744,P0273,WH003,2026-03-26,703,329,178,854,217,132,62544517.56,Normal,3.2,854,Valid
INVT000745,PO000745,P0226,WH001,2025-01-14,88,316,95,309,229,114,3301155.15,Normal,1.33,309,Valid
INVT000746,PO000746,P0126,WH001,2025-04-08,191,566,254,503,226,14,31436151.96,Normal,2.17,503,Valid
INVT000747,PO000747,P0190,WH002,2025-08-18,681,553,177,1057,238,85,72861155.71,Normal,5.7,1057,Valid
INVT000748,PO000748,P0193,WH003,2026-05-22,1387,347,103,1631,470,163,42820975.33,Normal,6.12,1631,Valid
INVT000749,PO000749,P0167,WH001,2025-02-15,299,27,31,295,451,169,4823223.45,Reorder,1.27,295,Valid
INVT000750,PO000750,P0019,WH003,2025-09-15,1129,289,106,1312,417,37,61955487.04,Normal,4.92,1312,Valid
INVT000751,PO000751,P0202,WH002,2025-09-28,345,923,1265,3,297,174,101336.49,Reorder,0.02,3,Valid
INVT000752,PO000752,P0237,WH001,2025-12-09,438,330,311,457,290,24,11868906.95,Normal,1.97,457,Valid
INVT000753,PO000753,P0023,WH001,2025-01-26,31,135,76,90,301,65,1743335.1,Reorder,0.39,90,Valid
INVT000754,PO000754,P0221,WH002,2026-05-05,574,644,386,832,187,23,43202947.84,Normal,4.49,832,Valid
INVT000755,PO000755,P0094,WH003,2025-07-17,390,78,61,407,216,65,11593399.07,Normal,1.53,407,Valid
INVT000756,PO000756,P0050,WH001,2025-04-16,358,632,88,902,162,116,35945980.84,Overstock,3.89,902,Valid
INVT000757,PO000757,P0290,WH003,2025-02-11,328,262,375,215,95,201,15216375.6,Normal,0.81,215,Valid
INVT000758,PO000758,P0201,WH004,2026-04-26,123,783,473,433,47,245,32585280.77,Overstock,2.96,433,Valid
INVT000759,PO000759,P0282,WH004,2026-04-22,536,864,825,575,246,248,22859590.75,Normal,3.94,575,Valid
INVT000760,PO000760,P0209,WH002,2025-12-20,333,970,1203,100,236,35,7915108.0,Reorder,0.54,100,Valid
INVT000761,PO000761,P0145,WH002,2026-06-29,23,220,113,130,30,79,8227488.1,Normal,0.7000000000000001,130,Valid
INVT000762,PO000762,P0269,WH001,2025-08-28,67,963,203,827,252,243,64689759.4,Normal,3.5700000000000003,827,Valid
INVT000763,PO000763,P0112,WH002,2025-11-06,1532,344,251,1625,439,184,38083516.25,Normal,8.76,1625,Valid
INVT000764,PO000764,P0006,WH002,2026-02-16,21,399,307,113,205,68,8298479.31,Reorder,0.61,113,Valid
INVT000765,PO000765,P0265,WH004,2025-05-07,507,907,457,957,167,227,26207464.14,Overstock,6.55,957,Valid
INVT000766,PO000766,P0115,WH003,2026-04-22,370,96,124,342,150,154,10202000.22,Normal,1.28,342,Valid
INVT000767,PO000767,P0135,WH001,2025-01-23,481,427,239,669,182,127,48086221.44,Normal,2.89,669,Valid
INVT000768,PO000768,P0179,WH003,2025-11-12,59,933,1015,0,128,245,0.0,Stockout,0.0,0,Valid
INVT000769,PO000769,P0213,WH004,2025-01-17,215,784,263,736,76,205,42634573.76,Overstock,5.04,736,Valid
INVT000770,PO000770,P0035,WH003,2025-02-14,516,213,126,603,489,155,30614243.67,Normal,2.26,603,Valid
INVT000771,PO000771,P0150,WH003,2025-01-23,297,439,558,178,80,75,12858399.6,Normal,0.67,178,Valid
INVT000772,PO000772,P0195,WH003,2026-03-14,226,186,58,354,97,205,18179811.6,Normal,1.33,354,Valid
INVT000773,PO000773,P0271,WH001,2025-12-12,405,954,350,1009,144,210,14937831.31,Overstock,4.35,1009,Valid
INVT000774,PO000774,P0229,WH001,2025-02-24,18,657,307,368,220,105,2653865.12,Normal,1.5899999999999999,368,Valid
INVT000775,PO000775,P0120,WH004,2025-02-09,171,539,763,0,236,214,0.0,Stockout,0.0,0,Valid
INVT000776,PO000776,P0081,WH001,2026-01-19,2,896,93,805,211,168,23821857.85,Normal,3.47,805,Valid
INVT000777,PO000777,P0263,WH001,2026-07-02,58,995,1464,0,72,247,0.0,Stockout,0.0,0,Valid
INVT000778,PO000778,P0089,WH003,2025-10-07,973,377,64,1286,390,162,39733683.46,Normal,4.83,1286,Valid
INVT000779,PO000779,P0012,WH001,2025-12-25,1135,625,870,890,307,35,77566890.9,Normal,3.84,890,Valid
INVT000780,PO000780,P0176,WH002,2025-03-17,69,214,66,217,174,94,6647862.27,Normal,1.17,217,Valid
INVT000781,PO000781,P0233,WH004,2026-03-29,163,902,1097,0,59,136,0.0,Stockout,0.0,0,Valid
INVT000782,PO000782,P0008,WH002,2025-05-09,104,66,68,102,81,100,6489361.38,Normal,0.55,102,Valid
INVT000783,PO000783,P0065,WH002,2025-01-21,189,52,27,214,390,19,9562078.54,Reorder,1.15,214,Valid
INVT000784,PO000784,P0217,WH004,2025-01-05,1407,783,468,1722,394,47,110456209.1,Normal,11.79,1722,Valid
INVT000785,PO000785,P0217,WH004,2025-12-15,869,735,219,1385,394,47,88798790.25,Normal,9.48,1385,Valid
INVT000786,PO000786,P0144,WH001,2025-11-15,1004,691,969,726,391,246,32082811.2,Normal,3.13,726,Valid
INVT000787,PO000787,P0274,WH003,2025-06-18,1165,472,222,1415,321,164,109696757.2,Normal,5.31,1415,Valid
INVT000788,PO000788,P0149,WH003,2025-03-06,1603,705,127,2181,487,100,104371493.3,Normal,8.18,2181,Valid
INVT000789,PO000789,P0220,WH004,2025-02-14,27,959,138,848,30,160,68558518.88,Overstock,5.8100000000000005,848,Valid
INVT000790,PO000790,P0050,WH001,2026-04-01,491,451,536,406,162,116,17004579.2,Normal,1.75,406,Valid
INVT000791,PO000791,P0257,WH002,2026-04-23,619,529,690,458,336,211,26221388.52,Normal,2.47,458,Valid
INVT000792,PO000792,P0002,WH002,2025-03-09,59,890,939,10,301,86,800469.2,Reorder,0.05,10,Valid
INVT000793,PO000793,P0284,WH004,2026-05-23,221,840,1114,0,318,224,0.0,Stockout,0.0,0,Valid
INVT000794,PO000794,P0149,WH003,2026-04-11,61,248,194,115,487,100,5138541.55,Reorder,0.43,115,Valid
INVT000795,PO000795,P0062,WH002,2026-02-22,42,954,578,418,299,57,28516169.0,Normal,2.25,418,Valid
INVT000796,PO000796,P0149,WH001,2026-03-23,1736,596,798,1534,487,100,74095390.72,Normal,6.62,1534,Valid
INVT000797,PO000797,P0123,WH002,2026-02-01,608,714,954,368,308,180,15733457.28,Normal,1.98,368,Valid
INVT000798,PO000798,P0055,WH003,2025-08-27,1364,19,14,1369,437,63,40666322.97,Normal,5.14,1369,Valid
INVT000799,PO000799,P0190,WH003,2025-08-17,793,17,9,801,238,85,48819996.81,Normal,3.01,801,Valid
INVT000800,PO000800,P0208,WH004,2025-05-18,225,21,4,242,159,116,7056628.04,Normal,1.6600000000000001,242,Valid
INVT000801,PO000801,P0091,WH003,2025-09-29,1154,977,1121,1010,382,83,36314822.7,Normal,3.79,1010,Valid
INVT000802,PO000802,P0072,WH004,2025-12-11,588,818,1122,284,290,216,2015300.92,Reorder,1.94,284,Valid
INVT000803,PO000803,P0254,WH002,2025-04-14,119,849,254,714,193,239,55768626.48,Normal,3.85,714,Valid
INVT000804,PO000804,P0253,WH001,2026-04-11,167,754,764,157,310,246,12248716.1,Reorder,0.68,157,Valid
INVT000805,PO000805,P0230,WH003,2025-04-10,989,508,346,1151,346,159,65725472.43,Normal,4.32,1151,Valid
INVT000806,PO000806,P0068,WH002,2025-03-06,1515,967,310,2172,409,202,10962127.44,Overstock,11.71,2172,Valid
INVT000807,PO000807,P0215,WH001,2025-11-23,246,232,13,465,86,75,16634375.25,Overstock,2.01,465,Valid
INVT000808,PO000808,P0250,WH004,2025-09-13,83,93,124,52,485,23,3170372.92,Reorder,0.36,52,Valid
INVT000809,PO000809,P0141,WH002,2025-07-01,705,540,744,501,230,103,13042047.03,Normal,2.7,501,Valid
INVT000810,PO000810,P0219,WH001,2025-10-06,789,988,171,1606,311,33,138133328.7,Overstock,6.93,1606,Valid
INVT000811,PO000811,P0285,WH003,2026-04-18,633,490,160,963,165,178,70232013.72,Overstock,3.61,963,Valid
INVT000812,PO000812,P0209,WH003,2025-02-22,546,562,412,696,236,35,56791407.6,Normal,2.61,696,Valid
INVT000813,PO000813,P0092,WH003,2025-11-14,889,937,324,1502,369,36,27605303.06,Normal,5.64,1502,Valid
INVT000814,PO000814,P0276,WH002,2026-01-12,926,589,485,1030,382,193,84525023.9,Normal,5.55,1030,Valid
INVT000815,PO000815,P0049,WH001,2025-12-31,94,426,372,148,495,201,4049410.24,Reorder,0.64,148,Valid
INVT000816,PO000816,P0113,WH001,2025-05-27,45,768,941,0,63,183,0.0,Stockout,0.0,0,Valid
INVT000817,PO000817,P0194,WH003,2026-03-15,211,75,30,256,145,42,18356313.6,Normal,0.96,256,Valid
INVT000818,PO000818,P0039,WH003,2025-11-06,19,632,572,79,67,207,1278096.76,Normal,0.30000000000000004,79,Valid
INVT000819,PO000819,P0204,WH003,2025-07-25,1064,501,481,1084,309,156,72344599.04,Normal,4.07,1084,Valid
INVT000820,PO000820,P0141,WH002,2026-07-09,328,882,179,1031,230,103,25789042.22,Normal,5.5600000000000005,1031,Valid
INVT000821,PO000821,P0167,WH002,2025-06-03,1001,826,507,1320,451,169,21896212.8,Normal,7.12,1320,Valid
INVT000822,PO000822,P0164,WH003,2025-12-19,1284,517,56,1745,419,83,142695664.9,Normal,6.55,1745,Valid
INVT000823,PO000823,P0047,WH003,2025-07-15,47,670,859,0,224,237,0.0,Stockout,0.0,0,Valid
INVT000824,PO000824,P0199,WH002,2026-05-23,326,648,727,247,325,187,15558488.01,Reorder,1.33,247,Valid
INVT000825,PO000825,P0155,WH003,2026-07-07,1071,384,191,1264,338,157,52700596.64,Normal,4.74,1264,Valid
INVT000826,PO000826,P0121,WH001,2026-02-24,87,834,816,105,119,200,1890045.15,Reorder,0.45,105,Valid
INVT000827,PO000827,P0167,WH002,2025-04-17,1758,351,418,1691,451,169,26498595.67,Normal,9.12,1691,Valid
INVT000828,PO000828,P0203,WH002,2026-06-11,62,950,268,744,63,71,16751450.16,Overstock,4.01,744,Valid
INVT000829,PO000829,P0047,WH004,2026-02-21,115,755,1084,0,224,237,0.0,Stockout,0.0,0,Valid
INVT000830,PO000830,P0097,WH002,2025-04-01,238,33,12,259,197,84,19140752.68,Normal,1.4,259,Valid
INVT000831,PO000831,P0080,WH004,2026-08-04,905,421,264,1062,332,36,43513326.0,Normal,7.27,1062,Valid
INVT000832,PO000832,P0057,WH003,2025-11-18,46,358,441,0,45,53,0.0,Stockout,0.0,0,Valid
INVT000833,PO000833,P0239,WH002,2025-06-26,214,199,128,285,338,96,13990296.6,Reorder,1.54,285,Valid
INVT000834,PO000834,P0264,WH001,2026-05-12,271,200,135,336,126,166,4521935.04,Normal,1.45,336,Valid
INVT000835,PO000835,P0291,WH001,2025-01-01,616,585,105,1096,329,249,83803711.04,Normal,4.73,1096,Valid
INVT000836,PO000836,P0087,WH003,2025-06-30,73,751,462,362,237,242,28334373.5,Normal,1.3599999999999999,362,Valid
INVT000837,PO000837,P0294,WH003,2025-10-10,92,107,149,50,481,19,2543910.0,Reorder,0.19,50,Valid
INVT000838,PO000838,P0268,WH001,2025-05-05,782,958,332,1408,208,247,28634749.44,Overstock,6.08,1408,Valid
INVT000839,PO000839,P0130,WH002,2026-07-08,585,17,25,577,173,58,17042208.53,Normal,3.11,577,Valid
INVT000840,PO000840,P0189,WH002,2026-05-20,192,416,524,84,72,109,4319755.44,Normal,0.45,84,Valid
INVT000841,PO000841,P0079,WH002,2026-07-25,71,937,1130,0,63,108,0.0,Stockout,0.0,0,Valid
INVT000842,PO000842,P0130,WH001,2025-04-06,106,433,290,249,173,58,7316625.96,Normal,1.07,249,Valid
INVT000843,PO000843,P0141,WH001,2026-07-06,348,597,591,354,230,103,8232128.4,Normal,1.53,354,Valid
INVT000844,PO000844,P0064,WH002,2026-01-29,1569,36,47,1558,499,106,123019321.7,Normal,8.4,1558,Valid
INVT000845,PO000845,P0019,WH004,2025-12-16,97,80,72,105,417,37,4489595.25,Reorder,0.72,105,Valid
INVT000846,PO000846,P0082,WH002,2026-02-15,292,295,200,387,151,103,21217135.68,Normal,2.09,387,Valid
INVT000847,PO000847,P0248,WH002,2025-08-20,939,896,639,1196,444,184,99665239.44,Normal,6.45,1196,Valid
INVT000848,PO000848,P0266,WH002,2026-07-27,937,529,708,758,470,103,60273817.78,Normal,4.09,758,Valid
INVT000849,PO000849,P0257,WH004,2025-05-26,39,613,335,317,336,211,20632544.13,Reorder,2.17,317,Valid
INVT000850,PO000850,P0205,WH003,2026-07-07,1475,982,1215,1242,480,72,29668597.92,Normal,4.66,1242,Valid
INVT000851,PO000851,P0037,WH004,2025-05-29,1374,626,541,1459,344,50,47219499.11,Normal,9.99,1459,Valid
INVT000852,PO000852,P0243,WH003,2025-09-21,642,984,904,722,377,159,526785.64,Normal,2.71,722,Valid
INVT000853,PO000853,P0276,WH002,2025-08-10,1154,325,284,1195,382,193,104807009.0,Normal,6.44,1195,Valid
INVT000854,PO000854,P0063,WH002,2025-03-04,719,745,174,1290,443,35,44678208.3,Normal,6.96,1290,Valid
INVT000855,PO000855,P0139,WH002,2025-07-01,7,335,488,0,42,232,0.0,Stockout,0.0,0,Valid
INVT000856,PO000856,P0077,WH002,2026-04-11,367,960,1119,208,173,144,7528015.04,Normal,1.12,208,Valid
INVT000857,PO000857,P0039,WH003,2025-07-02,244,182,241,185,67,207,2861985.15,Normal,0.6900000000000001,185,Valid
INVT000858,PO000858,P0228,WH003,2026-04-21,1174,917,111,1980,351,11,172484037.0,Overstock,7.43,1980,Valid
INVT000859,PO000859,P0175,WH004,2026-03-02,417,351,165,603,455,79,3983140.62,Normal,4.13,603,Valid
INVT000860,PO000860,P0167,WH001,2026-04-02,1684,266,218,1732,451,169,29842256.08,Normal,7.47,1732,Valid
INVT000861,PO000861,P0126,WH002,2025-11-24,602,850,1120,332,226,14,20221017.76,Normal,1.79,332,Valid
INVT000862,PO000862,P0094,WH003,2026-06-09,352,33,3,382,216,65,10181277.92,Normal,1.43,382,Valid
INVT000863,PO000863,P0024,WH004,2025-09-24,790,539,789,540,413,147,16501190.4,Normal,3.7,540,Valid
INVT000864,PO000864,P0173,WH004,2025-10-03,257,973,1151,79,340,55,2890167.6,Reorder,0.54,79,Valid
INVT000865,PO000865,P0094,WH003,2025-04-17,17,791,293,515,216,65,12293456.85,Normal,1.9300000000000002,515,Valid
INVT000866,PO000866,P0054,WH002,2025-08-03,386,708,558,536,114,156,26597622.48,Normal,2.89,536,Valid
INVT000867,PO000867,P0229,WH004,2025-08-16,313,751,915,149,220,105,1053957.46,Reorder,1.02,149,Valid
INVT000868,PO000868,P0059,WH003,2025-05-12,1228,704,942,990,460,48,60375793.5,Normal,3.7199999999999998,990,Valid
INVT000869,PO000869,P0228,WH002,2025-06-22,657,642,826,473,351,11,39829348.13,Normal,2.55,473,Valid
INVT000870,PO000870,P0085,WH003,2025-06-20,307,951,1094,164,306,81,9538923.88,Reorder,0.62,164,Valid
INVT000871,PO000871,P0014,WH002,2025-04-28,115,512,655,0,31,150,0.0,Stockout,0.0,0,Valid
INVT000872,PO000872,P0241,WH001,2025-06-17,813,746,215,1344,252,138,36855369.6,Overstock,5.8,1344,Valid
INVT000873,PO000873,P0028,WH004,2025-07-15,94,612,909,0,29,232,0.0,Stockout,0.0,0,Valid
INVT000874,PO000874,P0155,WH001,2026-06-14,270,103,62,311,338,157,15370353.96,Reorder,1.34,311,Valid
INVT000875,PO000875,P0070,WH003,2025-10-25,1022,256,245,1033,306,185,70904655.15,Normal,3.88,1033,Valid
INVT000876,PO000876,P0207,WH004,2025-09-15,64,52,39,77,32,142,2530149.16,Normal,0.53,77,Valid
INVT000877,PO000877,P0052,WH001,2025-10-10,1063,691,691,1063,402,58,18550933.87,Normal,4.59,1063,Valid
INVT000878,PO000878,P0034,WH002,2025-10-26,310,986,614,682,108,45,28426496.56,Overstock,3.68,682,Valid
INVT000879,PO000879,P0120,WH003,2025-12-07,328,644,888,84,236,214,6426354.48,Reorder,0.32,84,Valid
INVT000880,PO000880,P0246,WH004,2025-05-13,68,257,91,234,213,207,17906372.64,Normal,1.6,234,Valid
INVT000881,PO000881,P0281,WH003,2026-01-09,297,767,395,669,94,20,41509677.15,Overstock,2.51,669,Valid
INVT000882,PO000882,P0104,WH001,2025-05-10,1032,217,322,927,297,48,21490103.34,Normal,4.0,927,Valid
INVT000883,PO000883,P0179,WH001,2025-08-08,148,586,82,652,128,245,5203168.64,Overstock,2.81,652,Valid
INVT000884,PO000884,P0182,WH003,2026-02-04,569,928,604,893,293,195,20971167.35,Normal,3.35,893,Valid
INVT000885,PO000885,P0229,WH003,2025-12-17,49,756,712,93,220,105,690458.97,Reorder,0.35000000000000003,93,Valid
INVT000886,PO000886,P0163,WH004,2025-11-01,748,792,492,1048,201,83,59619776.8,Overstock,7.17,1048,Valid
INVT000887,PO000887,P0242,WH003,2025-12-01,193,526,365,354,228,88,3965550.48,Normal,1.33,354,Valid
INVT000888,PO000888,P0276,WH002,2026-08-04,294,999,893,400,382,193,35103048.0,Normal,2.16,400,Valid
INVT000889,PO000889,P0003,WH004,2025-02-01,893,43,57,879,234,143,75409770.39,Normal,6.02,879,Valid
INVT000890,PO000890,P0266,WH002,2025-09-09,1433,256,157,1532,470,103,113099149.3,Normal,8.26,1532,Valid
INVT000891,PO000891,P0294,WH003,2025-05-20,1329,130,143,1316,481,19,65529469.88,Normal,4.94,1316,Valid
INVT000892,PO000892,P0121,WH002,2025-04-01,331,173,16,488,119,200,7761991.36,Normal,2.63,488,Valid
INVT000893,PO000893,P0129,WH001,2025-12-17,472,534,237,769,126,140,14478432.09,Overstock,3.32,769,Valid
INVT000894,PO000894,P0126,WH004,2026-01-24,462,790,410,842,226,14,55563369.5,Normal,5.76,842,Valid
INVT000895,PO000895,P0176,WH003,2026-04-09,14,259,144,129,174,94,4165084.92,Reorder,0.48,129,Valid
INVT000896,PO000896,P0156,WH004,2025-03-19,464,708,407,765,140,169,45821794.05,Overstock,5.24,765,Valid
INVT000897,PO000897,P0039,WH003,2026-04-22,161,75,48,188,67,207,3317872.88,Normal,0.71,188,Valid
INVT000898,PO000898,P0015,WH003,2025-03-20,105,725,995,0,340,128,0.0,Stockout,0.0,0,Valid
INVT000899,PO000899,P0206,WH004,2025-03-20,148,507,735,0,441,100,0.0,Stockout,0.0,0,Valid
INVT000900,PO000900,P0045,WH002,2025-10-15,410,822,281,951,388,79,46127009.19,Normal,5.13,951,Valid
INVT000901,PO000901,P0201,WH002,2025-05-27,40,877,585,332,47,245,24588248.68,Overstock,1.79,332,Valid
INVT000902,PO000902,P0130,WH004,2026-04-14,470,592,821,241,173,58,6405592.02,Normal,1.65,241,Valid
INVT000903,PO000903,P0176,WH003,2026-06-02,693,97,65,725,174,94,25412040.25,Normal,2.7199999999999998,725,Valid
INVT000904,PO000904,P0171,WH003,2025-07-29,1415,863,1173,1105,466,114,44854171.05,Normal,4.15,1105,Valid
INVT000905,PO000905,P0207,WH002,2025-05-09,95,731,30,796,32,142,25708833.88,Overstock,4.29,796,Valid
INVT000906,PO000906,P0282,WH001,2025-12-01,74,476,159,391,246,248,16016212.38,Normal,1.69,391,Valid
INVT000907,PO000907,P0243,WH003,2025-01-12,354,465,13,806,377,159,702114.66,Normal,3.02,806,Valid
INVT000908,PO000908,P0226,WH003,2025-04-21,540,471,519,492,229,114,5038699.92,Normal,1.85,492,Valid
INVT000909,PO000909,P0043,WH004,2025-02-17,1587,460,74,1973,466,119,40269660.01,Normal,13.51,1973,Valid
INVT000910,PO000910,P0135,WH002,2025-01-11,226,84,26,284,182,127,19239341.44,Normal,1.53,284,Valid
INVT000911,PO000911,P0246,WH002,2026-03-29,91,616,367,340,213,207,25060621.4,Normal,1.83,340,Valid
INVT000912,PO000912,P0055,WH001,2025-01-23,177,29,12,194,437,63,5607874.58,Reorder,0.84,194,Valid
INVT000913,PO000913,P0054,WH001,2026-04-07,40,257,233,64,114,156,2660516.48,Reorder,0.28,64,Valid
INVT000914,PO000914,P0291,WH001,2025-01-28,1277,294,345,1226,329,249,97629506.3,Normal,5.29,1226,Valid
INVT000915,PO000915,P0192,WH002,2025-04-23,120,278,395,3,215,162,148570.26,Reorder,0.02,3,Valid
INVT000916,PO000916,P0180,WH004,2026-07-16,202,264,147,319,306,39,11004252.71,Normal,2.18,319,Valid
INVT000917,PO000917,P0178,WH004,2026-07-23,82,145,4,223,46,71,4894992.72,Normal,1.53,223,Valid
INVT000918,PO000918,P0274,WH004,2025-03-24,7,925,1203,0,321,164,0.0,Stockout,0.0,0,Valid
INVT000919,PO000919,P0291,WH002,2025-12-10,400,673,116,957,329,249,77531048.76,Normal,5.16,957,Valid
INVT000920,PO000920,P0282,WH001,2026-02-01,547,732,84,1195,246,248,46711761.3,Normal,5.16,1195,Valid
INVT000921,PO000921,P0290,WH003,2025-04-08,233,742,728,247,95,201,18648159.14,Normal,0.93,247,Valid
INVT000922,PO000922,P0267,WH001,2025-06-27,944,738,448,1234,309,30,13709234.06,Normal,5.33,1234,Valid
INVT000923,PO000923,P0119,WH001,2025-10-09,631,740,238,1133,226,66,2570312.47,Overstock,4.89,1133,Valid
INVT000924,PO000924,P0047,WH004,2025-07-18,572,439,355,656,224,237,49770123.04,Normal,4.49,656,Valid
INVT000925,PO000925,P0268,WH003,2025-10-08,224,194,226,192,208,247,3950801.28,Reorder,0.72,192,Valid
INVT000926,PO000926,P0154,WH001,2025-06-04,83,248,157,174,404,23,5095309.86,Reorder,0.75,174,Valid
INVT000927,PO000927,P0151,WH003,2026-07-09,1134,410,386,1158,390,115,8040480.36,Normal,4.35,1158,Valid
INVT000928,PO000928,P0187,WH002,2026-02-23,442,229,257,414,114,24,15149357.1,Normal,2.23,414,Valid
INVT000929,PO000929,P0288,WH002,2025-07-14,155,552,130,577,42,71,17991621.64,Overstock,3.11,577,Valid
INVT000930,PO000930,P0190,WH003,2025-04-05,313,862,404,771,238,85,52956936.84,Normal,2.89,771,Valid
INVT000931,PO000931,P0004,WH002,2026-03-08,10,763,120,653,310,85,46319588.56,Normal,3.52,653,Valid
INVT000932,PO000932,P0077,WH003,2026-07-30,291,951,1365,0,173,144,0.0,Stockout,0.0,0,Valid
INVT000933,PO000933,P0253,WH003,2025-11-12,640,552,675,517,310,246,40115095.02,Normal,1.94,517,Valid
INVT000934,PO000934,P0185,WH003,2026-02-04,78,921,620,379,166,111,19367396.49,Normal,1.42,379,Valid
INVT000935,PO000935,P0156,WH004,2025-03-20,94,36,42,88,140,169,5515532.88,Reorder,0.6000000000000001,88,Valid
INVT000936,PO000936,P0186,WH002,2025-06-21,345,280,333,292,147,34,19034922.28,Normal,1.57,292,Valid
INVT000937,PO000937,P0034,WH001,2026-05-28,292,42,53,281,108,45,11533097.05,Normal,1.21,281,Valid
INVT000938,PO000938,P0031,WH004,2026-02-27,3,213,37,179,378,181,2388330.77,Reorder,1.23,179,Valid
INVT000939,PO000939,P0131,WH002,2026-03-20,148,869,756,261,393,68,5971092.75,Reorder,1.4100000000000001,261,Valid
INVT000940,PO000940,P0099,WH004,2025-07-05,176,51,6,221,256,250,12208278.68,Reorder,1.51,221,Valid
INVT000941,PO000941,P0241,WH003,2026-04-09,173,302,14,461,252,138,11976176.09,Normal,1.73,461,Valid
INVT000942,PO000942,P0080,WH004,2026-01-16,192,982,1003,171,332,36,6241382.01,Reorder,1.17,171,Valid
INVT000943,PO000943,P0143,WH003,2026-07-12,10,181,51,140,36,230,11574250.8,Normal,0.53,140,Valid
INVT000944,PO000944,P0212,WH004,2026-05-27,190,911,233,868,167,225,63097489.28,Overstock,5.94,868,Valid
INVT000945,PO000945,P0130,WH001,2025-10-22,555,304,119,740,173,58,19829047.4,Normal,3.19,740,Valid
INVT000946,PO000946,P0146,WH003,2025-11-07,72,835,662,245,52,166,16214117.15,Normal,0.92,245,Valid
INVT000947,PO000947,P0281,WH002,2025-06-09,260,926,916,270,94,20,13816583.1,Normal,1.46,270,Valid
INVT000948,PO000948,P0257,WH004,2025-05-23,697,787,1153,331,336,211,18374865.89,Reorder,2.27,331,Valid
INVT000949,PO000949,P0190,WH002,2026-01-11,392,542,473,461,238,85,32233253.69,Normal,2.49,461,Valid
INVT000950,PO000950,P0177,WH002,2026-04-18,1306,147,15,1438,450,112,87412554.42,Normal,7.75,1438,Valid
INVT000951,PO000951,P0183,WH004,2026-02-11,746,724,1050,420,482,121,25822797.0,Reorder,2.88,420,Valid
INVT000952,PO000952,P0109,WH003,2025-02-13,1303,636,828,1111,373,189,72424867.9,Normal,4.17,1111,Valid
INVT000953,PO000953,P0033,WH001,2026-02-27,1352,87,72,1367,441,103,62182984.55,Normal,5.9,1367,Valid
INVT000954,PO000954,P0019,WH001,2025-01-14,751,374,7,1118,417,37,51879001.2,Normal,4.82,1118,Valid
INVT000955,PO000955,P0182,WH001,2026-01-04,385,109,62,432,293,195,8913468.96,Normal,1.8599999999999999,432,Valid
INVT000956,PO000956,P0233,WH004,2026-01-17,130,989,743,376,59,136,15153796.4,Overstock,2.5700000000000003,376,Valid
INVT000957,PO000957,P0233,WH004,2025-02-10,136,769,1040,0,59,136,0.0,Stockout,0.0,0,Valid
INVT000958,PO000958,P0274,WH003,2025-09-29,124,935,1345,0,321,164,0.0,Stockout,0.0,0,Valid
INVT000959,PO000959,P0015,WH003,2026-02-24,73,427,111,389,340,128,30307643.52,Normal,1.46,389,Valid
INVT000960,PO000960,P0075,WH002,2025-09-06,234,637,511,360,105,160,7837671.6,Normal,1.94,360,Valid
INVT000961,PO000961,P0019,WH002,2025-02-13,1613,359,408,1564,417,37,76788959.2,Normal,8.43,1564,Valid
INVT000962,PO000962,P0249,WH002,2026-05-07,692,548,673,567,257,96,6427081.08,Normal,3.06,567,Valid
INVT000963,PO000963,P0219,WH001,2025-06-06,520,95,19,596,311,33,51371790.88,Normal,2.5700000000000003,596,Valid
INVT000964,PO000964,P0215,WH002,2025-01-18,277,556,740,93,86,75,3229247.37,Normal,0.5,93,Valid
INVT000965,PO000965,P0195,WH004,2025-07-03,187,259,229,217,97,205,12891709.6,Normal,1.49,217,Valid
INVT000966,PO000966,P0132,WH004,2025-02-17,52,473,239,286,62,174,8042108.36,Normal,1.96,286,Valid
INVT000967,PO000967,P0093,WH001,2026-05-28,179,471,311,339,224,216,15717236.67,Normal,1.46,339,Valid
INVT000968,PO000968,P0243,WH002,2025-12-29,1326,169,113,1382,377,159,1177878.6,Normal,7.45,1382,Valid
INVT000969,PO000969,P0075,WH002,2025-09-29,348,935,835,448,105,160,10800016.64,Normal,2.42,448,Valid
INVT000970,PO000970,P0257,WH001,2025-08-07,668,818,260,1226,336,211,77933522.06,Normal,5.29,1226,Valid
INVT000971,PO000971,P0104,WH004,2026-03-22,907,705,872,740,297,48,17663578.0,Normal,5.07,740,Valid
INVT000972,PO000972,P0088,WH001,2025-08-07,870,546,637,779,384,57,17810253.63,Normal,3.36,779,Valid
INVT000973,PO000973,P0242,WH002,2025-01-15,524,375,124,775,228,88,9345058.5,Normal,4.18,775,Valid
INVT000974,PO000974,P0051,WH002,2025-09-27,391,256,290,357,387,133,1773119.04,Reorder,1.92,357,Valid
INVT000975,PO000975,P0112,WH003,2026-07-15,1240,509,305,1444,439,184,31004961.52,Normal,5.42,1444,Valid
INVT000976,PO000976,P0019,WH003,2026-04-27,1463,319,270,1512,417,37,64987014.96,Normal,5.67,1512,Valid
INVT000977,PO000977,P0044,WH004,2025-12-29,641,569,195,1015,177,19,51519725.25,Overstock,6.95,1015,Valid
INVT000978,PO000978,P0027,WH003,2025-08-17,1773,742,323,2192,495,214,121829759.8,Normal,8.23,2192,Valid
INVT000979,PO000979,P0122,WH001,2026-06-15,29,341,267,103,208,225,5453716.1,Reorder,0.44,103,Valid
INVT000980,PO000980,P0006,WH004,2025-05-17,214,991,116,1089,205,68,82372776.75,Overstock,7.45,1089,Valid
INVT000981,PO000981,P0235,WH002,2025-11-26,1117,467,104,1480,300,200,76729652.8,Normal,7.98,1480,Valid
INVT000982,PO000982,P0100,WH002,2026-01-31,863,361,277,947,311,64,691281.59,Normal,5.11,947,Valid
INVT000983,PO000983,P0261,WH004,2025-08-08,79,458,51,486,132,180,3398500.8,Normal,3.33,486,Valid
INVT000984,PO000984,P0052,WH002,2026-03-25,1003,656,727,932,402,58,16095500.2,Normal,5.03,932,Valid
INVT000985,PO000985,P0095,WH001,2025-09-18,180,290,383,87,393,151,2296393.71,Reorder,0.38,87,Valid
INVT000986,PO000986,P0177,WH003,2025-02-22,597,780,265,1112,450,112,64121800.88,Normal,4.17,1112,Valid
INVT000987,PO000987,P0188,WH004,2025-10-29,565,152,104,613,324,165,1220219.41,Normal,4.2,613,Valid
INVT000988,PO000988,P0282,WH002,2025-08-11,720,479,506,693,246,248,27893568.78,Normal,3.74,693,Valid
INVT000989,PO000989,P0056,WH001,2026-06-10,177,400,506,71,455,211,3156257.43,Reorder,0.31,71,Valid
INVT000990,PO000990,P0032,WH002,2025-03-29,263,193,9,447,237,188,7152938.7,Normal,2.41,447,Valid
INVT000991,PO000991,P0114,WH001,2026-04-28,32,714,706,40,70,236,2709460.4,Reorder,0.17,40,Valid
INVT000992,PO000992,P0034,WH002,2025-01-01,127,282,214,195,108,45,8792795.7,Normal,1.05,195,Valid
INVT000993,PO000993,P0206,WH001,2025-10-08,862,915,1316,461,441,100,39375429.88,Normal,1.99,461,Valid
INVT000994,PO000994,P0290,WH001,2026-04-10,113,119,151,81,95,201,6350682.69,Reorder,0.35000000000000003,81,Valid
INVT000995,PO000995,P0288,WH003,2025-02-07,68,920,509,479,42,71,18014840.33,Overstock,1.8,479,Valid
INVT000996,PO000996,P0173,WH004,2025-06-28,644,452,446,650,340,55,21440165.5,Normal,4.45,650,Valid
INVT000997,PO000997,P0173,WH004,2025-07-21,819,644,151,1312,340,55,47930154.56,Normal,8.98,1312,Valid
INVT000998,PO000998,P0170,WH001,2025-08-06,131,506,443,194,210,177,12849169.02,Reorder,0.84,194,Valid
INVT000999,PO000999,P0298,WH001,2025-03-09,725,464,160,1029,432,66,15115269.12,Normal,4.44,1029,Valid
INVT001000,PO001000,P0240,WH001,2025-08-05,758,86,126,718,378,29,56578249.22,Normal,3.1,718,Valid
INVT001001,PO001001,P0005,WH002,2025-05-21,55,828,722,161,145,104,5721118.9,Normal,0.87,161,Valid
INVT001002,PO001002,P0101,WH001,2025-01-30,10,362,229,143,36,204,7896447.13,Normal,0.62,143,Valid
INVT001003,PO001003,P0029,WH004,2025-11-20,437,866,99,1204,236,45,68112278.64,Overstock,8.24,1204,Valid
INVT001004,PO001004,P0084,WH003,2025-02-10,242,265,176,331,239,88,12283171.68,Normal,1.24,331,Valid
INVT001005,PO001005,P0025,WH002,2026-06-07,1422,427,586,1263,417,19,19312583.52,Normal,6.8100000000000005,1263,Valid
INVT001006,PO001006,P0225,WH002,2025-04-09,419,666,382,703,347,132,53186350.78,Normal,3.79,703,Valid
INVT001007,PO001007,P0010,WH003,2025-12-31,537,733,603,667,380,29,6505104.26,Normal,2.5,667,Valid
INVT001008,PO001008,P0021,WH004,2025-03-10,43,793,469,367,254,131,10046584.63,Normal,2.51,367,Valid
INVT001009,PO001009,P0119,WH003,2025-07-14,79,776,279,576,226,66,1455528.96,Normal,2.16,576,Valid
INVT001010,PO001010,P0111,WH002,2025-03-18,63,657,199,521,40,62,6716935.19,Overstock,2.81,521,Valid
INVT001011,PO001011,P0240,WH003,2026-06-24,579,639,831,387,378,29,31105945.44,Normal,1.45,387,Valid
INVT001012,PO001012,P0027,WH004,2025-11-23,342,789,11,1120,495,214,65504420.8,Normal,7.67,1120,Valid
INVT001013,PO001013,P0217,WH002,2025-10-05,1303,50,30,1323,394,47,81517412.34,Normal,7.13,1323,Valid
INVT001014,PO001014,P0136,WH003,2025-05-12,838,925,593,1170,441,74,45197837.1,Normal,4.39,1170,Valid
INVT001015,PO001015,P0173,WH004,2025-07-13,85,492,114,463,340,55,14549927.79,Normal,3.17,463,Valid
INVT001016,PO001016,P0250,WH004,2025-01-23,1222,547,759,1010,485,23,61986962.3,Normal,6.91,1010,Valid
INVT001017,PO001017,P0084,WH003,2025-01-25,375,968,1274,69,239,88,2739320.7,Reorder,0.26,69,Valid
INVT001018,PO001018,P0285,WH004,2025-04-30,44,217,114,147,165,178,9249056.25,Reorder,1.01,147,Valid
INVT001019,PO001019,P0279,WH003,2025-09-23,203,496,414,285,138,52,19985967.0,Normal,1.07,285,Valid
INVT001020,PO001020,P0044,WH004,2026-02-18,33,61,46,48,177,19,2720898.24,Reorder,0.33,48,Valid
INVT001021,PO001021,P0065,WH001,2025-04-14,428,68,65,431,390,19,18613528.04,Normal,1.8599999999999999,431,Valid
INVT001022,PO001022,P0205,WH001,2026-01-09,181,392,28,545,480,72,14628508.5,Normal,2.35,545,Valid
INVT001023,PO001023,P0051,WH002,2025-09-11,762,140,7,895,387,133,5108740.55,Normal,4.83,895,Valid
INVT001024,PO001024,P0195,WH004,2025-04-15,132,794,98,828,97,205,42337809.36,Overstock,5.67,828,Valid
INVT001025,PO001025,P0196,WH004,2025-03-30,330,851,720,461,236,215,32676648.1,Normal,3.16,461,Valid
INVT001026,PO001026,P0178,WH003,2025-10-07,11,196,168,39,46,71,870005.76,Reorder,0.15,39,Valid
INVT001027,PO001027,P0088,WH004,2025-08-21,1408,903,908,1403,384,57,29862097.38,Normal,9.6,1403,Valid
INVT001028,PO001028,P0019,WH003,2026-01-03,1143,897,147,1893,417,37,83388561.93,Normal,7.1,1893,Valid
INVT001029,PO001029,P0111,WH001,2025-10-19,44,723,703,64,40,62,899987.2,Normal,0.28,64,Valid
INVT001030,PO001030,P0081,WH003,2025-10-27,527,775,405,897,211,168,27888348.93,Normal,3.37,897,Valid
INVT001031,PO001031,P0015,WH002,2025-10-29,449,560,753,256,340,128,21939038.72,Reorder,1.38,256,Valid
INVT001032,PO001032,P0265,WH003,2025-01-27,228,386,153,461,167,227,12504588.12,Normal,1.73,461,Valid
INVT001033,PO001033,P0139,WH004,2026-05-11,82,124,184,22,42,232,1422492.06,Reorder,0.15,22,Valid
INVT001034,PO001034,P0240,WH004,2025-02-18,1420,431,247,1604,378,29,129162148.1,Normal,10.98,1604,Valid
INVT001035,PO001035,P0062,WH003,2025-09-04,1188,71,52,1207,299,57,79895397.59,Normal,4.53,1207,Valid
INVT001036,PO001036,P0030,WH002,2026-04-11,33,948,362,619,258,168,51978247.08,Normal,3.34,619,Valid
INVT001037,PO001037,P0227,WH004,2025-05-09,118,825,491,452,109,237,13259573.68,Normal,3.09,452,Valid
INVT001038,PO001038,P0208,WH002,2026-07-19,544,231,216,559,159,116,16725173.79,Normal,3.01,559,Valid
INVT001039,PO001039,P0015,WH004,2025-10-10,511,286,241,556,340,128,46817752.04,Normal,3.81,556,Valid
INVT001040,PO001040,P0228,WH003,2026-03-30,900,304,231,973,351,11,74987494.82,Normal,3.65,973,Valid
INVT001041,PO001041,P0056,WH004,2025-01-11,969,385,166,1188,455,211,51208205.4,Normal,8.13,1188,Valid
INVT001042,PO001042,P0052,WH004,2025-11-01,1477,638,368,1747,402,58,33212985.68,Normal,11.96,1747,Valid
INVT001043,PO001043,P0031,WH002,2026-05-13,772,336,66,1042,378,181,13187822.92,Normal,5.62,1042,Valid
INVT001044,PO001044,P0286,WH003,2025-10-14,541,863,913,491,421,85,26814580.38,Normal,1.8399999999999999,491,Valid
INVT001045,PO001045,P0142,WH002,2026-03-10,614,871,430,1055,301,101,55051303.15,Normal,5.69,1055,Valid
INVT001046,PO001046,P0241,WH001,2026-03-11,682,927,956,653,252,138,17680725.95,Normal,2.8200000000000003,653,Valid
INVT001047,PO001047,P0156,WH002,2026-04-09,118,72,54,136,140,169,9022695.6,Reorder,0.73,136,Valid
INVT001048,PO001048,P0123,WH004,2026-02-27,984,203,144,1043,308,180,43824721.85,Normal,7.14,1043,Valid
INVT001049,PO001049,P0203,WH004,2025-02-22,57,430,332,155,63,71,3422091.55,Normal,1.06,155,Valid
INVT001050,PO001050,P0146,WH003,2025-11-03,100,726,391,435,52,166,27903453.45,Overstock,1.63,435,Valid
INVT001051,PO001051,P0083,WH004,2026-04-23,1407,192,254,1345,435,180,80527786.2,Normal,9.21,1345,Valid
INVT001052,PO001052,P0140,WH002,2025-08-24,1444,92,42,1494,462,58,102206512.1,Normal,8.06,1494,Valid
INVT001053,PO001053,P0080,WH003,2025-03-05,816,878,475,1219,332,36,50691505.5,Normal,4.57,1219,Valid
INVT001054,PO001054,P0179,WH001,2025-03-18,73,735,471,337,128,245,2526286.8,Normal,1.45,337,Valid
INVT001055,PO001055,P0075,WH003,2025-04-06,44,83,31,96,105,160,2067350.4,Reorder,0.36,96,Valid
INVT001056,PO001056,P0177,WH002,2025-01-08,1250,563,190,1623,450,112,93535307.76,Normal,8.75,1623,Valid
INVT001057,PO001057,P0266,WH002,2025-01-28,1872,44,25,1891,470,103,140187450.7,Normal,10.2,1891,Valid
INVT001058,PO001058,P0249,WH003,2025-06-25,444,243,3,684,257,96,7953627.24,Normal,2.5700000000000003,684,Valid
INVT001059,PO001059,P0113,WH004,2026-07-19,209,802,1086,0,63,183,0.0,Stockout,0.0,0,Valid
INVT001060,PO001060,P0141,WH001,2026-03-18,621,587,830,378,230,103,9507686.58,Normal,1.63,378,Valid
INVT001061,PO001061,P0267,WH004,2025-07-10,737,302,340,699,309,30,7239501.06,Normal,4.79,699,Valid
INVT001062,PO001062,P0287,WH004,2025-11-21,855,644,780,719,254,99,54362094.48,Normal,4.92,719,Valid
INVT001063,PO001063,P0246,WH004,2025-10-15,302,692,884,110,213,207,8527363.9,Reorder,0.75,110,Valid
INVT001064,PO001064,P0107,WH004,2025-06-25,217,757,668,306,328,235,10384036.56,Reorder,2.09,306,Valid
INVT001065,PO001065,P0136,WH002,2025-10-28,1394,263,148,1509,441,74,55191795.72,Normal,8.14,1509,Valid
INVT001066,PO001066,P0166,WH002,2026-07-11,273,825,153,945,209,166,17296212.15,Normal,5.1,945,Valid
INVT001067,PO001067,P0244,WH003,2025-02-25,169,301,347,123,54,42,1882772.07,Normal,0.46,123,Valid
INVT001068,PO001068,P0040,WH003,2026-02-15,213,766,961,18,191,99,725959.62,Reorder,0.07,18,Valid
INVT001069,PO001069,P0120,WH001,2025-03-06,608,642,860,390,236,214,32880498.3,Normal,1.6800000000000002,390,Valid
INVT001070,PO001070,P0122,WH004,2025-03-23,501,746,526,721,208,225,37645248.55,Normal,4.94,721,Valid
INVT001071,PO001071,P0157,WH004,2025-09-18,910,228,321,817,432,85,16080365.57,Normal,5.59,817,Valid
INVT001072,PO001072,P0265,WH001,2025-12-01,556,426,190,792,167,227,23527936.08,Normal,3.42,792,Valid
INVT001073,PO001073,P0150,WH001,2026-04-05,67,339,474,0,80,75,0.0,Stockout,0.0,0,Valid
INVT001074,PO001074,P0194,WH001,2026-03-04,477,576,586,467,145,42,35734952.08,Normal,2.02,467,Valid
INVT001075,PO001075,P0103,WH003,2025-02-01,44,893,150,787,161,185,17241832.1,Normal,2.95,787,Valid
INVT001076,PO001076,P0115,WH003,2025-09-24,571,276,31,816,150,154,24435740.16,Overstock,3.06,816,Valid
INVT001077,PO001077,P0002,WH004,2025-09-17,612,439,494,557,301,86,47089002.8,Normal,3.81,557,Valid
INVT001078,PO001078,P0169,WH001,2025-09-06,624,649,2,1271,257,169,96780040.8,Normal,5.49,1271,Valid
INVT001079,PO001079,P0101,WH002,2026-02-25,4,101,54,51,36,204,2634486.6,Normal,0.27,51,Valid
INVT001080,PO001080,P0028,WH002,2026-04-18,59,89,133,15,29,232,196014.15,Reorder,0.08,15,Valid
INVT001081,PO001081,P0173,WH001,2026-02-23,631,491,239,883,340,55,30205522.72,Normal,3.81,883,Valid
INVT001082,PO001082,P0129,WH003,2026-05-13,387,967,756,598,126,140,10324212.86,Normal,2.24,598,Valid
INVT001083,PO001083,P0193,WH003,2026-04-21,745,456,158,1043,470,163,29966620.74,Normal,3.91,1043,Valid
INVT001084,PO001084,P0237,WH004,2025-07-05,813,479,266,1026,290,24,28480313.34,Normal,7.02,1026,Valid
INVT001085,PO001085,P0199,WH003,2026-04-09,1214,438,61,1591,325,187,96551235.08,Normal,5.97,1591,Valid
INVT001086,PO001086,P0093,WH004,2025-02-12,835,912,418,1329,224,216,58409284.2,Overstock,9.1,1329,Valid
INVT001087,PO001087,P0175,WH001,2025-04-11,1094,935,985,1044,455,79,8064451.08,Normal,4.51,1044,Valid
INVT001088,PO001088,P0210,WH004,2026-01-12,370,411,390,391,136,236,31664853.48,Normal,2.68,391,Valid
INVT001089,PO001089,P0051,WH004,2025-02-22,197,827,956,68,387,133,395700.84,Reorder,0.47000000000000003,68,Valid
INVT001090,PO001090,P0197,WH002,2026-03-20,159,348,394,113,223,17,2943344.9,Reorder,0.61,113,Valid
INVT001091,PO001091,P0238,WH001,2025-03-20,382,891,244,1029,179,171,51900280.11,Overstock,4.44,1029,Valid
INVT001092,PO001092,P0258,WH003,2025-07-27,1236,288,73,1451,331,246,38424134.14,Normal,5.45,1451,Valid
INVT001093,PO001093,P0031,WH004,2025-07-03,1482,193,165,1510,378,181,22120805.4,Normal,10.34,1510,Valid
INVT001094,PO001094,P0080,WH003,2025-06-05,656,325,349,632,332,36,25385613.52,Normal,2.37,632,Valid
INVT001095,PO001095,P0123,WH001,2025-08-24,239,684,460,463,308,180,22942117.63,Normal,2.0,463,Valid
INVT001096,PO001096,P0065,WH001,2026-04-20,736,772,468,1040,390,19,47474034.4,Normal,4.49,1040,Valid
INVT001097,PO001097,P0071,WH003,2025-04-05,840,859,724,975,368,103,37296597.0,Normal,3.66,975,Valid
INVT001098,PO001098,P0271,WH001,2025-04-09,346,626,745,227,144,210,2906326.4,Normal,0.98,227,Valid
INVT001099,PO001099,P0105,WH002,2025-12-22,34,599,791,0,175,213,0.0,Stockout,0.0,0,Valid
INVT001100,PO001100,P0239,WH003,2026-02-25,366,876,726,516,338,96,24749645.88,Normal,1.94,516,Valid
INVT001101,PO001101,P0224,WH003,2026-04-05,30,962,606,386,187,112,13525860.74,Normal,1.45,386,Valid
INVT001102,PO001102,P0137,WH001,2025-12-08,55,722,1021,0,180,28,0.0,Stockout,0.0,0,Valid
INVT001103,PO001103,P0295,WH003,2025-05-29,564,468,380,652,261,18,45480514.28,Normal,2.45,652,Valid
INVT001104,PO001104,P0196,WH002,2025-06-11,23,179,63,139,236,215,8742991.58,Reorder,0.75,139,Valid
INVT001105,PO001105,P0213,WH003,2026-04-27,64,950,295,719,76,205,46673065.34,Overstock,2.7,719,Valid
INVT001106,PO001106,P0133,WH004,2025-11-13,259,331,477,113,118,125,7251719.63,Reorder,0.77,113,Valid
INVT001107,PO001107,P0205,WH004,2025-06-28,1763,838,591,2010,480,72,52562304.0,Normal,13.76,2010,Valid
INVT001108,PO001108,P0117,WH004,2026-05-17,760,561,800,521,490,224,25283056.74,Normal,3.5700000000000003,521,Valid
INVT001109,PO001109,P0079,WH001,2026-06-15,55,772,629,198,63,108,10164621.06,Normal,0.85,198,Valid
INVT001110,PO001110,P0293,WH003,2025-01-08,435,620,846,209,212,211,8829867.53,Reorder,0.78,209,Valid
INVT001111,PO001111,P0066,WH001,2025-12-05,1226,844,758,1312,379,91,66688107.2,Normal,5.66,1312,Valid
INVT001112,PO001112,P0137,WH003,2025-01-14,108,588,787,0,180,28,0.0,Stockout,0.0,0,Valid
INVT001113,PO001113,P0168,WH004,2026-04-17,132,416,117,431,156,80,33256580.64,Normal,2.95,431,Valid
INVT001114,PO001114,P0300,WH001,2025-10-16,544,203,97,650,213,163,1646034.0,Normal,2.81,650,Valid
INVT001115,PO001115,P0072,WH004,2025-03-18,761,762,754,769,290,216,5053283.56,Normal,5.26,769,Valid
INVT001116,PO001116,P0114,WH003,2025-07-23,135,93,82,146,70,236,11181202.68,Normal,0.55,146,Valid
INVT001117,PO001117,P0003,WH004,2026-03-08,377,710,127,960,234,143,77102812.8,Normal,6.57,960,Valid
INVT001118,PO001118,P0088,WH003,2025-12-08,1358,376,93,1641,384,57,36578201.79,Normal,6.16,1641,Valid
INVT001119,PO001119,P0006,WH002,2025-07-21,459,410,565,304,205,68,21506662.4,Normal,1.6400000000000001,304,Valid
INVT001120,PO001120,P0188,WH004,2025-07-20,1048,462,542,968,324,165,1985697.12,Normal,6.63,968,Valid
INVT001121,PO001121,P0138,WH004,2025-04-04,280,136,157,259,183,201,15259715.38,Normal,1.77,259,Valid
INVT001122,PO001122,P0048,WH002,2026-02-24,36,244,284,0,370,99,0.0,Stockout,0.0,0,Valid
INVT001123,PO001123,P0275,WH003,2025-11-20,1348,551,325,1574,361,144,64157451.98,Normal,5.91,1574,Valid
INVT001124,PO001124,P0087,WH004,2025-05-30,521,431,80,872,237,242,65093858.24,Normal,5.97,872,Valid
INVT001125,PO001125,P0010,WH001,2025-08-19,585,136,104,617,380,29,6270139.1,Normal,2.66,617,Valid
INVT001126,PO001126,P0127,WH002,2025-09-21,1275,971,647,1599,369,148,125718272.9,Normal,8.62,1599,Valid
INVT001127,PO001127,P0129,WH001,2025-02-05,470,320,142,648,126,140,11549887.2,Overstock,2.8,648,Valid
INVT001128,PO001128,P0076,WH004,2026-02-26,1088,115,57,1146,315,60,84004630.62,Normal,7.85,1146,Valid
INVT001129,PO001129,P0062,WH001,2025-09-04,895,735,1054,576,299,57,39759696.0,Normal,2.49,576,Valid
INVT001130,PO001130,P0057,WH004,2025-07-09,161,435,419,177,45,53,7703979.87,Normal,1.21,177,Valid
INVT001131,PO001131,P0104,WH002,2026-03-26,140,749,330,559,297,48,14488514.17,Normal,3.01,559,Valid
INVT001132,PO001132,P0172,WH001,2025-06-28,409,11,7,413,170,34,191334.64,Normal,1.78,413,Valid
INVT001133,PO001133,P0098,WH001,2026-04-12,53,181,112,122,256,35,2394550.12,Reorder,0.53,122,Valid
INVT001134,PO001134,P0113,WH001,2026-03-26,80,53,51,82,63,183,4559893.72,Normal,0.35000000000000003,82,Valid
INVT001135,PO001135,P0182,WH001,2025-02-07,1017,954,726,1245,293,195,29357809.65,Normal,5.37,1245,Valid
INVT001136,PO001136,P0261,WH002,2025-05-05,490,412,552,350,132,180,2574201.0,Normal,1.8900000000000001,350,Valid
INVT001137,PO001137,P0276,WH002,2025-03-22,1362,19,21,1360,382,193,100080754.4,Normal,7.33,1360,Valid
INVT001138,PO001138,P0298,WH003,2026-04-18,1090,359,22,1427,432,66,22405812.18,Normal,5.35,1427,Valid
INVT001139,PO001139,P0002,WH001,2026-03-20,728,477,651,554,301,86,45039236.04,Normal,2.39,554,Valid
INVT001140,PO001140,P0151,WH003,2025-07-11,330,953,990,293,390,115,2092178.22,Reorder,1.1,293,Valid
INVT001141,PO001141,P0250,WH003,2026-05-15,1809,701,947,1563,485,23,94593041.34,Normal,5.87,1563,Valid
INVT001142,PO001142,P0200,WH003,2026-01-12,778,575,362,991,422,173,77159973.52,Normal,3.7199999999999998,991,Valid
INVT001143,PO001143,P0236,WH004,2025-12-22,338,953,750,541,480,237,41291170.39,Normal,3.7,541,Valid
INVT001144,PO001144,P0192,WH001,2025-11-26,219,160,177,202,215,162,9316951.04,Reorder,0.87,202,Valid
INVT001145,PO001145,P0296,WH003,2026-05-03,749,703,1006,446,422,228,16320950.76,Normal,1.67,446,Valid
INVT001146,PO001146,P0119,WH002,2025-11-11,155,319,205,269,226,66,635488.29,Normal,1.45,269,Valid
INVT001147,PO001147,P0266,WH001,2025-09-24,800,496,317,979,470,103,82073055.24,Normal,4.22,979,Valid
INVT001148,PO001148,P0287,WH001,2026-01-15,444,544,303,685,254,99,55357569.45,Normal,2.96,685,Valid
INVT001149,PO001149,P0296,WH001,2025-05-02,1371,632,312,1691,422,228,72380431.03,Normal,7.3,1691,Valid
INVT001150,PO001150,P0063,WH003,2025-12-16,1341,830,649,1522,443,35,44966637.68,Normal,5.71,1522,Valid
INVT001151,PO001151,P0072,WH003,2026-02-16,914,578,16,1476,290,216,10058821.92,Overstock,5.54,1476,Valid
INVT001152,PO001152,P0182,WH003,2026-06-05,211,364,10,565,293,195,12603986.1,Normal,2.12,565,Valid
INVT001153,PO001153,P0187,WH002,2025-07-14,282,683,123,842,114,24,31343340.54,Overstock,4.54,842,Valid
INVT001154,PO001154,P0214,WH003,2026-01-07,434,706,913,227,124,156,5440760.97,Normal,0.85,227,Valid
INVT001155,PO001155,P0016,WH001,2026-03-08,26,879,267,638,38,195,54343162.06,Overstock,2.75,638,Valid
INVT001156,PO001156,P0168,WH001,2025-01-22,299,49,9,339,156,80,27953370.48,Normal,1.46,339,Valid
INVT001157,PO001157,P0189,WH003,2025-01-05,208,486,644,50,72,109,2488838.5,Reorder,0.19,50,Valid
INVT001158,PO001158,P0165,WH003,2025-08-28,142,534,458,218,491,224,10882028.08,Reorder,0.8200000000000001,218,Valid
INVT001159,PO001159,P0124,WH003,2025-03-20,175,111,73,213,411,167,14552630.73,Reorder,0.8,213,Valid
INVT001160,PO001160,P0043,WH002,2026-02-08,563,419,304,678,466,119,14732289.12,Normal,3.66,678,Valid
INVT001161,PO001161,P0050,WH003,2026-06-04,426,880,1151,155,162,116,5885632.1,Reorder,0.58,155,Valid
INVT001162,PO001162,P0155,WH001,2025-08-01,133,165,210,88,338,157,4447922.16,Reorder,0.38,88,Valid
INVT001163,PO001163,P0085,WH004,2025-05-18,633,857,915,575,306,81,36631893.0,Normal,3.94,575,Valid
INVT001164,PO001164,P0241,WH001,2025-06-09,336,352,268,420,252,138,10841951.4,Normal,1.81,420,Valid
INVT001165,PO001165,P0296,WH004,2026-04-25,673,740,1012,401,422,228,16797837.87,Reorder,2.75,401,Valid
INVT001166,PO001166,P0105,WH004,2025-06-09,376,70,7,439,175,213,4883817.93,Normal,3.01,439,Valid
INVT001167,PO001167,P0257,WH004,2026-07-25,1145,52,45,1152,336,211,70011118.08,Normal,7.89,1152,Valid
INVT001168,PO001168,P0240,WH003,2026-01-11,159,836,766,229,378,29,19036387.57,Reorder,0.86,229,Valid
INVT001169,PO001169,P0135,WH004,2025-07-21,39,808,624,223,182,127,14060152.23,Normal,1.53,223,Valid
INVT001170,PO001170,P0255,WH003,2026-01-23,411,573,716,268,163,172,12098160.52,Normal,1.01,268,Valid
INVT001171,PO001171,P0246,WH004,2025-03-31,430,322,337,415,213,207,30660751.95,Normal,2.84,415,Valid
INVT001172,PO001172,P0141,WH001,2025-11-25,450,961,844,567,230,103,14039946.27,Normal,2.45,567,Valid
INVT001173,PO001173,P0156,WH003,2026-05-07,427,911,957,381,140,169,24975087.21,Normal,1.43,381,Valid
INVT001174,PO001174,P0270,WH002,2025-12-31,984,807,60,1731,429,112,115175166.2,Normal,9.33,1731,Valid
INVT001175,PO001175,P0066,WH003,2025-01-11,464,242,235,471,379,91,22837428.81,Normal,1.77,471,Valid
INVT001176,PO001176,P0030,WH002,2025-11-04,743,283,253,773,258,168,68552971.63,Normal,4.17,773,Valid
INVT001177,PO001177,P0053,WH004,2025-02-08,35,860,975,0,53,166,0.0,Stockout,0.0,0,Valid
INVT001178,PO001178,P0145,WH004,2025-09-13,103,769,958,0,30,79,0.0,Stockout,0.0,0,Valid
INVT001179,PO001179,P0277,WH003,2025-03-30,42,134,188,0,33,25,0.0,Stockout,0.0,0,Valid
INVT001180,PO001180,P0265,WH001,2026-07-13,271,902,1102,71,167,227,1982120.49,Reorder,0.31,71,Valid
INVT001181,PO001181,P0285,WH004,2025-03-06,478,854,785,547,165,178,37846837.01,Normal,3.74,547,Valid
INVT001182,PO001182,P0245,WH002,2025-08-09,638,551,408,781,190,168,39381753.18,Normal,4.21,781,Valid
INVT001183,PO001183,P0269,WH001,2026-01-27,744,125,1,868,252,243,75417091.4,Normal,3.75,868,Valid
INVT001184,PO001184,P0080,WH003,2025-08-19,1097,93,31,1159,332,36,42436101.19,Normal,4.35,1159,Valid
INVT001185,PO001185,P0076,WH001,2025-05-27,251,963,3,1211,315,60,89424514.83,Normal,5.23,1211,Valid
INVT001186,PO001186,P0132,WH001,2026-02-22,67,605,767,0,62,174,0.0,Stockout,0.0,0,Valid
INVT001187,PO001187,P0081,WH001,2025-08-24,350,510,238,622,211,168,18303737.06,Normal,2.68,622,Valid
INVT001188,PO001188,P0078,WH004,2025-01-12,22,89,7,104,89,82,4636096.4,Normal,0.71,104,Valid
INVT001189,PO001189,P0145,WH002,2025-06-28,114,347,430,31,30,79,1972486.29,Normal,0.17,31,Valid
INVT001190,PO001190,P0014,WH003,2025-07-26,54,334,140,248,31,150,5394915.12,Overstock,0.93,248,Valid
INVT001191,PO001191,P0142,WH003,2026-03-13,630,630,726,534,301,101,28834574.22,Normal,2.0,534,Valid
INVT001192,PO001192,P0264,WH002,2026-04-24,71,551,432,190,126,166,2486364.7,Normal,1.02,190,Valid
INVT001193,PO001193,P0018,WH003,2026-03-29,358,677,958,77,357,159,2451801.66,Reorder,0.29,77,Valid
INVT001194,PO001194,P0223,WH002,2025-01-03,804,488,66,1226,362,20,2939003.98,Normal,6.61,1226,Valid
INVT001195,PO001195,P0198,WH004,2025-01-15,102,887,1235,0,38,223,0.0,Stockout,0.0,0,Valid
INVT001196,PO001196,P0298,WH003,2026-04-03,175,915,232,858,432,66,11905127.52,Normal,3.22,858,Valid
INVT001197,PO001197,P0001,WH003,2026-04-13,268,400,451,217,364,114,10451646.59,Reorder,0.81,217,Valid
INVT001198,PO001198,P0083,WH001,2025-10-05,416,396,567,245,435,180,12469640.05,Reorder,1.06,245,Valid
INVT001199,PO001199,P0132,WH002,2025-08-22,28,459,215,272,62,174,6949534.72,Normal,1.47,272,Valid
INVT001200,PO001200,P0151,WH002,2026-07-31,477,862,830,509,390,115,3356992.43,Normal,2.74,509,Valid
INVT001201,PO001201,P0227,WH001,2025-12-27,214,904,534,584,109,237,16378256.64,Overstock,2.52,584,Valid
INVT001202,PO001202,P0162,WH001,2026-05-22,141,64,70,135,216,189,8080128.0,Reorder,0.58,135,Valid
INVT001203,PO001203,P0015,WH002,2026-07-26,687,173,200,660,340,128,49191984.6,Normal,3.56,660,Valid
INVT001204,PO001204,P0076,WH003,2025-12-16,852,542,267,1127,315,60,82382820.94,Normal,4.23,1127,Valid
INVT001205,PO001205,P0197,WH004,2025-09-08,637,293,268,662,223,17,15149075.6,Normal,4.53,662,Valid
INVT001206,PO001206,P0002,WH003,2025-11-18,376,590,208,758,301,86,58111213.46,Normal,2.84,758,Valid
INVT001207,PO001207,P0145,WH002,2025-12-22,109,993,727,375,30,79,24329002.5,Overstock,2.02,375,Valid
INVT001208,PO001208,P0268,WH004,2025-07-19,538,635,719,454,208,247,10922745.14,Normal,3.11,454,Valid
INVT001209,PO001209,P0297,WH003,2025-01-26,1442,522,412,1552,364,12,39168336.16,Normal,5.82,1552,Valid
INVT001210,PO001210,P0192,WH003,2025-01-14,733,492,479,746,215,162,33261946.76,Normal,2.8,746,Valid
INVT001211,PO001211,P0165,WH001,2025-11-21,696,228,171,753,491,224,37370599.35,Normal,3.25,753,Valid
INVT001212,PO001212,P0192,WH001,2025-01-31,36,139,102,73,215,162,3074153.37,Reorder,0.32,73,Valid
INVT001213,PO001213,P0097,WH004,2026-02-12,140,112,161,91,197,84,6329501.36,Reorder,0.62,91,Valid
INVT001214,PO001214,P0284,WH003,2025-09-24,351,468,517,302,318,224,9818131.74,Reorder,1.13,302,Valid
INVT001215,PO001215,P0208,WH003,2025-11-24,426,830,755,501,159,116,16886600.79,Normal,1.88,501,Valid
INVT001216,PO001216,P0258,WH004,2026-06-06,687,396,36,1047,331,246,28387771.68,Normal,7.17,1047,Valid
INVT001217,PO001217,P0095,WH001,2025-07-15,1486,495,462,1519,393,151,39828726.84,Normal,6.5600000000000005,1519,Valid
INVT001218,PO001218,P0260,WH003,2026-07-09,1364,162,35,1491,341,72,46113498.9,Normal,5.6,1491,Valid
INVT001219,PO001219,P0213,WH004,2025-11-23,110,313,213,210,76,205,12648663.3,Normal,1.44,210,Valid
INVT001220,PO001220,P0221,WH002,2025-11-20,415,127,28,514,187,23,25107784.62,Normal,2.77,514,Valid
INVT001221,PO001221,P0053,WH003,2025-09-02,42,746,343,445,53,166,14845734.0,Overstock,1.67,445,Valid
INVT001222,PO001222,P0059,WH002,2025-12-17,1708,918,847,1779,460,48,102592599.5,Normal,9.59,1779,Valid
INVT001223,PO001223,P0014,WH004,2025-11-15,12,824,421,415,31,150,9633942.8,Overstock,2.84,415,Valid
INVT001224,PO001224,P0039,WH001,2025-08-06,14,655,966,0,67,207,0.0,Stockout,0.0,0,Valid
INVT001225,PO001225,P0024,WH002,2025-09-14,141,990,346,785,413,147,21413410.55,Normal,4.23,785,Valid
INVT001226,PO001226,P0022,WH002,2025-10-06,785,27,19,793,356,116,47195593.25,Normal,4.28,793,Valid
INVT001227,PO001227,P0006,WH003,2025-07-03,175,952,95,1032,205,68,67243819.68,Overstock,3.87,1032,Valid
INVT001228,PO001228,P0064,WH003,2026-07-26,862,573,802,633,499,106,54740453.73,Normal,2.38,633,Valid
INVT001229,PO001229,P0141,WH002,2026-01-31,807,281,363,725,230,103,16653743.0,Normal,3.91,725,Valid
INVT001230,PO001230,P0261,WH004,2025-10-26,462,232,122,572,132,180,4017790.92,Normal,3.92,572,Valid
INVT001231,PO001231,P0205,WH001,2025-12-25,430,917,554,793,480,72,19168380.14,Normal,3.42,793,Valid
INVT001232,PO001232,P0021,WH004,2026-03-05,334,183,89,428,254,131,11797383.44,Normal,2.93,428,Valid
INVT001233,PO001233,P0169,WH001,2026-05-01,270,843,714,399,257,169,33415807.11,Normal,1.72,399,Valid
INVT001234,PO001234,P0082,WH003,2026-07-05,3,524,445,82,151,103,4173708.98,Reorder,0.31,82,Valid
INVT001235,PO001235,P0143,WH002,2026-06-09,83,327,259,151,36,230,12530129.49,Normal,0.81,151,Valid
INVT001236,PO001236,P0254,WH003,2026-01-12,235,829,409,655,193,239,48622824.6,Normal,2.46,655,Valid
INVT001237,PO001237,P0298,WH004,2026-07-05,337,612,582,367,432,66,5442683.4,Reorder,2.51,367,Valid
INVT001238,PO001238,P0268,WH003,2025-07-27,761,970,889,842,208,247,18386838.2,Normal,3.16,842,Valid
INVT001239,PO001239,P0107,WH004,2025-09-16,840,790,404,1226,328,235,39094614.44,Normal,8.39,1226,Valid
INVT001240,PO001240,P0040,WH002,2026-02-28,690,469,379,780,191,99,30571195.2,Normal,4.21,780,Valid
INVT001241,PO001241,P0165,WH002,2025-07-10,726,492,336,882,491,224,47508674.22,Normal,4.76,882,Valid
INVT001242,PO001242,P0135,WH004,2025-11-05,597,626,768,455,182,127,32697442.05,Normal,3.11,455,Valid
INVT001243,PO001243,P0186,WH002,2025-12-24,250,859,41,1068,147,34,71523821.16,Overstock,5.76,1068,Valid
INVT001244,PO001244,P0090,WH004,2025-08-08,115,787,649,253,76,160,19020448.92,Normal,1.73,253,Valid
INVT001245,PO001245,P0247,WH002,2026-02-09,811,203,26,988,303,118,31362578.0,Normal,5.33,988,Valid
INVT001246,PO001246,P0300,WH004,2025-03-25,717,293,203,807,213,163,2167747.26,Normal,5.52,807,Valid
INVT001247,PO001247,P0224,WH001,2026-06-29,380,939,229,1090,187,112,40063571.3,Overstock,4.7,1090,Valid
INVT001248,PO001248,P0140,WH004,2026-01-08,1007,744,325,1426,462,58,95877138.52,Normal,9.76,1426,Valid
INVT001249,PO001249,P0187,WH002,2026-03-18,101,54,32,123,114,24,4393628.88,Normal,0.66,123,Valid
INVT001250,PO001250,P0033,WH001,2026-03-04,325,921,1369,0,441,103,0.0,Stockout,0.0,0,Valid
INVT001251,PO001251,P0194,WH002,2025-05-24,114,383,496,1,145,42,68866.2,Reorder,0.01,1,Valid
INVT001252,PO001252,P0265,WH002,2025-05-08,282,762,984,60,167,227,1696027.8,Reorder,0.32,60,Valid
INVT001253,PO001253,P0012,WH003,2025-04-13,700,812,389,1123,307,35,92004436.51,Normal,4.21,1123,Valid
INVT001254,PO001254,P0234,WH004,2026-07-06,304,113,100,317,150,113,7327825.89,Normal,2.17,317,Valid
INVT001255,PO001255,P0277,WH002,2026-03-31,88,542,121,509,33,25,36665346.72,Overstock,2.74,509,Valid
INVT001256,PO001256,P0126,WH004,2026-06-03,282,690,824,148,226,14,8163432.84,Reorder,1.01,148,Valid
INVT001257,PO001257,P0165,WH004,2026-04-02,867,460,105,1222,491,224,61323015.0,Normal,8.37,1222,Valid
INVT001258,PO001258,P0073,WH003,2025-04-05,420,875,812,483,216,72,15582318.99,Normal,1.81,483,Valid
INVT001259,PO001259,P0098,WH001,2026-05-11,83,130,36,177,256,35,3882344.55,Reorder,0.76,177,Valid
INVT001260,PO001260,P0209,WH004,2026-06-11,647,271,95,823,236,35,71093052.63,Normal,5.63,823,Valid
INVT001261,PO001261,P0121,WH004,2026-01-04,278,151,111,318,119,200,5081760.84,Normal,2.18,318,Valid
INVT001262,PO001262,P0161,WH004,2025-11-01,119,796,1067,0,40,242,0.0,Stockout,0.0,0,Valid
INVT001263,PO001263,P0142,WH004,2025-10-04,955,685,863,777,301,101,43954252.86,Normal,5.32,777,Valid
INVT001264,PO001264,P0140,WH003,2026-01-07,365,470,57,778,462,58,54920435.96,Normal,2.92,778,Valid
INVT001265,PO001265,P0285,WH004,2026-03-09,597,436,340,693,165,178,46087632.36,Normal,4.74,693,Valid
INVT001266,PO001266,P0288,WH001,2026-04-20,44,492,460,76,42,71,2535901.88,Normal,0.33,76,Valid
INVT001267,PO001267,P0299,WH001,2026-07-21,122,860,249,733,471,18,4821989.19,Normal,3.16,733,Valid
INVT001268,PO001268,P0248,WH001,2026-07-22,536,62,63,535,444,184,42937537.8,Normal,2.31,535,Valid
INVT001269,PO001269,P0184,WH003,2026-06-30,17,496,630,0,157,106,0.0,Stockout,0.0,0,Valid
INVT001270,PO001270,P0096,WH001,2026-06-24,631,630,553,708,303,232,26733173.76,Normal,3.06,708,Valid
INVT001271,PO001271,P0263,WH002,2025-05-28,229,664,847,46,72,247,3268464.68,Reorder,0.25,46,Valid
INVT001272,PO001272,P0025,WH003,2025-05-30,214,401,236,379,417,19,5423103.42,Reorder,1.42,379,Valid
INVT001273,PO001273,P0008,WH002,2025-12-03,143,956,1303,0,81,100,0.0,Stockout,0.0,0,Valid
INVT001274,PO001274,P0213,WH002,2025-06-29,80,94,74,100,76,205,6605401.0,Normal,0.54,100,Valid
INVT001275,PO001275,P0238,WH003,2026-07-27,646,749,917,478,179,171,24528809.0,Normal,1.79,478,Valid
INVT001276,PO001276,P0045,WH002,2025-03-06,969,450,193,1226,388,79,55056558.22,Normal,6.61,1226,Valid
INVT001277,PO001277,P0094,WH004,2025-07-06,157,909,793,273,216,65,6471828.09,Normal,1.87,273,Valid
INVT001278,PO001278,P0225,WH004,2025-10-23,843,21,11,853,347,132,57669026.9,Normal,5.84,853,Valid
INVT001279,PO001279,P0271,WH004,2025-03-01,149,43,47,145,144,210,1837651.7,Normal,0.99,145,Valid
INVT001280,PO001280,P0100,WH004,2026-05-22,286,168,179,275,311,64,214340.5,Reorder,1.88,275,Valid
INVT001281,PO001281,P0300,WH002,2026-02-06,107,240,87,260,213,163,668725.2,Normal,1.4,260,Valid
INVT001282,PO001282,P0069,WH002,2026-01-29,978,77,24,1031,302,96,43528448.84,Normal,5.5600000000000005,1031,Valid
INVT001283,PO001283,P0279,WH004,2026-01-01,543,177,161,559,138,52,41547473.76,Normal,3.83,559,Valid
INVT001284,PO001284,P0202,WH004,2025-07-30,878,630,600,908,297,174,27496746.08,Normal,6.22,908,Valid
INVT001285,PO001285,P0174,WH003,2025-12-18,1491,577,853,1215,391,52,90261329.4,Normal,4.5600000000000005,1215,Valid
INVT001286,PO001286,P0012,WH002,2026-01-20,781,725,801,705,307,35,63424620.0,Normal,3.8,705,Valid
INVT001287,PO001287,P0230,WH001,2026-05-04,267,193,255,205,346,159,11223237.5,Reorder,0.88,205,Valid
INVT001288,PO001288,P0068,WH003,2025-09-20,403,756,150,1009,409,202,5249635.29,Normal,3.79,1009,Valid
INVT001289,PO001289,P0066,WH004,2026-02-26,861,839,167,1533,379,91,65452891.35,Normal,10.49,1533,Valid
INVT001290,PO001290,P0209,WH004,2026-06-16,243,792,99,936,236,35,74995137.36,Normal,6.41,936,Valid
INVT001291,PO001291,P0217,WH004,2025-05-25,1481,320,288,1513,394,47,106950807.8,Normal,10.36,1513,Valid
INVT001292,PO001292,P0078,WH003,2025-08-02,34,270,220,84,89,82,3879498.84,Reorder,0.32,84,Valid
INVT001293,PO001293,P0054,WH003,2025-01-27,82,488,371,199,114,156,9883378.78,Normal,0.75,199,Valid
INVT001294,PO001294,P0023,WH003,2025-12-10,143,259,161,241,301,65,4698781.82,Reorder,0.9,241,Valid
INVT001295,PO001295,P0077,WH004,2026-07-19,46,512,33,525,173,144,19216333.5,Normal,3.59,525,Valid
INVT001296,PO001296,P0161,WH003,2025-12-08,140,596,642,94,40,242,4486838.08,Normal,0.35000000000000003,94,Valid
INVT001297,PO001297,P0292,WH004,2025-01-11,592,663,6,1249,355,98,86534541.94,Normal,8.55,1249,Valid
INVT001298,PO001298,P0267,WH001,2025-01-15,375,657,43,989,309,30,12199651.26,Normal,4.27,989,Valid
INVT001299,PO001299,P0025,WH004,2025-05-28,1294,479,69,1704,417,19,25650993.6,Normal,11.66,1704,Valid
INVT001300,PO001300,P0031,WH001,2025-10-29,615,89,36,668,378,181,8330708.16,Normal,2.88,668,Valid
INVT001301,PO001301,P0291,WH003,2025-09-09,1018,948,1333,633,329,249,52690976.97,Normal,2.38,633,Valid
INVT001302,PO001302,P0025,WH003,2025-04-10,267,976,1065,178,417,19,2517607.08,Reorder,0.67,178,Valid
INVT001303,PO001303,P0240,WH002,2026-07-02,568,143,40,671,378,29,53792439.47,Normal,3.62,671,Valid
INVT001304,PO001304,P0125,WH003,2025-10-10,93,629,12,710,177,14,8539588.9,Normal,2.66,710,Valid
INVT001305,PO001305,P0129,WH003,2026-04-23,11,809,974,0,126,140,0.0,Stockout,0.0,0,Valid
INVT001306,PO001306,P0156,WH003,2025-09-06,524,892,611,805,140,169,58265215.75,Overstock,3.02,805,Valid
INVT001307,PO001307,P0265,WH004,2025-05-08,533,192,227,498,167,227,15400600.2,Normal,3.41,498,Valid
INVT001308,PO001308,P0072,WH004,2025-06-10,440,933,96,1277,290,216,8777165.79,Normal,8.74,1277,Valid
INVT001309,PO001309,P0193,WH004,2025-06-14,922,543,737,728,470,163,18815902.56,Normal,4.98,728,Valid
INVT001310,PO001310,P0064,WH004,2025-12-10,1642,964,1342,1264,499,106,98200728.8,Normal,8.65,1264,Valid
INVT001311,PO001311,P0024,WH004,2025-08-09,542,805,632,715,413,147,21844258.15,Normal,4.89,715,Valid
INVT001312,PO001312,P0011,WH001,2025-09-08,690,504,590,604,348,26,34672070.36,Normal,2.61,604,Valid
INVT001313,PO001313,P0199,WH003,2025-06-29,763,860,504,1119,325,187,62361411.21,Normal,4.2,1119,Valid
INVT001314,PO001314,P0060,WH001,2025-12-02,15,256,95,176,311,48,950285.6,Reorder,0.76,176,Valid
INVT001315,PO001315,P0170,WH004,2026-05-06,263,370,7,626,210,177,43848714.62,Normal,4.29,626,Valid
INVT001316,PO001316,P0264,WH003,2025-11-18,277,252,323,206,126,166,2743800.52,Normal,0.77,206,Valid
INVT001317,PO001317,P0014,WH004,2025-01-10,101,409,382,128,31,150,2948668.16,Normal,0.88,128,Valid
INVT001318,PO001318,P0106,WH001,2026-03-27,820,63,55,828,213,184,15213514.68,Normal,3.5700000000000003,828,Valid
INVT001319,PO001319,P0254,WH001,2025-03-08,471,912,37,1346,193,239,87893826.92,Overstock,5.8100000000000005,1346,Valid
INVT001320,PO001320,P0062,WH004,2025-04-25,892,627,624,895,299,57,59230643.55,Normal,6.13,895,Valid
INVT001321,PO001321,P0262,WH002,2025-10-11,624,451,37,1038,159,57,79069504.68,Overstock,5.6,1038,Valid
INVT001322,PO001322,P0241,WH003,2025-08-01,276,19,4,291,252,138,8240156.79,Normal,1.09,291,Valid
INVT001323,PO001323,P0005,WH002,2025-09-28,110,134,120,124,145,104,4512501.36,Reorder,0.67,124,Valid
INVT001324,PO001324,P0258,WH002,2025-05-09,48,871,1021,0,331,246,0.0,Stockout,0.0,0,Valid
INVT001325,PO001325,P0014,WH002,2026-03-21,17,473,308,182,31,150,4124549.52,Overstock,0.98,182,Valid
INVT001326,PO001326,P0223,WH001,2025-04-15,744,817,1076,485,362,20,1134696.3,Normal,2.09,485,Valid
INVT001327,PO001327,P0276,WH004,2026-03-20,1478,679,819,1338,382,193,115608846.4,Normal,9.16,1338,Valid
INVT001328,PO001328,P0006,WH001,2026-04-02,726,987,320,1393,205,68,89369739.83,Overstock,6.01,1393,Valid
INVT001329,PO001329,P0092,WH004,2025-06-02,686,863,814,735,369,36,13259488.2,Normal,5.03,735,Valid
INVT001330,PO001330,P0172,WH002,2025-11-06,28,114,146,0,170,34,0.0,Stockout,0.0,0,Valid
INVT001331,PO001331,P0016,WH004,2025-05-18,96,582,529,149,38,195,13317700.46,Normal,1.02,149,Valid
INVT001332,PO001332,P0066,WH002,2025-04-01,1505,52,13,1544,379,91,67961151.76,Normal,8.33,1544,Valid
INVT001333,PO001333,P0093,WH004,2026-06-25,729,565,833,461,224,216,19318043.65,Normal,3.16,461,Valid
INVT001334,PO001334,P0085,WH004,2025-02-01,681,754,1029,406,306,81,28119677.74,Normal,2.7800000000000002,406,Valid
INVT001335,PO001335,P0007,WH001,2025-12-27,38,100,111,27,194,82,1761648.48,Reorder,0.12,27,Valid
INVT001336,PO001336,P0231,WH001,2025-05-16,403,940,1220,123,295,51,5775230.07,Reorder,0.53,123,Valid
INVT001337,PO001337,P0105,WH004,2026-02-21,114,809,1096,0,175,213,0.0,Stockout,0.0,0,Valid
INVT001338,PO001338,P0265,WH003,2026-03-12,187,115,52,250,167,227,7084905.0,Normal,0.9400000000000001,250,Valid
INVT001339,PO001339,P0167,WH002,2025-05-17,1640,938,885,1693,451,169,27596120.09,Normal,9.13,1693,Valid
INVT001340,PO001340,P0027,WH001,2025-05-13,362,678,456,584,495,214,37186462.8,Normal,2.52,584,Valid
INVT001341,PO001341,P0203,WH001,2025-08-16,106,597,729,0,63,71,0.0,Stockout,0.0,0,Valid
INVT001342,PO001342,P0035,WH001,2025-03-14,597,882,1251,228,489,155,11816453.4,Reorder,0.98,228,Valid
INVT001343,PO001343,P0139,WH004,2025-09-06,25,341,80,286,42,232,18068215.88,Overstock,1.96,286,Valid
INVT001344,PO001344,P0246,WH003,2025-11-19,325,898,343,880,213,207,60988514.4,Normal,3.3,880,Valid
INVT001345,PO001345,P0280,WH003,2026-02-02,809,574,717,666,269,158,23360915.7,Normal,2.5,666,Valid
INVT001346,PO001346,P0300,WH004,2025-05-05,218,741,267,692,213,163,1951737.56,Normal,4.74,692,Valid
INVT001347,PO001347,P0185,WH003,2025-10-26,514,610,768,356,166,111,16958839.64,Normal,1.34,356,Valid
INVT001348,PO001348,P0132,WH004,2026-03-26,138,68,4,202,62,174,6048401.16,Normal,1.38,202,Valid
INVT001349,PO001349,P0150,WH004,2026-07-25,114,610,311,413,80,75,29943755.52,Overstock,2.83,413,Valid
INVT001350,PO001350,P0225,WH003,2025-11-21,853,106,130,829,347,132,61131728.37,Normal,3.11,829,Valid
INVT001351,PO001351,P0286,WH003,2025-08-01,303,873,1126,50,421,85,3033210.5,Reorder,0.19,50,Valid
INVT001352,PO001352,P0146,WH002,2025-08-30,136,908,784,260,52,166,16199549.6,Normal,1.4,260,Valid
INVT001353,PO001353,P0141,WH004,2025-02-19,705,693,309,1089,230,103,27800340.48,Normal,7.45,1089,Valid
INVT001354,PO001354,P0098,WH003,2025-02-04,638,188,205,621,256,35,11687977.62,Normal,2.33,621,Valid
INVT001355,PO001355,P0297,WH002,2025-03-29,849,956,1221,584,364,12,13338343.92,Normal,3.15,584,Valid
INVT001356,PO001356,P0195,WH002,2025-01-03,78,808,64,822,97,205,41621920.68,Overstock,4.43,822,Valid
INVT001357,PO001357,P0086,WH002,2025-11-21,883,79,28,934,442,229,39763761.08,Normal,5.04,934,Valid
INVT001358,PO001358,P0188,WH004,2025-04-03,835,523,228,1130,324,165,1997207.2,Normal,7.74,1130,Valid
INVT001359,PO001359,P0273,WH001,2026-01-17,465,295,10,750,217,132,55679227.5,Normal,3.24,750,Valid
INVT001360,PO001360,P0140,WH002,2026-03-17,1418,456,478,1396,462,58,87995254.6,Normal,7.53,1396,Valid
INVT001361,PO001361,P0267,WH004,2025-02-08,844,89,22,911,309,30,10745518.3,Normal,6.24,911,Valid
INVT001362,PO001362,P0275,WH004,2025-07-19,229,728,857,100,361,144,4079450.0,Reorder,0.68,100,Valid
INVT001363,PO001363,P0199,WH001,2025-03-25,32,190,50,172,325,187,10307187.72,Reorder,0.74,172,Valid
INVT001364,PO001364,P0031,WH003,2025-09-04,1018,113,46,1085,378,181,13978543.25,Normal,4.07,1085,Valid
INVT001365,PO001365,P0008,WH003,2025-12-18,308,909,475,742,81,100,42300114.08,Overstock,2.7800000000000002,742,Valid
INVT001366,PO001366,P0136,WH004,2025-10-22,468,898,697,669,441,74,25513632.93,Normal,4.58,669,Valid
INVT001367,PO001367,P0238,WH001,2025-05-31,76,515,651,0,179,171,0.0,Stockout,0.0,0,Valid
INVT001368,PO001368,P0151,WH003,2026-06-07,1057,520,421,1156,390,115,6974078.64,Normal,4.34,1156,Valid
INVT001369,PO001369,P0127,WH004,2026-04-18,575,126,57,644,369,148,46615991.52,Normal,4.41,644,Valid
INVT001370,PO001370,P0192,WH002,2026-02-28,136,477,493,120,215,162,4959428.4,Reorder,0.65,120,Valid
INVT001371,PO001371,P0192,WH002,2025-08-06,617,952,450,1119,215,162,55300655.49,Overstock,6.03,1119,Valid
INVT001372,PO001372,P0013,WH001,2025-11-24,522,362,152,732,440,231,11191020.96,Normal,3.16,732,Valid
INVT001373,PO001373,P0094,WH002,2025-02-24,267,489,625,131,216,65,3213334.37,Reorder,0.71,131,Valid
INVT001374,PO001374,P0188,WH002,2025-04-11,476,825,758,543,324,165,1032579.66,Normal,2.93,543,Valid
INVT001375,PO001375,P0251,WH001,2025-11-11,679,70,81,668,184,38,28127689.76,Normal,2.88,668,Valid
INVT001376,PO001376,P0276,WH002,2026-07-11,190,740,913,17,382,193,1299433.76,Reorder,0.09,17,Valid
INVT001377,PO001377,P0268,WH003,2025-07-06,56,181,109,128,208,247,2971712.0,Reorder,0.48,128,Valid
INVT001378,PO001378,P0213,WH001,2026-02-07,193,163,130,226,76,205,14347472.14,Normal,0.98,226,Valid
INVT001379,PO001379,P0118,WH001,2025-03-08,1106,598,619,1085,460,187,78521070.25,Normal,4.68,1085,Valid
INVT001380,PO001380,P0074,WH001,2026-03-01,164,843,609,398,87,78,19921953.68,Normal,1.72,398,Valid
INVT001381,PO001381,P0250,WH004,2025-07-15,1636,587,746,1477,485,23,83649717.76,Normal,10.11,1477,Valid
INVT001382,PO001382,P0163,WH004,2025-06-24,434,972,547,859,201,83,41892794.34,Normal,5.88,859,Valid
INVT001383,PO001383,P0088,WH003,2026-07-26,230,108,100,238,384,57,5355268.94,Reorder,0.89,238,Valid
INVT001384,PO001384,P0282,WH001,2026-01-10,372,548,636,284,246,248,11981528.32,Normal,1.23,284,Valid
INVT001385,PO001385,P0291,WH004,2025-07-22,1256,851,109,1998,329,249,144567927.4,Overstock,13.68,1998,Valid
INVT001386,PO001386,P0236,WH001,2025-06-12,1378,376,64,1690,480,237,123296823.0,Normal,7.29,1690,Valid
INVT001387,PO001387,P0243,WH001,2026-07-12,1506,110,165,1451,377,159,1108288.31,Normal,6.26,1451,Valid
INVT001388,PO001388,P0166,WH003,2025-12-06,208,74,42,240,209,166,4777252.8,Normal,0.9,240,Valid
INVT001389,PO001389,P0215,WH001,2025-07-16,222,581,625,178,86,75,5794741.94,Normal,0.77,178,Valid
INVT001390,PO001390,P0238,WH003,2025-06-30,682,656,456,882,179,171,39305553.84,Normal,3.31,882,Valid
INVT001391,PO001391,P0112,WH002,2025-07-29,755,418,197,976,439,184,22403426.08,Normal,5.26,976,Valid
INVT001392,PO001392,P0154,WH002,2026-05-07,1260,121,165,1216,404,23,38881004.16,Normal,6.5600000000000005,1216,Valid
INVT001393,PO001393,P0269,WH002,2025-07-23,168,446,617,0,252,243,0.0,Stockout,0.0,0,Valid
INVT001394,PO001394,P0053,WH004,2025-11-02,194,795,1071,0,53,166,0.0,Stockout,0.0,0,Valid
INVT001395,PO001395,P0091,WH003,2025-02-16,1362,538,432,1468,382,83,46293849.76,Normal,5.51,1468,Valid
INVT001396,PO001396,P0038,WH001,2026-03-05,505,836,947,394,339,40,13087773.8,Normal,1.7000000000000002,394,Valid
INVT001397,PO001397,P0016,WH003,2025-04-29,143,99,71,171,38,195,14254512.12,Normal,0.64,171,Valid
INVT001398,PO001398,P0075,WH004,2025-07-18,342,148,47,443,105,160,9833005.2,Normal,3.03,443,Valid
INVT001399,PO001399,P0132,WH002,2026-05-22,39,205,228,16,62,174,494556.32,Reorder,0.09,16,Valid
INVT001400,PO001400,P0201,WH002,2025-04-24,86,853,1173,0,47,245,0.0,Stockout,0.0,0,Valid
INVT001401,PO001401,P0173,WH001,2025-02-20,1281,529,716,1094,340,55,38015395.06,Normal,4.72,1094,Valid
INVT001402,PO001402,P0002,WH003,2025-02-27,182,772,1008,0,301,86,0.0,Stockout,0.0,0,Valid
INVT001403,PO001403,P0138,WH004,2026-06-14,723,647,490,880,183,201,52858432.0,Normal,6.02,880,Valid
INVT001404,PO001404,P0233,WH004,2026-04-14,169,558,672,55,59,136,2206099.5,Reorder,0.38,55,Valid
INVT001405,PO001405,P0192,WH002,2026-01-17,595,199,263,531,215,162,23554852.02,Normal,2.86,531,Valid
INVT001406,PO001406,P0050,WH001,2025-01-07,571,977,1293,255,162,116,10407498.6,Normal,1.1,255,Valid
INVT001407,PO001407,P0225,WH003,2025-02-10,343,915,317,941,347,132,66958398.24,Normal,3.5300000000000002,941,Valid
INVT001408,PO001408,P0178,WH003,2025-05-10,3,983,501,485,46,71,11042096.85,Overstock,1.82,485,Valid
INVT001409,PO001409,P0003,WH003,2025-03-11,501,673,103,1071,234,143,81917609.13,Normal,4.02,1071,Valid
INVT001410,PO001410,P0263,WH001,2026-04-29,234,886,134,986,72,247,70854098.04,Overstock,4.26,986,Valid
INVT001411,PO001411,P0218,WH001,2026-07-29,101,542,346,297,52,176,13917651.66,Overstock,1.28,297,Valid
INVT001412,PO001412,P0208,WH001,2025-07-23,542,147,31,658,159,116,21570253.32,Normal,2.84,658,Valid
INVT001413,PO001413,P0295,WH002,2026-02-01,597,644,566,675,261,18,48177794.25,Normal,3.64,675,Valid
INVT001414,PO001414,P0281,WH003,2026-04-25,281,616,514,383,94,20,20181966.69,Normal,1.44,383,Valid
INVT001415,PO001415,P0297,WH004,2026-04-01,982,949,1340,591,364,12,14244559.77,Normal,4.05,591,Valid
INVT001416,PO001416,P0067,WH002,2025-06-15,557,821,902,476,217,184,24533934.88,Normal,2.5700000000000003,476,Valid
INVT001417,PO001417,P0004,WH004,2026-04-01,58,86,116,28,310,85,1863953.0,Reorder,0.19,28,Valid
INVT001418,PO001418,P0181,WH003,2025-10-26,90,840,1086,0,31,180,0.0,Stockout,0.0,0,Valid
INVT001419,PO001419,P0212,WH001,2026-04-01,392,653,711,334,167,225,25483117.84,Normal,1.44,334,Valid
INVT001420,PO001420,P0165,WH003,2025-08-06,228,780,619,389,491,224,18511564.73,Reorder,1.46,389,Valid
INVT001421,PO001421,P0014,WH002,2026-02-09,110,134,153,91,31,150,1940815.24,Normal,0.49,91,Valid
INVT001422,PO001422,P0155,WH002,2025-12-21,949,391,56,1284,338,157,59446875.96,Normal,6.92,1284,Valid
INVT001423,PO001423,P0201,WH002,2025-01-28,38,873,43,868,47,245,75104298.92,Overstock,4.68,868,Valid
INVT001424,PO001424,P0190,WH004,2025-08-03,559,715,853,421,238,85,27956189.25,Normal,2.88,421,Valid
INVT001425,PO001425,P0173,WH001,2025-03-14,1269,32,13,1288,340,55,46347327.6,Normal,5.5600000000000005,1288,Valid
INVT001426,PO001426,P0258,WH003,2025-02-27,251,35,40,246,331,246,7437738.66,Reorder,0.92,246,Valid
INVT001427,PO001427,P0173,WH004,2025-01-23,442,738,992,188,340,55,5649080.4,Reorder,1.29,188,Valid
INVT001428,PO001428,P0117,WH002,2026-08-03,1122,850,1237,735,490,224,36729089.25,Normal,3.96,735,Valid
INVT001429,PO001429,P0224,WH001,2025-12-13,97,897,1201,0,187,112,0.0,Stockout,0.0,0,Valid
INVT001430,PO001430,P0191,WH004,2026-04-09,1705,169,104,1770,429,204,141990267.3,Normal,12.12,1770,Valid
INVT001431,PO001431,P0241,WH002,2025-10-28,169,647,908,0,252,138,0.0,Stockout,0.0,0,Valid
INVT001432,PO001432,P0176,WH001,2026-07-07,569,659,193,1035,174,94,32091758.55,Overstock,4.47,1035,Valid
INVT001433,PO001433,P0007,WH003,2025-08-22,548,867,748,667,194,82,40640410.05,Normal,2.5,667,Valid
INVT001434,PO001434,P0248,WH003,2025-04-19,1535,434,100,1869,444,184,145074060.2,Normal,7.01,1869,Valid
INVT001435,PO001435,P0094,WH001,2025-02-14,148,778,114,812,216,65,21908604.48,Normal,3.5,812,Valid
INVT001436,PO001436,P0278,WH002,2025-11-09,395,285,103,577,495,236,11013089.37,Normal,3.11,577,Valid
INVT001437,PO001437,P0267,WH004,2025-10-11,194,524,757,0,309,30,0.0,Stockout,0.0,0,Valid
INVT001438,PO001438,P0132,WH001,2026-06-12,234,879,1079,34,62,174,914827.8,Reorder,0.15,34,Valid
INVT001439,PO001439,P0116,WH003,2025-05-03,45,673,995,0,51,95,0.0,Stockout,0.0,0,Valid
INVT001440,PO001440,P0143,WH003,2026-03-10,121,220,293,48,36,230,4280123.04,Normal,0.18,48,Valid
INVT001441,PO001441,P0072,WH004,2025-10-29,1000,738,321,1417,290,216,9246945.24,Normal,9.7,1417,Valid
INVT001442,PO001442,P0211,WH004,2025-11-10,148,513,547,114,173,144,4557114.66,Reorder,0.78,114,Valid
INVT001443,PO001443,P0151,WH002,2025-10-15,519,32,30,521,390,115,3518010.82,Normal,2.81,521,Valid
INVT001444,PO001444,P0086,WH003,2026-03-25,1337,368,30,1675,442,229,79975806.25,Normal,6.29,1675,Valid
INVT001445,PO001445,P0265,WH001,2025-08-02,617,644,585,676,167,227,21091652.92,Normal,2.92,676,Valid
INVT001446,PO001446,P0288,WH002,2026-01-01,47,605,282,370,42,71,12134042.7,Overstock,2.0,370,Valid
INVT001447,PO001447,P0205,WH001,2025-07-04,837,803,353,1287,480,72,31111191.54,Normal,5.55,1287,Valid
INVT001448,PO001448,P0157,WH004,2026-06-22,781,827,554,1054,432,85,20624872.26,Normal,7.22,1054,Valid
INVT001449,PO001449,P0247,WH002,2026-07-09,384,382,446,320,303,118,9305187.2,Normal,1.73,320,Valid
INVT001450,PO001450,P0281,WH002,2025-02-15,132,80,76,136,94,20,7709064.8,Normal,0.73,136,Valid
INVT001451,PO001451,P0018,WH004,2025-05-22,1210,249,150,1309,357,159,37034882.5,Normal,8.96,1309,Valid
INVT001452,PO001452,P0131,WH002,2025-08-27,784,297,207,874,393,68,23741353.48,Normal,4.71,874,Valid
INVT001453,PO001453,P0257,WH001,2025-10-07,1134,891,410,1615,336,211,108527919.3,Normal,6.97,1615,Valid
INVT001454,PO001454,P0217,WH003,2025-08-09,1039,585,527,1097,394,47,78486488.56,Normal,4.12,1097,Valid
INVT001455,PO001455,P0086,WH001,2025-08-26,882,189,270,801,442,229,35091673.83,Normal,3.46,801,Valid
INVT001456,PO001456,P0015,WH004,2025-07-11,715,309,310,714,340,128,55542402.72,Normal,4.89,714,Valid
INVT001457,PO001457,P0265,WH004,2025-11-13,633,836,950,519,167,227,16081822.23,Normal,3.55,519,Valid
INVT001458,PO001458,P0165,WH004,2025-09-27,440,602,3,1039,491,224,48442471.07,Normal,7.11,1039,Valid
INVT001459,PO001459,P0051,WH001,2025-03-08,987,857,784,1060,387,133,5509699.8,Normal,4.57,1060,Valid
INVT001460,PO001460,P0031,WH004,2025-10-19,481,573,492,562,378,181,7273460.2,Normal,3.85,562,Valid
INVT001461,PO001461,P0287,WH002,2026-04-15,165,539,747,0,254,99,0.0,Stockout,0.0,0,Valid
INVT001462,PO001462,P0220,WH003,2026-02-14,118,565,619,64,30,160,5756012.8,Normal,0.24,64,Valid
INVT001463,PO001463,P0075,WH004,2025-11-21,315,458,384,389,105,160,8382164.22,Normal,2.66,389,Valid
INVT001464,PO001464,P0183,WH002,2026-05-11,328,201,202,327,482,121,18979740.54,Reorder,1.76,327,Valid
INVT001465,PO001465,P0205,WH002,2026-01-01,1887,563,537,1913,480,72,50905676.07,Normal,10.31,1913,Valid
INVT001466,PO001466,P0188,WH001,2025-06-23,759,715,399,1075,324,165,1905168.75,Normal,4.64,1075,Valid
INVT001467,PO001467,P0134,WH001,2025-01-25,859,845,180,1524,245,14,21479637.0,Overstock,6.58,1524,Valid
INVT001468,PO001468,P0094,WH003,2026-03-28,45,685,394,336,216,65,9430401.12,Normal,1.26,336,Valid
INVT001469,PO001469,P0096,WH001,2025-06-13,1076,685,188,1573,303,232,61497441.72,Overstock,6.79,1573,Valid
INVT001470,PO001470,P0211,WH004,2025-07-15,95,340,28,407,173,144,17699001.43,Normal,2.79,407,Valid
INVT001471,PO001471,P0284,WH002,2026-01-22,275,483,634,124,318,224,4364383.36,Reorder,0.67,124,Valid
INVT001472,PO001472,P0006,WH002,2025-03-07,290,488,282,496,205,68,38701545.76,Normal,2.67,496,Valid
INVT001473,PO001473,P0068,WH004,2025-01-15,462,688,571,579,409,202,2736041.34,Normal,3.96,579,Valid
INVT001474,PO001474,P0186,WH004,2026-01-14,504,770,791,483,147,34,30718828.98,Normal,3.31,483,Valid
INVT001475,PO001475,P0264,WH003,2025-01-15,504,820,695,629,126,166,9124424.96,Normal,2.36,629,Valid
INVT001476,PO001476,P0101,WH001,2025-10-17,105,970,658,417,36,204,22184808.66,Overstock,1.8,417,Valid
INVT001477,PO001477,P0164,WH002,2026-04-29,1525,337,301,1561,419,83,123941917.1,Normal,8.42,1561,Valid
INVT001478,PO001478,P0147,WH004,2025-02-03,862,942,1304,500,335,66,41957880.0,Normal,3.42,500,Valid
INVT001479,PO001479,P0298,WH002,2026-02-15,80,220,323,0,432,66,0.0,Stockout,0.0,0,Valid
INVT001480,PO001480,P0256,WH004,2025-01-14,40,629,230,439,29,170,23395789.43,Overstock,3.01,439,Valid
INVT001481,PO001481,P0272,WH001,2026-05-01,515,746,774,487,133,17,32851622.31,Normal,2.1,487,Valid
INVT001482,PO001482,P0062,WH001,2025-11-05,249,760,777,232,299,57,16193456.16,Reorder,1.0,232,Valid
INVT001483,PO001483,P0126,WH003,2025-10-16,600,198,67,731,226,14,43025833.97,Normal,2.74,731,Valid
INVT001484,PO001484,P0199,WH002,2026-03-20,1266,706,32,1940,325,187,114709619.8,Overstock,10.46,1940,Valid
INVT001485,PO001485,P0181,WH003,2025-08-03,76,170,51,195,31,180,617949.15,Overstock,0.73,195,Valid
INVT001486,PO001486,P0164,WH003,2026-05-04,1255,912,313,1854,419,83,140010594.5,Normal,6.96,1854,Valid
INVT001487,PO001487,P0231,WH002,2026-02-24,457,978,754,681,295,51,32684915.07,Normal,3.67,681,Valid
INVT001488,PO001488,P0238,WH004,2025-12-11,127,779,7,899,179,171,43168110.08,Overstock,6.15,899,Valid
INVT001489,PO001489,P0256,WH004,2026-01-26,6,92,92,6,29,170,274303.98,Reorder,0.04,6,Valid
INVT001490,PO001490,P0147,WH004,2025-09-26,296,717,215,798,335,66,64148794.08,Normal,5.46,798,Valid
INVT001491,PO001491,P0148,WH003,2026-05-22,602,221,111,712,247,48,35213448.08,Normal,2.67,712,Valid
INVT001492,PO001492,P0176,WH002,2026-03-12,180,223,284,119,174,94,4002166.35,Reorder,0.64,119,Valid
INVT001493,PO001493,P0148,WH004,2025-06-28,624,178,153,649,247,48,30111808.76,Normal,4.44,649,Valid
INVT001494,PO001494,P0260,WH001,2025-04-01,1299,67,21,1345,341,72,40770379.75,Normal,5.8,1345,Valid
INVT001495,PO001495,P0037,WH004,2026-07-09,917,742,92,1567,344,50,51642052.0,Normal,10.73,1567,Valid
INVT001496,PO001496,P0044,WH003,2025-12-05,83,486,407,162,177,19,9264073.68,Reorder,0.61,162,Valid
INVT001497,PO001497,P0178,WH002,2025-08-23,173,326,482,17,46,71,380318.56,Reorder,0.09,17,Valid
INVT001498,PO001498,P0063,WH003,2025-05-20,1543,601,428,1716,443,35,55615525.68,Normal,6.44,1716,Valid
INVT001499,PO001499,P0010,WH002,2026-07-23,904,205,64,1045,380,29,9969738.9,Normal,5.63,1045,Valid
INVT001500,PO001500,P0049,WH001,2025-01-03,1232,182,201,1213,495,201,37229056.36,Normal,5.23,1213,Valid
INVT001501,PO001501,P0021,WH004,2025-04-12,728,572,28,1272,254,131,33750446.64,Overstock,8.71,1272,Valid
INVT001502,PO001502,P0159,WH003,2026-06-24,1138,286,62,1362,290,206,41122675.32,Normal,5.11,1362,Valid
INVT001503,PO001503,P0269,WH003,2025-06-21,834,886,1041,679,252,243,58460514.84,Normal,2.55,679,Valid
INVT001504,PO001504,P0254,WH004,2025-08-19,34,848,966,0,193,239,0.0,Stockout,0.0,0,Valid
INVT001505,PO001505,P0260,WH001,2025-07-19,1239,995,1385,849,341,72,26897474.64,Normal,3.66,849,Valid
INVT001506,PO001506,P0248,WH003,2025-01-26,1368,330,15,1683,444,184,136631022.7,Normal,6.32,1683,Valid
INVT001507,PO001507,P0064,WH003,2025-06-20,987,586,217,1356,499,106,101503773.2,Normal,5.09,1356,Valid
INVT001508,PO001508,P0109,WH003,2025-08-02,620,233,73,780,373,189,47205857.4,Normal,2.93,780,Valid
INVT001509,PO001509,P0238,WH003,2025-09-21,178,499,124,553,179,171,25777890.39,Normal,2.08,553,Valid
INVT001510,PO001510,P0045,WH001,2025-03-08,84,436,508,12,388,79,572868.0,Reorder,0.05,12,Valid
INVT001511,PO001511,P0175,WH003,2026-01-22,657,676,235,1098,455,79,7732225.8,Normal,4.12,1098,Valid
INVT001512,PO001512,P0127,WH001,2025-04-16,228,127,90,265,369,148,19711680.5,Reorder,1.1400000000000001,265,Valid
INVT001513,PO001513,P0045,WH002,2026-03-06,377,289,54,612,388,79,28373935.68,Normal,3.3,612,Valid
INVT001514,PO001514,P0251,WH004,2026-06-21,280,311,218,373,184,38,13799038.02,Normal,2.55,373,Valid
INVT001515,PO001515,P0080,WH001,2025-07-01,267,426,169,524,332,36,21253340.44,Normal,2.26,524,Valid
INVT001516,PO001516,P0092,WH003,2026-03-08,1017,77,104,990,369,36,19872646.2,Normal,3.7199999999999998,990,Valid
INVT001517,PO001517,P0149,WH001,2025-02-26,471,790,826,435,487,100,22220787.45,Reorder,1.88,435,Valid
INVT001518,PO001518,P0099,WH002,2025-01-04,827,532,292,1067,256,250,58619795.63,Normal,5.75,1067,Valid
INVT001519,PO001519,P0017,WH002,2025-10-11,1342,997,1242,1097,419,65,76161550.64,Normal,5.92,1097,Valid
INVT001520,PO001520,P0031,WH002,2025-11-13,435,196,283,348,378,181,4756568.4,Reorder,1.88,348,Valid
INVT001521,PO001521,P0172,WH002,2026-07-07,180,77,111,146,170,34,56242.12,Reorder,0.79,146,Valid
INVT001522,PO001522,P0150,WH003,2025-04-02,181,627,799,9,80,75,543015.63,Reorder,0.03,9,Valid
INVT001523,PO001523,P0153,WH004,2025-08-06,643,204,190,657,441,216,21249653.22,Normal,4.5,657,Valid
INVT001524,PO001524,P0026,WH004,2026-06-02,126,555,548,133,171,23,10359384.63,Reorder,0.91,133,Valid
INVT001525,PO001525,P0245,WH003,2025-04-07,125,34,3,156,190,168,8074043.64,Reorder,0.59,156,Valid
INVT001526,PO001526,P0001,WH003,2025-08-28,905,601,625,881,364,114,43956790.2,Normal,3.31,881,Valid
INVT001527,PO001527,P0170,WH002,2026-02-05,283,201,278,206,210,177,14747414.34,Reorder,1.11,206,Valid
INVT001528,PO001528,P0252,WH004,2026-04-19,740,648,855,533,413,213,609853.27,Normal,3.65,533,Valid
INVT001529,PO001529,P0239,WH002,2025-06-25,184,229,106,307,338,96,17173929.98,Reorder,1.6600000000000001,307,Valid
INVT001530,PO001530,P0272,WH002,2025-11-30,5,962,1061,0,133,17,0.0,Stockout,0.0,0,Valid
INVT001531,PO001531,P0067,WH002,2025-04-27,162,847,47,962,217,184,47721260.6,Normal,5.19,962,Valid
INVT001532,PO001532,P0281,WH003,2025-12-21,293,957,448,802,94,20,42296878.5,Overstock,3.01,802,Valid
INVT001533,PO001533,P0051,WH001,2025-01-19,1064,506,331,1239,387,133,6505691.64,Normal,5.35,1239,Valid
INVT001534,PO001534,P0026,WH002,2025-08-25,510,581,780,311,171,23,22477111.37,Normal,1.6800000000000002,311,Valid
INVT001535,PO001535,P0250,WH003,2025-07-20,196,478,229,445,485,23,24116227.65,Reorder,1.67,445,Valid
INVT001536,PO001536,P0200,WH003,2026-03-17,487,718,784,421,422,173,37278526.97,Reorder,1.58,421,Valid
INVT001537,PO001537,P0156,WH001,2025-03-01,382,922,1254,50,140,169,3439770.0,Reorder,0.22,50,Valid
INVT001538,PO001538,P0249,WH002,2026-05-26,37,725,684,78,257,96,818797.98,Reorder,0.42,78,Valid
INVT001539,PO001539,P0183,WH003,2025-06-15,1731,619,147,2203,482,121,141108803.1,Normal,8.27,2203,Valid
INVT001540,PO001540,P0080,WH001,2025-06-15,15,736,875,0,332,36,0.0,Stockout,0.0,0,Valid
INVT001541,PO001541,P0090,WH003,2026-01-01,34,219,310,0,76,160,0.0,Stockout,0.0,0,Valid
INVT001542,PO001542,P0060,WH004,2025-04-02,397,222,226,393,311,48,2037991.89,Normal,2.69,393,Valid
INVT001543,PO001543,P0020,WH004,2025-09-16,47,119,14,152,28,180,11363387.76,Overstock,1.04,152,Valid
INVT001544,PO001544,P0034,WH002,2026-03-14,325,875,123,1077,108,45,47647718.55,Overstock,5.8100000000000005,1077,Valid
INVT001545,PO001545,P0108,WH001,2025-01-01,197,224,114,307,217,213,12405648.96,Normal,1.32,307,Valid
INVT001546,PO001546,P0013,WH003,2025-06-03,1572,728,35,2265,440,231,35460251.1,Overstock,8.5,2265,Valid
INVT001547,PO001547,P0179,WH002,2026-04-02,347,218,241,324,128,245,2335502.16,Normal,1.75,324,Valid
INVT001548,PO001548,P0141,WH001,2026-03-24,864,409,244,1029,230,103,22833088.11,Normal,4.44,1029,Valid
INVT001549,PO001549,P0291,WH004,2025-08-05,613,797,642,768,329,249,59035660.8,Normal,5.26,768,Valid
INVT001550,PO001550,P0124,WH003,2025-06-17,606,335,388,553,411,167,42599746.7,Normal,2.08,553,Valid
INVT001551,PO001551,P0003,WH002,2025-10-03,152,633,613,172,234,143,14250982.6,Reorder,0.93,172,Valid
INVT001552,PO001552,P0063,WH001,2025-10-14,212,608,581,239,443,35,7158671.4,Reorder,1.03,239,Valid
INVT001553,PO001553,P0292,WH003,2025-08-04,1171,37,42,1166,355,98,78837131.12,Normal,4.38,1166,Valid
INVT001554,PO001554,P0010,WH003,2025-04-05,758,995,799,954,380,29,9413881.2,Normal,3.58,954,Valid
INVT001555,PO001555,P0204,WH003,2026-05-09,937,579,848,668,309,156,48722630.76,Normal,2.51,668,Valid
INVT001556,PO001556,P0193,WH002,2025-08-13,396,304,203,497,470,163,14398060.18,Normal,2.68,497,Valid
INVT001557,PO001557,P0029,WH004,2025-01-24,940,492,317,1115,236,45,61393795.5,Normal,7.63,1115,Valid
INVT001558,PO001558,P0076,WH002,2025-11-24,1235,259,85,1409,315,60,92075092.47,Normal,7.6,1409,Valid
INVT001559,PO001559,P0078,WH001,2026-07-20,59,792,885,0,89,82,0.0,Stockout,0.0,0,Valid
INVT001560,PO001560,P0021,WH004,2025-03-03,388,928,603,713,254,131,19009706.54,Normal,4.88,713,Valid
INVT001561,PO001561,P0104,WH004,2026-04-07,42,89,4,127,297,48,3241429.89,Reorder,0.87,127,Valid
INVT001562,PO001562,P0080,WH001,2025-09-28,878,895,1325,448,332,36,18671497.6,Normal,1.9300000000000002,448,Valid
INVT001563,PO001563,P0038,WH002,2025-09-09,274,937,674,537,339,40,17931793.98,Normal,2.9,537,Valid
INVT001564,PO001564,P0235,WH004,2025-09-24,637,242,65,814,300,200,39791242.26,Normal,5.57,814,Valid
INVT001565,PO001565,P0228,WH003,2025-01-27,318,93,132,279,351,11,24623359.83,Reorder,1.05,279,Valid
INVT001566,PO001566,P0179,WH001,2025-12-22,79,641,436,284,128,245,2042584.8,Normal,1.23,284,Valid
INVT001567,PO001567,P0265,WH002,2026-03-26,15,180,68,127,167,227,3597940.48,Reorder,0.68,127,Valid
INVT001568,PO001568,P0136,WH001,2026-02-03,1412,745,991,1166,441,74,42497994.88,Normal,5.03,1166,Valid
INVT001569,PO001569,P0005,WH001,2025-12-10,49,305,267,87,145,104,3126277.14,Reorder,0.38,87,Valid
INVT001570,PO001570,P0259,WH001,2025-01-16,84,145,100,129,70,12,10317959.22,Normal,0.56,129,Valid
INVT001571,PO001571,P0231,WH003,2026-03-15,336,495,329,502,295,51,22898092.46,Normal,1.88,502,Valid
INVT001572,PO001572,P0105,WH003,2025-12-20,629,110,44,695,175,213,7571462.05,Normal,2.61,695,Valid
INVT001573,PO001573,P0242,WH002,2025-02-07,367,135,181,321,228,88,3903815.82,Normal,1.73,321,Valid
INVT001574,PO001574,P0296,WH003,2025-04-03,435,863,967,331,422,228,12413536.03,Reorder,1.24,331,Valid
INVT001575,PO001575,P0069,WH004,2026-01-29,1086,457,455,1088,302,96,42994974.72,Normal,7.45,1088,Valid
INVT001576,PO001576,P0065,WH002,2026-07-10,354,173,196,331,390,19,15063905.99,Reorder,1.78,331,Valid
INVT001577,PO001577,P0268,WH004,2026-01-27,213,155,4,364,208,247,7900292.4,Normal,2.49,364,Valid
INVT001578,PO001578,P0286,WH002,2025-09-02,1394,858,1163,1089,421,85,66172442.49,Normal,5.87,1089,Valid
INVT001579,PO001579,P0037,WH004,2025-03-02,255,535,301,489,344,50,15538312.41,Normal,3.35,489,Valid
INVT001580,PO001580,P0140,WH004,2025-10-01,1659,826,176,2309,462,58,146528077.9,Normal,15.81,2309,Valid
INVT001581,PO001581,P0009,WH004,2026-01-21,1390,116,73,1433,435,127,61883316.85,Normal,9.81,1433,Valid
INVT001582,PO001582,P0153,WH002,2025-01-04,93,428,169,352,441,216,10769281.6,Reorder,1.9,352,Valid
INVT001583,PO001583,P0027,WH004,2026-02-25,617,507,175,949,495,214,52736243.17,Normal,6.5,949,Valid
INVT001584,PO001584,P0046,WH002,2025-11-02,9,600,192,417,486,202,17883545.4,Reorder,2.25,417,Valid
INVT001585,PO001585,P0093,WH004,2025-11-10,37,328,57,308,224,216,13748088.2,Normal,2.11,308,Valid
INVT001586,PO001586,P0222,WH003,2026-02-11,312,892,22,1182,372,47,98541578.82,Normal,4.44,1182,Valid
INVT001587,PO001587,P0107,WH003,2025-03-30,435,906,899,442,328,235,14491526.92,Normal,1.6600000000000001,442,Valid
INVT001588,PO001588,P0125,WH001,2025-04-09,77,294,165,206,177,14,2538393.8,Normal,0.89,206,Valid
INVT001589,PO001589,P0224,WH002,2025-08-22,426,754,579,601,187,112,22091966.68,Normal,3.24,601,Valid
INVT001590,PO001590,P0150,WH002,2025-09-11,95,536,215,416,80,75,25677296.32,Overstock,2.24,416,Valid
INVT001591,PO001591,P0114,WH003,2026-01-22,246,784,1065,0,70,236,0.0,Stockout,0.0,0,Valid
INVT001592,PO001592,P0031,WH004,2025-05-17,1204,101,67,1238,378,181,18002438.9,Normal,8.47,1238,Valid
INVT001593,PO001593,P0172,WH003,2025-06-13,305,569,31,843,170,34,343067.28,Normal,3.16,843,Valid
INVT001594,PO001594,P0113,WH002,2025-02-27,160,139,99,200,63,183,10947568.0,Normal,1.08,200,Valid
INVT001595,PO001595,P0001,WH002,2025-09-28,100,43,29,114,364,114,5181657.96,Reorder,0.61,114,Valid
INVT001596,PO001596,P0037,WH001,2026-06-15,589,652,102,1139,344,50,40719796.72,Normal,4.92,1139,Valid
INVT001597,PO001597,P0019,WH004,2025-06-03,830,619,554,895,417,37,40000682.5,Normal,6.13,895,Valid
INVT001598,PO001598,P0244,WH001,2025-10-04,88,21,11,98,54,42,1282673.98,Normal,0.42,98,Valid
INVT001599,PO001599,P0155,WH003,2025-05-09,1115,821,450,1486,338,157,64352299.92,Normal,5.58,1486,Valid
INVT001600,PO001600,P0257,WH004,2026-06-17,805,49,15,839,336,211,46736201.35,Normal,5.74,839,Valid
INVT001601,PO001601,P0250,WH002,2026-04-19,999,884,619,1264,485,23,70092983.84,Normal,6.82,1264,Valid
INVT001602,PO001602,P0061,WH003,2025-06-17,186,985,679,492,232,52,18884711.52,Normal,1.85,492,Valid
INVT001603,PO001603,P0042,WH004,2025-03-31,417,377,100,694,131,24,49249092.34,Overstock,4.75,694,Valid
INVT001604,PO001604,P0221,WH001,2025-08-28,592,403,117,878,187,23,41485772.18,Normal,3.79,878,Valid
INVT001605,PO001605,P0094,WH001,2025-09-22,107,733,739,101,216,65,2752562.09,Reorder,0.44,101,Valid
INVT001606,PO001606,P0024,WH004,2026-05-03,172,427,167,432,413,147,11498328.0,Normal,2.96,432,Valid
INVT001607,PO001607,P0014,WH004,2025-01-06,97,154,42,209,31,150,4649574.93,Overstock,1.43,209,Valid
INVT001608,PO001608,P0096,WH004,2025-07-04,52,655,762,0,303,232,0.0,Stockout,0.0,0,Valid
INVT001609,PO001609,P0089,WH004,2026-02-24,963,107,6,1064,390,162,37188683.28,Normal,7.28,1064,Valid
INVT001610,PO001610,P0148,WH004,2026-01-08,574,263,347,490,247,48,25359072.9,Normal,3.35,490,Valid
INVT001611,PO001611,P0116,WH001,2025-04-05,22,956,1261,0,51,95,0.0,Stockout,0.0,0,Valid
INVT001612,PO001612,P0051,WH004,2026-07-20,394,732,783,343,387,133,1843868.53,Reorder,2.35,343,Valid
INVT001613,PO001613,P0289,WH001,2025-01-06,51,241,343,0,22,220,0.0,Stockout,0.0,0,Valid
INVT001614,PO001614,P0229,WH004,2026-04-20,43,755,871,0,220,105,0.0,Stockout,0.0,0,Valid
INVT001615,PO001615,P0110,WH003,2025-07-10,397,269,320,346,228,116,6999178.64,Normal,1.3,346,Valid
INVT001616,PO001616,P0143,WH004,2026-05-01,106,314,301,119,36,230,9609466.58,Normal,0.81,119,Valid
INVT001617,PO001617,P0075,WH001,2025-05-29,82,656,953,0,105,160,0.0,Stockout,0.0,0,Valid
INVT001618,PO001618,P0174,WH003,2026-05-15,244,463,551,156,391,52,12986438.4,Reorder,0.59,156,Valid
INVT001619,PO001619,P0298,WH001,2025-06-19,1104,23,5,1122,432,66,16232254.5,Normal,4.84,1122,Valid
INVT001620,PO001620,P0241,WH003,2026-06-25,590,477,201,866,252,138,22636270.08,Normal,3.25,866,Valid
INVT001621,PO001621,P0285,WH004,2026-05-10,211,49,46,214,165,178,14039489.26,Normal,1.46,214,Valid
INVT001622,PO001622,P0194,WH003,2026-03-22,525,822,1077,270,145,42,20978365.5,Normal,1.01,270,Valid
INVT001623,PO001623,P0069,WH003,2025-04-24,780,794,165,1409,302,96,65798130.14,Normal,5.29,1409,Valid
INVT001624,PO001624,P0230,WH001,2025-02-02,304,619,387,536,346,159,28408460.96,Normal,2.31,536,Valid
INVT001625,PO001625,P0281,WH004,2025-04-29,368,490,707,151,94,20,8460273.3,Normal,1.03,151,Valid
INVT001626,PO001626,P0173,WH001,2025-09-16,1254,526,694,1086,340,55,38102212.26,Normal,4.69,1086,Valid
INVT001627,PO001627,P0018,WH004,2025-11-06,847,716,589,974,357,159,27985786.16,Normal,6.67,974,Valid
INVT001628,PO001628,P0288,WH004,2026-05-04,137,962,1210,0,42,71,0.0,Stockout,0.0,0,Valid
INVT001629,PO001629,P0245,WH001,2026-06-29,454,741,579,616,190,168,34600350.4,Normal,2.66,616,Valid
INVT001630,PO001630,P0166,WH004,2026-07-30,653,294,348,599,209,166,12051574.51,Normal,4.1,599,Valid
INVT001631,PO001631,P0287,WH002,2025-04-29,501,519,478,542,254,99,39431247.96,Normal,2.92,542,Valid
INVT001632,PO001632,P0115,WH003,2026-02-19,75,262,386,0,150,154,0.0,Stockout,0.0,0,Valid
INVT001633,PO001633,P0018,WH001,2025-10-01,600,733,933,400,357,159,13100336.0,Normal,1.73,400,Valid
INVT001634,PO001634,P0259,WH002,2026-01-06,263,906,751,418,70,12,33961500.98,Overstock,2.25,418,Valid
INVT001635,PO001635,P0121,WH003,2026-02-03,421,373,517,277,119,200,4203862.8,Normal,1.04,277,Valid
INVT001636,PO001636,P0014,WH001,2026-03-05,121,840,14,947,31,150,21137504.03,Overstock,4.09,947,Valid
INVT001637,PO001637,P0137,WH001,2025-12-02,77,746,755,68,180,28,1107607.12,Reorder,0.29,68,Valid
INVT001638,PO001638,P0267,WH003,2025-11-06,1010,21,20,1011,309,30,10782719.4,Normal,3.79,1011,Valid
INVT001639,PO001639,P0138,WH004,2025-08-28,516,904,1255,165,183,201,10746149.7,Reorder,1.13,165,Valid
INVT001640,PO001640,P0272,WH002,2025-07-27,436,755,480,711,133,17,53977477.59,Overstock,3.83,711,Valid
INVT001641,PO001641,P0270,WH003,2026-02-10,1672,162,148,1686,429,112,128107152.5,Normal,6.33,1686,Valid
INVT001642,PO001642,P0169,WH004,2026-06-05,829,576,270,1135,257,169,93705622.7,Normal,7.77,1135,Valid
INVT001643,PO001643,P0016,WH003,2025-03-16,57,904,1208,0,38,195,0.0,Stockout,0.0,0,Valid
INVT001644,PO001644,P0126,WH001,2025-12-03,302,538,720,120,226,14,6566460.0,Reorder,0.52,120,Valid
INVT001645,PO001645,P0018,WH003,2025-11-12,351,322,145,528,357,159,15960632.16,Normal,1.98,528,Valid
INVT001646,PO001646,P0004,WH004,2025-09-25,262,648,931,0,310,85,0.0,Stockout,0.0,0,Valid
INVT001647,PO001647,P0239,WH004,2025-05-08,364,967,694,637,338,96,32709739.79,Normal,4.36,637,Valid
INVT001648,PO001648,P0003,WH002,2026-02-26,665,197,131,731,234,143,62173099.72,Normal,3.94,731,Valid
INVT001649,PO001649,P0136,WH003,2025-11-09,205,649,930,0,441,74,0.0,Stockout,0.0,0,Valid
INVT001650,PO001650,P0272,WH001,2026-04-26,241,992,43,1190,133,17,76228722.5,Overstock,5.14,1190,Valid
INVT001651,PO001651,P0236,WH004,2025-11-07,1285,312,317,1280,480,237,99207603.2,Normal,8.76,1280,Valid
INVT001652,PO001652,P0257,WH003,2026-01-15,244,658,63,839,336,211,49561584.19,Normal,3.15,839,Valid
INVT001653,PO001653,P0162,WH003,2026-01-24,606,548,179,975,216,189,58148327.25,Normal,3.66,975,Valid
INVT001654,PO001654,P0278,WH002,2025-10-15,1323,337,127,1533,495,236,30125565.54,Normal,8.27,1533,Valid
INVT001655,PO001655,P0291,WH001,2025-08-31,471,990,878,583,329,249,47985196.71,Normal,2.52,583,Valid
INVT001656,PO001656,P0199,WH004,2026-01-26,913,968,1184,697,325,187,42612433.24,Normal,4.77,697,Valid
INVT001657,PO001657,P0230,WH002,2026-05-17,375,138,46,467,346,159,22865165.27,Normal,2.52,467,Valid
INVT001658,PO001658,P0226,WH003,2026-01-14,258,755,415,598,229,114,5913986.78,Normal,2.24,598,Valid
INVT001659,PO001659,P0128,WH003,2026-07-06,1484,597,632,1449,404,136,47034279.18,Normal,5.44,1449,Valid
INVT001660,PO001660,P0095,WH002,2025-06-01,1144,311,308,1147,393,151,28315415.5,Normal,6.18,1147,Valid
INVT001661,PO001661,P0287,WH004,2026-04-07,605,712,794,523,254,99,42116818.67,Normal,3.58,523,Valid
INVT001662,PO001662,P0293,WH001,2025-05-17,258,786,696,348,212,211,17712378.72,Normal,1.5,348,Valid
INVT001663,PO001663,P0208,WH001,2025-02-13,552,935,529,958,159,116,28794289.86,Overstock,4.13,958,Valid
INVT001664,PO001664,P0287,WH004,2025-02-09,232,158,219,171,254,99,13846389.84,Reorder,1.17,171,Valid
INVT001665,PO001665,P0210,WH003,2025-04-19,51,300,58,293,136,236,21601240.41,Normal,1.1,293,Valid
INVT001666,PO001666,P0289,WH002,2026-05-08,8,710,488,230,22,220,7696133.5,Overstock,1.24,230,Valid
INVT001667,PO001667,P0074,WH004,2026-04-07,48,880,1283,0,87,78,0.0,Stockout,0.0,0,Valid
INVT001668,PO001668,P0131,WH004,2026-02-04,1007,417,575,849,393,68,19429229.16,Normal,5.8100000000000005,849,Valid
INVT001669,PO001669,P0256,WH004,2025-09-20,58,746,1019,0,29,170,0.0,Stockout,0.0,0,Valid
INVT001670,PO001670,P0056,WH003,2025-09-25,1601,324,274,1651,455,211,66776164.39,Normal,6.2,1651,Valid
INVT001671,PO001671,P0102,WH001,2026-06-16,555,40,1,594,209,117,30956999.04,Normal,2.56,594,Valid
INVT001672,PO001672,P0102,WH003,2025-04-22,744,790,43,1491,209,117,84065457.63,Overstock,5.6,1491,Valid
INVT001673,PO001673,P0119,WH004,2026-06-22,734,58,45,747,226,66,1875298.68,Normal,5.11,747,Valid
INVT001674,PO001674,P0012,WH003,2025-10-05,865,917,1340,442,307,35,38645324.12,Normal,1.6600000000000001,442,Valid
INVT001675,PO001675,P0190,WH004,2025-06-07,496,174,260,410,238,85,29707447.9,Normal,2.81,410,Valid
INVT001676,PO001676,P0172,WH003,2025-09-28,87,226,17,296,170,34,133623.28,Normal,1.11,296,Valid
INVT001677,PO001677,P0238,WH002,2026-01-04,245,667,427,485,179,171,24605349.8,Normal,2.62,485,Valid
INVT001678,PO001678,P0226,WH003,2026-07-08,477,577,632,422,229,114,3829569.82,Normal,1.58,422,Valid
INVT001679,PO001679,P0008,WH004,2025-06-24,29,444,580,0,81,100,0.0,Stockout,0.0,0,Valid
INVT001680,PO001680,P0103,WH004,2026-03-03,437,771,464,744,161,185,18269894.64,Normal,5.09,744,Valid
INVT001681,PO001681,P0210,WH004,2026-07-17,266,510,584,192,136,236,15254772.48,Normal,1.31,192,Valid
INVT001682,PO001682,P0182,WH002,2025-11-28,975,539,467,1047,293,195,24061986.48,Normal,5.65,1047,Valid
INVT001683,PO001683,P0053,WH004,2025-10-18,71,282,393,0,53,166,0.0,Stockout,0.0,0,Valid
INVT001684,PO001684,P0032,WH001,2026-03-19,332,116,128,320,237,188,5891472.0,Normal,1.38,320,Valid
INVT001685,PO001685,P0117,WH001,2025-01-20,1322,419,501,1240,490,224,68334812.8,Normal,5.35,1240,Valid
INVT001686,PO001686,P0088,WH004,2025-03-21,501,727,150,1078,384,57,22958112.1,Normal,7.38,1078,Valid
INVT001687,PO001687,P0223,WH001,2025-02-02,527,839,603,763,362,20,1925834.89,Normal,3.29,763,Valid
INVT001688,PO001688,P0218,WH001,2026-05-23,90,551,539,102,52,176,5139233.28,Normal,0.44,102,Valid
INVT001689,PO001689,P0003,WH004,2025-06-09,907,30,28,909,234,143,67453163.1,Normal,6.22,909,Valid
INVT001690,PO001690,P0215,WH001,2026-05-18,133,991,534,590,86,75,20439381.8,Overstock,2.55,590,Valid
INVT001691,PO001691,P0108,WH003,2025-04-12,838,773,422,1189,217,213,47327491.05,Overstock,4.46,1189,Valid
INVT001692,PO001692,P0063,WH002,2025-10-20,896,512,338,1070,443,35,31540946.4,Normal,5.77,1070,Valid
INVT001693,PO001693,P0272,WH001,2026-02-16,329,904,650,583,133,17,38366472.1,Normal,2.52,583,Valid
INVT001694,PO001694,P0105,WH001,2025-02-03,244,706,54,896,175,213,10716061.44,Overstock,3.87,896,Valid
INVT001695,PO001695,P0154,WH004,2026-04-26,1422,599,522,1499,404,23,51068711.48,Normal,10.26,1499,Valid
INVT001696,PO001696,P0015,WH004,2025-09-29,248,635,93,790,340,128,61779722.2,Normal,5.41,790,Valid
INVT001697,PO001697,P0019,WH001,2025-11-03,310,490,23,777,417,37,35416289.37,Normal,3.35,777,Valid
INVT001698,PO001698,P0011,WH002,2025-12-07,30,207,29,208,348,26,13152110.4,Reorder,1.12,208,Valid
INVT001699,PO001699,P0187,WH003,2025-07-04,160,851,1113,0,114,24,0.0,Stockout,0.0,0,Valid
INVT001700,PO001700,P0230,WH002,2026-02-20,660,226,186,700,346,159,40039272.0,Normal,3.77,700,Valid
INVT001701,PO001701,P0042,WH001,2026-01-28,65,276,328,13,131,24,937771.38,Reorder,0.06,13,Valid
INVT001702,PO001702,P0048,WH001,2026-03-31,386,182,228,340,370,99,29339276.6,Reorder,1.47,340,Valid
INVT001703,PO001703,P0153,WH003,2025-01-13,1404,957,419,1942,441,216,57407966.92,Normal,7.29,1942,Valid
INVT001704,PO001704,P0042,WH001,2026-06-01,283,801,83,1001,131,24,77033346.39,Overstock,4.32,1001,Valid
INVT001705,PO001705,P0041,WH003,2026-01-20,836,413,176,1073,372,143,42787602.53,Normal,4.03,1073,Valid
INVT001706,PO001706,P0114,WH004,2025-04-17,153,572,420,305,70,236,23163770.95,Normal,2.09,305,Valid
INVT001707,PO001707,P0127,WH003,2025-11-29,300,907,707,500,369,148,36736700.0,Normal,1.88,500,Valid
INVT001708,PO001708,P0001,WH003,2026-04-16,613,173,8,778,364,114,32784499.88,Normal,2.92,778,Valid
INVT001709,PO001709,P0218,WH004,2025-02-02,35,709,85,659,52,176,33689200.3,Overstock,4.51,659,Valid
INVT001710,PO001710,P0064,WH004,2025-10-31,44,607,822,0,499,106,0.0,Stockout,0.0,0,Valid
INVT001711,PO001711,P0044,WH002,2025-12-01,434,429,508,355,177,19,20906510.9,Normal,1.9100000000000001,355,Valid
INVT001712,PO001712,P0258,WH003,2025-11-16,1006,794,1096,704,331,246,18177448.96,Normal,2.64,704,Valid
INVT001713,PO001713,P0071,WH002,2026-08-03,1091,956,38,2009,368,103,67076391.55,Overstock,10.83,2009,Valid
INVT001714,PO001714,P0212,WH004,2026-01-30,538,984,615,907,167,225,70322603.33,Overstock,6.21,907,Valid
INVT001715,PO001715,P0288,WH001,2025-10-05,29,608,447,190,42,71,7000779.9,Normal,0.8200000000000001,190,Valid
INVT001716,PO001716,P0054,WH002,2026-02-03,236,308,167,377,114,156,16199169.74,Normal,2.03,377,Valid
INVT001717,PO001717,P0291,WH003,2025-10-18,490,713,23,1180,329,249,88798009.0,Normal,4.43,1180,Valid
INVT001718,PO001718,P0289,WH002,2025-01-11,9,228,236,1,22,220,35144.98,Reorder,0.01,1,Valid
INVT001719,PO001719,P0050,WH003,2025-09-28,383,772,191,964,162,116,41461061.6,Overstock,3.62,964,Valid
INVT001720,PO001720,P0240,WH004,2025-08-04,1074,343,395,1022,378,29,77711255.02,Normal,7.0,1022,Valid
INVT001721,PO001721,P0193,WH003,2025-01-31,766,754,415,1105,470,163,31602944.75,Normal,4.15,1105,Valid
INVT001722,PO001722,P0262,WH001,2026-03-27,616,571,47,1140,159,57,83431869.0,Overstock,4.92,1140,Valid
INVT001723,PO001723,P0290,WH004,2025-04-01,57,271,301,27,95,201,2093898.33,Reorder,0.18,27,Valid
INVT001724,PO001724,P0001,WH003,2025-09-10,281,358,235,404,364,114,16720178.32,Normal,1.52,404,Valid
INVT001725,PO001725,P0204,WH002,2025-01-30,458,805,972,291,309,156,19750493.01,Reorder,1.57,291,Valid
INVT001726,PO001726,P0195,WH004,2025-12-27,386,476,11,851,97,205,49453320.51,Overstock,5.83,851,Valid
INVT001727,PO001727,P0107,WH004,2025-05-29,121,139,44,216,328,235,7936371.36,Reorder,1.48,216,Valid
INVT001728,PO001728,P0089,WH004,2025-09-01,901,296,18,1179,390,162,37098991.71,Normal,8.07,1179,Valid
INVT001729,PO001729,P0061,WH001,2026-04-26,21,784,1009,0,232,52,0.0,Stockout,0.0,0,Valid
INVT001730,PO001730,P0035,WH001,2025-06-21,1004,694,928,770,489,155,42950561.5,Normal,3.32,770,Valid
INVT001731,PO001731,P0086,WH004,2025-03-04,201,459,243,417,442,229,17598530.07,Reorder,2.85,417,Valid
INVT001732,PO001732,P0266,WH003,2026-04-16,709,506,396,819,470,103,57858517.08,Normal,3.07,819,Valid
INVT001733,PO001733,P0278,WH003,2025-06-01,687,559,52,1194,495,236,24577343.76,Normal,4.48,1194,Valid
INVT001734,PO001734,P0290,WH003,2026-07-01,228,769,890,107,95,201,7684394.39,Normal,0.4,107,Valid
INVT001735,PO001735,P0020,WH002,2025-06-26,17,80,108,0,28,180,0.0,Stockout,0.0,0,Valid
INVT001736,PO001736,P0294,WH004,2026-03-15,913,583,31,1465,481,19,65705440.45,Normal,10.03,1465,Valid
INVT001737,PO001737,P0111,WH002,2026-04-15,8,17,23,2,40,62,27022.12,Reorder,0.01,2,Valid
INVT001738,PO001738,P0291,WH004,2025-12-11,92,301,169,224,329,249,16181359.04,Reorder,1.53,224,Valid
INVT001739,PO001739,P0135,WH003,2025-07-01,728,589,748,569,182,127,38657786.03,Normal,2.14,569,Valid
INVT001740,PO001740,P0090,WH001,2026-06-03,59,849,54,854,76,160,74554806.34,Overstock,3.69,854,Valid
INVT001741,PO001741,P0202,WH002,2026-02-19,935,224,213,946,297,174,32926390.86,Normal,5.1,946,Valid
INVT001742,PO001742,P0061,WH001,2025-03-29,660,523,119,1064,232,52,46115919.92,Normal,4.59,1064,Valid
INVT001743,PO001743,P0249,WH001,2025-08-12,291,547,434,404,257,96,4703776.04,Normal,1.74,404,Valid
INVT001744,PO001744,P0251,WH003,2025-11-27,504,120,0,624,184,38,25322007.36,Normal,2.34,624,Valid
INVT001745,PO001745,P0254,WH003,2026-06-07,27,353,457,0,193,239,0.0,Stockout,0.0,0,Valid
INVT001746,PO001746,P0139,WH003,2025-07-11,5,108,141,0,42,232,0.0,Stockout,0.0,0,Valid
INVT001747,PO001747,P0210,WH003,2025-10-25,321,444,657,108,136,236,8593487.64,Reorder,0.41000000000000003,108,Valid
INVT001748,PO001748,P0195,WH004,2025-11-03,228,717,58,887,97,205,48575659.13,Overstock,6.07,887,Valid
INVT001749,PO001749,P0284,WH001,2026-02-17,489,651,692,448,318,224,15773287.04,Normal,1.9300000000000002,448,Valid
INVT001750,PO001750,P0250,WH003,2025-04-07,253,487,351,389,485,23,23755378.09,Reorder,1.46,389,Valid
INVT001751,PO001751,P0046,WH001,2025-12-30,1943,781,486,2238,486,202,93103955.58,Normal,9.66,2238,Valid
INVT001752,PO001752,P0226,WH004,2025-10-14,461,200,64,597,229,114,5876569.5,Normal,4.09,597,Valid
INVT001753,PO001753,P0002,WH002,2026-07-18,134,983,1303,0,301,86,0.0,Stockout,0.0,0,Valid
INVT001754,PO001754,P0007,WH002,2025-03-10,347,48,61,334,194,82,19978607.46,Normal,1.8,334,Valid
INVT001755,PO001755,P0090,WH003,2025-12-19,6,752,748,10,76,160,881850.5,Reorder,0.04,10,Valid
INVT001756,PO001756,P0072,WH003,2025-02-22,628,615,44,1199,290,216,8541532.12,Normal,4.5,1199,Valid
INVT001757,PO001757,P0213,WH004,2025-01-15,153,274,179,248,76,205,15108561.76,Normal,1.7000000000000002,248,Valid
INVT001758,PO001758,P0022,WH004,2025-10-23,769,633,217,1185,356,116,78244412.4,Normal,8.11,1185,Valid
INVT001759,PO001759,P0117,WH004,2026-05-27,91,369,395,65,490,224,3389383.4,Reorder,0.44,65,Valid
INVT001760,PO001760,P0087,WH004,2026-01-04,509,47,19,537,237,242,41316017.46,Normal,3.68,537,Valid
INVT001761,PO001761,P0129,WH002,2026-04-24,485,407,112,780,126,140,14412286.2,Overstock,4.21,780,Valid
INVT001762,PO001762,P0212,WH004,2025-11-12,179,804,1141,0,167,225,0.0,Stockout,0.0,0,Valid
INVT001763,PO001763,P0079,WH004,2025-07-23,242,204,267,179,63,108,8220401.37,Normal,1.23,179,Valid
INVT001764,PO001764,P0117,WH003,2025-10-10,1192,412,484,1120,490,224,56283808.0,Normal,4.2,1120,Valid
INVT001765,PO001765,P0128,WH002,2025-08-24,1078,741,462,1357,404,136,42840802.11,Normal,7.32,1357,Valid
INVT001766,PO001766,P0200,WH004,2025-07-05,1667,586,654,1599,422,173,138580357.1,Normal,10.95,1599,Valid
INVT001767,PO001767,P0023,WH002,2025-10-04,588,691,394,885,301,65,17503229.1,Normal,4.77,885,Valid
INVT001768,PO001768,P0010,WH001,2025-03-07,592,513,255,850,380,29,7899857.5,Normal,3.67,850,Valid
INVT001769,PO001769,P0037,WH003,2026-07-29,1138,405,241,1302,344,50,40467123.48,Normal,4.89,1302,Valid
INVT001770,PO001770,P0179,WH001,2025-07-14,278,267,7,538,128,245,3857562.22,Normal,2.32,538,Valid
INVT001771,PO001771,P0162,WH002,2026-05-02,5,387,425,0,216,189,0.0,Stockout,0.0,0,Valid
INVT001772,PO001772,P0140,WH001,2025-11-14,1099,943,646,1396,462,58,89439193.24,Normal,6.02,1396,Valid
INVT001773,PO001773,P0244,WH002,2025-09-30,167,312,206,273,54,42,3846619.14,Overstock,1.47,273,Valid
INVT001774,PO001774,P0139,WH003,2025-11-21,14,864,413,465,42,232,27597726.75,Overstock,1.74,465,Valid
INVT001775,PO001775,P0215,WH003,2026-05-01,216,441,98,559,86,75,17556535.36,Overstock,2.1,559,Valid
INVT001776,PO001776,P0134,WH004,2026-07-14,959,826,958,827,245,14,13116964.3,Normal,5.66,827,Valid
INVT001777,PO001777,P0187,WH001,2025-11-15,101,196,45,252,114,24,9333351.72,Normal,1.09,252,Valid
INVT001778,PO001778,P0088,WH002,2025-09-23,211,60,13,258,384,57,5752321.56,Reorder,1.3900000000000001,258,Valid
INVT001779,PO001779,P0172,WH001,2025-05-03,235,403,438,200,170,34,92736.0,Normal,0.86,200,Valid
INVT001780,PO001780,P0023,WH003,2026-01-24,212,573,334,451,301,65,9211765.2,Normal,1.69,451,Valid
INVT001781,PO001781,P0085,WH002,2025-07-06,642,166,7,801,306,81,53112908.25,Normal,4.32,801,Valid
INVT001782,PO001782,P0188,WH001,2025-06-19,799,855,727,927,324,165,1903436.91,Normal,4.0,927,Valid
INVT001783,PO001783,P0031,WH004,2025-10-03,803,931,1259,475,378,181,6292206.25,Normal,3.25,475,Valid
INVT001784,PO001784,P0180,WH003,2025-09-20,1192,629,801,1020,306,39,34139859.0,Normal,3.83,1020,Valid
INVT001785,PO001785,P0137,WH002,2025-08-10,145,600,411,334,180,28,5980884.56,Normal,1.8,334,Valid
INVT001786,PO001786,P0062,WH001,2025-02-10,963,529,602,890,299,57,56812758.4,Normal,3.84,890,Valid
INVT001787,PO001787,P0212,WH004,2025-07-03,19,219,236,2,167,225,160675.12,Reorder,0.01,2,Valid
INVT001788,PO001788,P0009,WH002,2026-03-31,116,485,397,204,435,127,8268505.56,Reorder,1.1,204,Valid
INVT001789,PO001789,P0163,WH002,2025-10-10,689,702,1019,372,201,83,20268732.48,Normal,2.01,372,Valid
INVT001790,PO001790,P0259,WH004,2025-11-01,24,405,190,239,70,12,19735353.3,Normal,1.6400000000000001,239,Valid
INVT001791,PO001791,P0250,WH002,2026-07-22,132,24,18,138,485,23,8008051.68,Reorder,0.74,138,Valid
INVT001792,PO001792,P0036,WH002,2025-06-13,1616,613,22,2207,499,189,165727072.9,Normal,11.9,2207,Valid
INVT001793,PO001793,P0169,WH002,2025-05-29,519,143,148,514,257,169,42132117.4,Normal,2.77,514,Valid
INVT001794,PO001794,P0149,WH002,2026-06-01,718,439,497,660,487,100,29548549.8,Normal,3.56,660,Valid
INVT001795,PO001795,P0014,WH003,2025-04-29,14,638,878,0,31,150,0.0,Stockout,0.0,0,Valid
INVT001796,PO001796,P0232,WH004,2025-08-14,1134,419,509,1044,293,69,37302088.68,Normal,7.15,1044,Valid
INVT001797,PO001797,P0116,WH003,2025-04-17,71,245,194,122,51,95,9255645.9,Normal,0.46,122,Valid
INVT001798,PO001798,P0284,WH002,2025-01-26,567,341,198,710,318,224,26555483.9,Normal,3.83,710,Valid
INVT001799,PO001799,P0075,WH003,2025-09-09,170,163,71,262,105,160,5568506.08,Normal,0.98,262,Valid
INVT001800,PO001800,P0112,WH001,2025-09-08,1045,303,173,1175,439,184,26818975.5,Normal,5.07,1175,Valid
INVT001801,PO001801,P0266,WH002,2026-07-31,1363,555,141,1777,470,103,132364358.6,Normal,9.58,1777,Valid
INVT001802,PO001802,P0187,WH004,2026-01-07,312,438,569,181,114,24,6550661.5,Normal,1.24,181,Valid
INVT001803,PO001803,P0257,WH002,2025-07-19,1268,75,57,1286,336,211,76512486.14,Normal,6.93,1286,Valid
INVT001804,PO001804,P0232,WH002,2026-04-03,154,554,151,557,293,69,20576404.36,Normal,3.0,557,Valid
INVT001805,PO001805,P0155,WH003,2025-02-25,1208,967,532,1643,338,157,80308755.62,Normal,6.17,1643,Valid
INVT001806,PO001806,P0067,WH003,2025-09-17,856,99,105,850,217,184,36963797.0,Normal,3.19,850,Valid
INVT001807,PO001807,P0146,WH003,2025-02-24,28,114,43,99,52,166,6954847.02,Normal,0.37,99,Valid
INVT001808,PO001808,P0239,WH003,2025-05-05,1348,839,32,2155,338,96,103905975.7,Overstock,8.09,2155,Valid
INVT001809,PO001809,P0136,WH001,2025-10-21,1597,554,481,1670,441,74,57941151.0,Normal,7.21,1670,Valid
INVT001810,PO001810,P0099,WH001,2025-12-11,1024,911,246,1689,256,250,92796615.75,Overstock,7.29,1689,Valid
INVT001811,PO001811,P0107,WH004,2026-03-15,974,260,372,862,328,235,27390834.42,Normal,5.9,862,Valid
INVT001812,PO001812,P0145,WH001,2025-04-17,25,749,720,54,30,79,3591724.14,Normal,0.23,54,Valid
INVT001813,PO001813,P0299,WH001,2025-03-03,1693,231,34,1890,471,18,12666780.0,Normal,8.16,1890,Valid
INVT001814,PO001814,P0048,WH001,2025-03-20,1308,457,453,1312,370,99,101338866.9,Normal,5.66,1312,Valid
INVT001815,PO001815,P0009,WH002,2025-01-01,1295,740,214,1821,435,127,76823437.5,Normal,9.82,1821,Valid
INVT001816,PO001816,P0058,WH004,2025-10-23,315,895,1079,131,459,191,1008297.83,Reorder,0.9,131,Valid
INVT001817,PO001817,P0175,WH001,2026-06-26,888,907,953,842,455,79,5606263.34,Normal,3.63,842,Valid
INVT001818,PO001818,P0276,WH003,2026-03-04,710,313,11,1012,382,193,87292579.88,Normal,3.8,1012,Valid
INVT001819,PO001819,P0069,WH002,2025-05-03,1080,816,190,1706,302,96,77751785.94,Overstock,9.2,1706,Valid
INVT001820,PO001820,P0149,WH001,2025-11-13,1477,82,25,1534,487,100,80853550.44,Normal,6.62,1534,Valid
INVT001821,PO001821,P0263,WH002,2025-08-25,36,47,14,69,72,247,5028748.29,Reorder,0.37,69,Valid
INVT001822,PO001822,P0047,WH003,2025-07-03,243,89,87,245,224,237,19697566.35,Normal,0.92,245,Valid
INVT001823,PO001823,P0063,WH003,2025-03-20,1198,322,375,1145,443,35,33786121.85,Normal,4.3,1145,Valid
INVT001824,PO001824,P0179,WH003,2025-02-14,199,99,92,206,128,245,1575488.0,Normal,0.77,206,Valid
INVT001825,PO001825,P0072,WH004,2025-06-15,142,108,52,198,290,216,1256648.58,Reorder,1.3599999999999999,198,Valid
INVT001826,PO001826,P0259,WH001,2026-01-07,228,187,267,148,70,12,12775103.96,Normal,0.64,148,Valid
INVT001827,PO001827,P0088,WH001,2026-03-24,1312,531,218,1625,384,57,38852060.0,Normal,7.01,1625,Valid
INVT001828,PO001828,P0227,WH004,2025-12-31,339,18,16,341,109,237,9928692.4,Normal,2.33,341,Valid
INVT001829,PO001829,P0060,WH003,2026-03-29,756,830,856,730,311,48,3482100.0,Normal,2.74,730,Valid
INVT001830,PO001830,P0089,WH004,2025-12-19,1241,820,657,1404,390,162,42477584.76,Normal,9.61,1404,Valid
INVT001831,PO001831,P0173,WH002,2025-01-09,384,310,69,625,340,55,22197325.0,Normal,3.37,625,Valid
INVT001832,PO001832,P0074,WH002,2026-05-01,301,742,588,455,87,78,21864610.95,Overstock,2.45,455,Valid
INVT001833,PO001833,P0025,WH001,2025-09-24,694,507,461,740,417,19,9924635.8,Normal,3.19,740,Valid
INVT001834,PO001834,P0175,WH004,2025-04-06,1153,306,136,1323,455,79,8716307.67,Normal,9.06,1323,Valid
INVT001835,PO001835,P0026,WH004,2026-04-15,195,539,573,161,171,23,13195349.09,Reorder,1.1,161,Valid
INVT001836,PO001836,P0207,WH004,2025-03-07,71,164,76,159,32,142,5489174.49,Normal,1.09,159,Valid
INVT001837,PO001837,P0073,WH001,2025-10-30,364,115,151,328,216,72,9749990.24,Normal,1.42,328,Valid
INVT001838,PO001838,P0014,WH004,2026-03-17,47,648,124,571,31,150,14248442.79,Overstock,3.91,571,Valid
INVT001839,PO001839,P0001,WH004,2025-02-06,1313,933,1235,1011,364,114,47544954.15,Normal,6.92,1011,Valid
INVT001840,PO001840,P0002,WH001,2025-06-06,96,680,1018,0,301,86,0.0,Stockout,0.0,0,Valid
INVT001841,PO001841,P0157,WH002,2026-03-04,199,502,640,61,432,85,1239765.22,Reorder,0.33,61,Valid
INVT001842,PO001842,P0156,WH002,2026-06-17,390,549,17,922,140,169,57322362.72,Overstock,4.97,922,Valid
INVT001843,PO001843,P0143,WH001,2025-01-10,139,575,59,655,36,230,54784278.6,Overstock,2.83,655,Valid
INVT001844,PO001844,P0089,WH002,2026-06-15,878,550,559,869,390,162,26517717.49,Normal,4.69,869,Valid
INVT001845,PO001845,P0012,WH001,2025-03-03,779,456,502,733,307,35,63985226.58,Normal,3.16,733,Valid
INVT001846,PO001846,P0132,WH002,2026-02-07,102,116,135,83,62,174,2288542.4,Normal,0.45,83,Valid
INVT001847,PO001847,P0227,WH001,2025-06-06,62,944,72,934,109,237,24925555.26,Overstock,4.03,934,Valid
INVT001848,PO001848,P0092,WH003,2026-05-20,1292,798,723,1367,369,36,27191803.53,Normal,5.13,1367,Valid
INVT001849,PO001849,P0020,WH004,2025-04-16,33,999,1007,25,28,180,1881763.5,Reorder,0.17,25,Valid
INVT001850,PO001850,P0142,WH001,2025-04-29,834,551,471,914,301,101,48388640.68,Normal,3.94,914,Valid
INVT001851,PO001851,P0149,WH003,2025-03-23,1523,456,281,1698,487,100,81743808.54,Normal,6.37,1698,Valid
INVT001852,PO001852,P0114,WH004,2025-03-31,258,859,1066,51,70,236,3590129.19,Reorder,0.35000000000000003,51,Valid
INVT001853,PO001853,P0124,WH002,2025-02-16,1234,800,430,1604,411,167,121013860.2,Normal,8.65,1604,Valid
INVT001854,PO001854,P0134,WH001,2026-04-27,912,573,585,900,245,14,14008725.0,Normal,3.88,900,Valid
INVT001855,PO001855,P0291,WH002,2025-04-03,263,246,221,288,329,249,20784072.96,Reorder,1.55,288,Valid
INVT001856,PO001856,P0285,WH002,2025-12-19,279,763,580,462,165,178,32723603.22,Normal,2.49,462,Valid
INVT001857,PO001857,P0046,WH004,2025-10-15,1735,582,698,1619,486,202,70774261.2,Normal,11.08,1619,Valid
INVT001858,PO001858,P0019,WH001,2026-01-30,982,152,217,917,417,37,41304889.5,Normal,3.96,917,Valid
INVT001859,PO001859,P0194,WH003,2025-01-17,446,789,111,1124,145,42,78911499.04,Overstock,4.22,1124,Valid
INVT001860,PO001860,P0217,WH001,2025-06-24,1073,742,958,857,394,47,59324213.84,Normal,3.7,857,Valid
INVT001861,PO001861,P0027,WH002,2026-02-09,53,503,415,141,495,214,9267075.54,Reorder,0.76,141,Valid
INVT001862,PO001862,P0084,WH004,2026-06-26,480,976,1013,443,239,88,16701773.36,Normal,3.03,443,Valid
INVT001863,PO001863,P0079,WH004,2025-01-15,251,715,15,951,63,108,41928458.31,Overstock,6.51,951,Valid
INVT001864,PO001864,P0033,WH002,2026-01-25,331,737,521,547,441,103,25837397.31,Normal,2.95,547,Valid
INVT001865,PO001865,P0029,WH003,2026-06-15,499,474,463,510,236,45,32879858.1,Normal,1.9100000000000001,510,Valid
INVT001866,PO001866,P0300,WH003,2026-06-29,133,262,172,223,213,163,687792.21,Normal,0.84,223,Valid
INVT001867,PO001867,P0136,WH002,2025-08-28,1597,517,5,2109,441,74,74327718.99,Normal,11.37,2109,Valid
INVT001868,PO001868,P0275,WH002,2025-10-08,627,509,299,837,361,144,29426342.04,Normal,4.51,837,Valid
INVT001869,PO001869,P0127,WH004,2025-02-27,631,97,131,597,369,148,43572468.87,Normal,4.09,597,Valid
INVT001870,PO001870,P0147,WH002,2025-03-07,299,979,1392,0,335,66,0.0,Stockout,0.0,0,Valid
INVT001871,PO001871,P0176,WH002,2026-04-05,389,425,403,411,174,94,14982339.18,Normal,2.22,411,Valid
INVT001872,PO001872,P0060,WH002,2025-08-24,101,252,247,106,311,48,603358.36,Reorder,0.5700000000000001,106,Valid
INVT001873,PO001873,P0198,WH004,2025-09-19,8,371,504,0,38,223,0.0,Stockout,0.0,0,Valid
INVT001874,PO001874,P0104,WH004,2025-12-12,80,629,342,367,297,48,9024372.19,Normal,2.51,367,Valid
INVT001875,PO001875,P0040,WH002,2026-01-12,404,208,31,581,191,99,23030938.77,Normal,3.13,581,Valid
INVT001876,PO001876,P0296,WH002,2025-01-26,1384,678,445,1617,422,228,63950199.39,Normal,8.72,1617,Valid
INVT001877,PO001877,P0114,WH001,2025-03-13,269,626,227,668,70,236,43354976.88,Overstock,2.88,668,Valid
INVT001878,PO001878,P0104,WH004,2026-01-30,628,299,15,912,297,48,24801858.24,Normal,6.24,912,Valid
INVT001879,PO001879,P0212,WH003,2025-06-04,327,263,372,218,167,225,17879917.46,Normal,0.8200000000000001,218,Valid
INVT001880,PO001880,P0055,WH004,2025-09-14,1128,410,14,1524,437,63,51167065.56,Normal,10.43,1524,Valid
INVT001881,PO001881,P0099,WH001,2025-01-01,230,381,437,174,256,250,10089604.02,Reorder,0.75,174,Valid
INVT001882,PO001882,P0099,WH001,2025-12-09,418,480,638,260,256,250,16515647.2,Normal,1.12,260,Valid
INVT001883,PO001883,P0121,WH004,2026-07-10,443,537,68,912,119,200,13909140.0,Overstock,6.24,912,Valid
INVT001884,PO001884,P0005,WH004,2025-07-15,360,829,1224,0,145,104,0.0,Stockout,0.0,0,Valid
INVT001885,PO001885,P0206,WH004,2025-02-20,1621,507,549,1579,441,100,128349567.7,Normal,10.81,1579,Valid
INVT001886,PO001886,P0241,WH001,2026-01-12,625,489,77,1037,252,138,29437930.83,Normal,4.48,1037,Valid
INVT001887,PO001887,P0018,WH002,2026-06-12,780,216,106,890,357,159,28549678.1,Normal,4.8,890,Valid
INVT001888,PO001888,P0175,WH004,2025-07-16,833,725,200,1358,455,79,8893012.38,Normal,9.3,1358,Valid
INVT001889,PO001889,P0220,WH004,2026-04-10,108,777,144,741,30,160,60717399.21,Overstock,5.07,741,Valid
INVT001890,PO001890,P0084,WH003,2025-05-25,519,416,345,590,239,88,23575992.9,Normal,2.21,590,Valid
INVT001891,PO001891,P0138,WH002,2025-12-06,399,128,159,368,183,201,21034780.64,Normal,1.98,368,Valid
INVT001892,PO001892,P0255,WH002,2025-04-01,193,137,37,293,163,172,15487399.86,Normal,1.58,293,Valid
INVT001893,PO001893,P0274,WH003,2026-04-02,535,65,22,578,321,164,51955633.92,Normal,2.17,578,Valid
INVT001894,PO001894,P0259,WH003,2025-04-06,78,768,417,429,70,12,33084552.93,Overstock,1.6099999999999999,429,Valid
INVT001895,PO001895,P0132,WH002,2025-04-10,10,458,2,466,62,174,14454905.26,Overstock,2.51,466,Valid
INVT001896,PO001896,P0282,WH003,2026-06-28,198,32,20,210,246,248,9638456.1,Reorder,0.79,210,Valid
INVT001897,PO001897,P0126,WH001,2025-09-25,848,877,798,927,226,14,57915261.27,Normal,4.0,927,Valid
INVT001898,PO001898,P0037,WH001,2025-10-01,867,989,359,1497,344,50,52206617.52,Normal,6.46,1497,Valid
INVT001899,PO001899,P0239,WH004,2025-04-11,716,134,23,827,338,96,41062749.82,Normal,5.66,827,Valid
INVT001900,PO001900,P0161,WH004,2026-01-06,61,703,808,0,40,242,0.0,Stockout,0.0,0,Valid
INVT001901,PO001901,P0246,WH004,2025-08-02,581,585,9,1157,213,207,84113738.02,Overstock,7.92,1157,Valid
INVT001902,PO001902,P0178,WH004,2025-03-16,137,527,611,53,46,71,1167072.72,Normal,0.36,53,Valid
INVT001903,PO001903,P0048,WH003,2025-09-05,829,794,646,977,370,99,83335862.67,Normal,3.67,977,Valid
INVT001904,PO001904,P0188,WH002,2026-06-09,908,536,271,1173,324,165,2473903.92,Normal,6.32,1173,Valid
INVT001905,PO001905,P0065,WH004,2025-11-07,1087,938,123,1902,390,19,84775050.06,Normal,13.02,1902,Valid
INVT001906,PO001906,P0277,WH001,2025-08-28,68,231,64,235,33,25,19445394.6,Overstock,1.01,235,Valid
INVT001907,PO001907,P0041,WH004,2025-01-17,1016,288,234,1070,372,143,42694401.7,Normal,7.32,1070,Valid
INVT001908,PO001908,P0196,WH004,2025-07-14,926,847,208,1565,236,215,103160762.3,Overstock,10.71,1565,Valid
INVT001909,PO001909,P0239,WH002,2025-02-27,1063,431,187,1307,338,96,70029112.28,Normal,7.05,1307,Valid
INVT001910,PO001910,P0178,WH001,2025-06-25,132,624,366,390,46,71,10368126.6,Overstock,1.6800000000000002,390,Valid
INVT001911,PO001911,P0265,WH002,2026-07-04,99,590,139,550,167,227,15893163.0,Normal,2.9699999999999998,550,Valid
INVT001912,PO001912,P0083,WH002,2025-03-24,1031,776,52,1755,435,180,98113081.95,Normal,9.46,1755,Valid
INVT001913,PO001913,P0231,WH003,2026-03-09,664,894,1172,386,295,51,17934571.32,Normal,1.45,386,Valid
INVT001914,PO001914,P0174,WH002,2025-05-09,1389,281,104,1566,391,52,126133642.3,Normal,8.44,1566,Valid
INVT001915,PO001915,P0082,WH002,2025-06-03,422,842,231,1033,151,103,59834706.92,Overstock,5.57,1033,Valid
INVT001916,PO001916,P0259,WH002,2025-07-16,160,18,5,173,70,12,15465348.84,Normal,0.93,173,Valid
INVT001917,PO001917,P0082,WH003,2025-01-28,467,916,391,992,151,103,54574691.52,Overstock,3.7199999999999998,992,Valid
INVT001918,PO001918,P0126,WH002,2025-06-12,58,278,229,107,226,14,6966201.83,Reorder,0.58,107,Valid
INVT001919,PO001919,P0252,WH004,2025-10-06,162,528,645,45,413,213,48460.95,Reorder,0.31,45,Valid
INVT001920,PO001920,P0058,WH004,2025-02-10,644,52,25,671,459,191,5022736.95,Normal,4.59,671,Valid
INVT001921,PO001921,P0252,WH002,2025-06-17,230,230,228,232,413,213,235531.04,Reorder,1.25,232,Valid
INVT001922,PO001922,P0030,WH002,2026-05-18,926,239,341,824,258,168,67675968.72,Normal,4.44,824,Valid
INVT001923,PO001923,P0255,WH001,2026-06-11,164,995,986,173,163,172,8314629.12,Normal,0.75,173,Valid
INVT001924,PO001924,P0127,WH002,2025-08-20,109,121,82,148,369,148,10663829.2,Reorder,0.8,148,Valid
INVT001925,PO001925,P0121,WH004,2025-02-10,180,163,158,185,119,200,2891772.0,Normal,1.27,185,Valid
INVT001926,PO001926,P0271,WH003,2025-04-04,252,875,130,997,144,210,14783226.87,Overstock,3.74,997,Valid
INVT001927,PO001927,P0149,WH003,2026-01-12,732,616,719,629,487,100,32777535.95,Normal,2.36,629,Valid
INVT001928,PO001928,P0300,WH004,2025-12-29,122,723,132,713,213,163,2204759.99,Normal,4.88,713,Valid
INVT001929,PO001929,P0168,WH004,2025-11-14,563,204,91,676,156,80,52558452.44,Normal,4.63,676,Valid
INVT001930,PO001930,P0145,WH003,2026-05-07,43,91,46,88,30,79,6064048.32,Normal,0.33,88,Valid
INVT001931,PO001931,P0221,WH002,2025-04-07,267,654,357,564,187,23,25451740.8,Normal,3.04,564,Valid
INVT001932,PO001932,P0261,WH003,2025-10-15,247,491,171,567,132,180,4005100.89,Normal,2.13,567,Valid
INVT001933,PO001933,P0046,WH003,2026-06-09,1153,370,70,1453,486,202,60743057.31,Normal,5.45,1453,Valid
INVT001934,PO001934,P0117,WH004,2025-08-11,1010,531,244,1297,490,224,62542196.02,Normal,8.88,1297,Valid
INVT001935,PO001935,P0291,WH001,2025-06-15,686,118,80,724,329,249,55953492.92,Normal,3.12,724,Valid
INVT001936,PO001936,P0040,WH004,2026-04-28,478,273,199,552,191,99,23377878.96,Normal,3.7800000000000002,552,Valid
INVT001937,PO001937,P0040,WH002,2025-10-10,10,289,196,103,191,99,4207032.94,Reorder,0.56,103,Valid
INVT001938,PO001938,P0147,WH002,2025-08-08,263,418,379,302,335,66,21535230.42,Reorder,1.63,302,Valid
INVT001939,PO001939,P0297,WH004,2026-07-21,409,692,1029,72,364,12,1860988.32,Reorder,0.49,72,Valid
INVT001940,PO001940,P0014,WH002,2025-06-16,85,149,127,107,31,150,2446984.07,Normal,0.58,107,Valid
INVT001941,PO001941,P0160,WH002,2025-03-31,311,956,1215,52,173,173,2402526.88,Reorder,0.28,52,Valid
INVT001942,PO001942,P0231,WH002,2025-08-30,1128,605,77,1656,295,51,79879660.56,Overstock,8.93,1656,Valid
INVT001943,PO001943,P0140,WH002,2025-05-06,35,496,76,455,462,58,29003133.25,Reorder,2.45,455,Valid
INVT001944,PO001944,P0014,WH004,2025-07-24,33,900,495,438,31,150,10715823.3,Overstock,3.0,438,Valid
INVT001945,PO001945,P0071,WH003,2025-11-09,396,148,120,424,368,103,13734479.36,Normal,1.5899999999999999,424,Valid
INVT001946,PO001946,P0091,WH002,2026-07-19,560,122,85,597,382,83,18864047.79,Normal,3.22,597,Valid
INVT001947,PO001947,P0084,WH001,2025-02-26,142,882,466,558,239,88,19816560.9,Normal,2.41,558,Valid
INVT001948,PO001948,P0097,WH001,2025-03-31,436,636,185,887,197,84,73277526.99,Normal,3.83,887,Valid
INVT001949,PO001949,P0173,WH004,2025-03-11,746,449,34,1161,340,55,37501066.26,Normal,7.95,1161,Valid
INVT001950,PO001950,P0130,WH003,2025-02-01,66,376,412,30,173,58,892010.4,Reorder,0.11,30,Valid
INVT001951,PO001951,P0202,WH004,2025-02-25,778,472,233,1017,297,174,35148465.81,Normal,6.96,1017,Valid
INVT001952,PO001952,P0066,WH004,2025-08-08,915,272,194,993,379,91,46827327.99,Normal,6.8,993,Valid
INVT001953,PO001953,P0035,WH001,2025-01-02,1753,932,1121,1564,489,155,86652935.16,Normal,6.75,1564,Valid
INVT001954,PO001954,P0267,WH003,2026-06-05,941,362,365,938,309,30,9697644.32,Normal,3.52,938,Valid
INVT001955,PO001955,P0143,WH004,2025-11-24,30,625,403,252,36,230,21496222.44,Overstock,1.73,252,Valid
INVT001956,PO001956,P0246,WH002,2025-11-02,653,632,453,832,213,207,65949694.72,Normal,4.49,832,Valid
INVT001957,PO001957,P0194,WH002,2025-01-25,211,42,43,210,145,42,14719355.7,Normal,1.13,210,Valid
INVT001958,PO001958,P0123,WH002,2025-04-29,436,524,403,557,308,180,23387566.65,Normal,3.0,557,Valid
INVT001959,PO001959,P0142,WH002,2026-05-01,100,173,161,112,301,101,5565807.52,Reorder,0.6000000000000001,112,Valid
INVT001960,PO001960,P0038,WH004,2025-08-04,995,535,338,1192,339,40,40122040.56,Normal,8.16,1192,Valid
INVT001961,PO001961,P0016,WH002,2025-02-22,60,77,61,76,38,195,6989682.0,Normal,0.41000000000000003,76,Valid
INVT001962,PO001962,P0216,WH002,2026-01-15,608,342,133,817,430,35,41362422.4,Normal,4.41,817,Valid
INVT001963,PO001963,P0120,WH004,2025-06-27,471,728,817,382,236,214,32806614.58,Normal,2.62,382,Valid
INVT001964,PO001964,P0277,WH002,2025-11-29,109,358,531,0,33,25,0.0,Stockout,0.0,0,Valid
INVT001965,PO001965,P0190,WH003,2025-06-08,192,38,55,175,238,85,11684919.75,Reorder,0.66,175,Valid
INVT001966,PO001966,P0297,WH001,2026-07-20,998,202,178,1022,364,12,26850004.44,Normal,4.41,1022,Valid
INVT001967,PO001967,P0173,WH003,2025-06-27,445,417,545,317,340,55,9706213.49,Reorder,1.19,317,Valid
INVT001968,PO001968,P0079,WH004,2026-05-30,58,294,339,13,63,108,614590.08,Reorder,0.09,13,Valid
INVT001969,PO001969,P0029,WH004,2025-10-23,457,869,704,622,236,45,36593516.44,Normal,4.26,622,Valid
INVT001970,PO001970,P0278,WH003,2026-01-19,101,210,235,76,495,236,1673400.68,Reorder,0.29,76,Valid
INVT001971,PO001971,P0175,WH003,2025-06-29,1349,440,432,1357,455,79,10210610.8,Normal,5.09,1357,Valid
INVT001972,PO001972,P0237,WH004,2025-03-03,1131,766,291,1606,290,24,42164502.16,Overstock,10.99,1606,Valid
INVT001973,PO001973,P0043,WH004,2025-09-24,1242,418,530,1130,466,119,25998079.5,Normal,7.74,1130,Valid
INVT001974,PO001974,P0175,WH003,2025-12-26,190,553,111,632,455,79,4235095.2,Normal,2.37,632,Valid
INVT001975,PO001975,P0240,WH004,2025-05-11,1456,648,191,1913,378,29,160820400.6,Overstock,13.1,1913,Valid
INVT001976,PO001976,P0156,WH003,2025-08-15,555,830,1021,364,140,169,23517694.2,Normal,1.37,364,Valid
INVT001977,PO001977,P0122,WH002,2026-01-09,120,800,667,253,208,225,13004470.71,Normal,1.3599999999999999,253,Valid
INVT001978,PO001978,P0196,WH002,2025-02-22,464,267,397,334,236,215,24623545.46,Normal,1.8,334,Valid
INVT001979,PO001979,P0223,WH004,2025-02-18,1364,315,280,1399,362,20,3524864.44,Normal,9.58,1399,Valid
INVT001980,PO001980,P0011,WH003,2025-10-16,386,659,905,140,348,26,7918622.6,Reorder,0.53,140,Valid
INVT001981,PO001981,P0152,WH004,2025-08-28,798,102,26,874,360,101,26724778.7,Normal,5.98,874,Valid
INVT001982,PO001982,P0058,WH002,2026-02-15,1072,200,214,1058,459,191,8888141.62,Normal,5.7,1058,Valid
INVT001983,PO001983,P0200,WH002,2026-05-27,1360,794,1063,1091,422,173,79498562.51,Normal,5.88,1091,Valid
INVT001984,PO001984,P0203,WH001,2025-05-18,69,13,6,76,63,71,1654011.56,Normal,0.33,76,Valid
INVT001985,PO001985,P0024,WH002,2025-02-14,723,293,225,791,413,147,22055286.89,Normal,4.27,791,Valid
INVT001986,PO001986,P0194,WH003,2025-08-11,432,861,314,979,145,42,74269710.57,Overstock,3.67,979,Valid
INVT001987,PO001987,P0277,WH004,2026-02-21,63,944,935,72,33,25,5326403.76,Normal,0.49,72,Valid
INVT001988,PO001988,P0114,WH004,2026-04-06,94,816,285,625,70,236,48609112.5,Overstock,4.28,625,Valid
INVT001989,PO001989,P0165,WH002,2026-07-29,54,969,1372,0,491,224,0.0,Stockout,0.0,0,Valid
INVT001990,PO001990,P0150,WH001,2026-04-21,160,506,352,314,80,75,20797724.06,Normal,1.3599999999999999,314,Valid
INVT001991,PO001991,P0282,WH003,2025-09-12,704,634,459,879,246,248,35260162.05,Normal,3.3,879,Valid
INVT001992,PO001992,P0028,WH003,2026-06-02,47,880,737,190,29,232,2788744.0,Overstock,0.71,190,Valid
INVT001993,PO001993,P0265,WH002,2025-10-08,0,145,43,102,167,227,2983515.3,Reorder,0.55,102,Valid
INVT001994,PO001994,P0134,WH001,2025-12-16,580,829,502,907,245,14,13481448.46,Normal,3.91,907,Valid
INVT001995,PO001995,P0082,WH001,2026-06-02,380,542,49,873,151,103,50608036.98,Overstock,3.77,873,Valid
INVT001996,PO001996,P0290,WH004,2025-04-21,371,10,1,380,95,201,28504419.4,Normal,2.6,380,Valid
INVT001997,PO001997,P0204,WH001,2026-01-20,648,613,792,469,309,156,37141048.0,Normal,2.02,469,Valid
INVT001998,PO001998,P0189,WH003,2026-05-08,55,235,340,0,72,109,0.0,Stockout,0.0,0,Valid
INVT001999,PO001999,P0231,WH002,2025-03-10,43,654,152,545,295,51,25585117.65,Normal,2.94,545,Valid
INVT002000,PO002000,P0199,WH002,2026-05-22,643,755,1018,380,325,187,22264701.6,Normal,2.05,380,Valid
INVT002001,PO002001,P0030,WH003,2025-12-14,107,811,770,148,258,168,12115497.56,Reorder,0.56,148,Valid
INVT002002,PO002002,P0180,WH001,2025-03-15,1010,405,235,1180,306,39,42534881.8,Normal,5.09,1180,Valid
INVT002003,PO002003,P0149,WH001,2026-02-04,732,536,689,579,487,100,25497243.51,Normal,2.5,579,Valid
INVT002004,PO002004,P0216,WH002,2026-01-08,1717,314,17,2014,430,35,94391346.4,Normal,10.86,2014,Valid
INVT002005,PO002005,P0041,WH002,2025-10-02,710,423,463,670,372,143,22079716.0,Normal,3.61,670,Valid
INVT002006,PO002006,P0288,WH003,2025-05-07,141,998,45,1094,42,71,40335944.1,Overstock,4.11,1094,Valid
INVT002007,PO002007,P0279,WH003,2025-06-17,163,819,156,826,138,52,61411662.76,Overstock,3.1,826,Valid
INVT002008,PO002008,P0046,WH004,2025-07-23,280,733,627,386,486,202,16140319.8,Reorder,2.64,386,Valid
INVT002009,PO002009,P0118,WH002,2025-07-06,1674,215,172,1717,460,187,121997691.9,Normal,9.26,1717,Valid
INVT002010,PO002010,P0232,WH003,2026-06-25,679,270,304,645,293,69,24006351.75,Normal,2.42,645,Valid
INVT002011,PO002011,P0261,WH004,2025-12-19,468,419,139,748,132,180,5409640.72,Overstock,5.12,748,Valid
INVT002012,PO002012,P0201,WH004,2025-10-07,87,556,762,0,47,245,0.0,Stockout,0.0,0,Valid
INVT002013,PO002013,P0131,WH002,2026-07-03,129,334,333,130,393,68,2965825.2,Reorder,0.7000000000000001,130,Valid
INVT002014,PO002014,P0022,WH004,2025-08-20,1172,169,140,1201,356,116,72434856.12,Normal,8.22,1201,Valid
INVT002015,PO002015,P0181,WH001,2026-07-17,114,366,191,289,31,180,831091.75,Overstock,1.25,289,Valid
INVT002016,PO002016,P0136,WH001,2025-02-10,476,834,395,915,441,74,33336451.2,Normal,3.95,915,Valid
INVT002017,PO002017,P0094,WH001,2025-04-26,626,286,320,592,216,65,15405438.4,Normal,2.55,592,Valid
INVT002018,PO002018,P0166,WH002,2025-09-12,64,217,121,160,209,166,3394212.8,Reorder,0.86,160,Valid
INVT002019,PO002019,P0064,WH004,2026-07-18,557,859,329,1087,499,106,82046803.48,Normal,7.44,1087,Valid
INVT002020,PO002020,P0259,WH004,2025-02-22,214,544,249,509,70,12,40918484.55,Overstock,3.48,509,Valid
INVT002021,PO002021,P0058,WH003,2026-07-24,804,269,298,775,459,191,6628567.25,Normal,2.91,775,Valid
INVT002022,PO002022,P0019,WH001,2025-10-20,619,454,159,914,417,37,44321733.7,Normal,3.94,914,Valid
INVT002023,PO002023,P0093,WH002,2025-03-07,547,781,678,650,224,216,28006387.5,Normal,3.5,650,Valid
INVT002024,PO002024,P0143,WH004,2025-07-14,134,629,30,733,36,230,57270528.77,Overstock,5.02,733,Valid
INVT002025,PO002025,P0164,WH001,2026-03-01,1107,404,40,1471,419,83,118702948.1,Normal,6.35,1471,Valid
INVT002026,PO002026,P0174,WH002,2025-12-23,1337,56,27,1366,391,52,110235708.2,Normal,7.37,1366,Valid
INVT002027,PO002027,P0176,WH004,2025-05-17,50,983,318,715,174,94,25145463.2,Normal,4.89,715,Valid
INVT002028,PO002028,P0127,WH003,2025-03-15,273,233,287,219,369,148,15367291.32,Reorder,0.8200000000000001,219,Valid
INVT002029,PO002029,P0215,WH004,2026-02-22,301,943,1390,0,86,75,0.0,Stockout,0.0,0,Valid
INVT002030,PO002030,P0174,WH002,2026-04-07,313,135,201,247,391,52,20753757.57,Reorder,1.33,247,Valid
INVT002031,PO002031,P0282,WH003,2026-01-07,696,367,448,615,246,248,23358554.85,Normal,2.31,615,Valid
INVT002032,PO002032,P0045,WH002,2025-05-28,786,705,930,561,388,79,26036728.08,Normal,3.02,561,Valid
INVT002033,PO002033,P0249,WH003,2025-05-05,910,509,678,741,257,96,8458507.59,Normal,2.7800000000000002,741,Valid
INVT002034,PO002034,P0218,WH002,2025-11-17,183,31,21,193,52,176,9344122.02,Normal,1.04,193,Valid
INVT002035,PO002035,P0075,WH002,2025-03-22,187,31,9,209,105,160,4409084.9,Normal,1.13,209,Valid
INVT002036,PO002036,P0051,WH002,2025-03-24,1113,674,854,933,387,133,4791169.59,Normal,5.03,933,Valid
INVT002037,PO002037,P0216,WH003,2025-03-29,1308,503,462,1349,430,35,65260856.29,Normal,5.06,1349,Valid
INVT002038,PO002038,P0175,WH001,2025-06-12,1779,644,927,1496,455,79,10465372.72,Normal,6.46,1496,Valid
INVT002039,PO002039,P0145,WH002,2025-10-25,97,525,688,0,30,79,0.0,Stockout,0.0,0,Valid
INVT002040,PO002040,P0219,WH004,2026-07-20,924,546,468,1002,311,33,87947483.88,Normal,6.86,1002,Valid
INVT002041,PO002041,P0275,WH003,2025-04-15,431,230,95,566,361,144,21188923.16,Normal,2.12,566,Valid
INVT002042,PO002042,P0096,WH001,2025-06-28,498,278,376,400,303,232,16720524.0,Normal,1.73,400,Valid
INVT002043,PO002043,P0119,WH004,2025-10-06,164,427,269,322,226,66,685096.86,Normal,2.2,322,Valid
INVT002044,PO002044,P0175,WH001,2025-08-02,134,561,472,223,455,79,1645476.86,Reorder,0.96,223,Valid
INVT002045,PO002045,P0241,WH004,2025-01-28,508,186,16,678,252,138,18916430.52,Normal,4.64,678,Valid
INVT002046,PO002046,P0186,WH002,2026-02-05,507,486,459,534,147,34,37153317.0,Normal,2.88,534,Valid
INVT002047,PO002047,P0077,WH004,2025-01-17,352,626,123,855,173,144,29633710.05,Normal,5.85,855,Valid
INVT002048,PO002048,P0116,WH003,2025-05-12,200,897,531,566,51,95,39401529.66,Overstock,2.12,566,Valid
INVT002049,PO002049,P0179,WH002,2026-01-05,449,814,540,723,128,245,5513041.29,Overstock,3.9,723,Valid
INVT002050,PO002050,P0010,WH003,2025-04-09,395,680,253,822,380,29,6988939.92,Normal,3.08,822,Valid
INVT002051,PO002051,P0202,WH002,2025-07-28,278,398,213,463,297,174,14871083.11,Normal,2.5,463,Valid
INVT002052,PO002052,P0287,WH004,2025-08-21,505,638,897,246,254,99,20152098.6,Reorder,1.6800000000000002,246,Valid
INVT002053,PO002053,P0113,WH003,2025-06-02,136,791,358,569,63,183,33241065.35,Overstock,2.14,569,Valid
INVT002054,PO002054,P0194,WH001,2026-01-12,503,743,171,1075,145,42,77997689.25,Overstock,4.64,1075,Valid
INVT002055,PO002055,P0111,WH003,2026-03-31,111,282,181,212,40,62,2745690.44,Overstock,0.8,212,Valid
INVT002056,PO002056,P0211,WH004,2025-03-21,377,1000,764,613,173,144,29014509.87,Normal,4.2,613,Valid
INVT002057,PO002057,P0250,WH003,2025-01-23,1298,617,871,1044,485,23,63182232.72,Normal,3.92,1044,Valid
INVT002058,PO002058,P0030,WH001,2025-07-01,557,517,363,711,258,168,57661197.03,Normal,3.07,711,Valid
INVT002059,PO002059,P0070,WH001,2025-11-06,15,132,151,0,306,185,0.0,Stockout,0.0,0,Valid
INVT002060,PO002060,P0036,WH002,2026-03-18,193,489,650,32,499,189,2403777.92,Reorder,0.17,32,Valid
INVT002061,PO002061,P0033,WH003,2026-07-23,248,94,26,316,441,103,14439025.92,Reorder,1.19,316,Valid
INVT002062,PO002062,P0140,WH003,2026-03-17,78,412,537,0,462,58,0.0,Stockout,0.0,0,Valid
INVT002063,PO002063,P0060,WH001,2025-02-12,6,691,451,246,311,48,1234218.9,Reorder,1.06,246,Valid
INVT002064,PO002064,P0121,WH001,2026-06-06,120,827,956,0,119,200,0.0,Stockout,0.0,0,Valid
INVT002065,PO002065,P0211,WH002,2025-04-27,501,420,140,781,173,144,34784912.14,Normal,4.21,781,Valid
INVT002066,PO002066,P0052,WH002,2025-09-17,1172,798,41,1929,402,58,32014822.11,Normal,10.4,1929,Valid
INVT002067,PO002067,P0061,WH003,2025-01-04,321,733,642,412,232,52,15092128.56,Normal,1.55,412,Valid
INVT002068,PO002068,P0118,WH004,2026-06-19,446,941,12,1375,460,187,113959738.8,Normal,9.41,1375,Valid
INVT002069,PO002069,P0267,WH004,2026-01-10,252,426,287,391,309,30,4120921.04,Normal,2.68,391,Valid
INVT002070,PO002070,P0031,WH002,2025-05-10,1459,100,91,1468,378,181,18084908.56,Normal,7.92,1468,Valid
INVT002071,PO002071,P0109,WH002,2025-05-18,477,940,328,1089,373,189,71146504.44,Normal,5.87,1089,Valid
INVT002072,PO002072,P0054,WH004,2026-01-19,315,493,221,587,114,156,28173088.48,Overstock,4.02,587,Valid
INVT002073,PO002073,P0175,WH001,2026-03-24,1203,194,266,1131,455,79,8726965.65,Normal,4.88,1131,Valid
INVT002074,PO002074,P0110,WH004,2026-01-02,882,130,55,957,228,116,16905481.56,Normal,6.55,957,Valid
INVT002075,PO002075,P0292,WH001,2025-05-18,260,375,116,519,355,98,35554588.05,Normal,2.24,519,Valid
INVT002076,PO002076,P0093,WH001,2026-01-11,809,748,1118,439,224,216,17439538.4,Normal,1.8900000000000001,439,Valid
INVT002077,PO002077,P0249,WH004,2026-01-26,78,741,933,0,257,96,0.0,Stockout,0.0,0,Valid
INVT002078,PO002078,P0064,WH002,2026-04-27,1720,505,223,2002,499,106,160238838.8,Normal,10.79,2002,Valid
INVT002079,PO002079,P0266,WH002,2026-04-06,921,576,432,1065,470,103,85318790.1,Normal,5.74,1065,Valid
INVT002080,PO002080,P0172,WH003,2026-04-17,120,724,123,721,170,34,308220.29,Normal,2.71,721,Valid
INVT002081,PO002081,P0042,WH003,2026-04-13,121,447,302,266,131,24,20376557.6,Normal,1.0,266,Valid
INVT002082,PO002082,P0232,WH004,2026-01-26,861,959,1313,507,293,69,19095217.05,Normal,3.47,507,Valid
INVT002083,PO002083,P0244,WH001,2025-01-28,65,510,589,0,54,42,0.0,Stockout,0.0,0,Valid
INVT002084,PO002084,P0176,WH004,2025-12-13,27,792,284,535,174,94,16249694.1,Normal,3.66,535,Valid
INVT002085,PO002085,P0026,WH004,2026-04-03,81,257,199,139,171,23,12081140.52,Reorder,0.9500000000000001,139,Valid
INVT002086,PO002086,P0277,WH002,2025-11-16,34,251,136,149,33,25,11724522.43,Normal,0.8,149,Valid
INVT002087,PO002087,P0289,WH003,2026-05-26,24,129,17,136,22,220,5303707.6,Overstock,0.51,136,Valid
INVT002088,PO002088,P0054,WH002,2025-10-21,436,668,173,931,114,156,41318152.4,Overstock,5.02,931,Valid
INVT002089,PO002089,P0275,WH003,2025-06-16,588,77,88,577,361,144,23518981.6,Normal,2.17,577,Valid
INVT002090,PO002090,P0121,WH002,2026-07-24,97,603,771,0,119,200,0.0,Stockout,0.0,0,Valid
INVT002091,PO002091,P0057,WH004,2026-06-20,165,619,757,27,45,53,1063187.64,Reorder,0.18,27,Valid
INVT002092,PO002092,P0150,WH001,2025-04-08,193,27,31,189,80,75,13137841.71,Normal,0.8200000000000001,189,Valid
INVT002093,PO002093,P0078,WH002,2025-12-06,322,866,1000,188,89,82,8277812.96,Normal,1.01,188,Valid
INVT002094,PO002094,P0084,WH003,2025-03-13,403,654,338,719,239,88,28246813.75,Normal,2.7,719,Valid
INVT002095,PO002095,P0151,WH004,2025-03-02,895,180,81,994,390,115,6787409.72,Normal,6.8,994,Valid
INVT002096,PO002096,P0246,WH003,2025-01-26,588,565,530,623,213,207,42600559.33,Normal,2.34,623,Valid
INVT002097,PO002097,P0226,WH001,2025-09-24,433,834,351,916,229,114,8495725.96,Normal,3.95,916,Valid
INVT002098,PO002098,P0004,WH003,2025-01-14,930,680,375,1235,310,85,79742369.2,Normal,4.63,1235,Valid
INVT002099,PO002099,P0037,WH003,2025-08-01,8,51,1,58,344,50,1965434.98,Reorder,0.22,58,Valid
INVT002100,PO002100,P0190,WH003,2025-09-07,375,253,360,268,238,85,16241435.16,Normal,1.01,268,Valid
INVT002101,PO002101,P0013,WH003,2025-02-07,613,849,1144,318,440,231,4668863.28,Reorder,1.19,318,Valid
INVT002102,PO002102,P0112,WH001,2026-04-06,593,619,857,355,439,184,8411068.25,Reorder,1.53,355,Valid
INVT002103,PO002103,P0266,WH002,2025-08-27,878,518,229,1167,470,103,87493584.36,Normal,6.29,1167,Valid
INVT002104,PO002104,P0004,WH001,2025-11-02,953,96,131,918,310,85,68625154.26,Normal,3.96,918,Valid
INVT002105,PO002105,P0051,WH004,2026-03-22,1099,311,49,1361,387,133,7939747.36,Normal,9.32,1361,Valid
INVT002106,PO002106,P0166,WH001,2026-04-20,111,842,729,224,209,166,4505786.88,Normal,0.97,224,Valid
INVT002107,PO002107,P0111,WH002,2025-09-09,41,815,621,235,40,62,3150478.15,Overstock,1.27,235,Valid
INVT002108,PO002108,P0282,WH001,2025-09-14,961,51,44,968,246,248,38196631.44,Normal,4.18,968,Valid
INVT002109,PO002109,P0176,WH001,2025-12-19,646,724,494,876,174,94,28213524.72,Overstock,3.7800000000000002,876,Valid
INVT002110,PO002110,P0140,WH002,2025-06-11,297,994,1104,187,462,58,13348389.12,Reorder,1.01,187,Valid
INVT002111,PO002111,P0207,WH003,2026-01-17,73,649,960,0,32,142,0.0,Stockout,0.0,0,Valid
INVT002112,PO002112,P0099,WH004,2025-01-02,571,252,213,610,256,250,33965141.6,Normal,4.18,610,Valid
INVT002113,PO002113,P0100,WH002,2026-05-13,129,744,52,821,311,64,625117.61,Normal,4.43,821,Valid
INVT002114,PO002114,P0098,WH003,2026-06-01,287,500,38,749,256,35,16501016.77,Normal,2.81,749,Valid
INVT002115,PO002115,P0017,WH003,2025-04-05,986,377,273,1090,419,65,87137543.0,Normal,4.09,1090,Valid
INVT002116,PO002116,P0275,WH003,2026-05-30,1352,850,1210,992,361,144,37156996.8,Normal,3.7199999999999998,992,Valid
INVT002117,PO002117,P0286,WH001,2025-07-31,1490,541,283,1748,421,85,100934134.7,Normal,7.54,1748,Valid
INVT002118,PO002118,P0104,WH004,2026-07-27,849,17,25,841,297,48,19900145.68,Normal,5.76,841,Valid
INVT002119,PO002119,P0194,WH001,2025-10-28,456,14,4,466,145,42,30846059.16,Normal,2.01,466,Valid
INVT002120,PO002120,P0018,WH004,2025-07-27,871,960,718,1113,357,159,35905335.48,Normal,7.62,1113,Valid
INVT002121,PO002121,P0137,WH003,2025-08-15,701,768,501,968,180,28,15494717.92,Overstock,3.63,968,Valid
INVT002122,PO002122,P0154,WH004,2025-03-23,1594,258,43,1809,404,23,55458440.64,Normal,12.38,1809,Valid
INVT002123,PO002123,P0233,WH002,2025-01-20,217,38,5,250,59,136,9249447.5,Normal,1.35,250,Valid
INVT002124,PO002124,P0217,WH003,2025-06-11,1505,106,98,1513,394,47,109274488.4,Normal,5.68,1513,Valid
INVT002125,PO002125,P0263,WH004,2025-06-24,248,519,536,231,72,247,18814936.14,Normal,1.58,231,Valid
INVT002126,PO002126,P0299,WH001,2026-07-22,1417,704,939,1182,471,18,8659402.92,Normal,5.1,1182,Valid
INVT002127,PO002127,P0152,WH001,2025-06-08,129,275,158,246,360,101,7040982.48,Reorder,1.06,246,Valid
INVT002128,PO002128,P0087,WH001,2025-12-17,582,529,24,1087,237,242,96689367.42,Normal,4.69,1087,Valid
INVT002129,PO002129,P0173,WH004,2025-08-18,406,897,834,469,340,55,14992161.87,Normal,3.21,469,Valid
INVT002130,PO002130,P0229,WH001,2026-02-23,687,236,189,734,220,105,5320648.56,Normal,3.17,734,Valid
INVT002131,PO002131,P0158,WH001,2026-04-15,144,173,8,309,298,222,11729275.38,Normal,1.33,309,Valid
INVT002132,PO002132,P0062,WH001,2025-11-01,371,278,280,369,299,57,26321858.55,Normal,1.5899999999999999,369,Valid
INVT002133,PO002133,P0030,WH002,2026-02-26,710,643,315,1038,258,168,79409688.42,Normal,5.6,1038,Valid
INVT002134,PO002134,P0289,WH004,2025-11-22,62,774,1116,0,22,220,0.0,Stockout,0.0,0,Valid
INVT002135,PO002135,P0205,WH002,2026-08-02,542,902,859,585,480,72,14378340.6,Normal,3.15,585,Valid
INVT002136,PO002136,P0199,WH001,2026-03-19,774,640,531,883,325,187,54626689.04,Normal,3.81,883,Valid
INVT002137,PO002137,P0126,WH001,2026-01-28,367,432,234,565,226,14,33054935.15,Normal,2.44,565,Valid
INVT002138,PO002138,P0025,WH003,2026-07-19,1054,106,88,1072,417,19,15035035.84,Normal,4.02,1072,Valid
INVT002139,PO002139,P0023,WH002,2026-03-24,24,612,713,0,301,65,0.0,Stockout,0.0,0,Valid
INVT002140,PO002140,P0257,WH001,2026-06-30,262,891,128,1025,336,211,57016588.5,Normal,4.42,1025,Valid
INVT002141,PO002141,P0242,WH004,2025-02-28,772,372,184,960,228,88,12169862.4,Normal,6.57,960,Valid
INVT002142,PO002142,P0052,WH002,2025-08-18,580,361,72,869,402,58,14503722.97,Normal,4.69,869,Valid
INVT002143,PO002143,P0139,WH002,2026-02-13,82,809,170,721,42,232,50717079.49,Overstock,3.89,721,Valid
INVT002144,PO002144,P0284,WH002,2025-06-05,1128,611,490,1249,318,224,40564122.72,Normal,6.73,1249,Valid
INVT002145,PO002145,P0072,WH003,2025-01-12,105,592,146,551,290,216,3465365.73,Normal,2.07,551,Valid
INVT002146,PO002146,P0006,WH002,2026-06-07,390,390,77,703,205,68,53857982.92,Normal,3.79,703,Valid
INVT002147,PO002147,P0277,WH004,2025-11-01,57,400,113,344,33,25,25498274.16,Overstock,2.35,344,Valid
INVT002148,PO002148,P0221,WH001,2026-01-26,149,371,60,460,187,23,19799011.8,Normal,1.99,460,Valid
INVT002149,PO002149,P0095,WH004,2025-09-18,1007,425,413,1019,393,151,24084798.68,Normal,6.98,1019,Valid
INVT002150,PO002150,P0298,WH001,2025-10-26,360,764,1021,103,432,66,1658894.31,Reorder,0.44,103,Valid
INVT002151,PO002151,P0236,WH004,2026-05-13,707,684,644,747,480,237,57884895.54,Normal,5.11,747,Valid
INVT002152,PO002152,P0253,WH002,2025-09-26,395,804,1081,118,310,246,8660880.22,Reorder,0.64,118,Valid
INVT002153,PO002153,P0127,WH004,2025-10-26,535,650,750,435,369,148,32592457.65,Normal,2.98,435,Valid
INVT002154,PO002154,P0191,WH004,2026-01-22,1709,37,42,1704,429,204,121373483.3,Normal,11.66,1704,Valid
INVT002155,PO002155,P0004,WH002,2026-05-13,172,681,782,71,310,85,4578613.21,Reorder,0.38,71,Valid
INVT002156,PO002156,P0200,WH003,2025-07-21,1087,107,131,1063,422,173,88202159.25,Normal,3.99,1063,Valid
INVT002157,PO002157,P0287,WH002,2025-02-06,41,493,446,88,254,99,6079621.68,Reorder,0.47000000000000003,88,Valid
INVT002158,PO002158,P0144,WH004,2025-09-04,99,199,217,81,391,246,3803301.54,Reorder,0.55,81,Valid
INVT002159,PO002159,P0029,WH002,2026-02-12,126,851,1037,0,236,45,0.0,Stockout,0.0,0,Valid
INVT002160,PO002160,P0046,WH002,2025-09-19,739,658,519,878,486,202,35915845.54,Normal,4.73,878,Valid
INVT002161,PO002161,P0234,WH003,2026-07-30,124,568,563,129,150,113,3172164.18,Reorder,0.48,129,Valid
INVT002162,PO002162,P0234,WH003,2025-08-20,23,822,841,4,150,113,103840.44,Reorder,0.02,4,Valid
INVT002163,PO002163,P0298,WH003,2025-07-01,454,254,79,629,432,66,9709954.77,Normal,2.36,629,Valid
INVT002164,PO002164,P0075,WH001,2026-05-22,178,699,514,363,105,160,8690499.51,Normal,1.57,363,Valid
INVT002165,PO002165,P0157,WH003,2025-01-16,330,436,442,324,432,85,6465559.32,Reorder,1.22,324,Valid
INVT002166,PO002166,P0208,WH004,2026-04-14,520,186,209,497,159,116,14188400.73,Normal,3.4,497,Valid
INVT002167,PO002167,P0178,WH004,2026-01-03,47,866,1203,0,46,71,0.0,Stockout,0.0,0,Valid
INVT002168,PO002168,P0004,WH003,2026-02-20,953,774,897,830,310,85,55231852.0,Normal,3.11,830,Valid
INVT002169,PO002169,P0243,WH001,2025-09-02,95,691,17,769,377,159,657864.12,Normal,3.32,769,Valid
INVT002170,PO002170,P0237,WH002,2025-08-03,97,345,456,0,290,24,0.0,Stockout,0.0,0,Valid
INVT002171,PO002171,P0012,WH003,2026-02-11,633,90,83,640,307,35,55673440.0,Normal,2.4,640,Valid
INVT002172,PO002172,P0003,WH003,2026-05-18,619,170,48,741,234,143,57009531.54,Normal,2.7800000000000002,741,Valid
INVT002173,PO002173,P0093,WH002,2025-01-23,40,244,6,278,224,216,12506394.34,Normal,1.5,278,Valid
INVT002174,PO002174,P0253,WH002,2025-07-22,651,414,168,897,310,246,68330966.34,Normal,4.84,897,Valid
INVT002175,PO002175,P0297,WH001,2025-04-29,65,838,1197,0,364,12,0.0,Stockout,0.0,0,Valid
INVT002176,PO002176,P0228,WH003,2025-03-10,1260,98,79,1279,351,11,106364722.4,Normal,4.8,1279,Valid
INVT002177,PO002177,P0085,WH003,2025-03-02,1091,473,555,1009,306,81,64177192.75,Normal,3.79,1009,Valid
INVT002178,PO002178,P0272,WH004,2025-12-19,72,777,390,459,133,17,30639659.13,Normal,3.14,459,Valid
INVT002179,PO002179,P0045,WH002,2026-04-10,179,725,1056,0,388,79,0.0,Stockout,0.0,0,Valid
INVT002180,PO002180,P0228,WH001,2026-02-20,524,304,33,795,351,11,59208435.9,Normal,3.43,795,Valid
INVT002181,PO002181,P0197,WH004,2025-11-11,396,736,517,615,223,17,15186545.55,Normal,4.21,615,Valid
INVT002182,PO002182,P0003,WH003,2025-05-21,388,391,523,256,234,143,21857443.84,Normal,0.96,256,Valid
INVT002183,PO002183,P0178,WH003,2025-04-07,44,39,22,61,46,71,1570792.09,Normal,0.23,61,Valid
INVT002184,PO002184,P0276,WH003,2025-04-27,431,225,64,592,382,193,46839264.96,Normal,2.22,592,Valid
INVT002185,PO002185,P0043,WH002,2026-03-28,606,183,79,710,466,119,15696566.4,Normal,3.83,710,Valid
INVT002186,PO002186,P0233,WH002,2025-11-15,83,839,24,898,59,136,31400662.34,Overstock,4.84,898,Valid
INVT002187,PO002187,P0260,WH002,2026-04-24,409,615,715,309,341,72,8304730.35,Reorder,1.67,309,Valid
INVT002188,PO002188,P0225,WH001,2025-04-23,950,788,747,991,347,132,74255005.67,Normal,4.28,991,Valid
INVT002189,PO002189,P0213,WH004,2026-06-04,4,209,301,0,76,205,0.0,Stockout,0.0,0,Valid
INVT002190,PO002190,P0233,WH001,2025-01-08,215,37,2,250,59,136,9677292.5,Normal,1.08,250,Valid
INVT002191,PO002191,P0063,WH002,2025-12-22,313,713,703,323,443,35,10593075.7,Reorder,1.74,323,Valid
INVT002192,PO002192,P0118,WH004,2025-11-06,809,518,573,754,460,187,62612861.22,Normal,5.16,754,Valid
INVT002193,PO002193,P0015,WH001,2025-11-14,252,621,482,391,340,128,31891457.53,Normal,1.69,391,Valid
INVT002194,PO002194,P0218,WH002,2025-08-14,70,934,152,852,52,176,43090087.44,Overstock,4.59,852,Valid
INVT002195,PO002195,P0208,WH004,2025-01-26,435,858,397,896,159,116,31154000.64,Overstock,6.13,896,Valid
INVT002196,PO002196,P0130,WH004,2026-03-07,418,351,407,362,173,58,10266106.42,Normal,2.48,362,Valid
INVT002197,PO002197,P0299,WH003,2025-04-18,1409,317,206,1520,471,18,11001091.2,Normal,5.7,1520,Valid
INVT002198,PO002198,P0297,WH002,2025-11-15,837,172,91,918,364,12,22559271.66,Normal,4.95,918,Valid
INVT002199,PO002199,P0262,WH002,2025-11-11,308,287,274,321,159,57,22653310.26,Normal,1.73,321,Valid
INVT002200,PO002200,P0046,WH001,2025-12-31,64,477,97,444,486,202,20060936.76,Reorder,1.92,444,Valid
INVT002201,PO002201,P0297,WH002,2026-03-17,317,210,214,313,364,12,8008189.51,Reorder,1.69,313,Valid
INVT002202,PO002202,P0102,WH003,2025-03-10,607,118,123,602,209,117,31236804.76,Normal,2.26,602,Valid
INVT002203,PO002203,P0237,WH002,2026-04-26,292,565,554,303,290,24,7124745.03,Normal,1.63,303,Valid
INVT002204,PO002204,P0134,WH002,2025-05-18,205,596,540,261,245,14,4098349.89,Normal,1.4100000000000001,261,Valid
INVT002205,PO002205,P0204,WH003,2026-04-04,745,209,200,754,309,156,55911452.48,Normal,2.83,754,Valid
INVT002206,PO002206,P0161,WH004,2026-02-25,28,728,186,570,40,242,27835653.6,Overstock,3.9,570,Valid
INVT002207,PO002207,P0072,WH001,2025-12-30,521,323,391,453,290,216,3264462.96,Normal,1.9500000000000002,453,Valid
INVT002208,PO002208,P0031,WH002,2025-02-23,900,477,567,810,378,181,10998925.2,Normal,4.37,810,Valid
INVT002209,PO002209,P0144,WH004,2025-05-05,810,250,156,904,391,246,39156100.08,Normal,6.19,904,Valid
INVT002210,PO002210,P0066,WH003,2025-04-12,862,187,58,991,379,91,42222754.11,Normal,3.7199999999999998,991,Valid
INVT002211,PO002211,P0293,WH004,2025-08-16,414,582,105,891,212,211,41000051.07,Normal,6.1,891,Valid
INVT002212,PO002212,P0047,WH003,2025-06-28,576,405,228,753,224,237,64366214.1,Normal,2.83,753,Valid
INVT002213,PO002213,P0206,WH004,2025-11-29,1269,176,6,1439,441,100,118691396.5,Normal,9.85,1439,Valid
INVT002214,PO002214,P0007,WH003,2025-05-22,291,628,83,836,194,82,49283487.44,Normal,3.14,836,Valid
INVT002215,PO002215,P0288,WH001,2026-02-12,77,992,369,700,42,71,23631300.0,Overstock,3.02,700,Valid
INVT002216,PO002216,P0049,WH001,2026-07-19,1614,239,64,1789,495,201,54923087.16,Normal,7.72,1789,Valid
INVT002217,PO002217,P0053,WH004,2026-05-03,210,968,1324,0,53,166,0.0,Stockout,0.0,0,Valid
INVT002218,PO002218,P0016,WH002,2025-01-22,143,601,725,19,38,195,1751984.3,Reorder,0.1,19,Valid
INVT002219,PO002219,P0190,WH004,2025-06-12,595,875,235,1235,238,85,84683468.35,Overstock,8.45,1235,Valid
INVT002220,PO002220,P0026,WH003,2025-04-11,319,287,104,502,171,23,41430366.22,Normal,1.88,502,Valid
INVT002221,PO002221,P0013,WH004,2026-03-19,61,941,1124,0,440,231,0.0,Stockout,0.0,0,Valid
INVT002222,PO002222,P0280,WH004,2025-04-26,455,611,98,968,269,158,32604718.08,Normal,6.63,968,Valid
INVT002223,PO002223,P0250,WH003,2026-07-03,316,539,90,765,485,23,45789403.95,Normal,2.87,765,Valid
INVT002224,PO002224,P0038,WH003,2026-05-27,1133,433,158,1408,339,40,44862498.56,Normal,5.28,1408,Valid
INVT002225,PO002225,P0206,WH001,2025-02-05,376,246,165,457,441,100,32319981.42,Normal,1.97,457,Valid
INVT002226,PO002226,P0239,WH001,2025-06-06,1303,686,313,1676,338,96,88817608.8,Normal,7.23,1676,Valid
INVT002227,PO002227,P0241,WH004,2025-10-15,183,207,20,370,252,138,10738872.6,Normal,2.5300000000000002,370,Valid
INVT002228,PO002228,P0122,WH001,2025-12-06,37,951,980,8,208,225,374524.8,Reorder,0.03,8,Valid
INVT002229,PO002229,P0156,WH001,2026-05-29,475,123,91,507,140,169,35704014.84,Normal,2.19,507,Valid
INVT002230,PO002230,P0244,WH002,2025-08-31,47,125,186,0,54,42,0.0,Stockout,0.0,0,Valid
INVT002231,PO002231,P0170,WH003,2025-06-17,708,135,123,720,210,177,48153736.8,Normal,2.7,720,Valid
INVT002232,PO002232,P0045,WH003,2025-06-18,1512,361,473,1400,388,79,63039634.0,Normal,5.25,1400,Valid
INVT002233,PO002233,P0297,WH002,2026-04-17,1072,74,92,1054,364,12,24906452.14,Normal,5.68,1054,Valid
INVT002234,PO002234,P0029,WH002,2026-01-24,895,193,119,969,236,45,56592865.53,Normal,5.22,969,Valid
INVT002235,PO002235,P0205,WH001,2025-05-16,1071,146,181,1036,480,72,25588070.76,Normal,4.47,1036,Valid
INVT002236,PO002236,P0141,WH001,2026-01-12,93,99,38,154,230,103,3989325.34,Reorder,0.66,154,Valid
INVT002237,PO002237,P0211,WH001,2025-12-31,546,601,206,941,173,144,41257062.85,Overstock,4.06,941,Valid
INVT002238,PO002238,P0089,WH001,2026-06-07,236,999,675,560,390,162,17674932.8,Normal,2.42,560,Valid
INVT002239,PO002239,P0193,WH001,2025-09-16,1828,90,51,1867,470,163,53323965.77,Normal,8.06,1867,Valid
INVT002240,PO002240,P0099,WH003,2025-05-24,702,525,233,994,256,250,62798842.54,Normal,3.73,994,Valid
INVT002241,PO002241,P0253,WH002,2025-06-19,570,417,68,919,310,246,62340172.01,Normal,4.96,919,Valid
INVT002242,PO002242,P0251,WH003,2025-12-15,59,947,779,227,184,38,8190321.17,Normal,0.85,227,Valid
INVT002243,PO002243,P0059,WH002,2025-04-17,57,614,835,0,460,48,0.0,Stockout,0.0,0,Valid
INVT002244,PO002244,P0293,WH003,2025-07-27,449,218,34,633,212,211,29053434.0,Normal,2.38,633,Valid
INVT002245,PO002245,P0208,WH004,2025-12-03,581,989,651,919,159,116,27497610.37,Overstock,6.29,919,Valid
INVT002246,PO002246,P0296,WH003,2025-05-21,882,491,351,1022,422,228,38346901.46,Normal,3.84,1022,Valid
INVT002247,PO002247,P0017,WH003,2026-02-24,558,655,317,896,419,65,68465761.28,Normal,3.36,896,Valid
INVT002248,PO002248,P0192,WH003,2025-04-22,405,60,76,389,215,162,18182910.3,Normal,1.46,389,Valid
INVT002249,PO002249,P0089,WH002,2025-05-13,47,857,742,162,390,162,5458369.68,Reorder,0.87,162,Valid
INVT002250,PO002250,P0051,WH003,2025-10-10,38,203,254,0,387,133,0.0,Stockout,0.0,0,Valid
INVT002251,PO002251,P0072,WH002,2025-05-02,877,490,336,1031,290,216,6836509.45,Normal,5.5600000000000005,1031,Valid
INVT002252,PO002252,P0187,WH004,2025-12-24,334,97,142,289,114,24,10571796.29,Normal,1.98,289,Valid
INVT002253,PO002253,P0079,WH002,2025-03-16,169,388,582,0,63,108,0.0,Stockout,0.0,0,Valid
INVT002254,PO002254,P0037,WH002,2026-05-03,832,408,433,807,344,50,26922439.98,Normal,4.35,807,Valid
INVT002255,PO002255,P0108,WH004,2025-12-31,638,857,163,1332,217,213,52702258.32,Overstock,9.12,1332,Valid
INVT002256,PO002256,P0249,WH003,2026-07-05,176,359,425,110,257,96,1243366.3,Reorder,0.41000000000000003,110,Valid
INVT002257,PO002257,P0002,WH004,2025-10-17,577,961,231,1307,301,86,91594821.4,Normal,8.95,1307,Valid
INVT002258,PO002258,P0011,WH001,2025-03-18,1304,756,292,1768,348,26,102820957.2,Overstock,7.63,1768,Valid
INVT002259,PO002259,P0240,WH004,2026-01-05,1012,21,25,1008,378,29,86474102.4,Normal,6.9,1008,Valid
INVT002260,PO002260,P0239,WH001,2025-12-23,387,995,562,820,338,96,40150053.6,Normal,3.54,820,Valid
INVT002261,PO002261,P0020,WH003,2025-05-01,108,93,121,80,28,180,5292698.4,Normal,0.30000000000000004,80,Valid
INVT002262,PO002262,P0134,WH001,2025-03-01,418,778,18,1178,245,14,18253663.66,Normal,5.08,1178,Valid
INVT002263,PO002263,P0179,WH004,2025-01-04,86,693,295,484,128,245,3417248.12,Normal,3.31,484,Valid
INVT002264,PO002264,P0203,WH001,2026-04-19,159,135,56,238,63,71,5698200.76,Normal,1.03,238,Valid
INVT002265,PO002265,P0035,WH004,2026-06-27,62,307,259,110,489,155,5935433.9,Reorder,0.75,110,Valid
INVT002266,PO002266,P0053,WH003,2026-04-27,39,936,664,311,53,166,11560563.53,Overstock,1.17,311,Valid
INVT002267,PO002267,P0272,WH001,2025-03-15,198,363,234,327,133,17,24804290.7,Normal,1.4100000000000001,327,Valid
INVT002268,PO002268,P0269,WH003,2026-04-29,449,148,12,585,252,243,48150402.3,Normal,2.2,585,Valid
INVT002269,PO002269,P0286,WH004,2025-07-17,1579,39,55,1563,421,85,84579103.53,Normal,10.7,1563,Valid
INVT002270,PO002270,P0017,WH004,2026-03-20,406,886,223,1069,419,65,74435795.56,Normal,7.32,1069,Valid
INVT002271,PO002271,P0100,WH001,2025-06-26,168,748,603,313,311,64,212589.6,Normal,1.35,313,Valid
INVT002272,PO002272,P0072,WH002,2025-02-21,628,881,846,663,290,216,4814056.26,Normal,3.5700000000000003,663,Valid
INVT002273,PO002273,P0233,WH003,2025-07-08,197,824,987,34,59,136,1347389.74,Reorder,0.13,34,Valid
INVT002274,PO002274,P0188,WH002,2025-05-01,1142,941,1229,854,324,165,1572581.22,Normal,4.6,854,Valid
INVT002275,PO002275,P0011,WH003,2025-03-04,1372,867,1086,1153,348,26,68592892.4,Normal,4.33,1153,Valid
INVT002276,PO002276,P0120,WH001,2026-07-01,376,749,724,401,236,214,30579634.44,Normal,1.73,401,Valid
INVT002277,PO002277,P0193,WH004,2026-06-03,1197,461,420,1238,470,163,34690579.86,Normal,8.47,1238,Valid
INVT002278,PO002278,P0268,WH002,2025-11-20,394,748,880,262,208,247,6261807.86,Normal,1.4100000000000001,262,Valid
INVT002279,PO002279,P0001,WH003,2026-05-05,1395,791,806,1380,364,114,66504863.4,Normal,5.18,1380,Valid
INVT002280,PO002280,P0228,WH001,2026-05-25,146,532,288,390,351,11,30229290.0,Normal,1.6800000000000002,390,Valid
INVT002281,PO002281,P0066,WH002,2025-11-25,330,318,340,308,379,91,14983294.48,Reorder,1.6600000000000001,308,Valid
INVT002282,PO002282,P0095,WH002,2025-07-24,667,26,37,656,393,151,16691801.92,Normal,3.54,656,Valid
INVT002283,PO002283,P0235,WH001,2025-09-22,212,22,21,213,300,200,11547134.7,Reorder,0.92,213,Valid
INVT002284,PO002284,P0069,WH003,2025-04-22,723,160,167,716,302,96,32156612.52,Normal,2.69,716,Valid
INVT002285,PO002285,P0237,WH003,2026-07-10,1097,45,44,1098,290,24,31023100.62,Normal,4.12,1098,Valid
INVT002286,PO002286,P0034,WH001,2026-07-01,242,351,116,477,108,45,21930580.62,Normal,2.06,477,Valid
INVT002287,PO002287,P0093,WH001,2026-02-23,548,720,318,950,224,216,37741609.5,Normal,4.1,950,Valid
INVT002288,PO002288,P0214,WH001,2026-03-21,40,479,34,485,124,156,11988695.6,Normal,2.09,485,Valid
INVT002289,PO002289,P0037,WH003,2025-06-25,639,296,163,772,344,50,23489559.08,Normal,2.9,772,Valid
INVT002290,PO002290,P0196,WH004,2025-09-30,626,339,80,885,236,215,64957283.1,Normal,6.06,885,Valid
INVT002291,PO002291,P0263,WH002,2025-11-08,148,114,85,177,72,247,13894312.38,Normal,0.9500000000000001,177,Valid
INVT002292,PO002292,P0062,WH004,2025-03-16,334,741,653,422,299,57,26616860.86,Normal,2.89,422,Valid
INVT002293,PO002293,P0136,WH002,2025-09-22,1264,60,50,1274,441,74,43336027.28,Normal,6.87,1274,Valid
INVT002294,PO002294,P0171,WH004,2025-07-06,1443,923,1208,1158,466,114,38795014.92,Normal,7.93,1158,Valid
INVT002295,PO002295,P0217,WH001,2026-01-02,396,432,556,272,394,47,17048671.68,Reorder,1.17,272,Valid
INVT002296,PO002296,P0125,WH001,2025-01-13,573,287,241,619,177,14,6686858.92,Normal,2.67,619,Valid
INVT002297,PO002297,P0140,WH002,2026-06-04,1040,150,175,1015,462,58,70584906.7,Normal,5.47,1015,Valid
INVT002298,PO002298,P0090,WH001,2026-07-30,133,286,282,137,76,160,10953992.55,Normal,0.59,137,Valid
INVT002299,PO002299,P0172,WH004,2026-01-09,559,315,153,721,170,34,297188.99,Normal,4.94,721,Valid
INVT002300,PO002300,P0284,WH002,2026-03-04,756,494,195,1055,318,224,37384030.5,Normal,5.69,1055,Valid
INVT002301,PO002301,P0011,WH003,2025-08-14,229,187,186,230,348,26,12612567.5,Reorder,0.86,230,Valid
INVT002302,PO002302,P0084,WH002,2025-04-03,48,406,159,295,239,88,11707142.85,Normal,1.5899999999999999,295,Valid
INVT002303,PO002303,P0281,WH003,2025-04-22,340,741,351,730,94,20,38824852.9,Overstock,2.74,730,Valid
INVT002304,PO002304,P0294,WH003,2025-01-04,1367,383,491,1259,481,19,58881604.45,Normal,4.72,1259,Valid
INVT002305,PO002305,P0039,WH002,2025-10-12,120,349,163,306,67,207,5423495.04,Normal,1.65,306,Valid
INVT002306,PO002306,P0181,WH004,2025-11-10,51,503,372,182,31,180,523160.82,Overstock,1.25,182,Valid
INVT002307,PO002307,P0124,WH004,2025-09-30,102,367,113,356,411,167,25504722.88,Reorder,2.44,356,Valid
INVT002308,PO002308,P0076,WH001,2026-05-09,840,713,116,1437,315,60,88454060.79,Normal,6.2,1437,Valid
INVT002309,PO002309,P0122,WH001,2025-02-06,278,293,218,353,208,225,18534850.98,Normal,1.52,353,Valid
INVT002310,PO002310,P0043,WH004,2025-07-18,1656,956,207,2405,466,119,58225266.45,Overstock,16.46,2405,Valid
INVT002311,PO002311,P0047,WH003,2026-04-10,316,832,492,656,224,237,54097899.36,Normal,2.46,656,Valid
INVT002312,PO002312,P0183,WH004,2025-04-06,428,545,453,520,482,121,32072539.2,Normal,3.56,520,Valid
INVT002313,PO002313,P0225,WH002,2026-01-06,935,118,50,1003,347,132,74289341.42,Normal,5.41,1003,Valid
INVT002314,PO002314,P0105,WH002,2026-06-26,637,212,118,731,175,213,7668080.35,Normal,3.94,731,Valid
INVT002315,PO002315,P0278,WH001,2025-04-30,1064,653,721,996,495,236,21732052.68,Normal,4.3,996,Valid
INVT002316,PO002316,P0127,WH004,2026-06-19,535,104,42,597,369,148,40858757.61,Normal,4.09,597,Valid
INVT002317,PO002317,P0239,WH004,2025-08-22,650,843,1025,468,338,96,22722237.72,Normal,3.2,468,Valid
INVT002318,PO002318,P0281,WH004,2025-08-31,306,161,19,448,94,20,27426040.32,Normal,3.07,448,Valid
INVT002319,PO002319,P0101,WH001,2025-11-03,64,780,702,142,36,204,7993777.82,Normal,0.61,142,Valid
INVT002320,PO002320,P0149,WH004,2025-02-15,493,806,820,479,487,100,22608962.86,Reorder,3.2800000000000002,479,Valid
INVT002321,PO002321,P0286,WH001,2026-07-12,1023,146,24,1145,421,85,69111272.55,Normal,4.94,1145,Valid
INVT002322,PO002322,P0107,WH003,2025-09-30,1021,408,394,1035,328,235,37179218.25,Normal,3.88,1035,Valid
INVT002323,PO002323,P0290,WH003,2025-12-21,24,290,278,36,95,201,2575808.64,Reorder,0.14,36,Valid
INVT002324,PO002324,P0096,WH002,2025-04-23,348,415,459,304,303,232,13614749.44,Normal,1.6400000000000001,304,Valid
INVT002325,PO002325,P0130,WH003,2025-11-13,330,741,485,586,173,58,16577676.3,Normal,2.2,586,Valid
INVT002326,PO002326,P0076,WH004,2026-01-27,919,936,1349,506,315,60,34456945.38,Normal,3.46,506,Valid
INVT002327,PO002327,P0081,WH002,2026-07-06,198,505,156,547,211,168,15308861.65,Normal,2.95,547,Valid
INVT002328,PO002328,P0048,WH004,2025-12-12,81,374,374,81,370,99,5909981.94,Reorder,0.55,81,Valid
INVT002329,PO002329,P0010,WH002,2026-02-16,1197,284,327,1154,380,29,10953514.12,Normal,6.22,1154,Valid
INVT002330,PO002330,P0196,WH003,2026-06-02,735,507,338,904,236,215,65583934.4,Normal,3.39,904,Valid
INVT002331,PO002331,P0103,WH002,2025-02-15,162,53,50,165,161,185,3440122.95,Normal,0.89,165,Valid
INVT002332,PO002332,P0182,WH003,2025-06-19,1103,739,584,1258,293,195,27629730.76,Normal,4.72,1258,Valid
INVT002333,PO002333,P0102,WH002,2025-08-02,764,792,1000,556,209,117,30884104.2,Normal,3.0,556,Valid
INVT002334,PO002334,P0270,WH004,2026-01-07,519,773,918,374,429,112,24379332.12,Reorder,2.56,374,Valid
INVT002335,PO002335,P0147,WH003,2025-03-26,952,268,159,1061,335,66,76643881.4,Normal,3.98,1061,Valid
INVT002336,PO002336,P0138,WH004,2026-03-06,88,577,224,441,183,201,29214172.89,Normal,3.02,441,Valid
INVT002337,PO002337,P0081,WH004,2025-04-21,377,215,147,445,211,168,12884138.4,Normal,3.05,445,Valid
INVT002338,PO002338,P0280,WH001,2026-01-29,373,587,10,950,269,158,32796802.5,Normal,4.1,950,Valid
INVT002339,PO002339,P0185,WH003,2025-03-01,121,692,599,214,166,111,10624310.34,Normal,0.8,214,Valid
INVT002340,PO002340,P0180,WH001,2025-01-18,703,733,561,875,306,39,28162881.25,Normal,3.7800000000000002,875,Valid
INVT002341,PO002341,P0044,WH004,2025-12-12,592,573,4,1161,177,19,64972636.65,Overstock,7.95,1161,Valid
INVT002342,PO002342,P0217,WH002,2025-04-07,650,860,804,706,394,47,48296690.46,Normal,3.81,706,Valid
INVT002343,PO002343,P0147,WH002,2026-03-15,1033,412,99,1346,335,66,100977996.8,Normal,7.26,1346,Valid
INVT002344,PO002344,P0281,WH003,2025-07-11,28,305,55,278,94,20,16205570.76,Normal,1.04,278,Valid
INVT002345,PO002345,P0176,WH003,2026-02-12,664,545,520,689,174,94,24702048.67,Normal,2.59,689,Valid
INVT002346,PO002346,P0027,WH001,2025-04-04,968,663,623,1008,495,214,65994082.56,Normal,4.35,1008,Valid
INVT002347,PO002347,P0299,WH001,2025-04-16,479,624,556,547,471,18,3545468.02,Normal,2.36,547,Valid
INVT002348,PO002348,P0252,WH001,2026-05-02,516,594,763,347,413,213,372282.42,Reorder,1.5,347,Valid
INVT002349,PO002349,P0185,WH004,2026-03-29,505,772,135,1142,166,111,57580713.48,Overstock,7.82,1142,Valid
INVT002350,PO002350,P0195,WH001,2025-01-26,253,388,492,149,97,205,7811628.96,Normal,0.64,149,Valid
INVT002351,PO002351,P0138,WH004,2025-05-31,153,676,447,382,183,201,23458673.48,Normal,2.62,382,Valid
INVT002352,PO002352,P0006,WH001,2025-02-14,439,80,72,447,205,68,33853469.01,Normal,1.9300000000000002,447,Valid
INVT002353,PO002353,P0113,WH004,2026-03-31,240,376,273,343,63,183,18676765.03,Overstock,2.35,343,Valid
INVT002354,PO002354,P0242,WH001,2025-12-24,527,807,1155,179,228,88,2044400.17,Reorder,0.77,179,Valid
INVT002355,PO002355,P0111,WH002,2025-11-09,139,923,813,249,40,62,3081501.99,Overstock,1.34,249,Valid
INVT002356,PO002356,P0211,WH001,2026-03-03,92,596,503,185,173,144,8684479.05,Normal,0.8,185,Valid
INVT002357,PO002357,P0018,WH003,2026-03-12,1348,479,421,1406,357,159,42515612.2,Normal,5.28,1406,Valid
INVT002358,PO002358,P0126,WH001,2025-07-22,682,450,544,588,226,14,33502158.48,Normal,2.54,588,Valid
INVT002359,PO002359,P0288,WH004,2026-03-06,26,537,637,0,42,71,0.0,Stockout,0.0,0,Valid
INVT002360,PO002360,P0216,WH002,2026-06-27,1699,174,111,1762,430,35,91686674.34,Normal,9.5,1762,Valid
INVT002361,PO002361,P0173,WH001,2025-08-13,735,996,495,1236,340,55,40277000.52,Normal,5.33,1236,Valid
INVT002362,PO002362,P0004,WH003,2026-05-11,1231,308,446,1093,310,85,72218586.89,Normal,4.1,1093,Valid
INVT002363,PO002363,P0029,WH001,2025-12-21,233,753,1122,0,236,45,0.0,Stockout,0.0,0,Valid
INVT002364,PO002364,P0032,WH001,2025-04-09,424,722,317,829,237,188,13838629.64,Normal,3.58,829,Valid
INVT002365,PO002365,P0101,WH002,2025-07-20,40,104,69,75,36,204,3995509.5,Normal,0.4,75,Valid
INVT002366,PO002366,P0011,WH003,2025-02-10,1136,334,29,1441,348,26,83738613.86,Normal,5.41,1441,Valid
INVT002367,PO002367,P0158,WH003,2025-05-06,706,899,757,848,298,222,32956570.24,Normal,3.18,848,Valid
INVT002368,PO002368,P0293,WH001,2026-01-24,582,47,46,583,212,211,26303753.19,Normal,2.52,583,Valid
INVT002369,PO002369,P0167,WH001,2026-04-24,95,921,476,540,451,169,8973347.4,Normal,2.33,540,Valid
INVT002370,PO002370,P0054,WH001,2025-07-14,291,16,9,298,114,156,14398230.58,Normal,1.29,298,Valid
INVT002371,PO002371,P0006,WH002,2025-08-11,718,742,962,498,205,68,35120668.14,Normal,2.69,498,Valid
INVT002372,PO002372,P0214,WH003,2025-07-14,398,76,84,390,124,156,10683788.7,Normal,1.46,390,Valid
INVT002373,PO002373,P0244,WH004,2025-08-29,160,986,522,624,54,42,9523044.96,Overstock,4.27,624,Valid
INVT002374,PO002374,P0192,WH001,2026-01-13,352,907,1104,155,215,162,7449143.45,Reorder,0.67,155,Valid
INVT002375,PO002375,P0299,WH004,2025-12-02,459,695,59,1095,471,18,6751277.25,Normal,7.5,1095,Valid
INVT002376,PO002376,P0033,WH004,2026-02-04,1759,913,83,2589,441,103,117297700.0,Overstock,17.72,2589,Valid
INVT002377,PO002377,P0033,WH003,2026-03-20,691,963,1379,275,441,103,13395046.5,Reorder,1.03,275,Valid
INVT002378,PO002378,P0286,WH002,2025-09-25,1491,122,81,1532,421,85,89078997.92,Normal,8.26,1532,Valid
INVT002379,PO002379,P0125,WH001,2026-06-09,536,408,492,452,177,14,5308242.8,Normal,1.9500000000000002,452,Valid
INVT002380,PO002380,P0231,WH001,2025-05-05,723,281,139,865,295,51,35749688.8,Normal,3.73,865,Valid
INVT002381,PO002381,P0003,WH002,2026-07-09,345,300,292,353,234,143,25389214.36,Normal,1.9,353,Valid
INVT002382,PO002382,P0287,WH001,2025-09-23,622,258,107,773,254,99,57191031.13,Normal,3.34,773,Valid
INVT002383,PO002383,P0237,WH003,2026-06-10,252,28,38,242,290,24,6214756.02,Reorder,0.91,242,Valid
INVT002384,PO002384,P0136,WH003,2025-09-16,514,784,889,409,441,74,13903799.58,Reorder,1.53,409,Valid
INVT002385,PO002385,P0273,WH004,2025-12-11,632,379,371,640,217,132,44185964.8,Normal,4.38,640,Valid
INVT002386,PO002386,P0173,WH003,2025-06-14,1074,580,624,1030,340,55,34382182.8,Normal,3.87,1030,Valid
INVT002387,PO002387,P0114,WH004,2025-07-29,202,380,516,66,70,236,4721776.62,Reorder,0.45,66,Valid
INVT002388,PO002388,P0092,WH002,2026-07-21,1409,945,533,1821,369,36,34599910.5,Normal,9.82,1821,Valid
INVT002389,PO002389,P0220,WH003,2026-05-22,75,568,569,74,30,160,6362526.66,Normal,0.28,74,Valid
INVT002390,PO002390,P0019,WH002,2025-09-23,1052,459,651,860,417,37,36545786.0,Normal,4.64,860,Valid
INVT002391,PO002391,P0218,WH004,2025-08-10,118,217,142,193,52,176,8616650.98,Normal,1.32,193,Valid
INVT002392,PO002392,P0237,WH004,2025-01-30,643,247,195,695,290,24,16282098.6,Normal,4.76,695,Valid
INVT002393,PO002393,P0011,WH004,2025-04-06,226,660,330,556,348,26,32684476.68,Normal,3.81,556,Valid
INVT002394,PO002394,P0190,WH001,2026-01-08,876,427,421,882,238,85,58550061.78,Normal,3.81,882,Valid
INVT002395,PO002395,P0143,WH003,2026-03-24,106,760,153,713,36,230,53782894.79,Overstock,2.68,713,Valid
INVT002396,PO002396,P0116,WH003,2026-05-31,89,177,179,87,51,95,6049160.46,Normal,0.33,87,Valid
INVT002397,PO002397,P0275,WH004,2025-02-26,1390,876,636,1630,361,144,57328061.7,Normal,11.16,1630,Valid
INVT002398,PO002398,P0128,WH002,2026-01-29,1305,470,275,1500,404,136,49731330.0,Normal,8.09,1500,Valid
INVT002399,PO002399,P0206,WH003,2025-04-24,712,260,256,716,441,100,59522791.24,Normal,2.69,716,Valid
INVT002400,PO002400,P0285,WH004,2026-02-09,491,321,80,732,165,178,50708011.68,Normal,5.01,732,Valid
INVT002401,PO002401,P0161,WH001,2025-04-01,140,533,36,637,40,242,29741670.14,Overstock,2.75,637,Valid
INVT002402,PO002402,P0016,WH004,2026-01-01,73,830,411,492,38,195,40740310.92,Overstock,3.37,492,Valid
INVT002403,PO002403,P0068,WH002,2025-09-26,1301,547,0,1848,409,202,10279038.0,Normal,9.96,1848,Valid
INVT002404,PO002404,P0172,WH002,2026-04-09,84,288,383,0,170,34,0.0,Stockout,0.0,0,Valid
INVT002405,PO002405,P0007,WH001,2025-10-09,750,666,880,536,194,82,35862714.8,Normal,2.31,536,Valid
INVT002406,PO002406,P0069,WH001,2025-05-09,570,509,177,902,302,96,40006009.12,Normal,3.89,902,Valid
INVT002407,PO002407,P0153,WH003,2026-01-12,1335,187,215,1307,441,216,42166551.63,Normal,4.9,1307,Valid
INVT002408,PO002408,P0205,WH003,2025-07-25,1426,861,34,2253,480,72,52747979.49,Normal,8.45,2253,Valid
INVT002409,PO002409,P0137,WH004,2025-08-25,394,301,198,497,180,28,7824221.3,Normal,3.4,497,Valid
INVT002410,PO002410,P0151,WH003,2026-05-10,45,193,249,0,390,115,0.0,Stockout,0.0,0,Valid
INVT002411,PO002411,P0226,WH002,2026-06-15,165,387,522,30,229,114,287396.4,Reorder,0.16,30,Valid
INVT002412,PO002412,P0003,WH002,2026-03-22,412,522,201,733,234,143,53143665.47,Normal,3.95,733,Valid
INVT002413,PO002413,P0259,WH004,2025-10-17,91,822,230,683,70,12,58554826.23,Overstock,4.68,683,Valid
INVT002414,PO002414,P0050,WH003,2025-08-11,16,972,1405,0,162,116,0.0,Stockout,0.0,0,Valid
INVT002415,PO002415,P0197,WH003,2026-06-18,829,776,607,998,223,17,25562552.44,Normal,3.75,998,Valid
INVT002416,PO002416,P0067,WH001,2026-05-01,240,549,71,718,217,184,36822665.9,Normal,3.1,718,Valid
INVT002417,PO002417,P0071,WH001,2025-05-24,765,844,94,1515,368,103,55398096.0,Normal,6.54,1515,Valid
INVT002418,PO002418,P0014,WH001,2026-05-07,25,368,354,39,31,150,877337.76,Normal,0.17,39,Valid
INVT002419,PO002419,P0138,WH002,2025-03-31,700,879,1064,515,183,201,30809416.65,Normal,2.7800000000000002,515,Valid
INVT002420,PO002420,P0246,WH002,2026-06-11,97,452,291,258,213,207,17321338.26,Normal,1.3900000000000001,258,Valid
INVT002421,PO002421,P0149,WH001,2025-03-14,281,219,275,225,487,100,9781596.0,Reorder,0.97,225,Valid
INVT002422,PO002422,P0203,WH001,2025-07-23,27,31,32,26,63,71,522226.9,Reorder,0.11,26,Valid
INVT002423,PO002423,P0289,WH002,2025-01-20,38,983,1239,0,22,220,0.0,Stockout,0.0,0,Valid
INVT002424,PO002424,P0178,WH003,2026-01-30,98,521,725,0,46,71,0.0,Stockout,0.0,0,Valid
INVT002425,PO002425,P0176,WH003,2026-02-27,60,843,237,666,174,94,21106732.14,Normal,2.5,666,Valid
INVT002426,PO002426,P0029,WH004,2025-10-13,492,236,119,609,236,45,34422561.81,Normal,4.17,609,Valid
INVT002427,PO002427,P0280,WH003,2025-02-19,982,792,147,1627,269,158,52836044.04,Overstock,6.11,1627,Valid
INVT002428,PO002428,P0238,WH003,2025-02-15,504,231,231,504,179,171,23281332.48,Normal,1.8900000000000001,504,Valid
INVT002429,PO002429,P0143,WH002,2025-05-23,116,779,542,353,36,230,29582790.82,Overstock,1.9,353,Valid
INVT002430,PO002430,P0057,WH004,2026-03-06,28,160,233,0,45,53,0.0,Stockout,0.0,0,Valid
INVT002431,PO002431,P0285,WH004,2025-01-30,140,199,25,314,165,178,22135913.56,Normal,2.15,314,Valid
INVT002432,PO002432,P0035,WH004,2025-05-31,112,383,393,102,489,155,5740736.46,Reorder,0.7000000000000001,102,Valid
INVT002433,PO002433,P0178,WH003,2025-04-03,48,699,257,490,46,71,12180317.1,Overstock,1.8399999999999999,490,Valid
INVT002434,PO002434,P0262,WH002,2025-12-02,498,902,1063,337,159,57,24025336.6,Normal,1.82,337,Valid
INVT002435,PO002435,P0197,WH004,2026-06-06,770,263,161,872,223,17,21124043.04,Normal,5.97,872,Valid
INVT002436,PO002436,P0258,WH003,2025-10-26,1294,221,196,1319,331,246,34617049.48,Normal,4.95,1319,Valid
INVT002437,PO002437,P0232,WH002,2026-01-13,711,390,405,696,293,69,24324775.44,Normal,3.75,696,Valid
INVT002438,PO002438,P0256,WH004,2026-05-08,94,473,496,71,29,170,3583612.82,Normal,0.49,71,Valid
INVT002439,PO002439,P0027,WH004,2025-01-09,892,648,891,649,495,214,38842033.45,Normal,4.44,649,Valid
INVT002440,PO002440,P0290,WH004,2026-01-07,301,767,29,1039,95,201,85586960.04,Overstock,7.11,1039,Valid
INVT002441,PO002441,P0266,WH002,2025-11-06,295,89,132,252,470,103,19053783.0,Reorder,1.3599999999999999,252,Valid
INVT002442,PO002442,P0112,WH003,2026-02-12,859,808,906,761,439,184,15167498.61,Normal,2.86,761,Valid
INVT002443,PO002443,P0010,WH001,2026-07-19,1167,141,180,1128,380,29,11212195.92,Normal,4.87,1128,Valid
INVT002444,PO002444,P0185,WH002,2026-04-24,424,307,289,442,166,111,20852662.74,Normal,2.38,442,Valid
INVT002445,PO002445,P0168,WH001,2025-09-18,419,450,417,452,156,80,36253026.12,Normal,1.9500000000000002,452,Valid
INVT002446,PO002446,P0059,WH004,2026-01-05,945,349,197,1097,460,48,63981866.8,Normal,7.51,1097,Valid
INVT002447,PO002447,P0123,WH003,2025-04-22,1060,184,0,1244,308,180,52237562.84,Normal,4.67,1244,Valid
INVT002448,PO002448,P0017,WH001,2025-12-23,1526,321,132,1715,419,65,125042931.0,Normal,7.4,1715,Valid
INVT002449,PO002449,P0126,WH004,2025-08-21,332,883,422,793,226,14,50830546.65,Normal,5.43,793,Valid
INVT002450,PO002450,P0039,WH003,2025-01-11,105,129,64,170,67,207,2583331.9,Normal,0.64,170,Valid
INVT002451,PO002451,P0104,WH002,2026-02-27,236,242,324,154,297,48,4124124.62,Reorder,0.8300000000000001,154,Valid
INVT002452,PO002452,P0166,WH002,2025-03-20,69,434,507,0,209,166,0.0,Stockout,0.0,0,Valid
INVT002453,PO002453,P0051,WH003,2026-06-24,498,796,404,890,387,133,4692347.0,Normal,3.34,890,Valid
INVT002454,PO002454,P0043,WH004,2025-02-10,768,497,607,658,466,119,15145436.04,Normal,4.5,658,Valid
INVT002455,PO002455,P0279,WH002,2026-04-25,17,86,64,39,138,52,2652127.53,Reorder,0.21,39,Valid
INVT002456,PO002456,P0021,WH003,2025-03-08,481,378,125,734,254,131,17830548.2,Normal,2.75,734,Valid
INVT002457,PO002457,P0072,WH004,2025-12-21,582,771,618,735,290,216,4451975.85,Normal,5.03,735,Valid
INVT002458,PO002458,P0257,WH004,2026-07-09,1153,683,92,1744,336,211,105257358.6,Overstock,11.94,1744,Valid
INVT002459,PO002459,P0105,WH002,2025-01-31,675,905,962,618,175,213,6640805.52,Normal,3.33,618,Valid
INVT002460,PO002460,P0060,WH003,2025-12-24,11,320,59,272,311,48,1317848.16,Reorder,1.02,272,Valid
INVT002461,PO002461,P0178,WH004,2026-05-06,87,425,451,61,46,71,1551630.16,Normal,0.42,61,Valid
INVT002462,PO002462,P0178,WH002,2025-11-18,27,505,235,297,46,71,7263711.18,Overstock,1.6,297,Valid
INVT002463,PO002463,P0204,WH004,2026-02-24,188,23,8,203,309,156,15154883.8,Reorder,1.3900000000000001,203,Valid
INVT002464,PO002464,P0269,WH003,2025-02-12,744,217,242,719,252,243,59362969.56,Normal,2.7,719,Valid
INVT002465,PO002465,P0289,WH002,2025-12-25,62,578,4,636,22,220,22157165.16,Overstock,3.43,636,Valid
INVT002466,PO002466,P0101,WH003,2026-05-11,108,752,370,490,36,204,24448138.4,Overstock,1.8399999999999999,490,Valid
INVT002467,PO002467,P0149,WH003,2025-06-29,1409,993,976,1426,487,100,64405831.88,Normal,5.35,1426,Valid
INVT002468,PO002468,P0041,WH001,2025-10-06,1099,839,745,1193,372,143,40120100.87,Normal,5.15,1193,Valid
INVT002469,PO002469,P0188,WH004,2025-04-07,98,798,64,832,324,165,1499804.8,Normal,5.7,832,Valid
INVT002470,PO002470,P0158,WH001,2025-09-22,509,449,124,834,298,222,30368583.78,Normal,3.6,834,Valid
INVT002471,PO002471,P0157,WH001,2025-07-10,33,977,1357,0,432,85,0.0,Stockout,0.0,0,Valid
INVT002472,PO002472,P0132,WH003,2025-05-25,214,177,169,222,62,174,6095678.22,Normal,0.8300000000000001,222,Valid
INVT002473,PO002473,P0292,WH001,2026-07-12,1279,835,696,1418,355,98,90021616.56,Normal,6.12,1418,Valid
INVT002474,PO002474,P0167,WH002,2026-06-10,1027,460,363,1124,451,169,18337205.76,Normal,6.06,1124,Valid
INVT002475,PO002475,P0246,WH001,2025-01-30,304,911,952,263,213,207,20044957.91,Normal,1.13,263,Valid
INVT002476,PO002476,P0273,WH003,2025-02-04,79,187,206,60,217,132,4281658.8,Reorder,0.23,60,Valid
INVT002477,PO002477,P0245,WH004,2025-03-19,251,729,921,59,190,168,3017210.44,Reorder,0.4,59,Valid
INVT002478,PO002478,P0236,WH004,2025-11-07,1804,171,197,1778,480,237,115748404.5,Normal,12.17,1778,Valid
INVT002479,PO002479,P0249,WH003,2026-05-18,713,386,324,775,257,96,8804542.5,Normal,2.91,775,Valid
INVT002480,PO002480,P0029,WH004,2025-01-24,861,944,373,1432,236,45,78261764.24,Overstock,9.8,1432,Valid
INVT002481,PO002481,P0219,WH002,2026-02-13,1156,746,26,1876,311,33,142997593.5,Overstock,10.12,1876,Valid
INVT002482,PO002482,P0249,WH001,2025-01-15,511,926,573,864,257,96,9766128.96,Normal,3.73,864,Valid
INVT002483,PO002483,P0039,WH002,2025-04-16,79,763,227,615,67,207,11038075.35,Overstock,3.32,615,Valid
INVT002484,PO002484,P0280,WH002,2025-11-19,726,95,100,721,269,158,23837911.09,Normal,3.89,721,Valid
INVT002485,PO002485,P0030,WH004,2026-01-08,370,960,1288,42,258,168,3262323.12,Reorder,0.29,42,Valid
INVT002486,PO002486,P0104,WH002,2025-07-21,351,68,32,387,297,48,10333139.94,Normal,2.09,387,Valid
INVT002487,PO002487,P0275,WH003,2025-01-21,259,912,752,419,361,144,16827831.91,Normal,1.57,419,Valid
INVT002488,PO002488,P0203,WH002,2025-11-11,76,274,57,293,63,71,6772073.84,Normal,1.58,293,Valid
INVT002489,PO002489,P0178,WH004,2025-12-17,44,438,310,172,46,71,4339916.04,Normal,1.18,172,Valid
INVT002490,PO002490,P0090,WH003,2026-06-12,212,335,165,382,76,160,30316371.86,Overstock,1.43,382,Valid
INVT002491,PO002491,P0122,WH004,2025-05-31,520,102,27,595,208,225,31372023.55,Normal,4.07,595,Valid
INVT002492,PO002492,P0239,WH002,2026-01-21,360,780,164,976,338,96,46057117.92,Normal,5.26,976,Valid
INVT002493,PO002493,P0090,WH004,2025-03-13,167,602,491,278,76,160,21751548.44,Normal,1.9,278,Valid
INVT002494,PO002494,P0249,WH002,2025-02-12,256,575,239,592,257,96,6707277.12,Normal,3.19,592,Valid
INVT002495,PO002495,P0267,WH002,2025-01-01,1066,25,28,1063,309,30,11045048.35,Normal,5.73,1063,Valid
INVT002496,PO002496,P0051,WH002,2025-04-12,328,631,703,256,387,133,1371473.92,Reorder,1.38,256,Valid
INVT002497,PO002497,P0226,WH002,2025-11-13,553,247,78,722,229,114,6352444.8,Normal,3.89,722,Valid
INVT002498,PO002498,P0187,WH003,2025-06-27,237,965,854,348,114,24,13430089.08,Normal,1.31,348,Valid
INVT002499,PO002499,P0136,WH003,2026-05-05,334,714,689,359,441,74,14118953.04,Reorder,1.35,359,Valid
INVT002500,PO002500,P0288,WH003,2025-11-01,161,313,216,258,42,71,9671166.12,Overstock,0.97,258,Valid
INVT002501,PO002501,P0113,WH009,2026-04-04,114,865,731,248,63,183,13931209.04,Normal,0.93,248,Valid
INVT002502,PO002502,P0126,WH007,2025-11-17,197,630,117,710,226,14,43423330.2,Normal,12.31,710,Valid
INVT002503,PO002503,P0283,WH007,2025-08-15,392,422,425,389,321,33,20955647.84,Normal,6.75,389,Valid
INVT002504,PO002504,P0200,WH006,2025-02-02,1434,404,39,1799,422,173,132624312.9,Normal,8.66,1799,Valid
INVT002505,PO002505,P0239,WH010,2026-01-07,1179,424,67,1536,338,96,80900290.56,Normal,5.31,1536,Valid
INVT002506,PO002506,P0130,WH009,2025-02-16,242,319,372,189,173,58,5630595.39,Normal,0.71,189,Valid
INVT002507,PO002507,P0283,WH009,2026-04-26,411,282,204,489,321,33,24992423.25,Normal,1.83,489,Valid
INVT002508,PO002508,P0100,WH010,2025-04-14,437,937,561,813,311,64,547344.12,Normal,2.81,813,Valid
INVT002509,PO002509,P0250,WH005,2025-03-05,1129,364,147,1346,485,23,81570601.58,Normal,5.79,1346,Valid
INVT002510,PO002510,P0138,WH007,2025-10-15,239,924,151,1012,183,201,63856167.76,Overstock,17.55,1012,Valid
INVT002511,PO002511,P0201,WH009,2025-12-12,21,27,35,13,47,245,1025079.9,Reorder,0.05,13,Valid
INVT002512,PO002512,P0007,WH008,2025-09-26,729,431,112,1048,194,82,69476017.68,Overstock,5.15,1048,Valid
INVT002513,PO002513,P0093,WH010,2026-03-07,159,669,219,609,224,216,25015326.63,Normal,2.1,609,Valid
INVT002514,PO002514,P0188,WH008,2025-12-08,1023,715,113,1625,324,165,2889883.75,Overstock,7.99,1625,Valid
INVT002515,PO002515,P0083,WH005,2025-10-03,34,174,196,12,435,180,660846.96,Reorder,0.05,12,Valid
INVT002516,PO002516,P0019,WH008,2025-10-24,367,663,810,220,417,37,9153949.2,Reorder,1.08,220,Valid
INVT002517,PO002517,P0138,WH008,2026-02-03,431,30,27,434,183,201,28327969.88,Normal,2.13,434,Valid
INVT002518,PO002518,P0081,WH006,2026-02-16,71,716,580,207,211,168,5646016.08,Reorder,1.0,207,Valid
INVT002519,PO002519,P0088,WH010,2025-04-22,238,503,119,622,384,57,14908096.0,Normal,2.15,622,Valid
INVT002520,PO002520,P0117,WH007,2025-02-07,993,106,83,1016,490,224,51664961.44,Normal,17.62,1016,Valid
INVT002521,PO002521,P0292,WH007,2025-03-26,48,268,258,58,355,98,4103019.18,Reorder,1.01,58,Valid
INVT002522,PO002522,P0044,WH010,2025-03-19,360,451,649,162,177,19,8425825.74,Reorder,0.56,162,Valid
INVT002523,PO002523,P0157,WH006,2025-10-03,767,718,137,1348,432,85,25324175.04,Normal,6.49,1348,Valid
INVT002524,PO002524,P0086,WH008,2025-01-19,244,960,894,310,442,229,14531110.5,Reorder,1.52,310,Valid
INVT002525,PO002525,P0186,WH009,2025-10-04,427,730,782,375,147,34,25719435.0,Normal,1.4,375,Valid
INVT002526,PO002526,P0153,WH007,2025-12-05,1612,431,204,1839,441,216,59656608.3,Normal,31.89,1839,Valid
INVT002527,PO002527,P0010,WH007,2025-02-11,1031,779,79,1731,380,29,14963629.5,Normal,30.02,1731,Valid
INVT002528,PO002528,P0249,WH007,2025-10-01,503,929,399,1033,257,96,12863504.81,Normal,17.91,1033,Valid
INVT002529,PO002529,P0152,WH006,2025-04-12,1373,378,179,1572,360,101,41752005.6,Normal,7.57,1572,Valid
INVT002530,PO002530,P0091,WH008,2025-08-27,737,673,962,448,382,83,14114280.32,Normal,2.2,448,Valid
INVT002531,PO002531,P0220,WH007,2025-03-22,91,555,544,102,30,160,8170246.92,Normal,1.77,102,Valid
INVT002532,PO002532,P0011,WH010,2025-03-09,1016,614,678,952,348,26,52472336.0,Normal,3.29,952,Valid
INVT002533,PO002533,P0179,WH010,2025-03-30,218,60,30,248,128,245,1939161.6,Normal,0.86,248,Valid
INVT002534,PO002534,P0014,WH007,2025-09-17,79,647,926,0,31,150,0.0,Stockout,0.0,0,Valid
INVT002535,PO002535,P0030,WH009,2026-08-02,55,37,2,90,258,168,7152992.1,Reorder,0.34,90,Valid
INVT002536,PO002536,P0273,WH010,2026-01-27,367,208,62,513,217,132,34778234.79,Normal,1.77,513,Valid
INVT002537,PO002537,P0013,WH006,2025-05-04,983,429,523,889,440,231,13235600.91,Normal,4.28,889,Valid
INVT002538,PO002538,P0277,WH007,2025-10-15,72,22,9,85,33,25,6672801.75,Normal,1.47,85,Valid
INVT002539,PO002539,P0115,WH006,2026-02-24,44,823,374,493,150,154,16604511.15,Normal,2.37,493,Valid
INVT002540,PO002540,P0298,WH006,2025-04-06,96,583,726,0,432,66,0.0,Stockout,0.0,0,Valid
INVT002541,PO002541,P0205,WH005,2025-04-21,1259,341,169,1431,480,72,33850362.24,Normal,6.16,1431,Valid
INVT002542,PO002542,P0106,WH005,2025-05-21,294,463,608,149,213,184,2516365.64,Reorder,0.64,149,Valid
INVT002543,PO002543,P0096,WH010,2026-03-11,37,767,578,226,303,232,9946122.14,Reorder,0.78,226,Valid
INVT002544,PO002544,P0132,WH008,2025-10-26,158,844,226,776,62,174,24023415.76,Overstock,3.8200000000000003,776,Valid
INVT002545,PO002545,P0153,WH005,2025-07-08,113,211,301,23,441,216,691865.99,Reorder,0.1,23,Valid
INVT002546,PO002546,P0093,WH005,2025-09-21,339,441,8,772,224,216,34056309.08,Normal,3.32,772,Valid
INVT002547,PO002547,P0295,WH010,2025-05-09,961,516,541,936,261,18,66836437.2,Normal,3.23,936,Valid
INVT002548,PO002548,P0113,WH005,2025-08-12,142,397,545,0,63,183,0.0,Stockout,0.0,0,Valid
INVT002549,PO002549,P0156,WH009,2025-02-12,490,379,203,666,140,169,45507946.5,Normal,2.49,666,Valid
INVT002550,PO002550,P0117,WH009,2025-03-28,1905,855,245,2515,490,224,130430088.1,Overstock,9.4,2515,Valid
INVT002551,PO002551,P0270,WH008,2025-06-23,458,640,356,742,429,112,51703680.42,Normal,3.65,742,Valid
INVT002552,PO002552,P0204,WH005,2026-01-22,303,67,72,298,309,156,20938844.84,Reorder,1.28,298,Valid
INVT002553,PO002553,P0032,WH008,2025-09-12,740,857,993,604,237,188,10681758.12,Normal,2.9699999999999998,604,Valid
INVT002554,PO002554,P0150,WH007,2026-07-28,301,860,1178,0,80,75,0.0,Stockout,0.0,0,Valid
INVT002555,PO002555,P0074,WH010,2025-05-09,312,812,597,527,87,78,25870935.92,Overstock,1.82,527,Valid
INVT002556,PO002556,P0122,WH006,2025-05-30,320,498,6,812,208,225,36511628.72,Normal,3.91,812,Valid
INVT002557,PO002557,P0212,WH010,2025-11-15,142,470,308,304,167,225,21782776.48,Normal,1.05,304,Valid
INVT002558,PO002558,P0178,WH009,2025-02-21,149,814,158,805,46,71,17670683.8,Overstock,3.01,805,Valid
INVT002559,PO002559,P0020,WH005,2026-03-27,68,462,13,517,28,180,35210507.31,Overstock,2.22,517,Valid
INVT002560,PO002560,P0213,WH008,2026-05-13,111,642,367,386,76,205,25300740.56,Overstock,1.9,386,Valid
INVT002561,PO002561,P0126,WH010,2026-06-01,377,650,254,773,226,14,45088595.28,Normal,2.67,773,Valid
INVT002562,PO002562,P0035,WH006,2025-04-30,194,782,1017,0,489,155,0.0,Stockout,0.0,0,Valid
INVT002563,PO002563,P0013,WH008,2025-12-12,200,308,227,281,440,231,4301213.61,Reorder,1.38,281,Valid
INVT002564,PO002564,P0023,WH008,2025-04-15,314,370,505,179,301,65,3693040.29,Reorder,0.88,179,Valid
INVT002565,PO002565,P0013,WH008,2025-06-05,466,672,786,352,440,231,6107999.04,Reorder,1.73,352,Valid
INVT002566,PO002566,P0033,WH007,2025-01-17,1394,217,46,1565,441,103,66609483.05,Normal,27.14,1565,Valid
INVT002567,PO002567,P0102,WH005,2025-12-18,117,1000,822,295,209,117,15332394.9,Normal,1.27,295,Valid
INVT002568,PO002568,P0098,WH008,2026-03-20,12,647,163,496,256,35,9669267.04,Normal,2.44,496,Valid
INVT002569,PO002569,P0233,WH007,2026-04-17,90,852,352,590,59,136,22817400.4,Overstock,10.23,590,Valid
INVT002570,PO002570,P0069,WH008,2025-03-14,797,200,218,779,302,96,34592718.03,Normal,3.83,779,Valid
INVT002571,PO002571,P0164,WH006,2025-11-25,1301,572,459,1414,419,83,122588214.7,Normal,6.8100000000000005,1414,Valid
INVT002572,PO002572,P0185,WH007,2026-05-15,79,960,1269,0,166,111,0.0,Stockout,0.0,0,Valid
INVT002573,PO002573,P0247,WH005,2026-02-07,203,221,135,289,303,118,9025640.51,Reorder,1.24,289,Valid
INVT002574,PO002574,P0166,WH006,2025-12-16,244,429,563,110,209,166,2148889.6,Reorder,0.53,110,Valid
INVT002575,PO002575,P0138,WH009,2025-07-25,158,47,24,181,183,201,11367326.71,Reorder,0.68,181,Valid
INVT002576,PO002576,P0071,WH006,2025-07-17,1167,91,21,1237,368,103,42081193.75,Normal,5.96,1237,Valid
INVT002577,PO002577,P0027,WH005,2026-03-25,1579,881,624,1836,495,214,106691740.9,Normal,7.9,1836,Valid
INVT002578,PO002578,P0119,WH010,2025-06-26,361,834,177,1018,226,66,2294714.52,Normal,3.52,1018,Valid
INVT002579,PO002579,P0109,WH008,2026-06-04,1122,72,104,1090,373,189,69520527.0,Normal,5.36,1090,Valid
INVT002580,PO002580,P0164,WH007,2026-06-15,736,246,53,929,419,83,71063130.38,Normal,16.11,929,Valid
INVT002581,PO002581,P0050,WH005,2026-03-20,596,481,126,951,162,116,40231037.43,Overstock,4.09,951,Valid
INVT002582,PO002582,P0194,WH005,2025-05-04,97,537,179,455,145,42,32441550.05,Normal,1.96,455,Valid
INVT002583,PO002583,P0022,WH005,2025-09-30,1414,834,1121,1127,356,116,76602257.62,Normal,4.85,1127,Valid
INVT002584,PO002584,P0052,WH010,2025-08-04,1463,566,554,1475,402,58,24970496.25,Normal,5.09,1475,Valid
INVT002585,PO002585,P0142,WH009,2026-07-14,851,548,523,876,301,101,49159254.12,Normal,3.27,876,Valid
INVT002586,PO002586,P0217,WH009,2025-05-25,694,75,84,685,394,47,44508354.5,Normal,2.56,685,Valid
INVT002587,PO002587,P0289,WH010,2025-08-28,81,997,824,254,22,220,9791771.12,Overstock,0.88,254,Valid
INVT002588,PO002588,P0266,WH010,2025-06-14,1155,101,1,1255,470,103,97096463.5,Normal,4.33,1255,Valid
INVT002589,PO002589,P0113,WH007,2025-12-15,44,605,137,512,63,183,28664360.96,Overstock,8.88,512,Valid
INVT002590,PO002590,P0266,WH005,2025-10-02,1191,155,187,1159,470,103,84739253.49,Normal,4.99,1159,Valid
INVT002591,PO002591,P0201,WH010,2025-12-18,133,703,537,299,47,245,26185672.5,Overstock,1.03,299,Valid
INVT002592,PO002592,P0197,WH006,2025-04-01,667,998,478,1187,223,17,26910963.67,Overstock,5.72,1187,Valid
INVT002593,PO002593,P0285,WH009,2025-07-02,582,207,302,487,165,178,29955579.41,Normal,1.82,487,Valid
INVT002594,PO002594,P0230,WH007,2025-11-16,696,328,355,669,346,159,36653185.38,Normal,11.6,669,Valid
INVT002595,PO002595,P0245,WH008,2025-03-19,296,669,697,268,190,168,12698882.52,Normal,1.32,268,Valid
INVT002596,PO002596,P0066,WH009,2026-05-29,1467,353,186,1634,379,91,71904529.48,Normal,6.11,1634,Valid
INVT002597,PO002597,P0233,WH006,2026-02-26,220,330,343,207,59,136,7933790.43,Normal,1.0,207,Valid
INVT002598,PO002598,P0063,WH006,2025-01-17,1215,798,435,1578,443,35,53371873.44,Normal,7.6,1578,Valid
INVT002599,PO002599,P0254,WH009,2025-02-11,357,555,728,184,193,239,14510606.16,Reorder,0.6900000000000001,184,Valid
INVT002600,PO002600,P0122,WH010,2026-02-20,620,682,875,427,208,225,20175963.5,Normal,1.47,427,Valid
INVT002601,PO002601,P0009,WH008,2025-06-30,1605,952,1378,1179,435,127,56943153.36,Normal,5.8,1179,Valid
INVT002602,PO002602,P0269,WH009,2025-10-06,514,367,159,722,252,243,60917349.32,Normal,2.7,722,Valid
INVT002603,PO002603,P0291,WH007,2026-07-09,836,750,1095,491,329,249,39999928.75,Normal,8.51,491,Valid
INVT002604,PO002604,P0128,WH006,2025-06-02,966,733,930,769,404,136,26788514.88,Normal,3.7,769,Valid
INVT002605,PO002605,P0265,WH006,2025-04-30,621,501,448,674,167,227,21090491.22,Normal,3.25,674,Valid
INVT002606,PO002606,P0242,WH010,2026-06-30,725,339,298,766,228,88,9584483.08,Normal,2.65,766,Valid
INVT002607,PO002607,P0144,WH007,2026-05-20,145,17,0,162,391,246,8012432.52,Reorder,2.81,162,Valid
INVT002608,PO002608,P0019,WH007,2025-07-14,211,857,20,1048,417,37,50294012.56,Normal,18.17,1048,Valid
INVT002609,PO002609,P0105,WH010,2026-05-10,2,477,367,112,175,213,1263018.4,Reorder,0.39,112,Valid
INVT002610,PO002610,P0042,WH008,2025-01-17,359,674,754,279,131,24,20076873.48,Normal,1.37,279,Valid
INVT002611,PO002611,P0154,WH009,2025-07-17,749,752,531,970,404,23,31960142.0,Normal,3.63,970,Valid
INVT002612,PO002612,P0276,WH005,2025-10-09,1217,358,91,1484,382,193,124375271.7,Normal,6.39,1484,Valid
INVT002613,PO002613,P0092,WH005,2025-11-18,181,622,808,0,369,36,0.0,Stockout,0.0,0,Valid
INVT002614,PO002614,P0005,WH007,2025-07-19,240,872,10,1102,145,104,39773417.06,Overstock,19.11,1102,Valid
INVT002615,PO002615,P0017,WH007,2026-07-05,905,271,317,859,419,65,68060863.53,Normal,14.9,859,Valid
INVT002616,PO002616,P0255,WH010,2026-04-02,333,983,403,913,163,172,47202437.81,Overstock,3.15,913,Valid
INVT002617,PO002617,P0140,WH009,2025-07-19,1105,41,9,1137,462,58,73586583.15,Normal,4.25,1137,Valid
INVT002618,PO002618,P0130,WH006,2025-12-14,499,378,14,863,173,58,23234876.94,Normal,4.16,863,Valid
INVT002619,PO002619,P0005,WH007,2026-01-08,97,484,458,123,145,104,4099485.45,Reorder,2.13,123,Valid
INVT002620,PO002620,P0057,WH010,2025-11-21,50,668,920,0,45,53,0.0,Stockout,0.0,0,Valid
INVT002621,PO002621,P0017,WH005,2026-06-05,507,957,515,949,419,65,64251058.04,Normal,4.08,949,Valid
INVT002622,PO002622,P0079,WH008,2025-07-08,211,91,71,231,63,108,11962048.56,Normal,1.1400000000000001,231,Valid
INVT002623,PO002623,P0210,WH005,2026-03-07,252,170,84,338,136,236,27514660.16,Normal,1.45,338,Valid
INVT002624,PO002624,P0145,WH006,2025-03-18,38,883,301,620,30,79,41136107.2,Overstock,2.99,620,Valid
INVT002625,PO002625,P0160,WH010,2026-02-09,648,610,286,972,173,173,43003573.92,Overstock,3.36,972,Valid
INVT002626,PO002626,P0086,WH008,2026-04-16,984,133,167,950,442,229,40751171.5,Normal,4.67,950,Valid
INVT002627,PO002627,P0078,WH006,2025-04-27,5,915,235,685,89,82,36189666.55,Overstock,3.3,685,Valid
INVT002628,PO002628,P0295,WH007,2026-07-10,86,617,626,77,261,18,5130508.46,Reorder,1.34,77,Valid
INVT002629,PO002629,P0186,WH006,2026-01-14,106,747,750,103,147,34,6228955.9,Reorder,0.5,103,Valid
INVT002630,PO002630,P0144,WH006,2026-07-07,528,116,84,560,391,246,22877954.4,Normal,2.7,560,Valid
INVT002631,PO002631,P0242,WH005,2026-07-15,801,136,135,802,228,88,10310688.44,Normal,3.45,802,Valid
INVT002632,PO002632,P0118,WH009,2025-05-02,885,476,268,1093,460,187,79311697.83,Normal,4.09,1093,Valid
INVT002633,PO002633,P0160,WH005,2025-01-20,484,426,383,527,173,173,25212433.61,Normal,2.27,527,Valid
INVT002634,PO002634,P0091,WH008,2025-01-26,106,397,477,26,382,83,937714.18,Reorder,0.13,26,Valid
INVT002635,PO002635,P0275,WH008,2025-06-25,970,93,35,1028,361,144,41706299.24,Normal,5.05,1028,Valid
INVT002636,PO002636,P0298,WH010,2025-02-22,1121,401,469,1053,432,66,14868654.84,Normal,3.64,1053,Valid
INVT002637,PO002637,P0006,WH007,2025-11-16,721,276,399,598,205,68,46006663.56,Normal,10.37,598,Valid
INVT002638,PO002638,P0112,WH008,2025-05-20,102,918,244,776,439,184,17343638.8,Normal,3.8200000000000003,776,Valid
INVT002639,PO002639,P0007,WH009,2025-12-22,168,67,98,137,194,82,7827138.8,Reorder,0.51,137,Valid
INVT002640,PO002640,P0075,WH008,2026-04-21,57,450,43,464,105,160,11179045.28,Normal,2.2800000000000002,464,Valid
INVT002641,PO002641,P0238,WH010,2026-06-03,193,430,48,575,179,171,27751460.75,Normal,1.99,575,Valid
INVT002642,PO002642,P0078,WH009,2026-02-24,204,401,38,567,89,82,27335665.35,Overstock,2.12,567,Valid
INVT002643,PO002643,P0101,WH008,2026-07-07,120,584,609,95,36,204,4909923.0,Normal,0.47000000000000003,95,Valid
INVT002644,PO002644,P0258,WH010,2025-03-23,1286,142,47,1381,331,246,39730582.83,Normal,4.77,1381,Valid
INVT002645,PO002645,P0023,WH006,2025-07-14,721,641,591,771,301,65,15857681.28,Normal,3.71,771,Valid
INVT002646,PO002646,P0056,WH009,2026-01-24,222,136,27,331,455,211,13308742.08,Reorder,1.24,331,Valid
INVT002647,PO002647,P0300,WH007,2025-05-12,553,416,433,536,213,163,1509043.68,Normal,9.29,536,Valid
INVT002648,PO002648,P0201,WH009,2025-11-02,144,673,772,45,47,245,4023049.5,Reorder,0.17,45,Valid
INVT002649,PO002649,P0264,WH005,2026-05-11,489,738,987,240,126,166,3565886.4,Normal,1.03,240,Valid
INVT002650,PO002650,P0081,WH008,2026-05-31,75,121,84,112,211,168,3244892.0,Reorder,0.55,112,Valid
INVT002651,PO002651,P0116,WH010,2025-06-30,202,187,262,127,51,95,9876063.56,Normal,0.44,127,Valid
INVT002652,PO002652,P0222,WH007,2025-03-02,846,657,823,680,372,47,51167212.0,Normal,11.79,680,Valid
INVT002653,PO002653,P0076,WH005,2026-03-14,1094,196,200,1090,315,60,81680447.1,Normal,4.69,1090,Valid
INVT002654,PO002654,P0073,WH009,2025-07-13,431,968,1163,236,216,72,7300501.88,Normal,0.88,236,Valid
INVT002655,PO002655,P0270,WH006,2025-03-23,1289,427,350,1366,429,112,105579041.6,Normal,6.58,1366,Valid
INVT002656,PO002656,P0101,WH007,2025-05-04,36,912,24,924,36,204,48947911.32,Overstock,16.02,924,Valid
INVT002657,PO002657,P0062,WH010,2026-08-03,534,370,61,843,299,57,54793440.45,Normal,2.91,843,Valid
INVT002658,PO002658,P0274,WH007,2026-03-21,1185,866,918,1133,321,164,101224531.3,Normal,19.65,1133,Valid
INVT002659,PO002659,P0058,WH010,2025-05-12,937,810,324,1423,459,191,11253411.29,Normal,4.92,1423,Valid
INVT002660,PO002660,P0252,WH009,2025-07-08,265,941,55,1151,413,213,1296394.32,Normal,4.3,1151,Valid
INVT002661,PO002661,P0196,WH005,2025-02-18,114,343,439,18,236,215,1314428.76,Reorder,0.08,18,Valid
INVT002662,PO002662,P0081,WH010,2026-02-08,293,213,308,198,211,168,5268201.84,Reorder,0.68,198,Valid
INVT002663,PO002663,P0272,WH010,2025-08-24,294,922,610,606,133,17,42841248.78,Normal,2.09,606,Valid
INVT002664,PO002664,P0046,WH006,2025-08-26,1726,880,1314,1292,486,202,57885243.44,Normal,6.22,1292,Valid
INVT002665,PO002665,P0107,WH008,2026-06-21,423,878,587,714,328,235,22489050.78,Normal,3.51,714,Valid
INVT002666,PO002666,P0113,WH007,2026-02-01,219,671,89,801,63,183,47508303.24,Overstock,13.89,801,Valid
INVT002667,PO002667,P0269,WH005,2026-05-13,262,951,1144,69,252,243,5403314.1,Reorder,0.30000000000000004,69,Valid
INVT002668,PO002668,P0237,WH009,2025-08-31,835,133,49,919,290,24,24834789.49,Normal,3.43,919,Valid
INVT002669,PO002669,P0183,WH008,2025-11-01,739,49,73,715,482,121,47218063.75,Normal,3.52,715,Valid
INVT002670,PO002670,P0118,WH006,2025-05-16,1387,905,299,1993,460,187,156575999.2,Normal,9.6,1993,Valid
INVT002671,PO002671,P0218,WH006,2025-09-20,115,390,308,197,52,176,9318452.63,Normal,0.9500000000000001,197,Valid
INVT002672,PO002672,P0190,WH007,2025-01-24,473,171,150,494,238,85,31049317.78,Normal,8.57,494,Valid
INVT002673,PO002673,P0070,WH009,2026-05-27,564,399,146,817,306,185,61622175.98,Normal,3.05,817,Valid
INVT002674,PO002674,P0255,WH009,2025-10-06,101,629,115,615,163,172,29047975.2,Normal,2.3,615,Valid
INVT002675,PO002675,P0028,WH007,2026-07-27,83,899,912,70,29,232,908838.0,Normal,1.21,70,Valid
INVT002676,PO002676,P0005,WH005,2025-12-29,238,694,1034,0,145,104,0.0,Stockout,0.0,0,Valid
INVT002677,PO002677,P0149,WH008,2026-06-14,1220,91,103,1208,487,100,60569542.8,Normal,5.94,1208,Valid
INVT002678,PO002678,P0279,WH009,2026-06-24,460,592,755,297,138,52,23722533.45,Normal,1.11,297,Valid
INVT002679,PO002679,P0255,WH009,2025-11-23,183,711,690,204,163,172,10825906.68,Normal,0.76,204,Valid
INVT002680,PO002680,P0254,WH008,2025-07-06,255,672,229,698,193,239,50227891.54,Normal,3.43,698,Valid
INVT002681,PO002681,P0127,WH006,2026-02-10,1424,986,894,1516,369,148,106876938.8,Normal,7.3,1516,Valid
INVT002682,PO002682,P0288,WH006,2025-11-28,151,448,606,0,42,71,0.0,Stockout,0.0,0,Valid
INVT002683,PO002683,P0265,WH010,2026-03-29,279,199,277,201,167,227,6057764.13,Normal,0.6900000000000001,201,Valid
INVT002684,PO002684,P0270,WH006,2026-02-12,1610,772,744,1638,429,112,106462874.7,Normal,7.89,1638,Valid
INVT002685,PO002685,P0107,WH005,2025-07-28,1012,296,98,1210,328,235,44050171.0,Normal,5.21,1210,Valid
INVT002686,PO002686,P0083,WH009,2026-01-08,1417,417,270,1564,435,180,78722501.12,Normal,5.85,1564,Valid
INVT002687,PO002687,P0198,WH005,2025-07-15,51,835,1006,0,38,223,0.0,Stockout,0.0,0,Valid
INVT002688,PO002688,P0171,WH010,2025-03-10,1608,608,347,1869,466,114,65361434.46,Normal,6.46,1869,Valid
INVT002689,PO002689,P0250,WH007,2026-03-14,822,218,167,873,485,23,49117555.35,Normal,15.14,873,Valid
INVT002690,PO002690,P0035,WH006,2026-01-25,1429,263,230,1462,489,155,83163472.32,Normal,7.04,1462,Valid
INVT002691,PO002691,P0119,WH006,2025-06-30,364,96,95,365,226,66,942773.1,Normal,1.76,365,Valid
INVT002692,PO002692,P0116,WH006,2025-07-04,94,270,345,19,51,95,1520908.39,Reorder,0.09,19,Valid
INVT002693,PO002693,P0137,WH008,2025-02-18,321,620,547,394,180,28,6624022.56,Normal,1.94,394,Valid
INVT002694,PO002694,P0058,WH007,2026-03-26,1043,932,335,1640,459,191,13384696.0,Normal,28.44,1640,Valid
INVT002695,PO002695,P0227,WH008,2025-02-26,328,852,106,1074,109,237,27689760.6,Overstock,5.28,1074,Valid
INVT002696,PO002696,P0082,WH006,2026-07-31,5,699,21,683,151,103,40942756.01,Normal,3.29,683,Valid
INVT002697,PO002697,P0167,WH006,2025-02-13,370,945,719,596,451,169,10465509.68,Normal,2.87,596,Valid
INVT002698,PO002698,P0229,WH010,2026-04-16,826,681,905,602,220,105,4256651.7,Normal,2.08,602,Valid
INVT002699,PO002699,P0131,WH005,2026-06-28,2,962,1026,0,393,68,0.0,Stockout,0.0,0,Valid
INVT002700,PO002700,P0181,WH010,2025-05-21,115,788,930,0,31,180,0.0,Stockout,0.0,0,Valid
INVT002701,PO002701,P0287,WH005,2026-05-17,163,470,641,0,254,99,0.0,Stockout,0.0,0,Valid
INVT002702,PO002702,P0043,WH006,2025-02-12,486,417,352,551,466,119,11832129.92,Normal,2.65,551,Valid
INVT002703,PO002703,P0084,WH007,2025-01-18,198,667,726,139,239,88,5204329.58,Reorder,2.41,139,Valid
INVT002704,PO002704,P0045,WH005,2025-08-28,1301,143,155,1289,388,79,66473820.23,Normal,5.55,1289,Valid
INVT002705,PO002705,P0081,WH006,2025-02-21,765,12,7,770,211,168,22997566.9,Normal,3.71,770,Valid
INVT002706,PO002706,P0173,WH005,2025-12-29,281,18,17,282,340,55,9498842.88,Reorder,1.21,282,Valid
INVT002707,PO002707,P0269,WH007,2025-05-10,23,491,140,374,252,243,32058229.06,Normal,6.49,374,Valid
INVT002708,PO002708,P0227,WH006,2025-02-18,39,88,105,22,109,237,566949.24,Reorder,0.11,22,Valid
INVT002709,PO002709,P0073,WH010,2026-07-12,111,472,638,0,216,72,0.0,Stockout,0.0,0,Valid
INVT002710,PO002710,P0159,WH006,2025-01-01,677,415,155,937,290,206,28901896.18,Normal,4.51,937,Valid
INVT002711,PO002711,P0214,WH009,2025-09-14,264,22,31,255,124,156,6962999.4,Normal,0.9500000000000001,255,Valid
INVT002712,PO002712,P0153,WH010,2025-08-13,125,97,34,188,441,216,5739329.8,Reorder,0.65,188,Valid
INVT002713,PO002713,P0250,WH006,2026-05-03,1125,575,852,848,485,23,46206103.84,Normal,4.08,848,Valid
INVT002714,PO002714,P0202,WH006,2026-03-06,938,700,232,1406,297,174,45022158.7,Normal,6.77,1406,Valid
INVT002715,PO002715,P0294,WH008,2026-07-26,818,632,287,1163,481,19,56040364.52,Normal,5.72,1163,Valid
INVT002716,PO002716,P0055,WH005,2025-05-07,739,100,64,775,437,63,26072340.75,Normal,3.34,775,Valid
INVT002717,PO002717,P0126,WH005,2025-03-07,729,586,80,1235,226,14,71807494.2,Overstock,5.31,1235,Valid
INVT002718,PO002718,P0298,WH008,2026-05-12,1352,901,1114,1139,432,66,17474868.31,Normal,5.6,1139,Valid
INVT002719,PO002719,P0094,WH009,2025-08-24,846,452,594,704,216,65,20071370.88,Normal,2.63,704,Valid
INVT002720,PO002720,P0271,WH005,2026-03-19,212,804,8,1008,144,210,14658618.24,Overstock,4.34,1008,Valid
INVT002721,PO002721,P0051,WH009,2025-01-28,889,118,151,856,387,133,5014687.68,Normal,3.2,856,Valid
INVT002722,PO002722,P0210,WH009,2025-01-02,489,568,585,472,136,236,37360334.0,Normal,1.76,472,Valid
INVT002723,PO002723,P0202,WH010,2026-03-28,359,69,89,339,297,174,11019635.7,Normal,1.17,339,Valid
INVT002724,PO002724,P0292,WH007,2025-11-05,420,269,16,673,355,98,41733995.24,Normal,11.67,673,Valid
INVT002725,PO002725,P0058,WH009,2025-08-25,1496,502,560,1438,459,191,10147146.34,Normal,5.37,1438,Valid
INVT002726,PO002726,P0176,WH007,2025-09-05,272,787,638,421,174,94,13264758.54,Normal,7.3,421,Valid
INVT002727,PO002727,P0268,WH006,2025-02-05,102,249,292,59,208,247,1357510.94,Reorder,0.28,59,Valid
INVT002728,PO002728,P0276,WH008,2025-08-04,1308,945,1264,989,382,193,76553812.03,Normal,4.86,989,Valid
INVT002729,PO002729,P0246,WH008,2026-06-24,555,89,124,520,213,207,35243894.4,Normal,2.56,520,Valid
INVT002730,PO002730,P0003,WH010,2026-07-29,842,924,364,1402,234,143,101020843.6,Overstock,4.84,1402,Valid
INVT002731,PO002731,P0172,WH008,2025-05-25,394,651,729,316,170,34,128814.24,Normal,1.55,316,Valid
INVT002732,PO002732,P0295,WH007,2025-06-13,503,176,170,509,261,18,31559287.77,Normal,8.83,509,Valid
INVT002733,PO002733,P0125,WH005,2025-03-16,493,876,1191,178,177,14,2030157.64,Normal,0.77,178,Valid
INVT002734,PO002734,P0116,WH009,2025-08-28,59,584,806,0,51,95,0.0,Stockout,0.0,0,Valid
INVT002735,PO002735,P0036,WH010,2025-05-27,1422,858,444,1836,499,189,161622382.3,Normal,6.34,1836,Valid
INVT002736,PO002736,P0205,WH007,2025-02-17,90,937,810,217,480,72,5273356.06,Reorder,3.76,217,Valid
INVT002737,PO002737,P0260,WH010,2026-05-28,101,901,938,64,341,72,1986384.64,Reorder,0.22,64,Valid
INVT002738,PO002738,P0045,WH008,2025-03-31,346,552,443,455,388,79,23374801.45,Normal,2.24,455,Valid
INVT002739,PO002739,P0044,WH007,2025-06-09,228,899,257,870,177,19,48801118.8,Normal,15.09,870,Valid
INVT002740,PO002740,P0019,WH009,2025-05-22,644,994,1186,452,417,37,18909230.16,Normal,1.69,452,Valid
INVT002741,PO002741,P0089,WH010,2025-11-07,1279,639,310,1608,390,162,53430334.56,Normal,5.55,1608,Valid
INVT002742,PO002742,P0223,WH007,2025-03-07,214,754,801,167,362,20,402449.96,Reorder,2.9,167,Valid
INVT002743,PO002743,P0033,WH005,2025-06-20,962,972,1281,653,441,103,29370575.23,Normal,2.81,653,Valid
INVT002744,PO002744,P0094,WH008,2025-11-06,624,724,612,736,216,65,19517608.64,Normal,3.62,736,Valid
INVT002745,PO002745,P0039,WH005,2025-03-06,241,148,219,170,67,207,2581966.8,Normal,0.73,170,Valid
INVT002746,PO002746,P0057,WH010,2025-11-17,97,75,91,81,45,53,3172309.11,Normal,0.28,81,Valid
INVT002747,PO002747,P0178,WH006,2025-03-04,15,118,11,122,46,71,3080930.66,Normal,0.59,122,Valid
INVT002748,PO002748,P0245,WH006,2025-06-06,65,743,1008,0,190,168,0.0,Stockout,0.0,0,Valid
INVT002749,PO002749,P0249,WH007,2026-05-07,1002,995,293,1704,257,96,20409268.08,Overstock,29.55,1704,Valid
INVT002750,PO002750,P0252,WH005,2025-04-19,178,145,105,218,413,213,256354.92,Reorder,0.9400000000000001,218,Valid
INVT002751,PO002751,P0024,WH010,2026-05-23,802,802,889,715,413,147,19677064.55,Normal,2.47,715,Valid
INVT002752,PO002752,P0118,WH008,2025-07-15,919,964,747,1136,460,187,83698991.84,Normal,5.59,1136,Valid
INVT002753,PO002753,P0052,WH010,2026-07-23,1039,146,107,1078,402,58,18482374.68,Normal,3.7199999999999998,1078,Valid
INVT002754,PO002754,P0009,WH005,2026-07-02,1552,705,138,2119,435,127,99667673.56,Normal,9.12,2119,Valid
INVT002755,PO002755,P0130,WH010,2026-07-01,522,641,72,1091,173,58,31288767.18,Overstock,3.77,1091,Valid
INVT002756,PO002756,P0010,WH005,2025-05-21,1462,146,158,1450,380,29,12344589.5,Normal,6.24,1450,Valid
INVT002757,PO002757,P0282,WH005,2026-04-12,295,594,303,586,246,248,26977594.1,Normal,2.52,586,Valid
INVT002758,PO002758,P0042,WH008,2025-05-02,249,819,320,748,131,24,55243188.44,Overstock,3.68,748,Valid
INVT002759,PO002759,P0160,WH005,2025-05-16,533,158,223,468,173,173,21960155.88,Normal,2.01,468,Valid
INVT002760,PO002760,P0167,WH009,2025-03-30,1122,357,166,1313,451,169,22356306.57,Normal,4.91,1313,Valid
INVT002761,PO002761,P0060,WH006,2025-09-28,409,333,323,419,311,48,2174366.98,Normal,2.02,419,Valid
INVT002762,PO002762,P0149,WH007,2025-02-27,500,143,129,514,487,100,25043534.62,Normal,8.91,514,Valid
INVT002763,PO002763,P0066,WH009,2025-05-01,656,278,100,834,379,91,35232947.16,Normal,3.12,834,Valid
INVT002764,PO002764,P0291,WH009,2026-02-12,738,780,551,967,329,249,72122466.91,Normal,3.61,967,Valid
INVT002765,PO002765,P0291,WH009,2026-01-01,1218,769,535,1452,329,249,116426572.7,Normal,5.43,1452,Valid
INVT002766,PO002766,P0009,WH007,2025-03-03,691,785,221,1255,435,127,53615783.7,Normal,21.76,1255,Valid
INVT002767,PO002767,P0280,WH007,2025-07-08,131,712,390,453,269,158,16490327.97,Normal,7.86,453,Valid
INVT002768,PO002768,P0230,WH008,2025-06-20,1059,847,542,1364,346,159,80404376.36,Normal,6.71,1364,Valid
INVT002769,PO002769,P0116,WH010,2025-12-04,175,507,551,131,51,95,10374556.79,Normal,0.45,131,Valid
INVT002770,PO002770,P0245,WH006,2026-07-07,204,618,521,301,190,168,14310352.7,Normal,1.45,301,Valid
INVT002771,PO002771,P0230,WH005,2026-04-27,344,977,1201,120,346,159,6778707.6,Reorder,0.52,120,Valid
INVT002772,PO002772,P0294,WH009,2026-06-08,438,321,22,737,481,19,34141915.61,Normal,2.75,737,Valid
INVT002773,PO002773,P0060,WH007,2026-04-15,758,280,253,785,311,48,3793002.25,Normal,13.61,785,Valid
INVT002774,PO002774,P0104,WH006,2025-09-13,529,862,1182,209,297,48,5481104.42,Reorder,1.01,209,Valid
INVT002775,PO002775,P0150,WH009,2025-10-04,196,739,364,571,80,75,34584767.67,Overstock,2.13,571,Valid
INVT002776,PO002776,P0035,WH009,2025-03-27,247,921,388,780,489,155,42967236.0,Normal,2.92,780,Valid
INVT002777,PO002777,P0111,WH009,2025-03-05,128,932,485,575,40,62,7682494.5,Overstock,2.15,575,Valid
INVT002778,PO002778,P0144,WH005,2025-12-16,191,889,313,767,391,246,32738428.58,Normal,3.3,767,Valid
INVT002779,PO002779,P0251,WH006,2025-10-05,138,354,41,451,184,38,17442298.72,Normal,2.17,451,Valid
INVT002780,PO002780,P0093,WH008,2026-04-25,394,661,760,295,224,216,12624743.3,Normal,1.45,295,Valid
INVT002781,PO002781,P0209,WH010,2025-09-07,453,548,156,845,236,35,71153546.1,Normal,2.92,845,Valid
INVT002782,PO002782,P0063,WH008,2026-06-06,528,460,295,693,443,35,22851730.44,Normal,3.41,693,Valid
INVT002783,PO002783,P0085,WH005,2025-06-11,549,664,755,458,306,81,30404004.82,Normal,1.97,458,Valid
INVT002784,PO002784,P0116,WH010,2025-03-22,10,361,201,170,51,95,12242771.0,Normal,0.59,170,Valid
INVT002785,PO002785,P0292,WH008,2026-05-30,788,63,68,783,355,98,52427542.41,Normal,3.85,783,Valid
INVT002786,PO002786,P0241,WH010,2026-05-05,768,514,178,1104,252,138,28950578.4,Normal,3.81,1104,Valid
INVT002787,PO002787,P0183,WH010,2025-10-18,427,527,192,762,482,121,48723209.64,Normal,2.63,762,Valid
INVT002788,PO002788,P0095,WH005,2025-07-16,68,413,592,0,393,151,0.0,Stockout,0.0,0,Valid
INVT002789,PO002789,P0043,WH006,2025-04-14,1241,935,243,1933,466,119,41752510.05,Normal,9.31,1933,Valid
INVT002790,PO002790,P0120,WH007,2025-12-18,514,455,104,865,236,214,70642854.6,Normal,15.0,865,Valid
INVT002791,PO002791,P0001,WH005,2025-11-23,1118,812,90,1840,364,114,86430945.6,Overstock,7.92,1840,Valid
INVT002792,PO002792,P0271,WH009,2026-01-20,408,207,53,562,144,210,7578789.18,Normal,2.1,562,Valid
INVT002793,PO002793,P0264,WH008,2025-02-20,347,620,313,654,126,166,8491333.26,Overstock,3.22,654,Valid
INVT002794,PO002794,P0257,WH007,2025-12-09,862,310,186,986,336,211,57084312.24,Normal,17.1,986,Valid
INVT002795,PO002795,P0292,WH009,2025-12-09,973,711,125,1559,355,98,102385189.2,Normal,5.83,1559,Valid
INVT002796,PO002796,P0219,WH005,2025-02-12,405,542,321,626,311,33,47288997.78,Normal,2.69,626,Valid
INVT002797,PO002797,P0078,WH010,2025-03-30,260,767,862,165,89,82,8707312.35,Normal,0.5700000000000001,165,Valid
INVT002798,PO002798,P0117,WH008,2025-04-18,837,622,543,916,490,224,50331488.64,Normal,4.5,916,Valid
INVT002799,PO002799,P0022,WH006,2025-08-01,60,267,365,0,356,116,0.0,Stockout,0.0,0,Valid
INVT002800,PO002800,P0026,WH010,2026-05-23,273,448,105,616,171,23,44142498.4,Normal,2.13,616,Valid
INVT002801,PO002801,P0044,WH008,2025-06-05,42,96,84,54,177,19,2637478.8,Reorder,0.27,54,Valid
INVT002802,PO002802,P0149,WH008,2026-06-11,1857,380,153,2084,487,100,99838709.0,Normal,10.25,2084,Valid
INVT002803,PO002803,P0032,WH009,2026-08-03,662,800,990,472,237,188,8945296.8,Normal,1.76,472,Valid
INVT002804,PO002804,P0180,WH007,2025-12-09,984,827,1109,702,306,39,23369200.92,Normal,12.17,702,Valid
INVT002805,PO002805,P0100,WH009,2025-12-12,1065,513,305,1273,311,64,900762.07,Normal,4.76,1273,Valid
INVT002806,PO002806,P0165,WH008,2026-03-23,1667,939,1040,1566,491,224,81315990.72,Normal,7.7,1566,Valid
INVT002807,PO002807,P0252,WH010,2025-04-09,758,623,44,1337,413,213,1440055.96,Normal,4.62,1337,Valid
INVT002808,PO002808,P0184,WH007,2025-07-29,611,745,827,529,157,106,38382885.76,Normal,9.17,529,Valid
INVT002809,PO002809,P0054,WH005,2026-01-06,437,287,262,462,114,156,19861504.74,Normal,1.99,462,Valid
INVT002810,PO002810,P0179,WH006,2025-08-12,15,671,682,4,128,245,26960.2,Reorder,0.02,4,Valid
INVT002811,PO002811,P0263,WH006,2026-06-25,95,405,317,183,72,247,14673424.95,Normal,0.88,183,Valid
INVT002812,PO002812,P0275,WH009,2025-02-26,1314,406,455,1265,361,144,48660742.35,Normal,4.73,1265,Valid
INVT002813,PO002813,P0287,WH006,2026-04-27,891,273,376,788,254,99,55144413.36,Normal,3.8,788,Valid
INVT002814,PO002814,P0278,WH010,2025-03-30,1159,689,221,1627,495,236,29572807.56,Normal,5.62,1627,Valid
INVT002815,PO002815,P0102,WH007,2025-12-27,68,271,259,80,209,117,4016388.0,Reorder,1.3900000000000001,80,Valid
INVT002816,PO002816,P0108,WH006,2025-04-08,99,559,428,230,217,213,10120954.5,Normal,1.11,230,Valid
INVT002817,PO002817,P0094,WH006,2026-03-14,207,850,466,591,216,65,15473585.64,Normal,2.85,591,Valid
INVT002818,PO002818,P0083,WH010,2026-04-29,1411,890,789,1512,435,180,90079894.8,Normal,5.22,1512,Valid
INVT002819,PO002819,P0153,WH007,2025-01-03,1585,313,434,1464,441,216,45520239.84,Normal,25.39,1464,Valid
INVT002820,PO002820,P0175,WH010,2025-09-04,275,60,51,284,455,79,1973802.84,Reorder,0.98,284,Valid
INVT002821,PO002821,P0090,WH006,2026-05-28,14,345,194,165,76,160,12783115.95,Normal,0.79,165,Valid
INVT002822,PO002822,P0198,WH009,2026-07-18,40,735,771,4,38,223,262096.08,Reorder,0.01,4,Valid
INVT002823,PO002823,P0103,WH010,2026-06-12,260,319,455,124,161,185,2971947.68,Reorder,0.43,124,Valid
INVT002824,PO002824,P0243,WH007,2025-09-16,1355,28,14,1369,377,159,1088272.86,Normal,23.74,1369,Valid
INVT002825,PO002825,P0052,WH008,2026-07-09,1503,89,59,1533,402,58,28349585.04,Normal,7.54,1533,Valid
INVT002826,PO002826,P0093,WH010,2026-06-08,134,95,58,171,224,216,7343429.13,Reorder,0.59,171,Valid
INVT002827,PO002827,P0040,WH007,2025-02-13,313,110,48,375,191,99,16662776.25,Normal,6.5,375,Valid
INVT002828,PO002828,P0223,WH009,2025-03-15,1207,544,699,1052,362,20,2495691.16,Normal,3.93,1052,Valid
INVT002829,PO002829,P0229,WH005,2026-03-11,334,56,16,374,220,105,2436419.26,Normal,1.6099999999999999,374,Valid
INVT002830,PO002830,P0214,WH005,2025-06-11,95,596,696,0,124,156,0.0,Stockout,0.0,0,Valid
INVT002831,PO002831,P0232,WH007,2025-09-06,976,324,65,1235,293,69,46006022.4,Normal,21.41,1235,Valid
INVT002832,PO002832,P0188,WH006,2025-09-05,559,578,223,914,324,165,1598458.04,Normal,4.4,914,Valid
INVT002833,PO002833,P0064,WH006,2025-06-08,1980,655,307,2328,499,106,169523400.2,Normal,11.21,2328,Valid
INVT002834,PO002834,P0186,WH007,2026-02-27,354,618,332,640,147,34,45314867.2,Normal,11.1,640,Valid
INVT002835,PO002835,P0035,WH007,2025-07-06,1148,535,82,1601,489,155,95461946.45,Normal,27.76,1601,Valid
INVT002836,PO002836,P0072,WH009,2025-02-25,305,923,583,645,290,216,4246351.05,Normal,2.41,645,Valid
INVT002837,PO002837,P0226,WH009,2026-02-15,688,780,529,939,229,114,8785124.37,Normal,3.51,939,Valid
INVT002838,PO002838,P0172,WH008,2025-10-29,527,251,313,465,170,34,188985.3,Normal,2.29,465,Valid
INVT002839,PO002839,P0185,WH007,2026-05-08,184,622,408,398,166,111,21134627.84,Normal,6.9,398,Valid
INVT002840,PO002840,P0247,WH006,2025-01-21,127,193,224,96,303,118,2836902.72,Reorder,0.46,96,Valid
INVT002841,PO002841,P0191,WH010,2025-04-23,850,872,470,1252,429,204,96137674.56,Normal,4.32,1252,Valid
INVT002842,PO002842,P0221,WH008,2026-02-17,724,38,57,705,187,23,30707706.15,Normal,3.47,705,Valid
INVT002843,PO002843,P0270,WH010,2026-06-08,343,650,400,593,429,112,42239899.98,Normal,2.05,593,Valid
INVT002844,PO002844,P0202,WH009,2026-08-04,910,473,377,1006,297,174,29801864.72,Normal,3.76,1006,Valid
INVT002845,PO002845,P0033,WH008,2026-03-26,1101,275,81,1295,441,103,59850380.45,Normal,6.37,1295,Valid
INVT002846,PO002846,P0221,WH005,2025-09-16,467,763,702,528,187,23,24626543.04,Normal,2.27,528,Valid
INVT002847,PO002847,P0283,WH008,2025-08-12,1245,903,880,1268,321,33,69421579.84,Normal,6.23,1268,Valid
INVT002848,PO002848,P0040,WH005,2026-01-21,184,360,29,515,191,99,21364620.5,Normal,2.22,515,Valid
INVT002849,PO002849,P0238,WH010,2026-01-07,284,873,563,594,179,171,28782584.82,Normal,2.05,594,Valid
INVT002850,PO002850,P0117,WH007,2025-02-16,356,895,1318,0,490,224,0.0,Stockout,0.0,0,Valid
INVT002851,PO002851,P0262,WH005,2026-06-12,27,682,393,316,159,57,21825683.92,Normal,1.3599999999999999,316,Valid
INVT002852,PO002852,P0202,WH010,2026-02-27,372,797,438,731,297,174,23529150.22,Normal,2.52,731,Valid
INVT002853,PO002853,P0051,WH005,2026-05-25,1308,990,238,2060,387,133,11480400.6,Overstock,8.87,2060,Valid
INVT002854,PO002854,P0098,WH010,2025-09-04,484,425,396,513,256,35,9558267.3,Normal,1.77,513,Valid
INVT002855,PO002855,P0260,WH010,2025-02-23,372,942,790,524,341,72,15154268.64,Normal,1.81,524,Valid
INVT002856,PO002856,P0065,WH009,2026-02-10,1204,374,443,1135,390,19,46321937.8,Normal,4.24,1135,Valid
INVT002857,PO002857,P0042,WH005,2025-07-03,279,694,612,361,131,24,24682988.73,Normal,1.55,361,Valid
INVT002858,PO002858,P0260,WH010,2025-07-10,785,279,175,889,341,72,24421647.88,Normal,3.07,889,Valid
INVT002859,PO002859,P0030,WH006,2026-03-12,719,13,6,726,258,168,55069285.26,Normal,3.5,726,Valid
INVT002860,PO002860,P0104,WH006,2025-01-06,686,260,268,678,297,48,15923860.56,Normal,3.27,678,Valid
INVT002861,PO002861,P0154,WH007,2025-07-19,251,612,583,280,404,23,9101618.4,Reorder,4.86,280,Valid
INVT002862,PO002862,P0219,WH006,2025-03-05,366,155,110,411,311,33,32864727.24,Normal,1.98,411,Valid
INVT002863,PO002863,P0167,WH010,2026-03-12,1052,140,57,1135,451,169,18537932.3,Normal,3.92,1135,Valid
INVT002864,PO002864,P0270,WH007,2025-04-20,294,254,240,308,429,112,21876165.08,Reorder,5.34,308,Valid
INVT002865,PO002865,P0056,WH006,2025-02-01,1584,352,18,1918,455,211,86879013.06,Normal,9.24,1918,Valid
INVT002866,PO002866,P0217,WH010,2025-01-31,570,120,80,610,394,47,38421130.6,Normal,2.11,610,Valid
INVT002867,PO002867,P0190,WH008,2026-05-01,186,403,413,176,238,85,12454175.36,Reorder,0.87,176,Valid
INVT002868,PO002868,P0208,WH009,2026-07-28,588,489,213,864,159,116,29949609.6,Overstock,3.23,864,Valid
INVT002869,PO002869,P0183,WH010,2026-05-23,1079,878,505,1452,482,121,87695384.04,Normal,5.02,1452,Valid
INVT002870,PO002870,P0234,WH005,2025-09-06,565,998,690,873,150,113,19091741.76,Overstock,3.76,873,Valid
INVT002871,PO002871,P0279,WH008,2025-06-30,370,859,1177,52,138,52,3718777.4,Reorder,0.26,52,Valid
INVT002872,PO002872,P0015,WH006,2026-06-28,548,587,399,736,340,128,61423880.96,Normal,3.54,736,Valid
INVT002873,PO002873,P0224,WH005,2025-10-28,560,464,17,1007,187,112,32815350.68,Overstock,4.33,1007,Valid
INVT002874,PO002874,P0251,WH007,2026-07-27,716,434,413,737,184,38,25759248.13,Normal,12.78,737,Valid
INVT002875,PO002875,P0037,WH006,2025-11-17,667,460,55,1072,344,50,34761711.84,Normal,5.16,1072,Valid
INVT002876,PO002876,P0200,WH009,2025-09-16,1381,820,55,2146,422,173,189009636.7,Overstock,8.02,2146,Valid
INVT002877,PO002877,P0045,WH005,2025-11-11,1442,68,66,1444,388,79,71699899.48,Normal,6.21,1444,Valid
INVT002878,PO002878,P0005,WH005,2026-07-02,54,527,114,467,145,104,15256941.37,Normal,2.01,467,Valid
INVT002879,PO002879,P0252,WH006,2025-05-30,674,859,561,972,413,213,1010957.76,Normal,4.68,972,Valid
INVT002880,PO002880,P0114,WH006,2025-05-13,86,683,465,304,70,236,19621713.44,Normal,1.46,304,Valid
INVT002881,PO002881,P0106,WH008,2026-01-01,453,538,622,369,213,184,5911464.87,Normal,1.81,369,Valid
INVT002882,PO002882,P0170,WH007,2026-04-30,365,799,484,680,210,177,43590271.2,Normal,11.79,680,Valid
INVT002883,PO002883,P0053,WH010,2025-03-21,131,548,254,425,53,166,15910865.25,Overstock,1.47,425,Valid
INVT002884,PO002884,P0232,WH006,2025-04-07,380,253,119,514,293,69,19184135.08,Normal,2.48,514,Valid
INVT002885,PO002885,P0132,WH007,2025-11-22,1,672,458,215,62,174,6418171.4,Normal,3.73,215,Valid
INVT002886,PO002886,P0298,WH005,2025-05-10,833,723,488,1068,432,66,15646680.6,Normal,4.6,1068,Valid
INVT002887,PO002887,P0019,WH006,2026-05-15,1606,651,892,1365,417,37,59180312.1,Normal,6.57,1365,Valid
INVT002888,PO002888,P0118,WH007,2025-10-03,375,792,77,1090,460,187,82721517.0,Normal,18.9,1090,Valid
INVT002889,PO002889,P0131,WH006,2025-10-01,1103,319,339,1083,393,68,26811235.35,Normal,5.22,1083,Valid
INVT002890,PO002890,P0269,WH006,2026-01-16,92,766,330,528,252,243,44749705.44,Normal,2.54,528,Valid
INVT002891,PO002891,P0039,WH009,2025-11-17,99,756,806,49,67,207,822452.75,Reorder,0.18,49,Valid
INVT002892,PO002892,P0248,WH008,2026-01-11,304,818,97,1025,444,184,78335276.5,Normal,5.04,1025,Valid
INVT002893,PO002893,P0094,WH010,2026-07-21,824,739,421,1142,216,65,31514826.14,Overstock,3.94,1142,Valid
INVT002894,PO002894,P0170,WH005,2025-06-17,276,887,1254,0,210,177,0.0,Stockout,0.0,0,Valid
INVT002895,PO002895,P0061,WH006,2026-01-07,673,587,749,511,232,52,20756104.6,Normal,2.46,511,Valid
INVT002896,PO002896,P0065,WH007,2025-06-27,1081,110,39,1152,390,19,50406912.0,Normal,19.98,1152,Valid
INVT002897,PO002897,P0074,WH007,2025-01-27,3,38,11,30,87,78,1668530.7,Reorder,0.52,30,Valid
INVT002898,PO002898,P0074,WH009,2025-03-31,214,606,221,599,87,78,28362452.33,Overstock,2.24,599,Valid
INVT002899,PO002899,P0091,WH008,2025-12-29,657,701,844,514,382,83,17023577.2,Normal,2.5300000000000002,514,Valid
INVT002900,PO002900,P0087,WH009,2026-06-21,393,145,99,439,237,242,37969276.82,Normal,1.6400000000000001,439,Valid
INVT002901,PO002901,P0005,WH006,2025-02-26,96,252,37,311,145,104,11169736.05,Normal,1.5,311,Valid
INVT002902,PO002902,P0024,WH006,2025-08-21,820,846,1208,458,413,147,13310208.22,Normal,2.21,458,Valid
INVT002903,PO002903,P0120,WH006,2026-05-19,628,512,742,398,236,214,31032227.16,Normal,1.92,398,Valid
INVT002904,PO002904,P0227,WH007,2025-07-10,250,221,307,164,109,237,4275147.08,Normal,2.84,164,Valid
INVT002905,PO002905,P0164,WH009,2025-04-05,1168,473,528,1113,419,83,88662503.79,Normal,4.16,1113,Valid
INVT002906,PO002906,P0226,WH010,2026-02-17,88,200,271,17,229,114,159425.15,Reorder,0.06,17,Valid
INVT002907,PO002907,P0070,WH005,2025-08-04,431,767,608,590,306,185,41544112.5,Normal,2.54,590,Valid
INVT002908,PO002908,P0163,WH009,2025-04-26,289,448,471,266,201,83,14423171.7,Normal,0.99,266,Valid
INVT002909,PO002909,P0053,WH010,2026-05-26,132,397,6,523,53,166,18323676.33,Overstock,1.81,523,Valid
INVT002910,PO002910,P0199,WH007,2026-04-09,769,248,66,951,325,187,54058624.98,Normal,16.49,951,Valid
INVT002911,PO002911,P0058,WH007,2025-02-25,799,106,118,787,459,191,5653713.56,Normal,13.65,787,Valid
INVT002912,PO002912,P0252,WH008,2026-01-16,818,86,113,791,413,213,900830.35,Normal,3.89,791,Valid
INVT002913,PO002913,P0268,WH008,2026-04-25,568,339,86,821,208,247,17267272.0,Normal,4.04,821,Valid
INVT002914,PO002914,P0003,WH007,2025-01-28,229,687,622,294,234,143,23302260.66,Normal,5.1,294,Valid
INVT002915,PO002915,P0250,WH007,2026-06-05,1385,395,22,1758,485,23,100900638.5,Normal,30.48,1758,Valid
INVT002916,PO002916,P0031,WH007,2025-03-04,1257,259,302,1214,378,181,17765930.94,Normal,21.05,1214,Valid
INVT002917,PO002917,P0230,WH007,2026-07-30,526,911,15,1422,346,159,76648231.62,Normal,24.66,1422,Valid
INVT002918,PO002918,P0051,WH009,2026-01-18,1196,562,800,958,387,133,4848083.54,Normal,3.58,958,Valid
INVT002919,PO002919,P0150,WH008,2026-04-03,264,915,300,879,80,75,61350139.02,Overstock,4.32,879,Valid
INVT002920,PO002920,P0242,WH009,2025-01-22,796,803,977,622,228,88,6686792.34,Normal,2.32,622,Valid
INVT002921,PO002921,P0241,WH009,2025-11-23,477,429,407,499,252,138,14324368.85,Normal,1.87,499,Valid
INVT002922,PO002922,P0177,WH008,2026-06-03,1785,870,1167,1488,450,112,86106601.92,Normal,7.32,1488,Valid
INVT002923,PO002923,P0027,WH005,2025-07-27,136,766,1121,0,495,214,0.0,Stockout,0.0,0,Valid
INVT002924,PO002924,P0001,WH010,2025-02-17,579,912,1080,411,364,114,18359028.87,Normal,1.42,411,Valid
INVT002925,PO002925,P0120,WH008,2026-07-04,463,32,45,450,236,214,35515921.5,Normal,2.21,450,Valid
INVT002926,PO002926,P0225,WH010,2025-09-28,754,144,8,890,347,132,59387305.9,Normal,3.07,890,Valid
INVT002927,PO002927,P0149,WH010,2025-11-16,1035,92,51,1076,487,100,55535415.84,Normal,3.7199999999999998,1076,Valid
INVT002928,PO002928,P0108,WH007,2025-02-15,704,843,24,1523,217,213,60101448.42,Overstock,26.41,1523,Valid
INVT002929,PO002929,P0210,WH008,2026-03-22,433,126,159,400,136,236,29855076.0,Normal,1.97,400,Valid
INVT002930,PO002930,P0188,WH006,2026-04-17,33,330,295,68,324,165,125660.6,Reorder,0.33,68,Valid
INVT002931,PO002931,P0140,WH010,2026-03-21,787,768,244,1311,462,58,87234464.4,Normal,4.53,1311,Valid
INVT002932,PO002932,P0016,WH008,2025-01-18,3,751,993,0,38,195,0.0,Stockout,0.0,0,Valid
INVT002933,PO002933,P0265,WH007,2025-04-20,253,757,942,68,167,227,2074237.32,Reorder,1.18,68,Valid
INVT002934,PO002934,P0300,WH005,2026-06-05,125,673,907,0,213,163,0.0,Stockout,0.0,0,Valid
INVT002935,PO002935,P0144,WH005,2026-04-09,172,207,224,155,391,246,7175725.0,Reorder,0.67,155,Valid
INVT002936,PO002936,P0191,WH007,2025-11-11,1106,421,108,1419,429,204,117814532.6,Normal,24.61,1419,Valid
INVT002937,PO002937,P0024,WH008,2025-08-13,409,547,558,398,413,147,10195231.68,Reorder,1.96,398,Valid
INVT002938,PO002938,P0272,WH007,2026-02-02,118,898,1257,0,133,17,0.0,Stockout,0.0,0,Valid
INVT002939,PO002939,P0233,WH006,2026-03-25,208,836,42,1002,59,136,39688478.52,Overstock,4.83,1002,Valid
INVT002940,PO002940,P0204,WH008,2025-05-30,794,807,425,1176,309,156,90534971.52,Normal,5.78,1176,Valid
INVT002941,PO002941,P0297,WH010,2026-03-31,49,846,689,206,364,12,5519411.56,Reorder,0.71,206,Valid
INVT002942,PO002942,P0041,WH005,2025-02-08,776,233,133,876,372,143,29299090.2,Normal,3.77,876,Valid
INVT002943,PO002943,P0021,WH005,2025-08-10,500,804,295,1009,254,131,29751918.86,Normal,4.34,1009,Valid
INVT002944,PO002944,P0044,WH010,2025-04-10,551,482,723,310,177,19,17656105.8,Normal,1.07,310,Valid
INVT002945,PO002945,P0289,WH008,2025-03-11,43,211,153,101,22,220,3357083.45,Normal,0.5,101,Valid
INVT002946,PO002946,P0011,WH010,2025-08-05,457,959,194,1222,348,26,75256430.08,Normal,4.22,1222,Valid
INVT002947,PO002947,P0086,WH010,2025-03-04,1357,268,2,1623,442,229,74698185.48,Normal,5.61,1623,Valid
INVT002948,PO002948,P0091,WH008,2025-03-08,863,642,734,771,382,83,23989456.83,Normal,3.79,771,Valid
INVT002949,PO002949,P0064,WH010,2025-05-23,200,651,740,111,499,106,9217941.72,Reorder,0.38,111,Valid
INVT002950,PO002950,P0206,WH009,2026-05-10,1263,169,213,1219,441,100,95271371.65,Normal,4.5600000000000005,1219,Valid
INVT002951,PO002951,P0097,WH009,2025-05-18,587,881,914,554,197,84,42766428.88,Normal,2.07,554,Valid
INVT002952,PO002952,P0223,WH008,2026-01-04,542,943,249,1236,362,20,2793421.8,Normal,6.08,1236,Valid
INVT002953,PO002953,P0213,WH007,2025-10-03,38,432,612,0,76,205,0.0,Stockout,0.0,0,Valid
INVT002954,PO002954,P0179,WH009,2026-03-01,277,906,720,463,128,245,3615127.15,Normal,1.73,463,Valid
INVT002955,PO002955,P0277,WH007,2025-01-10,102,639,571,170,33,25,13137821.0,Overstock,2.95,170,Valid
INVT002956,PO002956,P0118,WH006,2026-01-12,160,188,187,161,460,187,12260330.32,Reorder,0.78,161,Valid
INVT002957,PO002957,P0289,WH008,2026-02-24,83,371,332,122,22,220,4656842.48,Overstock,0.6000000000000001,122,Valid
INVT002958,PO002958,P0191,WH009,2026-06-07,810,307,107,1010,429,204,75042666.7,Normal,3.77,1010,Valid
INVT002959,PO002959,P0113,WH008,2025-05-04,1,33,41,0,63,183,0.0,Stockout,0.0,0,Valid
INVT002960,PO002960,P0076,WH009,2025-09-10,892,988,1056,824,315,60,61081785.12,Normal,3.08,824,Valid
INVT002961,PO002961,P0122,WH008,2025-11-04,262,794,74,982,208,225,50339175.98,Normal,4.83,982,Valid
INVT002962,PO002962,P0086,WH006,2026-01-26,429,862,503,788,442,229,35130970.6,Normal,3.8,788,Valid
INVT002963,PO002963,P0010,WH005,2026-06-28,999,747,291,1455,380,29,12882919.2,Normal,6.26,1455,Valid
INVT002964,PO002964,P0188,WH006,2025-10-21,180,693,461,412,324,165,869682.56,Normal,1.98,412,Valid
INVT002965,PO002965,P0242,WH005,2025-12-12,447,603,6,1044,228,88,11590227.0,Normal,4.49,1044,Valid
INVT002966,PO002966,P0193,WH006,2025-12-20,1527,278,256,1549,470,163,41816044.99,Normal,7.46,1549,Valid
INVT002967,PO002967,P0123,WH010,2026-06-20,89,476,333,232,308,180,10720733.92,Reorder,0.8,232,Valid
INVT002968,PO002968,P0065,WH007,2025-03-31,256,266,283,239,390,19,10322204.46,Reorder,4.14,239,Valid
INVT002969,PO002969,P0028,WH005,2026-04-19,12,284,240,56,29,232,835540.16,Normal,0.24,56,Valid
INVT002970,PO002970,P0234,WH010,2025-08-29,152,904,1181,0,150,113,0.0,Stockout,0.0,0,Valid
INVT002971,PO002971,P0136,WH010,2025-09-11,1163,897,723,1337,441,74,52115992.6,Normal,4.62,1337,Valid
INVT002972,PO002972,P0109,WH010,2026-04-24,970,363,113,1220,373,189,74764406.0,Normal,4.21,1220,Valid
INVT002973,PO002973,P0282,WH006,2025-04-07,658,637,612,683,246,248,26871740.27,Normal,3.29,683,Valid
INVT002974,PO002974,P0216,WH006,2025-07-10,815,709,1044,480,430,35,22811880.0,Normal,2.31,480,Valid
INVT002975,PO002975,P0025,WH007,2025-03-15,1609,619,158,2070,417,19,27214186.5,Normal,35.89,2070,Valid
INVT002976,PO002976,P0126,WH010,2026-03-27,37,508,521,24,226,14,1434093.36,Reorder,0.08,24,Valid
INVT002977,PO002977,P0065,WH007,2025-08-17,1350,232,28,1554,390,19,63435336.72,Normal,26.95,1554,Valid
INVT002978,PO002978,P0090,WH006,2025-11-10,274,758,519,513,76,160,42353695.53,Overstock,2.47,513,Valid
INVT002979,PO002979,P0292,WH010,2026-01-13,1002,195,278,919,355,98,55397071.87,Normal,3.17,919,Valid
INVT002980,PO002980,P0138,WH009,2025-11-22,392,580,574,398,183,201,24281402.9,Normal,1.49,398,Valid
INVT002981,PO002981,P0292,WH006,2025-08-05,1154,593,127,1620,355,98,97861964.4,Normal,7.8,1620,Valid
INVT002982,PO002982,P0004,WH009,2026-01-08,350,237,33,554,310,85,37936163.82,Normal,2.07,554,Valid
INVT002983,PO002983,P0057,WH005,2026-01-12,37,209,291,0,45,53,0.0,Stockout,0.0,0,Valid
INVT002984,PO002984,P0051,WH008,2025-01-24,1145,287,99,1333,387,133,7602338.94,Normal,6.55,1333,Valid
INVT002985,PO002985,P0223,WH007,2026-04-02,201,426,601,26,362,20,59900.1,Reorder,0.45,26,Valid
INVT002986,PO002986,P0151,WH010,2026-05-05,1202,797,970,1029,390,115,6722395.26,Normal,3.55,1029,Valid
INVT002987,PO002987,P0202,WH006,2025-12-29,988,178,189,977,297,174,27896066.06,Normal,4.71,977,Valid
INVT002988,PO002988,P0209,WH007,2025-12-15,436,308,137,607,236,35,52470743.18,Normal,10.53,607,Valid
INVT002989,PO002989,P0119,WH006,2025-01-17,206,967,1104,69,226,66,162400.47,Reorder,0.33,69,Valid
INVT002990,PO002990,P0225,WH009,2025-12-28,1126,430,259,1297,347,132,98318319.77,Normal,4.85,1297,Valid
INVT002991,PO002991,P0147,WH010,2025-12-22,817,276,386,707,335,66,56539398.02,Normal,2.44,707,Valid
INVT002992,PO002992,P0074,WH006,2025-04-19,123,802,303,622,87,78,33345650.14,Overstock,3.0,622,Valid
INVT002993,PO002993,P0239,WH009,2025-04-27,623,421,508,536,338,96,28576041.36,Normal,2.0,536,Valid
INVT002994,PO002994,P0255,WH007,2025-09-10,366,719,526,559,163,172,29603303.99,Normal,9.69,559,Valid
INVT002995,PO002995,P0292,WH010,2026-05-05,568,897,788,677,355,98,39909386.95,Normal,2.34,677,Valid
INVT002996,PO002996,P0007,WH006,2025-12-13,487,713,369,831,194,82,48898350.18,Normal,4.0,831,Valid
INVT002997,PO002997,P0245,WH010,2025-06-15,40,189,95,134,190,168,6498348.76,Reorder,0.46,134,Valid
INVT002998,PO002998,P0181,WH005,2025-10-29,116,302,286,132,31,180,436963.56,Normal,0.5700000000000001,132,Valid
INVT002999,PO002999,P0098,WH008,2025-04-10,54,384,91,347,256,35,6667025.51,Normal,1.71,347,Valid
INVT003000,PO003000,P0112,WH010,2025-06-03,565,407,244,728,439,184,15793144.64,Normal,2.51,728,Valid
INVT003001,PO003001,P0237,WH008,2025-10-28,609,444,185,868,290,24,22306506.32,Normal,4.27,868,Valid
INVT003002,PO003002,P0130,WH006,2025-04-08,301,76,54,323,173,58,8600075.26,Normal,1.56,323,Valid
INVT003003,PO003003,P0009,WH007,2025-01-08,888,24,13,899,435,127,36603836.83,Normal,15.59,899,Valid
INVT003004,PO003004,P0102,WH007,2026-01-13,398,769,321,846,209,117,44444288.52,Normal,14.67,846,Valid
INVT003005,PO003005,P0181,WH007,2026-02-26,21,458,364,115,31,180,374591.8,Normal,1.99,115,Valid
INVT003006,PO003006,P0234,WH006,2025-10-21,581,218,124,675,150,113,15935676.75,Normal,3.25,675,Valid
INVT003007,PO003007,P0196,WH005,2026-03-25,678,718,992,404,236,215,26036422.36,Normal,1.74,404,Valid
INVT003008,PO003008,P0168,WH007,2025-04-23,567,179,176,570,156,80,46380729.0,Normal,9.88,570,Valid
INVT003009,PO003009,P0052,WH010,2025-03-21,723,49,49,723,402,58,12133660.74,Normal,2.5,723,Valid
INVT003010,PO003010,P0166,WH008,2025-05-26,331,23,8,346,209,166,6535061.16,Normal,1.7000000000000002,346,Valid
INVT003011,PO003011,P0154,WH008,2026-01-31,316,527,710,133,404,23,4414191.53,Reorder,0.65,133,Valid
INVT003012,PO003012,P0071,WH009,2026-03-05,1122,987,729,1380,368,103,47552136.6,Normal,5.16,1380,Valid
INVT003013,PO003013,P0187,WH009,2026-03-09,48,248,182,114,114,24,4160182.62,Normal,0.43,114,Valid
INVT003014,PO003014,P0110,WH005,2025-12-24,485,332,184,633,228,116,12477537.75,Normal,2.7199999999999998,633,Valid
INVT003015,PO003015,P0192,WH005,2025-09-26,549,277,368,458,215,162,19675858.62,Normal,1.97,458,Valid
INVT003016,PO003016,P0139,WH008,2025-07-13,112,850,693,269,42,232,18969320.48,Overstock,1.32,269,Valid
INVT003017,PO003017,P0059,WH007,2026-01-06,700,352,84,968,460,48,55980824.24,Normal,16.79,968,Valid
INVT003018,PO003018,P0198,WH007,2026-03-22,133,139,184,88,38,223,6655439.12,Normal,1.53,88,Valid
INVT003019,PO003019,P0166,WH007,2025-07-30,477,533,648,362,209,166,7137369.38,Normal,6.28,362,Valid
INVT003020,PO003020,P0120,WH007,2025-07-08,804,236,92,948,236,214,76254721.56,Normal,16.44,948,Valid
INVT003021,PO003021,P0250,WH006,2025-04-17,1757,325,294,1788,485,23,114133582.8,Normal,8.61,1788,Valid
INVT003022,PO003022,P0137,WH008,2025-09-01,5,415,197,223,180,28,3672294.87,Normal,1.1,223,Valid
INVT003023,PO003023,P0102,WH007,2026-02-06,253,601,158,696,209,117,39583942.08,Normal,12.07,696,Valid
INVT003024,PO003024,P0029,WH010,2026-05-22,180,359,163,376,236,45,21232069.52,Normal,1.3,376,Valid
INVT003025,PO003025,P0206,WH009,2025-01-17,62,656,339,379,441,100,30714250.96,Reorder,1.42,379,Valid
INVT003026,PO003026,P0091,WH009,2025-08-26,769,698,254,1213,382,83,43274090.38,Normal,4.53,1213,Valid
INVT003027,PO003027,P0095,WH006,2026-04-17,457,839,1129,167,393,151,4056286.38,Reorder,0.8,167,Valid
INVT003028,PO003028,P0245,WH007,2026-02-09,436,371,426,381,190,168,17824311.57,Normal,6.61,381,Valid
INVT003029,PO003029,P0011,WH010,2026-04-07,156,719,51,824,348,26,49316647.2,Normal,2.85,824,Valid
INVT003030,PO003030,P0225,WH009,2025-06-24,1253,248,50,1451,347,132,106464135.9,Normal,5.42,1451,Valid
INVT003031,PO003031,P0292,WH006,2025-07-15,430,974,1193,211,355,98,12696557.86,Reorder,1.02,211,Valid
INVT003032,PO003032,P0158,WH010,2026-02-19,1137,372,386,1123,298,222,37144437.84,Normal,3.88,1123,Valid
INVT003033,PO003033,P0214,WH006,2026-06-14,105,697,578,224,124,156,5782958.72,Normal,1.08,224,Valid
INVT003034,PO003034,P0227,WH010,2025-09-02,203,220,25,398,109,237,11823270.58,Normal,1.37,398,Valid
INVT003035,PO003035,P0013,WH005,2025-03-31,1618,407,30,1995,440,231,33671749.65,Normal,8.59,1995,Valid
INVT003036,PO003036,P0247,WH009,2025-08-24,1014,858,1047,825,303,118,24652270.5,Normal,3.08,825,Valid
INVT003037,PO003037,P0230,WH006,2025-09-11,327,60,85,302,346,159,15034786.12,Reorder,1.45,302,Valid
INVT003038,PO003038,P0036,WH008,2025-06-10,1301,14,8,1307,499,189,102101206.3,Normal,6.43,1307,Valid
INVT003039,PO003039,P0104,WH007,2026-03-30,178,682,974,0,297,48,0.0,Stockout,0.0,0,Valid
INVT003040,PO003040,P0072,WH008,2025-07-12,884,634,89,1429,290,216,9095170.59,Normal,7.03,1429,Valid
INVT003041,PO003041,P0059,WH005,2025-04-09,77,209,26,260,460,48,16828598.8,Reorder,1.12,260,Valid
INVT003042,PO003042,P0257,WH006,2026-02-16,1000,424,586,838,336,211,56635115.46,Normal,4.04,838,Valid
INVT003043,PO003043,P0152,WH008,2026-06-19,338,787,336,789,360,101,22917270.33,Normal,3.88,789,Valid
INVT003044,PO003044,P0103,WH010,2025-05-31,464,408,314,558,161,185,11564650.44,Normal,1.9300000000000002,558,Valid
INVT003045,PO003045,P0083,WH005,2026-04-29,1523,855,31,2347,435,180,132459727.8,Overstock,10.1,2347,Valid
INVT003046,PO003046,P0160,WH006,2025-12-09,17,412,140,289,173,173,12398261.84,Normal,1.3900000000000001,289,Valid
INVT003047,PO003047,P0116,WH008,2025-08-04,81,176,21,236,51,95,17822085.16,Normal,1.16,236,Valid
INVT003048,PO003048,P0060,WH007,2025-07-26,796,799,430,1165,311,48,5722911.05,Normal,20.2,1165,Valid
INVT003049,PO003049,P0266,WH008,2026-05-05,277,522,320,479,470,103,34765364.95,Normal,2.36,479,Valid
INVT003050,PO003050,P0016,WH005,2025-02-07,58,218,213,63,38,195,5548389.21,Normal,0.27,63,Valid
INVT003051,PO003051,P0149,WH006,2026-06-09,394,433,546,281,487,100,14009004.91,Reorder,1.35,281,Valid
INVT003052,PO003052,P0234,WH008,2025-04-01,70,661,631,100,150,113,2484299.0,Reorder,0.49,100,Valid
INVT003053,PO003053,P0287,WH009,2025-04-13,1015,935,1382,568,254,99,45597154.24,Normal,2.12,568,Valid
INVT003054,PO003054,P0083,WH008,2026-04-21,787,670,194,1263,435,180,64884818.91,Normal,6.21,1263,Valid
INVT003055,PO003055,P0036,WH009,2025-09-16,826,46,63,809,499,189,67320481.96,Normal,3.02,809,Valid
INVT003056,PO003056,P0292,WH007,2025-03-02,303,297,190,410,355,98,24580381.5,Normal,7.11,410,Valid
INVT003057,PO003057,P0270,WH008,2025-12-22,1343,154,91,1406,429,112,108002972.6,Normal,6.91,1406,Valid
INVT003058,PO003058,P0161,WH009,2026-05-18,5,520,129,396,40,242,20054671.56,Overstock,1.48,396,Valid
INVT003059,PO003059,P0141,WH006,2026-05-04,464,460,92,832,230,103,20735295.36,Normal,4.01,832,Valid
INVT003060,PO003060,P0280,WH008,2026-06-01,663,967,852,778,269,158,27715300.84,Normal,3.83,778,Valid
INVT003061,PO003061,P0258,WH008,2025-06-19,711,33,16,728,331,246,20762276.08,Normal,3.58,728,Valid
INVT003062,PO003062,P0252,WH010,2025-09-15,365,857,408,814,413,213,879282.8,Normal,2.81,814,Valid
INVT003063,PO003063,P0106,WH008,2025-01-05,737,444,109,1072,213,184,18147459.2,Overstock,5.27,1072,Valid
INVT003064,PO003064,P0128,WH010,2026-02-24,137,594,575,156,404,136,5094323.52,Reorder,0.54,156,Valid
INVT003065,PO003065,P0181,WH007,2025-07-03,24,28,27,25,31,180,75956.25,Reorder,0.43,25,Valid
INVT003066,PO003066,P0229,WH007,2025-01-26,88,360,295,153,220,105,1051801.56,Reorder,2.65,153,Valid
INVT003067,PO003067,P0079,WH008,2025-02-06,128,862,1252,0,63,108,0.0,Stockout,0.0,0,Valid
INVT003068,PO003068,P0133,WH009,2026-03-31,140,912,1028,24,118,125,1689690.72,Reorder,0.09,24,Valid
INVT003069,PO003069,P0218,WH006,2025-04-06,95,917,552,460,52,176,23328568.8,Overstock,2.22,460,Valid
INVT003070,PO003070,P0186,WH005,2026-06-06,5,731,731,5,147,34,303190.8,Reorder,0.02,5,Valid
INVT003071,PO003071,P0197,WH009,2025-11-01,859,350,134,1075,223,17,23645775.25,Normal,4.02,1075,Valid
INVT003072,PO003072,P0199,WH008,2025-03-01,1175,324,427,1072,325,187,64204663.52,Normal,5.27,1072,Valid
INVT003073,PO003073,P0090,WH005,2025-12-11,31,307,272,66,76,160,4863233.76,Reorder,0.28,66,Valid
INVT003074,PO003074,P0192,WH007,2025-05-02,806,650,974,482,215,162,22154137.08,Normal,8.36,482,Valid
INVT003075,PO003075,P0047,WH010,2025-12-17,290,239,264,265,224,237,22752115.6,Normal,0.92,265,Valid
INVT003076,PO003076,P0094,WH006,2026-05-21,796,477,161,1112,216,65,26729055.04,Overstock,5.36,1112,Valid
INVT003077,PO003077,P0008,WH005,2026-01-15,79,690,728,41,81,100,2548769.92,Reorder,0.18,41,Valid
INVT003078,PO003078,P0205,WH008,2025-02-26,1588,713,45,2256,480,72,54593801.28,Normal,11.09,2256,Valid
INVT003079,PO003079,P0152,WH007,2025-10-31,1117,823,901,1039,360,101,29815829.74,Normal,18.02,1039,Valid
INVT003080,PO003080,P0237,WH008,2025-12-06,679,250,375,554,290,24,15226845.12,Normal,2.7199999999999998,554,Valid
INVT003081,PO003081,P0244,WH005,2025-11-14,158,356,516,0,54,42,0.0,Stockout,0.0,0,Valid
INVT003082,PO003082,P0062,WH010,2026-08-04,239,915,912,242,299,57,15319427.64,Reorder,0.84,242,Valid
INVT003083,PO003083,P0143,WH010,2025-07-15,26,342,414,0,36,230,0.0,Stockout,0.0,0,Valid
INVT003084,PO003084,P0085,WH010,2026-03-09,561,354,426,489,306,81,31776789.69,Normal,1.69,489,Valid
INVT003085,PO003085,P0012,WH007,2026-08-03,196,923,1289,0,307,35,0.0,Stockout,0.0,0,Valid
INVT003086,PO003086,P0276,WH006,2026-05-26,3,426,125,304,382,193,23104936.32,Reorder,1.46,304,Valid
INVT003087,PO003087,P0264,WH007,2025-11-29,494,207,132,569,126,166,7418883.74,Normal,9.87,569,Valid
INVT003088,PO003088,P0134,WH008,2025-10-11,66,825,711,180,245,14,2829567.6,Reorder,0.89,180,Valid
INVT003089,PO003089,P0210,WH009,2026-06-25,250,596,188,658,136,236,45181168.62,Normal,2.46,658,Valid
INVT003090,PO003090,P0263,WH007,2025-03-08,256,31,2,285,72,247,22665494.25,Normal,4.94,285,Valid
INVT003091,PO003091,P0120,WH008,2025-10-07,459,114,147,426,236,214,35670304.86,Normal,2.09,426,Valid
INVT003092,PO003092,P0234,WH007,2025-10-24,321,540,384,477,150,113,10423618.65,Normal,8.27,477,Valid
INVT003093,PO003093,P0218,WH009,2026-06-21,181,522,233,470,52,176,21922506.1,Overstock,1.76,470,Valid
INVT003094,PO003094,P0111,WH010,2025-10-01,19,392,153,258,40,62,3291435.0,Overstock,0.89,258,Valid
INVT003095,PO003095,P0117,WH005,2025-10-12,1467,452,505,1414,490,224,67913373.64,Normal,6.09,1414,Valid
INVT003096,PO003096,P0150,WH010,2025-04-05,27,939,1182,0,80,75,0.0,Stockout,0.0,0,Valid
INVT003097,PO003097,P0195,WH005,2025-07-29,54,514,441,127,97,205,7833752.43,Normal,0.55,127,Valid
INVT003098,PO003098,P0140,WH010,2026-07-29,1011,430,41,1400,462,58,97167196.0,Normal,4.84,1400,Valid
INVT003099,PO003099,P0013,WH006,2025-06-06,1572,812,907,1477,440,231,21626101.07,Normal,7.11,1477,Valid
INVT003100,PO003100,P0147,WH009,2026-07-26,1267,910,252,1925,335,66,142563940.8,Overstock,7.19,1925,Valid
INVT003101,PO003101,P0066,WH010,2025-09-25,955,570,351,1174,379,91,56580225.6,Normal,4.06,1174,Valid
INVT003102,PO003102,P0191,WH007,2026-06-30,1031,321,57,1295,429,204,108490684.1,Normal,22.46,1295,Valid
INVT003103,PO003103,P0053,WH009,2026-01-05,51,439,382,108,53,166,3745037.16,Normal,0.4,108,Valid
INVT003104,PO003104,P0112,WH009,2025-05-12,827,771,761,837,439,184,18776111.31,Normal,3.13,837,Valid
INVT003105,PO003105,P0207,WH009,2025-03-12,105,840,624,321,32,142,11127795.63,Overstock,1.2,321,Valid
INVT003106,PO003106,P0009,WH005,2025-06-30,460,447,636,271,435,127,13094009.98,Reorder,1.17,271,Valid
INVT003107,PO003107,P0005,WH010,2025-01-15,343,524,200,667,145,104,21908495.44,Normal,2.3,667,Valid
INVT003108,PO003108,P0248,WH007,2026-01-04,192,751,173,770,444,184,66068102.1,Normal,13.35,770,Valid
INVT003109,PO003109,P0147,WH006,2025-08-04,1311,652,555,1408,335,66,107869189.1,Normal,6.78,1408,Valid
INVT003110,PO003110,P0240,WH005,2025-04-02,1206,300,235,1271,378,29,98441580.97,Normal,5.47,1271,Valid
INVT003111,PO003111,P0022,WH007,2026-03-01,1377,699,468,1608,356,116,105389204.4,Normal,27.88,1608,Valid
INVT003112,PO003112,P0121,WH010,2026-02-01,67,898,511,454,119,200,8269183.24,Normal,1.57,454,Valid
INVT003113,PO003113,P0240,WH008,2025-12-19,1361,229,5,1585,378,29,137322862.6,Normal,7.79,1585,Valid
INVT003114,PO003114,P0001,WH009,2025-08-10,1250,705,27,1928,364,114,92249517.28,Overstock,7.21,1928,Valid
INVT003115,PO003115,P0097,WH009,2026-04-19,239,722,284,677,197,84,46557256.15,Normal,2.5300000000000002,677,Valid
INVT003116,PO003116,P0283,WH008,2026-02-12,966,945,164,1747,321,33,88468149.88,Overstock,8.59,1747,Valid
INVT003117,PO003117,P0095,WH006,2025-07-15,1515,586,664,1437,393,151,40360472.94,Normal,6.92,1437,Valid
INVT003118,PO003118,P0104,WH009,2026-02-26,186,857,457,586,297,48,13592949.76,Normal,2.19,586,Valid
INVT003119,PO003119,P0145,WH008,2026-05-27,99,885,471,513,30,79,32663607.75,Overstock,2.52,513,Valid
INVT003120,PO003120,P0072,WH005,2026-04-25,725,798,848,675,290,216,4722576.75,Normal,2.9,675,Valid
INVT003121,PO003121,P0100,WH005,2025-02-21,436,368,246,558,311,64,430084.08,Normal,2.4,558,Valid
INVT003122,PO003122,P0018,WH006,2025-07-13,112,125,85,152,357,159,4448322.56,Reorder,0.73,152,Valid
INVT003123,PO003123,P0120,WH008,2025-12-29,841,976,423,1394,236,214,101118557.5,Overstock,6.85,1394,Valid
INVT003124,PO003124,P0140,WH005,2025-01-20,1469,305,425,1349,462,58,87101651.93,Normal,5.8100000000000005,1349,Valid
INVT003125,PO003125,P0163,WH006,2026-04-08,629,874,106,1397,201,83,74999286.12,Overstock,6.73,1397,Valid
INVT003126,PO003126,P0293,WH006,2025-08-15,399,413,191,621,212,211,26612495.46,Normal,2.99,621,Valid
INVT003127,PO003127,P0121,WH008,2025-03-17,463,221,284,400,119,200,6502728.0,Normal,1.97,400,Valid
INVT003128,PO003128,P0143,WH008,2025-05-04,87,371,28,430,36,230,36189178.4,Overstock,2.11,430,Valid
INVT003129,PO003129,P0097,WH009,2025-11-26,479,659,421,717,197,84,50504239.59,Normal,2.68,717,Valid
INVT003130,PO003130,P0109,WH006,2025-03-28,525,562,673,414,373,189,23987118.6,Normal,1.99,414,Valid
INVT003131,PO003131,P0140,WH006,2026-04-12,1320,663,931,1052,462,58,63135748.44,Normal,5.07,1052,Valid
INVT003132,PO003132,P0115,WH009,2025-05-10,288,324,258,354,150,154,10280152.92,Normal,1.32,354,Valid
INVT003133,PO003133,P0146,WH008,2026-06-21,191,663,71,783,52,166,49412506.95,Overstock,3.85,783,Valid
INVT003134,PO003134,P0057,WH006,2025-06-04,110,757,734,133,45,53,5082818.44,Normal,0.64,133,Valid
INVT003135,PO003135,P0297,WH009,2025-03-24,603,229,240,592,364,12,15601195.04,Normal,2.21,592,Valid
INVT003136,PO003136,P0144,WH010,2025-01-24,686,420,225,881,391,246,36804189.07,Normal,3.04,881,Valid
INVT003137,PO003137,P0220,WH005,2025-01-27,19,653,82,590,30,160,54048484.0,Overstock,2.54,590,Valid
INVT003138,PO003138,P0151,WH008,2025-04-06,985,64,52,997,390,115,6886019.78,Normal,4.9,997,Valid
INVT003139,PO003139,P0144,WH008,2025-06-25,1293,209,150,1352,391,246,54892984.64,Normal,6.65,1352,Valid
INVT003140,PO003140,P0245,WH006,2026-01-28,356,660,517,499,190,168,26823350.79,Normal,2.4,499,Valid
INVT003141,PO003141,P0165,WH010,2026-03-05,146,765,255,656,491,224,31947619.84,Normal,2.27,656,Valid
INVT003142,PO003142,P0232,WH007,2025-05-25,257,356,4,609,293,69,21419364.33,Normal,10.56,609,Valid
INVT003143,PO003143,P0103,WH008,2025-09-24,402,10,0,412,161,185,8531708.36,Normal,2.03,412,Valid
INVT003144,PO003144,P0075,WH009,2025-04-13,48,435,340,143,105,160,3385577.91,Normal,0.53,143,Valid
INVT003145,PO003145,P0218,WH007,2025-02-06,69,464,255,278,52,176,12184053.34,Overstock,4.82,278,Valid
INVT003146,PO003146,P0023,WH008,2025-11-17,140,980,756,364,301,65,6494830.16,Normal,1.79,364,Valid
INVT003147,PO003147,P0068,WH006,2025-07-17,53,939,670,322,409,202,1759910.32,Reorder,1.55,322,Valid
INVT003148,PO003148,P0265,WH008,2025-09-09,62,523,646,0,167,227,0.0,Stockout,0.0,0,Valid
INVT003149,PO003149,P0158,WH010,2025-08-01,514,253,15,752,298,222,25403515.04,Normal,2.6,752,Valid
INVT003150,PO003150,P0048,WH008,2025-08-28,860,574,392,1042,370,99,77266602.82,Normal,5.12,1042,Valid
INVT003151,PO003151,P0081,WH010,2025-11-16,474,933,363,1044,211,168,28682407.08,Normal,3.61,1044,Valid
INVT003152,PO003152,P0106,WH008,2026-07-09,738,976,655,1059,213,184,17182306.77,Normal,5.21,1059,Valid
INVT003153,PO003153,P0236,WH005,2026-07-31,845,23,22,846,480,237,55956343.5,Normal,3.64,846,Valid
INVT003154,PO003154,P0240,WH005,2025-12-02,1267,604,290,1581,378,29,134022587.4,Normal,6.8,1581,Valid
INVT003155,PO003155,P0053,WH010,2026-04-06,3,869,186,686,53,166,24966277.14,Overstock,2.37,686,Valid
INVT003156,PO003156,P0001,WH008,2025-07-24,857,612,343,1126,364,114,47384298.22,Normal,5.54,1126,Valid
INVT003157,PO003157,P0017,WH008,2026-05-01,206,460,654,12,419,65,950164.32,Reorder,0.06,12,Valid
INVT003158,PO003158,P0294,WH005,2025-03-16,360,544,666,238,481,19,10915762.9,Reorder,1.02,238,Valid
INVT003159,PO003159,P0151,WH005,2025-04-11,818,131,178,771,390,115,4717718.16,Normal,3.32,771,Valid
INVT003160,PO003160,P0064,WH007,2025-09-09,180,452,162,470,499,106,36403530.4,Reorder,8.15,470,Valid
INVT003161,PO003161,P0277,WH010,2026-01-13,88,658,873,0,33,25,0.0,Stockout,0.0,0,Valid
INVT003162,PO003162,P0088,WH008,2026-05-28,931,234,85,1080,384,57,25491790.8,Normal,5.31,1080,Valid
INVT003163,PO003163,P0041,WH006,2025-08-05,1095,198,259,1034,372,143,35284050.56,Normal,4.98,1034,Valid
INVT003164,PO003164,P0234,WH009,2025-04-30,569,923,558,934,150,113,21794124.12,Overstock,3.49,934,Valid
INVT003165,PO003165,P0019,WH009,2026-06-30,369,151,169,351,417,37,15641033.85,Reorder,1.31,351,Valid
INVT003166,PO003166,P0028,WH009,2025-03-21,94,196,239,51,29,232,723921.54,Normal,0.19,51,Valid
INVT003167,PO003167,P0122,WH010,2025-11-22,698,23,31,690,208,225,31428271.8,Normal,2.38,690,Valid
INVT003168,PO003168,P0127,WH007,2025-02-25,1129,355,125,1359,369,148,91422824.67,Normal,23.57,1359,Valid
INVT003169,PO003169,P0292,WH008,2025-07-28,1187,470,400,1257,355,98,74906980.59,Normal,6.18,1257,Valid
INVT003170,PO003170,P0116,WH008,2026-07-23,155,276,354,77,51,95,5587715.98,Normal,0.38,77,Valid
INVT003171,PO003171,P0281,WH005,2025-12-29,80,19,23,76,94,20,4281748.04,Reorder,0.33,76,Valid
INVT003172,PO003172,P0082,WH005,2025-06-12,465,844,275,1034,151,103,61577295.34,Overstock,4.45,1034,Valid
INVT003173,PO003173,P0006,WH005,2025-01-10,16,347,422,0,205,68,0.0,Stockout,0.0,0,Valid
INVT003174,PO003174,P0041,WH007,2025-04-18,1037,257,59,1235,372,143,41696144.1,Normal,21.41,1235,Valid
INVT003175,PO003175,P0191,WH005,2025-11-20,779,833,576,1036,429,204,76561632.84,Normal,4.46,1036,Valid
INVT003176,PO003176,P0032,WH009,2025-08-30,511,838,863,486,237,188,9361297.98,Normal,1.82,486,Valid
INVT003177,PO003177,P0153,WH005,2026-07-12,654,936,951,639,441,216,19326241.89,Normal,2.75,639,Valid
INVT003178,PO003178,P0293,WH009,2026-07-27,630,590,838,382,212,211,16098988.9,Normal,1.43,382,Valid
INVT003179,PO003179,P0207,WH010,2026-05-18,98,693,840,0,32,142,0.0,Stockout,0.0,0,Valid
INVT003180,PO003180,P0140,WH006,2025-07-22,1638,711,620,1729,462,58,116296464.8,Normal,8.33,1729,Valid
INVT003181,PO003181,P0168,WH006,2026-06-23,155,813,831,137,156,80,11458015.55,Reorder,0.66,137,Valid
INVT003182,PO003182,P0214,WH008,2026-06-19,442,787,658,571,124,156,13128186.47,Normal,2.81,571,Valid
INVT003183,PO003183,P0030,WH008,2025-05-22,315,670,606,379,258,168,29170576.38,Normal,1.8599999999999999,379,Valid
INVT003184,PO003184,P0054,WH009,2025-10-27,14,410,503,0,114,156,0.0,Stockout,0.0,0,Valid
INVT003185,PO003185,P0114,WH008,2026-01-04,249,524,474,299,70,236,21737509.3,Normal,1.47,299,Valid
INVT003186,PO003186,P0043,WH009,2025-05-24,368,612,633,347,466,119,8294479.8,Reorder,1.3,347,Valid
INVT003187,PO003187,P0161,WH005,2025-01-15,19,645,185,479,40,242,22113461.31,Overstock,2.06,479,Valid
INVT003188,PO003188,P0134,WH010,2026-01-17,218,495,667,46,245,14,671361.72,Reorder,0.16,46,Valid
INVT003189,PO003189,P0141,WH005,2026-05-07,14,691,262,443,230,103,11536030.1,Normal,1.9100000000000001,443,Valid
INVT003190,PO003190,P0084,WH005,2026-05-14,372,138,91,419,239,88,15955645.7,Normal,1.8,419,Valid
INVT003191,PO003191,P0137,WH008,2026-04-19,30,511,5,536,180,28,9032714.88,Normal,2.64,536,Valid
INVT003192,PO003192,P0111,WH009,2025-06-09,59,973,639,393,40,62,5696020.17,Overstock,1.47,393,Valid
INVT003193,PO003193,P0266,WH006,2025-12-18,1188,898,617,1469,470,103,109761476.5,Normal,7.08,1469,Valid
INVT003194,PO003194,P0189,WH006,2026-05-28,4,333,341,0,72,109,0.0,Stockout,0.0,0,Valid
INVT003195,PO003195,P0142,WH007,2025-11-09,1043,354,320,1077,301,101,61805863.62,Normal,18.68,1077,Valid
INVT003196,PO003196,P0152,WH006,2025-02-20,1117,682,836,963,360,101,31108174.2,Normal,4.64,963,Valid
INVT003197,PO003197,P0190,WH008,2025-04-24,868,836,52,1652,238,85,112472967.3,Overstock,8.12,1652,Valid
INVT003198,PO003198,P0164,WH009,2026-05-06,785,534,6,1313,419,83,103801079.5,Normal,4.91,1313,Valid
INVT003199,PO003199,P0090,WH005,2025-04-22,158,24,23,159,76,160,13973775.42,Normal,0.68,159,Valid
INVT003200,PO003200,P0076,WH010,2025-09-01,1162,277,229,1210,315,60,84668503.7,Normal,4.18,1210,Valid
INVT003201,PO003201,P0098,WH008,2025-05-09,242,614,142,714,256,35,15720623.52,Normal,3.51,714,Valid
INVT003202,PO003202,P0081,WH006,2025-10-27,362,899,965,296,211,168,9337944.56,Normal,1.43,296,Valid
INVT003203,PO003203,P0280,WH007,2026-02-26,763,631,13,1381,269,158,48804153.32,Overstock,23.95,1381,Valid
INVT003204,PO003204,P0264,WH005,2025-07-17,481,864,838,507,126,166,7381646.22,Normal,2.18,507,Valid
INVT003205,PO003205,P0187,WH007,2025-07-07,239,90,104,225,114,24,9394906.5,Normal,3.9,225,Valid
INVT003206,PO003206,P0201,WH007,2026-05-16,88,566,771,0,47,245,0.0,Stockout,0.0,0,Valid
INVT003207,PO003207,P0232,WH005,2026-02-05,1077,617,889,805,293,69,28756242.2,Normal,3.46,805,Valid
INVT003208,PO003208,P0129,WH007,2025-12-27,197,624,91,730,126,140,14397461.5,Overstock,12.66,730,Valid
INVT003209,PO003209,P0202,WH008,2025-02-27,858,92,126,824,297,174,26711014.72,Normal,4.05,824,Valid
INVT003210,PO003210,P0269,WH009,2025-01-14,866,631,135,1362,252,243,107379385.4,Overstock,5.09,1362,Valid
INVT003211,PO003211,P0182,WH005,2026-01-19,360,945,555,750,293,195,15557377.5,Normal,3.23,750,Valid
INVT003212,PO003212,P0194,WH009,2026-03-29,92,40,48,84,145,42,5780813.64,Reorder,0.31,84,Valid
INVT003213,PO003213,P0136,WH005,2026-05-06,1139,948,578,1509,441,74,51148294.41,Normal,6.49,1509,Valid
INVT003214,PO003214,P0182,WH009,2026-06-05,913,771,83,1601,293,195,34360437.86,Overstock,5.98,1601,Valid
INVT003215,PO003215,P0283,WH005,2026-06-04,1022,510,644,888,321,33,47674269.12,Normal,3.8200000000000003,888,Valid
INVT003216,PO003216,P0205,WH009,2026-02-12,21,716,935,0,480,72,0.0,Stockout,0.0,0,Valid
INVT003217,PO003217,P0240,WH008,2025-10-13,1439,641,433,1647,378,29,143731219.5,Normal,8.1,1647,Valid
INVT003218,PO003218,P0021,WH008,2026-05-25,139,347,399,87,254,131,2147687.22,Reorder,0.43,87,Valid
INVT003219,PO003219,P0288,WH005,2025-10-31,89,641,672,58,42,71,1932626.12,Normal,0.25,58,Valid
INVT003220,PO003220,P0204,WH010,2025-11-15,287,966,873,380,309,156,28443748.6,Normal,1.31,380,Valid
INVT003221,PO003221,P0151,WH008,2026-03-11,618,562,24,1156,390,115,7263922.52,Normal,5.68,1156,Valid
INVT003222,PO003222,P0098,WH008,2025-02-13,757,517,750,524,256,35,9908672.32,Normal,2.58,524,Valid
INVT003223,PO003223,P0188,WH006,2025-05-04,1201,232,338,1095,324,165,2290553.85,Normal,5.27,1095,Valid
INVT003224,PO003224,P0116,WH006,2025-06-08,147,645,633,159,51,95,11738997.03,Normal,0.77,159,Valid
INVT003225,PO003225,P0147,WH007,2026-06-22,179,263,333,109,335,66,9224652.56,Reorder,1.8900000000000001,109,Valid
INVT003226,PO003226,P0108,WH010,2025-05-31,373,236,185,424,217,213,16159793.28,Normal,1.46,424,Valid
INVT003227,PO003227,P0023,WH005,2025-05-29,50,166,39,177,301,65,3057967.05,Reorder,0.76,177,Valid
INVT003228,PO003228,P0186,WH009,2026-07-02,19,780,495,304,147,34,21572530.08,Normal,1.1400000000000001,304,Valid
INVT003229,PO003229,P0113,WH008,2025-04-30,31,795,13,813,63,183,46272935.64,Overstock,4.0,813,Valid
INVT003230,PO003230,P0175,WH008,2025-09-12,1145,338,326,1157,455,79,7617121.07,Normal,5.69,1157,Valid
INVT003231,PO003231,P0014,WH005,2025-07-25,9,680,432,257,31,150,5680630.34,Overstock,1.11,257,Valid
INVT003232,PO003232,P0061,WH008,2025-10-25,875,706,168,1413,232,52,58774045.86,Overstock,6.95,1413,Valid
INVT003233,PO003233,P0260,WH009,2025-04-18,1125,628,560,1193,341,72,31993074.69,Normal,4.46,1193,Valid
INVT003234,PO003234,P0130,WH008,2025-01-12,381,870,540,711,173,58,20452334.49,Normal,3.5,711,Valid
INVT003235,PO003235,P0094,WH005,2026-03-28,276,778,934,120,216,65,3041504.4,Reorder,0.52,120,Valid
INVT003236,PO003236,P0061,WH010,2025-11-17,292,421,412,301,232,52,12298495.79,Normal,1.04,301,Valid
INVT003237,PO003237,P0227,WH006,2025-12-31,275,39,41,273,109,237,7253492.61,Normal,1.31,273,Valid
INVT003238,PO003238,P0125,WH007,2025-01-25,141,484,193,432,177,14,5438784.96,Normal,7.49,432,Valid
INVT003239,PO003239,P0164,WH007,2025-04-28,1455,993,823,1625,419,83,130313836.3,Normal,28.18,1625,Valid
INVT003240,PO003240,P0089,WH009,2025-02-04,1459,490,166,1783,390,162,53650380.85,Normal,6.66,1783,Valid
INVT003241,PO003241,P0024,WH005,2026-04-20,992,407,375,1024,413,147,28736235.52,Normal,4.41,1024,Valid
INVT003242,PO003242,P0131,WH008,2025-07-23,342,405,514,233,393,68,5417881.43,Reorder,1.15,233,Valid
INVT003243,PO003243,P0200,WH010,2026-07-29,148,614,867,0,422,173,0.0,Stockout,0.0,0,Valid
INVT003244,PO003244,P0262,WH005,2026-05-29,516,270,351,435,159,57,32761054.95,Normal,1.87,435,Valid
INVT003245,PO003245,P0005,WH005,2025-03-18,1,359,141,219,145,104,7898786.88,Normal,0.9400000000000001,219,Valid
INVT003246,PO003246,P0267,WH005,2026-04-06,998,462,680,780,309,30,8170468.8,Normal,3.36,780,Valid
INVT003247,PO003247,P0293,WH010,2025-10-04,786,827,551,1062,212,211,50143476.96,Overstock,3.67,1062,Valid
INVT003248,PO003248,P0090,WH007,2025-10-14,258,70,71,257,76,160,20153251.24,Normal,4.46,257,Valid
INVT003249,PO003249,P0004,WH006,2025-07-06,121,822,279,664,310,85,47903390.24,Normal,3.2,664,Valid
INVT003250,PO003250,P0146,WH006,2025-06-11,132,696,665,163,52,166,10155979.06,Normal,0.79,163,Valid
INVT003251,PO003251,P0005,WH005,2025-12-17,334,735,1005,64,145,104,2112690.56,Reorder,0.28,64,Valid
INVT003252,PO003252,P0059,WH010,2026-04-13,1761,958,1092,1627,460,48,100858820.1,Normal,5.62,1627,Valid
INVT003253,PO003253,P0107,WH007,2026-03-12,568,826,972,422,328,235,14579749.74,Normal,7.32,422,Valid
INVT003254,PO003254,P0258,WH005,2025-03-21,1224,554,727,1051,331,246,28358050.47,Normal,4.52,1051,Valid
INVT003255,PO003255,P0253,WH007,2026-01-14,534,116,148,502,310,246,33310581.48,Normal,8.7,502,Valid
INVT003256,PO003256,P0101,WH007,2025-06-03,74,830,180,724,36,204,36375620.68,Overstock,12.55,724,Valid
INVT003257,PO003257,P0215,WH005,2025-05-21,226,808,956,78,86,75,2543642.4,Reorder,0.34,78,Valid
INVT003258,PO003258,P0166,WH008,2026-01-31,779,881,1036,624,209,166,10918876.8,Normal,3.07,624,Valid
INVT003259,PO003259,P0103,WH010,2025-10-11,139,117,153,103,161,185,2343087.26,Reorder,0.36,103,Valid
INVT003260,PO003260,P0242,WH009,2026-04-20,909,507,456,960,228,88,12255388.8,Normal,3.59,960,Valid
INVT003261,PO003261,P0133,WH005,2026-05-02,437,576,645,368,118,125,25067766.24,Normal,1.58,368,Valid
INVT003262,PO003262,P0078,WH006,2025-02-22,197,81,8,270,89,82,13867494.3,Normal,1.3,270,Valid
INVT003263,PO003263,P0098,WH005,2026-07-30,586,659,46,1199,256,35,24570591.43,Normal,5.16,1199,Valid
INVT003264,PO003264,P0052,WH010,2026-01-14,1560,432,119,1873,402,58,32983211.59,Normal,6.47,1873,Valid
INVT003265,PO003265,P0110,WH008,2025-01-24,888,934,1106,716,228,116,13223983.0,Normal,3.52,716,Valid
INVT003266,PO003266,P0287,WH010,2025-07-27,859,89,53,895,254,99,63405201.0,Normal,3.09,895,Valid
INVT003267,PO003267,P0053,WH007,2025-08-11,95,324,275,144,53,166,5058599.04,Normal,2.5,144,Valid
INVT003268,PO003268,P0043,WH010,2025-09-28,548,981,548,981,466,119,22349112.57,Normal,3.39,981,Valid
INVT003269,PO003269,P0170,WH007,2025-04-06,316,128,192,252,210,177,15743369.88,Normal,4.37,252,Valid
INVT003270,PO003270,P0150,WH009,2026-02-24,1,280,208,73,80,75,5291343.68,Reorder,0.27,73,Valid
INVT003271,PO003271,P0098,WH005,2025-05-25,898,619,552,965,256,35,21455501.2,Normal,4.15,965,Valid
INVT003272,PO003272,P0087,WH010,2026-03-19,430,857,457,830,237,242,60876084.4,Normal,2.87,830,Valid
INVT003273,PO003273,P0010,WH006,2026-05-26,518,209,187,540,380,29,4764835.8,Normal,2.6,540,Valid
INVT003274,PO003274,P0248,WH006,2026-07-14,504,953,302,1155,444,184,93450380.1,Normal,5.5600000000000005,1155,Valid
INVT003275,PO003275,P0110,WH010,2025-06-08,811,239,335,715,228,116,12654820.75,Normal,2.47,715,Valid
INVT003276,PO003276,P0220,WH008,2025-11-03,56,983,373,666,30,160,58638469.5,Overstock,3.27,666,Valid
INVT003277,PO003277,P0005,WH005,2025-03-17,314,118,43,389,145,104,14216467.91,Normal,1.67,389,Valid
INVT003278,PO003278,P0280,WH009,2025-04-14,1010,519,469,1060,269,158,38523633.0,Normal,3.96,1060,Valid
INVT003279,PO003279,P0076,WH010,2025-05-24,116,502,258,360,315,60,22255203.6,Normal,1.24,360,Valid
INVT003280,PO003280,P0034,WH010,2025-04-15,100,659,844,0,108,45,0.0,Stockout,0.0,0,Valid
INVT003281,PO003281,P0080,WH010,2026-03-10,193,602,143,652,332,36,23956585.96,Normal,2.25,652,Valid
INVT003282,PO003282,P0177,WH009,2025-10-13,1625,944,530,2039,450,112,130539940.5,Normal,7.62,2039,Valid
INVT003283,PO003283,P0065,WH008,2026-05-10,703,334,65,972,390,19,39223106.28,Normal,4.78,972,Valid
INVT003284,PO003284,P0210,WH009,2026-01-30,483,339,243,579,136,236,42774725.1,Normal,2.16,579,Valid
INVT003285,PO003285,P0179,WH007,2025-09-26,268,143,33,378,128,245,2863308.42,Normal,6.55,378,Valid
INVT003286,PO003286,P0121,WH005,2025-05-10,114,816,625,305,119,200,5476467.15,Normal,1.31,305,Valid
INVT003287,PO003287,P0203,WH005,2025-02-25,132,19,25,126,63,71,2678838.12,Normal,0.54,126,Valid
INVT003288,PO003288,P0008,WH010,2025-08-14,146,229,42,333,81,100,20509320.15,Normal,1.15,333,Valid
INVT003289,PO003289,P0219,WH005,2025-01-28,241,994,904,331,311,33,28775385.7,Normal,1.42,331,Valid
INVT003290,PO003290,P0274,WH010,2025-06-08,165,241,86,320,321,164,26795116.8,Reorder,1.11,320,Valid
INVT003291,PO003291,P0202,WH007,2025-11-15,265,229,26,468,297,174,13420686.24,Normal,8.12,468,Valid
INVT003292,PO003292,P0062,WH006,2025-08-15,599,910,886,623,299,57,46358532.71,Normal,3.0,623,Valid
INVT003293,PO003293,P0008,WH006,2025-09-08,34,415,181,268,81,100,17853653.48,Normal,1.29,268,Valid
INVT003294,PO003294,P0182,WH008,2025-11-12,211,767,803,175,293,195,3786170.5,Reorder,0.86,175,Valid
INVT003295,PO003295,P0070,WH006,2025-12-09,574,380,81,873,306,185,64915293.51,Normal,4.2,873,Valid
INVT003296,PO003296,P0088,WH005,2026-07-11,906,245,33,1118,384,57,22244376.44,Normal,4.8100000000000005,1118,Valid
INVT003297,PO003297,P0001,WH005,2026-03-01,1338,860,723,1475,364,114,65971690.75,Normal,6.35,1475,Valid
INVT003298,PO003298,P0085,WH007,2025-05-16,385,439,32,792,306,81,47814631.92,Normal,13.73,792,Valid
INVT003299,PO003299,P0257,WH008,2025-07-18,539,914,692,761,336,211,45470358.8,Normal,3.74,761,Valid
INVT003300,PO003300,P0029,WH007,2025-10-23,905,74,29,950,236,45,52411604.5,Normal,16.47,950,Valid
INVT003301,PO003301,P0185,WH007,2026-04-28,159,839,922,76,166,111,3815614.96,Reorder,1.32,76,Valid
INVT003302,PO003302,P0068,WH008,2025-06-08,600,995,610,985,409,202,5406763.5,Normal,4.84,985,Valid
INVT003303,PO003303,P0011,WH005,2025-08-15,947,18,4,961,348,26,58557429.85,Normal,4.14,961,Valid
INVT003304,PO003304,P0188,WH009,2026-04-26,734,381,365,750,324,165,1508805.0,Normal,2.8,750,Valid
INVT003305,PO003305,P0064,WH005,2025-07-26,104,498,421,181,499,106,13855180.76,Reorder,0.78,181,Valid
INVT003306,PO003306,P0201,WH010,2025-07-15,133,661,496,298,47,245,23959670.84,Overstock,1.03,298,Valid
INVT003307,PO003307,P0041,WH010,2025-02-17,562,605,3,1164,372,143,46392127.92,Normal,4.02,1164,Valid
INVT003308,PO003308,P0029,WH009,2026-04-18,272,191,62,401,236,45,25244108.89,Normal,1.5,401,Valid
INVT003309,PO003309,P0264,WH007,2025-11-06,304,386,327,363,126,166,5384244.69,Normal,6.29,363,Valid
INVT003310,PO003310,P0090,WH010,2025-12-04,69,460,444,85,76,160,7582369.75,Normal,0.29,85,Valid
INVT003311,PO003311,P0007,WH008,2025-03-19,444,197,12,629,194,82,42079691.15,Normal,3.09,629,Valid
INVT003312,PO003312,P0003,WH008,2025-05-07,923,558,471,1010,234,143,81928462.9,Normal,4.97,1010,Valid
INVT003313,PO003313,P0083,WH007,2026-01-09,826,482,201,1107,435,180,56499442.38,Normal,19.2,1107,Valid
INVT003314,PO003314,P0143,WH005,2025-03-18,35,100,12,123,36,230,9552695.37,Normal,0.53,123,Valid
INVT003315,PO003315,P0186,WH010,2025-04-08,68,908,256,720,147,34,45505396.8,Normal,2.49,720,Valid
INVT003316,PO003316,P0134,WH009,2025-01-18,597,965,1115,447,245,14,6896780.88,Normal,1.67,447,Valid
INVT003317,PO003317,P0117,WH008,2026-06-07,1043,164,50,1157,490,224,53992261.18,Normal,5.69,1157,Valid
INVT003318,PO003318,P0077,WH006,2026-01-23,97,205,203,99,173,144,3205658.61,Reorder,0.48,99,Valid
INVT003319,PO003319,P0246,WH006,2026-07-31,91,715,716,90,213,207,6767702.1,Reorder,0.43,90,Valid
INVT003320,PO003320,P0047,WH010,2026-01-12,202,365,120,447,224,237,39188713.5,Normal,1.54,447,Valid
INVT003321,PO003321,P0213,WH009,2025-08-04,286,477,230,533,76,205,36537400.51,Overstock,1.99,533,Valid
INVT003322,PO003322,P0141,WH010,2025-03-29,703,822,654,871,230,103,18854118.92,Normal,3.01,871,Valid
INVT003323,PO003323,P0294,WH006,2025-02-22,22,412,36,398,481,19,19096744.46,Reorder,1.92,398,Valid
INVT003324,PO003324,P0037,WH007,2025-07-11,968,408,303,1073,344,50,32792156.87,Normal,18.61,1073,Valid
INVT003325,PO003325,P0118,WH005,2025-01-29,1247,844,932,1159,460,187,90481264.01,Normal,4.99,1159,Valid
INVT003326,PO003326,P0151,WH010,2025-10-26,1384,966,819,1531,390,115,9585744.1,Normal,5.29,1531,Valid
INVT003327,PO003327,P0114,WH005,2025-01-29,68,902,1326,0,70,236,0.0,Stockout,0.0,0,Valid
INVT003328,PO003328,P0238,WH005,2025-12-26,406,110,77,439,179,171,21953340.79,Normal,1.8900000000000001,439,Valid
INVT003329,PO003329,P0250,WH009,2025-11-18,1082,56,38,1100,485,23,70896672.0,Normal,4.11,1100,Valid
INVT003330,PO003330,P0013,WH009,2025-02-11,1586,972,445,2113,440,231,37148906.56,Normal,7.9,2113,Valid
INVT003331,PO003331,P0141,WH007,2025-09-02,749,748,983,514,230,103,11408877.64,Normal,8.91,514,Valid
INVT003332,PO003332,P0147,WH008,2026-05-16,383,882,1154,111,335,66,9434165.28,Reorder,0.55,111,Valid
INVT003333,PO003333,P0225,WH008,2025-12-18,267,136,64,339,347,132,22362629.94,Reorder,1.67,339,Valid
INVT003334,PO003334,P0063,WH009,2025-10-02,1149,119,71,1197,443,35,39280045.77,Normal,4.47,1197,Valid
INVT003335,PO003335,P0285,WH009,2026-02-17,612,243,54,801,165,178,49422412.89,Normal,2.99,801,Valid
INVT003336,PO003336,P0077,WH006,2025-08-20,372,947,1217,102,173,144,3311095.44,Reorder,0.49,102,Valid
INVT003337,PO003337,P0200,WH006,2025-09-08,534,682,773,443,422,173,39111942.83,Normal,2.13,443,Valid
INVT003338,PO003338,P0225,WH007,2026-02-20,1368,84,17,1435,347,132,98555197.3,Normal,24.88,1435,Valid
INVT003339,PO003339,P0101,WH010,2025-08-11,63,284,127,220,36,204,12001855.8,Overstock,0.76,220,Valid
INVT003340,PO003340,P0200,WH010,2025-10-27,1476,355,196,1635,422,173,134789432.7,Normal,5.65,1635,Valid
INVT003341,PO003341,P0208,WH009,2026-04-18,339,324,138,525,159,116,16743557.25,Normal,1.96,525,Valid
INVT003342,PO003342,P0239,WH009,2026-02-26,233,348,84,497,338,96,23824559.78,Normal,1.8599999999999999,497,Valid
INVT003343,PO003343,P0004,WH006,2025-06-23,665,163,133,695,310,85,45550598.85,Normal,3.35,695,Valid
INVT003344,PO003344,P0213,WH006,2026-06-10,47,54,46,55,76,205,3839684.2,Reorder,0.26,55,Valid
INVT003345,PO003345,P0063,WH007,2025-03-27,1550,546,809,1287,443,35,43058206.62,Normal,22.32,1287,Valid
INVT003346,PO003346,P0032,WH008,2025-03-28,888,278,0,1166,237,188,22252771.86,Normal,5.73,1166,Valid
INVT003347,PO003347,P0010,WH007,2025-06-09,873,801,1043,631,380,29,5604882.74,Normal,10.94,631,Valid
INVT003348,PO003348,P0048,WH006,2025-11-02,321,426,200,547,370,99,42369323.61,Normal,2.63,547,Valid
INVT003349,PO003349,P0230,WH006,2025-09-25,705,319,75,949,346,159,46329639.07,Normal,4.57,949,Valid
INVT003350,PO003350,P0292,WH009,2025-04-01,32,312,68,276,355,98,17698569.0,Reorder,1.03,276,Valid
INVT003351,PO003351,P0169,WH007,2026-01-18,1025,607,697,935,257,169,66015646.95,Normal,16.21,935,Valid
INVT003352,PO003352,P0078,WH007,2026-04-25,287,539,574,252,89,82,11536403.76,Normal,4.37,252,Valid
INVT003353,PO003353,P0128,WH010,2025-06-21,1,989,1046,0,404,136,0.0,Stockout,0.0,0,Valid
INVT003354,PO003354,P0062,WH007,2026-01-25,132,771,126,777,299,57,53215898.61,Normal,13.47,777,Valid
INVT003355,PO003355,P0291,WH008,2025-03-24,923,715,109,1529,329,249,109539486.5,Normal,7.52,1529,Valid
INVT003356,PO003356,P0103,WH006,2025-07-01,545,747,708,584,161,185,13436549.36,Normal,2.81,584,Valid
INVT003357,PO003357,P0240,WH006,2025-08-07,770,605,605,770,378,29,65328278.4,Normal,3.71,770,Valid
INVT003358,PO003358,P0003,WH010,2025-09-25,292,349,199,442,234,143,37198370.82,Normal,1.53,442,Valid
INVT003359,PO003359,P0293,WH008,2025-04-23,243,778,1104,0,212,211,0.0,Stockout,0.0,0,Valid
INVT003360,PO003360,P0234,WH010,2026-03-14,554,606,650,510,150,113,10936695.0,Normal,1.76,510,Valid
INVT003361,PO003361,P0264,WH009,2026-07-31,237,60,58,239,126,166,3449310.14,Normal,0.89,239,Valid
INVT003362,PO003362,P0023,WH009,2025-08-29,709,99,46,762,301,65,13702535.46,Normal,2.85,762,Valid
INVT003363,PO003363,P0076,WH010,2025-10-09,633,126,102,657,315,60,44075948.76,Normal,2.27,657,Valid
INVT003364,PO003364,P0294,WH005,2025-10-28,984,558,618,924,481,19,39291935.76,Normal,3.98,924,Valid
INVT003365,PO003365,P0039,WH008,2025-10-24,204,208,193,219,67,207,3329761.41,Normal,1.08,219,Valid
INVT003366,PO003366,P0115,WH008,2026-03-19,480,971,1416,35,150,154,992013.75,Reorder,0.17,35,Valid
INVT003367,PO003367,P0275,WH007,2025-11-05,239,249,144,344,361,144,14087322.88,Reorder,5.96,344,Valid
INVT003368,PO003368,P0016,WH006,2026-02-25,100,744,261,583,38,195,51039288.85,Overstock,2.81,583,Valid
INVT003369,PO003369,P0224,WH006,2026-01-06,486,70,97,459,187,112,16718106.51,Normal,2.21,459,Valid
INVT003370,PO003370,P0276,WH009,2026-05-21,745,841,266,1320,382,193,105735418.8,Normal,4.93,1320,Valid
INVT003371,PO003371,P0059,WH007,2025-06-25,1106,477,548,1035,460,48,63034791.3,Normal,17.95,1035,Valid
INVT003372,PO003372,P0030,WH007,2026-07-28,253,917,972,198,258,168,17138695.86,Reorder,3.43,198,Valid
INVT003373,PO003373,P0195,WH007,2025-09-23,260,947,1116,91,97,205,5613469.68,Reorder,1.58,91,Valid
INVT003374,PO003374,P0141,WH009,2025-09-29,919,566,109,1376,230,103,32597123.52,Overstock,5.14,1376,Valid
INVT003375,PO003375,P0032,WH006,2025-11-14,187,710,336,561,237,188,9881970.12,Normal,2.7,561,Valid
INVT003376,PO003376,P0274,WH005,2026-07-21,1083,81,13,1151,321,164,101975757.0,Normal,4.95,1151,Valid
INVT003377,PO003377,P0118,WH006,2026-01-23,429,293,148,574,460,187,49375049.5,Normal,2.76,574,Valid
INVT003378,PO003378,P0184,WH009,2026-03-22,333,739,307,765,157,106,61665762.6,Normal,2.86,765,Valid
INVT003379,PO003379,P0259,WH010,2025-06-30,263,647,12,898,70,12,77490790.72,Overstock,3.1,898,Valid
INVT003380,PO003380,P0193,WH005,2025-12-27,345,470,97,718,470,163,20232385.58,Normal,3.09,718,Valid
INVT003381,PO003381,P0268,WH008,2025-07-05,592,501,270,823,208,247,18173683.52,Normal,4.05,823,Valid
INVT003382,PO003382,P0281,WH009,2025-07-30,52,551,39,564,94,20,34223666.64,Overstock,2.11,564,Valid
INVT003383,PO003383,P0211,WH007,2026-03-27,102,821,286,637,173,144,29345169.49,Normal,11.05,637,Valid
INVT003384,PO003384,P0058,WH006,2025-02-12,1808,227,230,1805,459,191,13562354.85,Normal,8.69,1805,Valid
INVT003385,PO003385,P0049,WH005,2025-11-03,1438,664,600,1502,495,201,46824474.5,Normal,6.46,1502,Valid
INVT003386,PO003386,P0279,WH005,2026-05-21,164,578,652,90,138,52,6644841.3,Reorder,0.39,90,Valid
INVT003387,PO003387,P0037,WH005,2026-05-01,32,131,171,0,344,50,0.0,Stockout,0.0,0,Valid
INVT003388,PO003388,P0058,WH008,2025-12-13,349,768,704,413,459,191,3034414.25,Reorder,2.03,413,Valid
INVT003389,PO003389,P0174,WH005,2026-04-13,1357,358,297,1418,391,52,124769621.5,Normal,6.1,1418,Valid
INVT003390,PO003390,P0268,WH010,2025-01-03,537,753,16,1274,208,247,27830236.98,Overstock,4.4,1274,Valid
INVT003391,PO003391,P0163,WH006,2026-06-07,269,928,856,341,201,83,19621995.91,Normal,1.6400000000000001,341,Valid
INVT003392,PO003392,P0176,WH010,2025-09-19,60,781,305,536,174,94,19657119.28,Normal,1.85,536,Valid
INVT003393,PO003393,P0246,WH006,2025-09-08,233,369,153,449,213,207,33789643.17,Normal,2.16,449,Valid
INVT003394,PO003394,P0203,WH009,2026-03-19,118,564,158,524,63,71,11916923.28,Overstock,1.96,524,Valid
INVT003395,PO003395,P0281,WH005,2026-04-30,90,475,133,432,94,20,24167812.32,Normal,1.8599999999999999,432,Valid
INVT003396,PO003396,P0233,WH007,2026-02-03,82,337,273,146,59,136,5283608.6,Normal,2.5300000000000002,146,Valid
INVT003397,PO003397,P0056,WH009,2025-12-07,1526,370,108,1788,455,211,73433285.16,Normal,6.68,1788,Valid
INVT003398,PO003398,P0290,WH006,2025-05-23,79,455,675,0,95,201,0.0,Stockout,0.0,0,Valid
INVT003399,PO003399,P0086,WH006,2025-03-04,985,919,378,1526,442,229,72840573.26,Normal,7.35,1526,Valid
INVT003400,PO003400,P0079,WH005,2025-07-15,63,900,1253,0,63,108,0.0,Stockout,0.0,0,Valid
INVT003401,PO003401,P0291,WH008,2026-06-22,156,559,47,668,329,249,57533677.68,Normal,3.2800000000000002,668,Valid
INVT003402,PO003402,P0090,WH008,2025-06-11,94,650,89,655,76,160,54015020.4,Overstock,3.22,655,Valid
INVT003403,PO003403,P0056,WH006,2025-04-27,320,814,939,195,455,211,7742783.1,Reorder,0.9400000000000001,195,Valid
INVT003404,PO003404,P0232,WH005,2025-06-13,524,996,1167,353,293,69,12619933.56,Normal,1.52,353,Valid
INVT003405,PO003405,P0300,WH008,2025-12-21,238,332,63,507,213,163,1507397.19,Normal,2.49,507,Valid
INVT003406,PO003406,P0254,WH005,2025-03-09,1,891,709,183,193,239,12533313.15,Reorder,0.79,183,Valid
INVT003407,PO003407,P0259,WH008,2026-08-03,140,617,366,391,70,12,33212118.68,Overstock,1.92,391,Valid
INVT003408,PO003408,P0096,WH008,2026-05-30,66,371,255,182,303,232,8091394.22,Reorder,0.89,182,Valid
INVT003409,PO003409,P0253,WH006,2025-11-15,69,829,415,483,310,246,35357387.1,Normal,2.33,483,Valid
INVT003410,PO003410,P0009,WH007,2025-10-20,333,862,1092,103,435,127,4317748.67,Reorder,1.79,103,Valid
INVT003411,PO003411,P0219,WH005,2026-06-19,882,583,187,1278,311,33,111296189.2,Normal,5.5,1278,Valid
INVT003412,PO003412,P0070,WH010,2026-07-18,342,844,251,935,306,185,76235337.2,Normal,3.23,935,Valid
INVT003413,PO003413,P0033,WH008,2025-02-27,1508,531,782,1257,441,103,61023428.16,Normal,6.18,1257,Valid
INVT003414,PO003414,P0171,WH009,2025-01-09,345,962,215,1092,466,114,38519612.04,Normal,4.08,1092,Valid
INVT003415,PO003415,P0291,WH007,2026-03-23,1158,842,324,1676,329,249,141598234.3,Overstock,29.06,1676,Valid
INVT003416,PO003416,P0030,WH006,2025-11-07,199,17,20,196,258,168,16300696.72,Reorder,0.9400000000000001,196,Valid
INVT003417,PO003417,P0025,WH006,2026-05-26,1640,294,7,1927,417,19,24757074.69,Normal,9.28,1927,Valid
INVT003418,PO003418,P0265,WH010,2025-08-06,71,785,360,496,167,227,14292274.72,Normal,1.71,496,Valid
INVT003419,PO003419,P0096,WH007,2025-04-21,187,680,318,549,303,232,20367795.69,Normal,9.52,549,Valid
INVT003420,PO003420,P0176,WH009,2026-06-12,25,985,408,602,174,94,18441553.62,Normal,2.25,602,Valid
INVT003421,PO003421,P0081,WH008,2026-07-08,447,864,35,1276,211,168,37480471.16,Overstock,6.27,1276,Valid
INVT003422,PO003422,P0146,WH010,2026-07-23,74,24,24,74,52,166,4299323.78,Normal,0.26,74,Valid
INVT003423,PO003423,P0181,WH009,2025-09-11,72,710,470,312,31,180,949787.28,Overstock,1.17,312,Valid
INVT003424,PO003424,P0101,WH007,2025-05-03,122,91,59,154,36,204,7631844.22,Normal,2.67,154,Valid
INVT003425,PO003425,P0270,WH009,2026-01-27,501,576,784,293,429,112,19170450.88,Reorder,1.1,293,Valid
INVT003426,PO003426,P0074,WH005,2026-06-06,201,660,794,67,87,78,3344677.52,Reorder,0.29,67,Valid
INVT003427,PO003427,P0054,WH005,2025-09-17,10,913,972,0,114,156,0.0,Stockout,0.0,0,Valid
INVT003428,PO003428,P0232,WH007,2026-06-08,1066,505,74,1497,293,69,53357900.34,Overstock,25.96,1497,Valid
INVT003429,PO003429,P0111,WH009,2025-10-19,81,301,222,160,40,62,2377867.2,Normal,0.6000000000000001,160,Valid
INVT003430,PO003430,P0093,WH008,2026-06-16,370,796,964,202,224,216,8367670.22,Reorder,0.99,202,Valid
INVT003431,PO003431,P0188,WH008,2025-06-29,508,627,222,913,324,165,1846350.77,Normal,4.49,913,Valid
INVT003432,PO003432,P0028,WH009,2026-04-30,4,138,158,0,29,232,0.0,Stockout,0.0,0,Valid
INVT003433,PO003433,P0283,WH009,2025-02-07,7,627,60,574,321,33,28092880.2,Normal,2.15,574,Valid
INVT003434,PO003434,P0261,WH007,2025-07-11,393,621,2,1012,132,180,7224506.08,Overstock,17.55,1012,Valid
INVT003435,PO003435,P0058,WH010,2025-03-13,273,144,143,274,459,191,2181944.2,Reorder,0.9500000000000001,274,Valid
INVT003436,PO003436,P0178,WH009,2025-09-13,110,318,269,159,46,71,4224523.47,Normal,0.59,159,Valid
INVT003437,PO003437,P0173,WH007,2026-03-07,959,61,47,973,340,55,32202836.12,Normal,16.87,973,Valid
INVT003438,PO003438,P0048,WH008,2026-03-17,697,493,72,1118,370,99,94884089.82,Normal,5.5,1118,Valid
INVT003439,PO003439,P0227,WH009,2026-06-11,385,34,24,395,109,237,11513207.2,Normal,1.48,395,Valid
INVT003440,PO003440,P0045,WH005,2026-03-17,548,125,30,643,388,79,29614194.47,Normal,2.77,643,Valid
INVT003441,PO003441,P0122,WH009,2025-11-13,599,724,100,1223,208,225,59666562.15,Overstock,4.57,1223,Valid
INVT003442,PO003442,P0184,WH005,2025-10-18,217,36,24,229,157,106,16266236.4,Normal,0.99,229,Valid
INVT003443,PO003443,P0041,WH007,2025-04-11,59,879,240,698,372,143,27247686.4,Normal,12.1,698,Valid
INVT003444,PO003444,P0289,WH006,2025-05-28,8,949,1323,0,22,220,0.0,Stockout,0.0,0,Valid
INVT003445,PO003445,P0294,WH007,2026-07-21,1776,727,123,2380,481,19,115741589.6,Normal,41.27,2380,Valid
INVT003446,PO003446,P0067,WH010,2025-12-19,521,579,745,355,217,184,18398460.75,Normal,1.23,355,Valid
INVT003447,PO003447,P0067,WH005,2025-08-15,765,147,140,772,217,184,36353371.92,Normal,3.32,772,Valid
INVT003448,PO003448,P0065,WH010,2025-05-23,540,864,695,709,390,19,30009779.19,Normal,2.45,709,Valid
INVT003449,PO003449,P0274,WH006,2026-03-25,681,687,235,1133,321,164,87055811.15,Normal,5.46,1133,Valid
INVT003450,PO003450,P0258,WH005,2026-08-02,837,457,397,897,331,246,25251159.96,Normal,3.86,897,Valid
INVT003451,PO003451,P0143,WH010,2025-02-09,47,509,7,549,36,230,48784743.9,Overstock,1.9,549,Valid
INVT003452,PO003452,P0109,WH007,2026-05-13,47,451,641,0,373,189,0.0,Stockout,0.0,0,Valid
INVT003453,PO003453,P0248,WH009,2026-01-15,1276,97,143,1230,444,184,101700680.4,Normal,4.6,1230,Valid
INVT003454,PO003454,P0047,WH010,2025-11-26,166,581,526,221,224,237,18454742.02,Reorder,0.76,221,Valid
INVT003455,PO003455,P0106,WH009,2025-06-07,166,22,5,183,213,184,3281120.46,Reorder,0.68,183,Valid
INVT003456,PO003456,P0140,WH007,2026-07-02,1386,451,201,1636,462,58,116225268.2,Normal,28.37,1636,Valid
INVT003457,PO003457,P0125,WH009,2026-06-24,472,546,277,741,177,14,7948988.58,Normal,2.77,741,Valid
INVT003458,PO003458,P0001,WH010,2026-03-05,346,370,302,414,364,114,19598403.96,Normal,1.43,414,Valid
INVT003459,PO003459,P0135,WH007,2025-04-15,411,433,631,213,182,127,14410470.27,Normal,3.69,213,Valid
INVT003460,PO003460,P0276,WH010,2026-01-16,1425,658,713,1370,382,193,107333800.8,Normal,4.73,1370,Valid
INVT003461,PO003461,P0224,WH009,2025-06-30,261,985,996,250,187,112,8571935.0,Normal,0.93,250,Valid
INVT003462,PO003462,P0078,WH007,2025-09-11,296,22,4,314,89,82,14663259.92,Normal,5.44,314,Valid
INVT003463,PO003463,P0275,WH006,2026-01-22,259,88,58,289,361,144,11615239.46,Reorder,1.3900000000000001,289,Valid
INVT003464,PO003464,P0063,WH008,2025-08-25,1700,114,114,1700,443,35,56284637.0,Normal,8.36,1700,Valid
INVT003465,PO003465,P0067,WH010,2025-10-31,799,300,252,847,217,184,38785205.69,Normal,2.93,847,Valid
INVT003466,PO003466,P0035,WH007,2025-07-28,931,621,566,986,489,155,52952617.28,Normal,17.1,986,Valid
INVT003467,PO003467,P0143,WH005,2026-03-01,3,448,109,342,36,230,26301681.0,Overstock,1.47,342,Valid
INVT003468,PO003468,P0287,WH005,2025-04-21,758,412,411,759,254,99,51995507.52,Normal,3.27,759,Valid
INVT003469,PO003469,P0289,WH009,2025-02-13,51,813,247,617,22,220,23393592.02,Overstock,2.31,617,Valid
INVT003470,PO003470,P0103,WH006,2025-12-05,312,855,718,449,161,185,10697407.04,Normal,2.16,449,Valid
INVT003471,PO003471,P0291,WH010,2025-06-18,1041,800,587,1254,329,249,90740894.64,Normal,4.33,1254,Valid
INVT003472,PO003472,P0137,WH005,2026-06-30,264,859,591,532,180,28,9308281.64,Normal,2.29,532,Valid
INVT003473,PO003473,P0070,WH005,2025-03-24,436,568,565,439,306,185,30665998.19,Normal,1.8900000000000001,439,Valid
INVT003474,PO003474,P0215,WH005,2026-07-08,11,762,779,0,86,75,0.0,Stockout,0.0,0,Valid
INVT003475,PO003475,P0185,WH006,2025-10-19,275,789,749,315,166,111,16856865.9,Normal,1.52,315,Valid
INVT003476,PO003476,P0075,WH007,2026-06-11,257,382,214,425,105,160,9670156.75,Normal,7.37,425,Valid
INVT003477,PO003477,P0151,WH010,2025-06-05,561,411,221,751,390,115,5242070.12,Normal,2.59,751,Valid
INVT003478,PO003478,P0089,WH005,2025-07-27,223,668,341,550,390,162,16371168.0,Normal,2.37,550,Valid
INVT003479,PO003479,P0124,WH009,2026-05-07,1437,16,0,1453,411,167,107597047.5,Normal,5.43,1453,Valid
INVT003480,PO003480,P0157,WH006,2025-12-21,1299,38,31,1306,432,85,24337166.34,Normal,6.29,1306,Valid
INVT003481,PO003481,P0155,WH010,2025-01-18,1155,564,744,975,338,157,42282620.25,Normal,3.37,975,Valid
INVT003482,PO003482,P0098,WH008,2025-01-01,751,173,137,787,256,35,16288279.29,Normal,3.87,787,Valid
INVT003483,PO003483,P0089,WH007,2025-01-11,314,59,65,308,390,162,10513811.0,Reorder,5.34,308,Valid
INVT003484,PO003484,P0140,WH008,2025-01-29,1748,58,10,1796,462,58,112856778.6,Normal,8.83,1796,Valid
INVT003485,PO003485,P0134,WH010,2025-09-25,638,338,484,492,245,14,8135023.2,Normal,1.7000000000000002,492,Valid
INVT003486,PO003486,P0233,WH006,2025-10-14,196,885,21,1060,59,136,38163519.2,Overstock,5.11,1060,Valid
INVT003487,PO003487,P0207,WH010,2026-03-27,47,864,156,755,32,142,24048690.35,Overstock,2.61,755,Valid
INVT003488,PO003488,P0001,WH007,2025-08-02,871,728,167,1432,364,114,64769760.96,Normal,24.83,1432,Valid
INVT003489,PO003489,P0006,WH005,2025-01-08,792,23,15,800,205,68,51853840.0,Normal,3.44,800,Valid
INVT003490,PO003490,P0040,WH007,2025-05-02,280,774,999,55,191,99,2184432.8,Reorder,0.9500000000000001,55,Valid
INVT003491,PO003491,P0239,WH007,2025-02-14,112,574,155,531,338,96,27215502.3,Normal,9.21,531,Valid
INVT003492,PO003492,P0252,WH010,2026-05-04,1182,68,79,1171,413,213,1288076.58,Normal,4.04,1171,Valid
INVT003493,PO003493,P0035,WH007,2025-01-11,1315,914,404,1825,489,155,108385490.8,Normal,31.65,1825,Valid
INVT003494,PO003494,P0114,WH006,2025-05-31,74,722,1016,0,70,236,0.0,Stockout,0.0,0,Valid
INVT003495,PO003495,P0264,WH009,2025-09-13,461,763,237,987,126,166,15215424.21,Overstock,3.69,987,Valid
INVT003496,PO003496,P0036,WH010,2025-01-20,659,771,154,1276,499,189,101825935.6,Normal,4.41,1276,Valid
INVT003497,PO003497,P0205,WH005,2025-02-08,1210,683,869,1024,480,72,26029178.88,Normal,4.41,1024,Valid
INVT003498,PO003498,P0062,WH007,2025-07-12,6,627,509,124,299,57,9357459.12,Reorder,2.15,124,Valid
INVT003499,PO003499,P0018,WH010,2025-06-02,228,860,361,727,357,159,23524207.84,Normal,2.51,727,Valid
INVT003500,PO003500,P0027,WH007,2025-06-17,420,532,419,533,495,214,35189827.27,Normal,9.24,533,Valid
INVT003501,PO003501,P0089,WH006,2025-06-14,973,271,2,1242,390,162,38399212.08,Normal,5.98,1242,Valid
INVT003502,PO003502,P0020,WH006,2025-04-02,68,147,9,206,28,180,15254922.12,Overstock,0.99,206,Valid
INVT003503,PO003503,P0198,WH006,2026-04-06,22,882,744,160,38,223,11574177.6,Normal,0.77,160,Valid
INVT003504,PO003504,P0021,WH009,2025-03-31,124,880,634,370,254,131,10617242.5,Normal,1.38,370,Valid
INVT003505,PO003505,P0094,WH010,2025-07-15,863,512,71,1304,216,65,31794180.16,Overstock,4.5,1304,Valid
INVT003506,PO003506,P0287,WH006,2025-02-14,182,989,41,1130,254,99,83141535.4,Normal,5.44,1130,Valid
INVT003507,PO003507,P0220,WH005,2026-07-17,101,713,734,80,30,160,7084366.4,Normal,0.34,80,Valid
INVT003508,PO003508,P0047,WH006,2025-09-25,842,819,568,1093,224,237,96637715.23,Normal,5.26,1093,Valid
INVT003509,PO003509,P0131,WH008,2025-09-21,487,70,6,551,393,68,12462060.67,Normal,2.71,551,Valid
INVT003510,PO003510,P0101,WH005,2025-10-15,132,789,968,0,36,204,0.0,Stockout,0.0,0,Valid
INVT003511,PO003511,P0002,WH005,2025-10-11,693,398,119,972,301,86,70755826.32,Normal,4.18,972,Valid
INVT003512,PO003512,P0295,WH007,2026-05-04,135,462,686,0,261,18,0.0,Stockout,0.0,0,Valid
INVT003513,PO003513,P0031,WH006,2025-06-24,59,192,44,207,378,181,2642549.58,Reorder,1.0,207,Valid
INVT003514,PO003514,P0219,WH005,2026-05-28,784,381,218,947,311,33,78576879.91,Normal,4.08,947,Valid
INVT003515,PO003515,P0150,WH009,2026-06-18,229,92,45,276,80,75,19938021.96,Normal,1.03,276,Valid
INVT003516,PO003516,P0121,WH005,2025-08-06,409,36,42,403,119,200,6997587.22,Normal,1.73,403,Valid
INVT003517,PO003517,P0002,WH005,2025-11-17,794,456,55,1195,301,86,101643473.5,Normal,5.14,1195,Valid
INVT003518,PO003518,P0288,WH005,2025-08-23,55,354,79,330,42,71,10463207.7,Overstock,1.42,330,Valid
INVT003519,PO003519,P0284,WH010,2025-09-14,581,282,134,729,318,224,26363278.98,Normal,2.52,729,Valid
INVT003520,PO003520,P0080,WH010,2025-05-23,257,992,415,834,332,36,32370108.72,Normal,2.88,834,Valid
INVT003521,PO003521,P0065,WH006,2025-03-09,1201,848,845,1204,390,19,53897276.72,Normal,5.8,1204,Valid
INVT003522,PO003522,P0206,WH005,2026-03-07,815,251,217,849,441,100,73076792.04,Normal,3.65,849,Valid
INVT003523,PO003523,P0164,WH006,2025-01-11,46,965,948,63,419,83,4627066.5,Reorder,0.30000000000000004,63,Valid
INVT003524,PO003524,P0241,WH007,2026-05-30,853,11,6,858,252,138,20526457.38,Normal,14.88,858,Valid
INVT003525,PO003525,P0231,WH005,2026-05-20,839,225,293,771,295,51,37404116.67,Normal,3.32,771,Valid
INVT003526,PO003526,P0103,WH007,2025-02-15,408,603,816,195,161,185,4390516.65,Normal,3.38,195,Valid
INVT003527,PO003527,P0101,WH005,2025-04-28,126,791,762,155,36,204,8439943.75,Normal,0.67,155,Valid
INVT003528,PO003528,P0080,WH007,2025-11-02,1253,956,93,2116,332,36,77072528.04,Overstock,36.69,2116,Valid
INVT003529,PO003529,P0167,WH007,2025-04-29,1017,193,40,1170,451,169,21377982.6,Normal,20.29,1170,Valid
INVT003530,PO003530,P0062,WH010,2025-04-26,627,390,270,747,299,57,47272371.12,Normal,2.58,747,Valid
INVT003531,PO003531,P0088,WH009,2026-05-16,405,756,607,554,384,57,12293741.98,Normal,2.07,554,Valid
INVT003532,PO003532,P0080,WH010,2025-01-17,527,316,237,606,332,36,24253053.24,Normal,2.09,606,Valid
INVT003533,PO003533,P0295,WH006,2025-11-14,731,818,716,833,261,18,53996109.58,Normal,4.01,833,Valid
INVT003534,PO003534,P0149,WH010,2025-10-25,1595,828,101,2322,487,100,121466699.3,Normal,8.02,2322,Valid
INVT003535,PO003535,P0222,WH007,2025-09-07,1424,520,595,1349,372,47,119872490.7,Normal,23.39,1349,Valid
INVT003536,PO003536,P0126,WH009,2025-07-08,209,830,1175,0,226,14,0.0,Stockout,0.0,0,Valid
INVT003537,PO003537,P0037,WH009,2025-01-30,44,89,24,109,344,50,3303094.58,Reorder,0.41000000000000003,109,Valid
INVT003538,PO003538,P0288,WH010,2025-05-26,94,724,199,619,42,71,22094468.39,Overstock,2.14,619,Valid
INVT003539,PO003539,P0283,WH009,2025-04-13,58,689,61,686,321,33,34765409.84,Normal,2.56,686,Valid
INVT003540,PO003540,P0037,WH008,2025-04-08,1198,415,507,1106,344,50,38205166.3,Normal,5.44,1106,Valid
INVT003541,PO003541,P0053,WH010,2025-07-18,206,814,280,740,53,166,24676084.4,Overstock,2.56,740,Valid
INVT003542,PO003542,P0070,WH007,2026-07-28,19,236,3,252,306,185,18940158.72,Reorder,4.37,252,Valid
INVT003543,PO003543,P0241,WH006,2025-01-08,981,227,51,1157,252,138,31262868.91,Normal,5.57,1157,Valid
INVT003544,PO003544,P0137,WH005,2025-01-04,517,102,135,484,180,28,7677440.32,Normal,2.08,484,Valid
INVT003545,PO003545,P0193,WH006,2025-04-04,650,444,465,629,470,163,18798608.5,Normal,3.03,629,Valid
INVT003546,PO003546,P0059,WH006,2026-03-08,140,659,495,304,460,48,16739030.4,Reorder,1.46,304,Valid
INVT003547,PO003547,P0233,WH005,2026-07-18,207,943,1135,15,59,136,521369.85,Reorder,0.06,15,Valid
INVT003548,PO003548,P0113,WH007,2025-03-25,219,835,870,184,63,183,11061358.72,Normal,3.19,184,Valid
INVT003549,PO003549,P0294,WH008,2025-09-28,247,983,996,234,481,19,11624995.98,Reorder,1.15,234,Valid
INVT003550,PO003550,P0298,WH009,2025-05-12,1327,207,256,1278,432,66,19483135.56,Normal,4.78,1278,Valid
INVT003551,PO003551,P0280,WH009,2026-04-23,3,579,307,275,269,158,10562046.0,Normal,1.03,275,Valid
INVT003552,PO003552,P0172,WH006,2025-11-09,506,321,8,819,170,34,342972.63,Normal,3.94,819,Valid
INVT003553,PO003553,P0296,WH008,2026-06-15,305,99,89,315,422,228,12388786.2,Reorder,1.55,315,Valid
INVT003554,PO003554,P0126,WH005,2025-04-25,677,584,187,1074,226,14,67955083.86,Normal,4.62,1074,Valid
INVT003555,PO003555,P0202,WH009,2025-03-29,658,791,953,496,297,174,14988366.08,Normal,1.85,496,Valid
INVT003556,PO003556,P0106,WH006,2026-06-19,824,482,719,587,213,184,9636679.21,Normal,2.83,587,Valid
INVT003557,PO003557,P0173,WH008,2025-03-22,1286,267,297,1256,340,55,38883800.64,Normal,6.18,1256,Valid
INVT003558,PO003558,P0080,WH006,2025-01-29,800,160,86,874,332,36,37746757.74,Normal,4.21,874,Valid
INVT003559,PO003559,P0109,WH009,2025-04-10,252,65,13,304,373,189,18339161.76,Reorder,1.1400000000000001,304,Valid
INVT003560,PO003560,P0281,WH006,2025-05-21,81,148,169,60,94,20,3532428.0,Reorder,0.29,60,Valid
INVT003561,PO003561,P0265,WH009,2025-11-16,69,17,4,82,167,227,2348608.74,Reorder,0.31,82,Valid
INVT003562,PO003562,P0058,WH006,2025-05-08,418,162,202,378,459,191,3235887.9,Reorder,1.82,378,Valid
INVT003563,PO003563,P0139,WH005,2025-08-25,87,558,582,63,42,232,3761311.05,Normal,0.27,63,Valid
INVT003564,PO003564,P0252,WH009,2026-03-25,66,979,579,466,413,213,505432.92,Normal,1.74,466,Valid
INVT003565,PO003565,P0174,WH006,2025-03-25,1275,301,405,1171,391,52,91344557.6,Normal,5.64,1171,Valid
INVT003566,PO003566,P0053,WH009,2025-02-24,123,122,94,151,53,166,5325326.06,Normal,0.56,151,Valid
INVT003567,PO003567,P0063,WH008,2025-11-27,571,194,214,551,443,35,18589952.07,Normal,2.71,551,Valid
INVT003568,PO003568,P0118,WH008,2026-03-21,634,229,272,591,460,187,49504931.79,Normal,2.91,591,Valid
INVT003569,PO003569,P0276,WH006,2026-03-23,70,699,722,47,382,193,4084207.88,Reorder,0.23,47,Valid
INVT003570,PO003570,P0009,WH008,2025-12-23,1562,670,992,1240,435,127,57848901.6,Normal,6.1,1240,Valid
INVT003571,PO003571,P0074,WH010,2025-10-20,263,951,1408,0,87,78,0.0,Stockout,0.0,0,Valid
INVT003572,PO003572,P0244,WH009,2025-03-07,162,575,763,0,54,42,0.0,Stockout,0.0,0,Valid
INVT003573,PO003573,P0225,WH005,2025-02-24,1374,435,265,1544,347,132,106995587.0,Normal,6.64,1544,Valid
INVT003574,PO003574,P0222,WH005,2026-04-20,1451,846,898,1399,372,47,114388479.5,Normal,6.02,1399,Valid
INVT003575,PO003575,P0004,WH006,2026-05-03,940,760,1074,626,310,85,43726644.62,Normal,3.02,626,Valid
INVT003576,PO003576,P0208,WH005,2025-08-22,6,939,803,142,159,116,4096531.02,Reorder,0.61,142,Valid
INVT003577,PO003577,P0274,WH010,2025-08-02,997,659,178,1478,321,164,120840585.3,Normal,5.11,1478,Valid
INVT003578,PO003578,P0036,WH005,2026-04-07,1072,909,605,1376,499,189,110595683.5,Normal,5.92,1376,Valid
INVT003579,PO003579,P0170,WH005,2025-01-14,206,511,269,448,210,177,27172481.28,Normal,1.9300000000000002,448,Valid
INVT003580,PO003580,P0097,WH007,2026-05-07,27,882,674,235,197,84,16616302.45,Normal,4.07,235,Valid
INVT003581,PO003581,P0117,WH010,2026-05-10,479,339,425,393,490,224,18072816.33,Reorder,1.3599999999999999,393,Valid
INVT003582,PO003582,P0246,WH009,2025-12-25,35,686,337,384,213,207,28448025.6,Normal,1.44,384,Valid
INVT003583,PO003583,P0063,WH008,2025-12-03,1512,137,35,1614,443,35,55008525.54,Normal,7.94,1614,Valid
INVT003584,PO003584,P0113,WH005,2025-03-30,102,788,908,0,63,183,0.0,Stockout,0.0,0,Valid
INVT003585,PO003585,P0275,WH005,2026-07-29,583,524,145,962,361,144,36223369.26,Normal,4.14,962,Valid
INVT003586,PO003586,P0049,WH006,2025-11-18,716,339,35,1020,495,201,29144460.0,Normal,4.91,1020,Valid
INVT003587,PO003587,P0171,WH005,2025-06-20,1236,66,52,1250,466,114,50186825.0,Normal,5.38,1250,Valid
INVT003588,PO003588,P0067,WH009,2025-03-17,277,770,1095,0,217,184,0.0,Stockout,0.0,0,Valid
INVT003589,PO003589,P0252,WH005,2026-01-24,1261,572,201,1632,413,213,1956768.0,Normal,7.02,1632,Valid
INVT003590,PO003590,P0153,WH010,2025-10-26,1542,492,385,1649,441,216,46232864.59,Normal,5.7,1649,Valid
INVT003591,PO003591,P0204,WH006,2025-02-26,338,973,1263,48,309,156,3338158.56,Reorder,0.23,48,Valid
INVT003592,PO003592,P0100,WH006,2025-11-23,641,706,995,352,311,64,245991.68,Normal,1.7000000000000002,352,Valid
INVT003593,PO003593,P0038,WH009,2025-01-04,164,556,299,421,339,40,12346161.8,Normal,1.57,421,Valid
INVT003594,PO003594,P0278,WH006,2025-09-03,1685,603,280,2008,495,236,37690862.8,Normal,9.67,2008,Valid
INVT003595,PO003595,P0037,WH010,2025-12-11,220,277,245,252,344,50,7899406.2,Reorder,0.87,252,Valid
INVT003596,PO003596,P0266,WH010,2025-06-26,1111,424,303,1232,470,103,96354165.6,Normal,4.26,1232,Valid
INVT003597,PO003597,P0151,WH009,2026-03-10,1294,411,17,1688,390,115,10511226.64,Normal,6.31,1688,Valid
INVT003598,PO003598,P0188,WH009,2025-09-17,816,283,262,837,324,165,1555305.03,Normal,3.13,837,Valid
INVT003599,PO003599,P0066,WH010,2025-10-09,78,694,608,164,379,91,7127030.0,Reorder,0.5700000000000001,164,Valid
INVT003600,PO003600,P0165,WH008,2025-07-15,1175,55,27,1203,491,224,66705351.51,Normal,5.92,1203,Valid
INVT003601,PO003601,P0053,WH006,2025-11-05,41,751,468,324,53,166,12110789.52,Overstock,1.56,324,Valid
INVT003602,PO003602,P0099,WH007,2026-02-15,531,11,11,531,256,250,31400079.66,Normal,9.21,531,Valid
INVT003603,PO003603,P0030,WH010,2025-06-24,378,564,470,472,258,168,39747577.84,Normal,1.63,472,Valid
INVT003604,PO003604,P0129,WH007,2025-05-31,96,356,210,242,126,140,4296770.5,Normal,4.2,242,Valid
INVT003605,PO003605,P0124,WH007,2025-04-22,1093,56,9,1140,411,167,83817052.2,Normal,19.77,1140,Valid
INVT003606,PO003606,P0132,WH006,2025-06-23,220,507,685,42,62,174,1280266.68,Reorder,0.2,42,Valid
INVT003607,PO003607,P0273,WH005,2026-04-28,125,940,804,261,217,132,17734195.71,Normal,1.12,261,Valid
INVT003608,PO003608,P0144,WH006,2025-02-05,820,619,525,914,391,246,39537729.74,Normal,4.4,914,Valid
INVT003609,PO003609,P0043,WH007,2026-07-23,763,49,2,810,466,119,19441158.3,Normal,14.05,810,Valid
INVT003610,PO003610,P0129,WH009,2025-05-02,356,860,548,668,126,140,11534222.4,Overstock,2.5,668,Valid
INVT003611,PO003611,P0209,WH009,2026-03-04,624,981,1017,588,236,35,53483839.08,Normal,2.2,588,Valid
INVT003612,PO003612,P0131,WH007,2026-07-08,605,490,284,811,393,68,18232512.72,Normal,14.06,811,Valid
INVT003613,PO003613,P0054,WH008,2026-03-29,421,56,32,445,114,156,20393602.4,Normal,2.19,445,Valid
INVT003614,PO003614,P0247,WH010,2026-05-07,72,646,652,66,303,118,2150874.66,Reorder,0.23,66,Valid
INVT003615,PO003615,P0220,WH006,2026-04-03,113,802,123,792,30,160,71177150.88,Overstock,3.81,792,Valid
INVT003616,PO003616,P0085,WH008,2025-01-05,171,684,508,347,306,81,22841663.64,Normal,1.71,347,Valid
INVT003617,PO003617,P0062,WH009,2026-01-05,1090,447,323,1214,299,57,87507487.3,Normal,4.54,1214,Valid
INVT003618,PO003618,P0126,WH009,2025-03-20,347,446,580,213,226,14,12791310.3,Reorder,0.8,213,Valid
INVT003619,PO003619,P0111,WH007,2025-09-04,149,614,298,465,40,62,6441928.65,Overstock,8.06,465,Valid
INVT003620,PO003620,P0076,WH009,2025-02-27,992,661,813,840,315,60,58162717.2,Normal,3.14,840,Valid
INVT003621,PO003621,P0154,WH007,2025-08-24,499,276,346,429,404,23,13963563.9,Normal,7.44,429,Valid
INVT003622,PO003622,P0008,WH005,2025-11-01,303,989,62,1230,81,100,76205658.6,Overstock,5.29,1230,Valid
INVT003623,PO003623,P0259,WH006,2025-07-27,140,825,530,435,70,12,34823311.65,Overstock,2.1,435,Valid
INVT003624,PO003624,P0013,WH006,2025-09-16,1593,994,1010,1577,440,231,27210330.73,Normal,7.6,1577,Valid
INVT003625,PO003625,P0076,WH010,2026-05-07,548,870,1145,273,315,60,18289831.56,Reorder,0.9400000000000001,273,Valid
INVT003626,PO003626,P0278,WH010,2025-05-29,1904,567,263,2208,495,236,45727017.6,Normal,7.63,2208,Valid
INVT003627,PO003627,P0143,WH010,2025-12-29,93,106,68,131,36,230,11455680.14,Normal,0.45,131,Valid
INVT003628,PO003628,P0124,WH008,2025-09-06,121,194,201,114,411,167,7463015.7,Reorder,0.56,114,Valid
INVT003629,PO003629,P0117,WH008,2025-07-01,1785,10,15,1780,490,224,91504246.4,Normal,8.75,1780,Valid
INVT003630,PO003630,P0009,WH005,2025-02-12,984,242,295,931,435,127,41831626.83,Normal,4.01,931,Valid
INVT003631,PO003631,P0132,WH007,2025-04-23,245,60,57,248,62,174,6980932.16,Normal,4.3,248,Valid
INVT003632,PO003632,P0120,WH008,2025-01-13,775,325,367,733,236,214,57456652.13,Normal,3.6,733,Valid
INVT003633,PO003633,P0020,WH010,2025-08-24,73,700,278,495,28,180,33516009.45,Overstock,1.71,495,Valid
INVT003634,PO003634,P0188,WH006,2026-04-08,1131,923,635,1419,324,165,2890928.7,Normal,6.83,1419,Valid
INVT003635,PO003635,P0014,WH006,2026-06-30,18,725,274,469,31,150,11114798.17,Overstock,2.26,469,Valid
INVT003636,PO003636,P0081,WH010,2026-07-31,800,567,92,1275,211,168,37293189.0,Overstock,4.4,1275,Valid
INVT003637,PO003637,P0250,WH006,2025-03-20,1117,984,624,1477,485,23,95435823.28,Normal,7.11,1477,Valid
INVT003638,PO003638,P0299,WH006,2025-09-10,262,596,256,602,471,18,4365716.04,Normal,2.9,602,Valid
INVT003639,PO003639,P0061,WH007,2026-03-10,813,575,647,741,232,52,27968704.14,Normal,12.85,741,Valid
INVT003640,PO003640,P0258,WH007,2025-12-27,1212,16,4,1224,331,246,36647123.04,Normal,21.22,1224,Valid
INVT003641,PO003641,P0155,WH007,2025-08-17,803,242,343,702,338,157,30195196.2,Normal,12.17,702,Valid
INVT003642,PO003642,P0113,WH007,2025-07-26,44,94,2,136,63,183,8104600.4,Normal,2.36,136,Valid
INVT003643,PO003643,P0074,WH009,2026-06-10,23,241,59,205,87,78,10710764.15,Normal,0.77,205,Valid
INVT003644,PO003644,P0095,WH006,2025-05-31,1292,764,348,1708,393,151,47028806.44,Normal,8.23,1708,Valid
INVT003645,PO003645,P0038,WH008,2026-01-12,1218,26,28,1216,339,40,33616867.2,Normal,5.98,1216,Valid
INVT003646,PO003646,P0046,WH010,2025-11-24,1420,871,1016,1275,486,202,54266448.0,Normal,4.4,1275,Valid
INVT003647,PO003647,P0267,WH006,2026-05-03,12,118,144,0,309,30,0.0,Stockout,0.0,0,Valid
INVT003648,PO003648,P0230,WH008,2026-03-15,1075,557,639,993,346,159,55500259.5,Normal,4.88,993,Valid
INVT003649,PO003649,P0262,WH008,2025-07-07,14,870,694,190,159,57,12529580.4,Normal,0.93,190,Valid
INVT003650,PO003650,P0213,WH005,2025-01-08,104,419,284,239,76,205,16481820.01,Normal,1.03,239,Valid
INVT003651,PO003651,P0242,WH007,2025-05-12,767,585,595,757,228,88,8672608.35,Normal,13.13,757,Valid
INVT003652,PO003652,P0073,WH008,2025-03-05,39,197,76,160,216,72,4623753.6,Reorder,0.79,160,Valid
INVT003653,PO003653,P0144,WH009,2025-06-06,689,604,766,527,391,246,24722940.2,Normal,1.97,527,Valid
INVT003654,PO003654,P0225,WH009,2026-07-08,1315,226,210,1331,347,132,95974949.4,Normal,4.97,1331,Valid
INVT003655,PO003655,P0055,WH009,2025-04-11,854,569,695,728,437,63,23004821.84,Normal,2.7199999999999998,728,Valid
INVT003656,PO003656,P0064,WH005,2025-12-01,512,819,847,484,499,106,34652933.48,Reorder,2.08,484,Valid
INVT003657,PO003657,P0125,WH007,2025-08-10,556,806,157,1205,177,14,13834400.15,Overstock,20.89,1205,Valid
INVT003658,PO003658,P0248,WH008,2026-04-30,928,441,573,796,444,184,65458096.84,Normal,3.91,796,Valid
INVT003659,PO003659,P0172,WH006,2026-06-13,296,780,908,168,170,34,66739.68,Reorder,0.81,168,Valid
INVT003660,PO003660,P0115,WH008,2025-07-05,156,862,1240,0,150,154,0.0,Stockout,0.0,0,Valid
INVT003661,PO003661,P0176,WH010,2026-06-25,152,233,229,156,174,94,5270781.36,Reorder,0.54,156,Valid
INVT003662,PO003662,P0168,WH007,2026-04-18,316,143,162,297,156,80,26468441.01,Normal,5.15,297,Valid
INVT003663,PO003663,P0037,WH010,2026-06-16,82,329,275,136,344,50,4109662.96,Reorder,0.47000000000000003,136,Valid
INVT003664,PO003664,P0254,WH009,2025-03-14,141,745,146,740,193,239,50728391.2,Normal,2.77,740,Valid
INVT003665,PO003665,P0217,WH010,2025-08-05,359,388,246,501,394,47,32648481.63,Normal,1.73,501,Valid
INVT003666,PO003666,P0242,WH008,2025-07-05,524,155,113,566,228,88,6674073.9,Normal,2.7800000000000002,566,Valid
INVT003667,PO003667,P0288,WH009,2025-10-26,124,349,270,203,42,71,7156013.9,Normal,0.76,203,Valid
INVT003668,PO003668,P0036,WH010,2025-12-02,999,126,78,1047,499,189,80233180.5,Normal,3.62,1047,Valid
INVT003669,PO003669,P0177,WH009,2025-12-08,1590,639,404,1825,450,112,116190778.5,Normal,6.82,1825,Valid
INVT003670,PO003670,P0029,WH007,2026-01-25,486,697,214,969,236,45,60905710.11,Normal,16.8,969,Valid
INVT003671,PO003671,P0005,WH010,2025-08-15,538,855,175,1218,145,104,41674271.94,Overstock,4.21,1218,Valid
INVT003672,PO003672,P0238,WH009,2025-12-06,464,582,862,184,179,171,9380739.52,Normal,0.6900000000000001,184,Valid
INVT003673,PO003673,P0136,WH008,2026-05-25,1313,962,1069,1206,441,74,44705008.98,Normal,5.93,1206,Valid
INVT003674,PO003674,P0051,WH009,2026-03-08,882,572,295,1159,387,133,6580176.14,Normal,4.33,1159,Valid
INVT003675,PO003675,P0014,WH009,2025-03-08,41,162,72,131,31,150,3248260.28,Normal,0.49,131,Valid
INVT003676,PO003676,P0283,WH006,2026-04-16,1078,625,606,1097,321,33,61284497.38,Normal,5.28,1097,Valid
INVT003677,PO003677,P0253,WH008,2025-03-29,1194,31,24,1201,310,246,82362658.4,Normal,5.91,1201,Valid
INVT003678,PO003678,P0176,WH006,2026-01-06,557,655,609,603,174,94,20944493.46,Normal,2.9,603,Valid
INVT003679,PO003679,P0291,WH008,2025-07-22,1061,651,665,1047,329,249,86123633.91,Normal,5.15,1047,Valid
INVT003680,PO003680,P0107,WH008,2025-04-08,904,299,242,961,328,235,29563329.49,Normal,4.73,961,Valid
INVT003681,PO003681,P0199,WH008,2026-04-18,1147,508,653,1002,325,187,59312227.68,Normal,4.93,1002,Valid
INVT003682,PO003682,P0161,WH005,2025-02-14,68,230,81,217,40,242,10029401.48,Overstock,0.93,217,Valid
INVT003683,PO003683,P0166,WH010,2025-11-28,91,984,630,445,209,166,9337047.85,Normal,1.54,445,Valid
INVT003684,PO003684,P0033,WH008,2025-01-10,908,108,74,942,441,103,43812495.36,Normal,4.63,942,Valid
INVT003685,PO003685,P0293,WH008,2026-03-25,245,50,46,249,212,211,10808641.8,Normal,1.22,249,Valid
INVT003686,PO003686,P0252,WH009,2025-11-29,1433,731,881,1283,413,213,1520496.13,Normal,4.8,1283,Valid
INVT003687,PO003687,P0073,WH006,2025-06-04,227,472,42,657,216,72,20650994.82,Normal,3.16,657,Valid
INVT003688,PO003688,P0034,WH007,2026-08-02,87,973,1040,20,108,45,894846.4,Reorder,0.35000000000000003,20,Valid
INVT003689,PO003689,P0265,WH006,2025-03-12,437,33,17,453,167,227,13128651.21,Normal,2.18,453,Valid
INVT003690,PO003690,P0007,WH005,2026-08-03,200,380,126,454,194,82,25765657.7,Normal,1.9500000000000002,454,Valid
INVT003691,PO003691,P0164,WH005,2025-06-14,690,670,201,1159,419,83,95537192.89,Normal,4.99,1159,Valid
INVT003692,PO003692,P0130,WH008,2026-03-05,422,938,202,1158,173,58,34228951.44,Overstock,5.69,1158,Valid
INVT003693,PO003693,P0202,WH008,2025-11-06,491,999,1128,362,297,174,11563543.38,Normal,1.78,362,Valid
INVT003694,PO003694,P0182,WH005,2026-07-11,169,463,281,351,293,195,7128504.63,Normal,1.51,351,Valid
INVT003695,PO003695,P0132,WH007,2025-07-03,68,441,562,0,62,174,0.0,Stockout,0.0,0,Valid
INVT003696,PO003696,P0153,WH005,2025-03-21,657,775,1141,291,441,216,8327226.9,Reorder,1.25,291,Valid
INVT003697,PO003697,P0292,WH008,2026-02-18,693,736,358,1071,355,98,63341649.63,Normal,5.27,1071,Valid
INVT003698,PO003698,P0199,WH006,2025-11-19,241,106,108,239,325,187,14564356.47,Reorder,1.15,239,Valid
INVT003699,PO003699,P0149,WH009,2026-03-07,1503,812,683,1632,487,100,70960535.04,Normal,6.1,1632,Valid
INVT003700,PO003700,P0281,WH009,2026-06-07,252,416,298,370,94,20,22935682.1,Normal,1.38,370,Valid
INVT003701,PO003701,P0136,WH007,2025-01-03,545,522,419,648,441,74,22797735.12,Normal,11.24,648,Valid
INVT003702,PO003702,P0298,WH007,2025-08-12,1671,525,660,1536,432,66,23098168.32,Normal,26.63,1536,Valid
INVT003703,PO003703,P0297,WH008,2026-07-12,1206,66,14,1258,364,12,29120750.1,Normal,6.19,1258,Valid
INVT003704,PO003704,P0221,WH005,2026-05-14,495,467,296,666,187,23,32640247.08,Normal,2.87,666,Valid
INVT003705,PO003705,P0183,WH005,2026-01-29,401,538,2,937,482,121,57272541.47,Normal,4.03,937,Valid
INVT003706,PO003706,P0025,WH006,2025-12-27,1121,39,20,1140,417,19,16881439.2,Normal,5.49,1140,Valid
INVT003707,PO003707,P0196,WH009,2026-06-06,307,830,639,498,236,215,31027521.48,Normal,1.8599999999999999,498,Valid
INVT003708,PO003708,P0045,WH010,2026-07-10,782,337,339,780,388,79,34526013.6,Normal,2.69,780,Valid
INVT003709,PO003709,P0114,WH007,2026-03-20,54,78,32,100,70,236,7260291.0,Normal,1.73,100,Valid
INVT003710,PO003710,P0102,WH005,2025-01-16,784,631,567,848,209,117,48982184.48,Normal,3.65,848,Valid
INVT003711,PO003711,P0229,WH009,2026-07-18,804,285,164,925,220,105,6883868.5,Normal,3.46,925,Valid
INVT003712,PO003712,P0084,WH009,2025-03-05,130,726,229,627,239,88,24458241.72,Normal,2.34,627,Valid
INVT003713,PO003713,P0004,WH005,2025-06-16,213,487,67,633,310,85,41854725.93,Normal,2.7199999999999998,633,Valid
INVT003714,PO003714,P0228,WH006,2026-01-09,1149,700,12,1837,351,11,163677306.2,Overstock,8.85,1837,Valid
INVT003715,PO003715,P0002,WH005,2026-03-24,869,871,575,1165,301,86,99397998.05,Normal,5.01,1165,Valid
INVT003716,PO003716,P0153,WH007,2025-08-07,224,168,244,148,441,216,4370986.12,Reorder,2.5700000000000003,148,Valid
INVT003717,PO003717,P0281,WH006,2025-02-02,75,909,1179,0,94,20,0.0,Stockout,0.0,0,Valid
INVT003718,PO003718,P0029,WH005,2026-07-23,464,523,221,766,236,45,47935613.58,Normal,3.3,766,Valid
INVT003719,PO003719,P0013,WH008,2025-09-14,111,561,727,0,440,231,0.0,Stockout,0.0,0,Valid
INVT003720,PO003720,P0232,WH008,2025-10-29,213,818,938,93,293,69,3129476.04,Reorder,0.46,93,Valid
INVT003721,PO003721,P0224,WH008,2026-07-28,441,629,187,883,187,112,32452960.81,Normal,4.34,883,Valid
INVT003722,PO003722,P0058,WH010,2025-09-17,1511,118,154,1475,459,191,12494990.5,Normal,5.09,1475,Valid
INVT003723,PO003723,P0141,WH005,2026-07-25,655,712,197,1170,230,103,25906374.0,Overstock,5.04,1170,Valid
INVT003724,PO003724,P0032,WH009,2026-05-02,427,92,23,496,237,188,9012682.08,Normal,1.85,496,Valid
INVT003725,PO003725,P0292,WH005,2026-06-09,1077,358,3,1432,355,98,90746112.08,Normal,6.16,1432,Valid
INVT003726,PO003726,P0061,WH010,2025-11-12,1,660,459,202,232,52,7553915.24,Reorder,0.7000000000000001,202,Valid
INVT003727,PO003727,P0086,WH009,2026-05-02,326,960,268,1018,442,229,44468693.38,Normal,3.8,1018,Valid
INVT003728,PO003728,P0008,WH009,2025-08-09,37,570,279,328,81,100,21733447.28,Normal,1.23,328,Valid
INVT003729,PO003729,P0238,WH010,2025-02-27,352,308,107,553,179,171,25537744.61,Normal,1.9100000000000001,553,Valid
INVT003730,PO003730,P0296,WH005,2025-12-29,915,295,363,847,422,228,33398700.72,Normal,3.65,847,Valid
INVT003731,PO003731,P0120,WH005,2026-01-30,52,60,25,87,236,214,7120815.15,Reorder,0.37,87,Valid
INVT003732,PO003732,P0167,WH008,2025-12-07,464,197,172,489,451,169,8877604.29,Normal,2.4,489,Valid
INVT003733,PO003733,P0018,WH007,2026-05-18,634,761,561,834,357,159,27359461.74,Normal,14.46,834,Valid
INVT003734,PO003734,P0036,WH009,2025-09-28,215,518,434,299,499,189,22441720.08,Reorder,1.12,299,Valid
INVT003735,PO003735,P0094,WH005,2025-11-10,2,937,824,115,216,65,3112170.25,Reorder,0.49,115,Valid
INVT003736,PO003736,P0293,WH010,2025-10-24,656,68,13,711,212,211,36368233.02,Normal,2.46,711,Valid
INVT003737,PO003737,P0232,WH008,2026-02-10,332,941,1096,177,293,69,6067779.48,Reorder,0.87,177,Valid
INVT003738,PO003738,P0129,WH008,2025-05-22,34,506,462,78,126,140,1585800.06,Reorder,0.38,78,Valid
INVT003739,PO003739,P0172,WH008,2026-02-10,580,445,340,685,170,34,304537.3,Normal,3.37,685,Valid
INVT003740,PO003740,P0260,WH008,2025-12-11,538,233,10,761,341,72,21401679.1,Normal,3.74,761,Valid
INVT003741,PO003741,P0084,WH005,2026-04-26,934,440,231,1143,239,88,45202701.06,Normal,4.92,1143,Valid
INVT003742,PO003742,P0145,WH005,2025-01-24,92,705,636,161,30,79,11358896.15,Overstock,0.6900000000000001,161,Valid
INVT003743,PO003743,P0036,WH005,2026-04-01,1117,680,113,1684,499,189,139444142.0,Normal,7.25,1684,Valid
INVT003744,PO003744,P0249,WH009,2025-08-06,885,857,349,1393,257,96,15837393.11,Overstock,5.21,1393,Valid
INVT003745,PO003745,P0037,WH005,2026-04-05,604,603,9,1198,344,50,43253610.3,Normal,5.16,1198,Valid
INVT003746,PO003746,P0045,WH007,2025-06-06,1166,698,960,904,388,79,42223598.08,Normal,15.68,904,Valid
INVT003747,PO003747,P0124,WH006,2026-03-06,1542,38,54,1526,411,167,99094228.24,Normal,7.35,1526,Valid
INVT003748,PO003748,P0084,WH005,2025-12-25,312,174,10,476,239,88,16904640.2,Normal,2.05,476,Valid
INVT003749,PO003749,P0009,WH009,2026-01-30,1458,111,61,1508,435,127,62972074.36,Normal,5.64,1508,Valid
INVT003750,PO003750,P0296,WH005,2025-07-02,1403,388,473,1318,422,228,52960508.64,Normal,5.67,1318,Valid
INVT003751,PO003751,P0064,WH009,2025-06-21,239,72,38,273,499,106,21453347.37,Reorder,1.02,273,Valid
INVT003752,PO003752,P0159,WH006,2025-05-15,207,146,185,168,290,206,4620737.52,Reorder,0.81,168,Valid
INVT003753,PO003753,P0054,WH010,2025-09-12,456,412,535,333,114,156,14243988.42,Normal,1.15,333,Valid
INVT003754,PO003754,P0238,WH007,2025-01-19,666,818,307,1177,179,171,57945028.24,Overstock,20.41,1177,Valid
INVT003755,PO003755,P0049,WH006,2025-05-21,1273,479,251,1501,495,201,39873494.62,Normal,7.23,1501,Valid
INVT003756,PO003756,P0211,WH010,2025-03-28,480,734,357,857,173,144,35362348.15,Normal,2.96,857,Valid
INVT003757,PO003757,P0122,WH010,2026-04-18,434,621,412,643,208,225,29384379.84,Normal,2.22,643,Valid
INVT003758,PO003758,P0251,WH008,2025-12-31,158,441,65,534,184,38,19611406.32,Normal,2.63,534,Valid
INVT003759,PO003759,P0150,WH007,2025-07-08,260,857,57,1060,80,75,64437071.4,Overstock,18.38,1060,Valid
INVT003760,PO003760,P0003,WH009,2025-01-11,376,993,753,616,234,143,46718524.16,Normal,2.3,616,Valid
INVT003761,PO003761,P0261,WH005,2025-01-29,91,542,733,0,132,180,0.0,Stockout,0.0,0,Valid
INVT003762,PO003762,P0002,WH007,2025-08-16,57,645,923,0,301,86,0.0,Stockout,0.0,0,Valid
INVT003763,PO003763,P0234,WH010,2025-07-21,478,607,633,452,150,113,11154993.88,Normal,1.56,452,Valid
INVT003764,PO003764,P0198,WH010,2025-11-29,50,210,261,0,38,223,0.0,Stockout,0.0,0,Valid
INVT003765,PO003765,P0268,WH009,2026-05-30,619,822,382,1059,208,247,22072186.32,Overstock,3.96,1059,Valid
INVT003766,PO003766,P0233,WH006,2026-02-25,46,572,227,391,59,136,13119660.92,Overstock,1.88,391,Valid
INVT003767,PO003767,P0247,WH009,2025-08-05,260,726,91,895,303,118,28274562.55,Normal,3.35,895,Valid
INVT003768,PO003768,P0057,WH006,2026-01-09,83,897,244,736,45,53,32359697.28,Overstock,3.54,736,Valid
INVT003769,PO003769,P0101,WH009,2025-03-23,14,406,569,0,36,204,0.0,Stockout,0.0,0,Valid
INVT003770,PO003770,P0155,WH006,2025-05-06,305,842,1070,77,338,157,3409408.31,Reorder,0.37,77,Valid
INVT003771,PO003771,P0252,WH007,2026-04-06,2,719,804,0,413,213,0.0,Stockout,0.0,0,Valid
INVT003772,PO003772,P0207,WH007,2025-08-14,10,168,200,0,32,142,0.0,Stockout,0.0,0,Valid
INVT003773,PO003773,P0234,WH005,2026-04-11,174,584,161,597,150,113,15110446.11,Normal,2.5700000000000003,597,Valid
INVT003774,PO003774,P0260,WH009,2025-10-24,221,44,61,204,341,72,6533183.64,Reorder,0.76,204,Valid
INVT003775,PO003775,P0079,WH005,2026-02-24,45,716,662,99,63,108,4482741.78,Normal,0.43,99,Valid
INVT003776,PO003776,P0028,WH006,2025-05-11,21,923,297,647,29,232,9200242.95,Overstock,3.12,647,Valid
INVT003777,PO003777,P0287,WH007,2025-12-18,370,723,154,939,254,99,75019057.5,Normal,16.28,939,Valid
INVT003778,PO003778,P0250,WH010,2026-06-15,1203,99,129,1173,485,23,66222735.51,Normal,4.05,1173,Valid
INVT003779,PO003779,P0259,WH005,2025-07-04,191,493,530,154,70,12,13449603.86,Normal,0.66,154,Valid
INVT003780,PO003780,P0158,WH010,2026-03-21,688,727,547,868,298,222,32782615.32,Normal,3.0,868,Valid
INVT003781,PO003781,P0019,WH009,2025-08-17,389,359,369,379,417,37,17065987.21,Reorder,1.42,379,Valid
INVT003782,PO003782,P0218,WH005,2026-06-09,49,135,191,0,52,176,0.0,Stockout,0.0,0,Valid
INVT003783,PO003783,P0065,WH005,2026-01-11,950,279,196,1033,390,19,45646431.26,Normal,4.45,1033,Valid
INVT003784,PO003784,P0164,WH006,2025-04-13,767,855,797,825,419,83,71092461.0,Normal,3.9699999999999998,825,Valid
INVT003785,PO003785,P0047,WH008,2025-11-09,23,106,16,113,224,237,9337187.74,Reorder,0.56,113,Valid
INVT003786,PO003786,P0044,WH010,2026-04-03,292,723,583,432,177,19,21894649.92,Normal,1.49,432,Valid
INVT003787,PO003787,P0143,WH008,2026-03-25,75,895,92,878,36,230,74891942.52,Overstock,4.32,878,Valid
INVT003788,PO003788,P0237,WH007,2026-07-27,675,386,279,782,290,24,19211902.3,Normal,13.56,782,Valid
INVT003789,PO003789,P0185,WH010,2026-05-26,415,653,246,822,166,111,42348601.56,Normal,2.84,822,Valid
INVT003790,PO003790,P0136,WH005,2025-06-22,958,402,372,988,441,74,37029686.72,Normal,4.25,988,Valid
INVT003791,PO003791,P0235,WH009,2026-07-19,1012,886,344,1554,300,200,84231974.82,Overstock,5.8100000000000005,1554,Valid
INVT003792,PO003792,P0286,WH005,2025-04-11,904,327,368,863,421,85,49751975.89,Normal,3.71,863,Valid
INVT003793,PO003793,P0027,WH005,2026-02-13,139,512,596,55,495,214,3497709.05,Reorder,0.24,55,Valid
INVT003794,PO003794,P0143,WH007,2025-01-23,113,815,390,538,36,230,44662053.86,Overstock,9.33,538,Valid
INVT003795,PO003795,P0083,WH007,2025-02-09,590,481,548,523,435,180,31238371.6,Normal,9.07,523,Valid
INVT003796,PO003796,P0147,WH007,2025-02-08,1195,890,141,1944,335,66,149284736.6,Overstock,33.71,1944,Valid
INVT003797,PO003797,P0138,WH007,2025-09-12,527,593,571,549,183,201,31820720.76,Normal,9.52,549,Valid
INVT003798,PO003798,P0288,WH009,2025-05-22,145,192,9,328,42,71,10457915.92,Overstock,1.23,328,Valid
INVT003799,PO003799,P0194,WH006,2025-09-06,387,506,497,396,145,42,26301021.12,Normal,1.9100000000000001,396,Valid
INVT003800,PO003800,P0059,WH006,2026-06-05,124,225,81,268,460,48,15995111.0,Reorder,1.29,268,Valid
INVT003801,PO003801,P0014,WH005,2025-06-14,22,31,18,35,31,150,886480.0,Normal,0.15,35,Valid
INVT003802,PO003802,P0220,WH005,2025-12-11,72,520,355,237,30,160,21022134.63,Overstock,1.02,237,Valid
INVT003803,PO003803,P0235,WH010,2025-05-11,455,831,626,660,300,200,36324822.6,Normal,2.2800000000000002,660,Valid
INVT003804,PO003804,P0143,WH008,2025-06-02,45,890,628,307,36,230,27361451.75,Overstock,1.51,307,Valid
INVT003805,PO003805,P0262,WH005,2026-08-04,606,262,97,771,159,57,50822022.42,Normal,3.32,771,Valid
INVT003806,PO003806,P0253,WH010,2025-03-19,407,195,105,497,310,246,38495313.92,Normal,1.72,497,Valid
INVT003807,PO003807,P0007,WH005,2025-05-09,337,660,662,335,194,82,19033661.5,Normal,1.44,335,Valid
INVT003808,PO003808,P0232,WH008,2026-02-20,628,995,667,956,293,69,34839689.64,Normal,4.7,956,Valid
INVT003809,PO003809,P0187,WH006,2026-04-27,258,711,954,15,114,24,599066.55,Reorder,0.07,15,Valid
INVT003810,PO003810,P0277,WH007,2026-07-30,23,816,1118,0,33,25,0.0,Stockout,0.0,0,Valid
INVT003811,PO003811,P0023,WH010,2025-02-01,956,452,568,840,301,65,17074167.6,Normal,2.9,840,Valid
INVT003812,PO003812,P0274,WH005,2026-07-09,1261,488,219,1530,321,164,126243513.0,Normal,6.58,1530,Valid
INVT003813,PO003813,P0042,WH010,2025-07-07,126,361,367,120,131,24,7742716.8,Reorder,0.41000000000000003,120,Valid
INVT003814,PO003814,P0282,WH009,2025-01-10,222,956,6,1172,246,248,52743691.8,Normal,4.38,1172,Valid
INVT003815,PO003815,P0021,WH007,2025-03-26,574,889,1136,327,254,131,9564622.47,Normal,5.67,327,Valid
INVT003816,PO003816,P0275,WH010,2026-04-15,113,517,546,84,361,144,2850876.84,Reorder,0.29,84,Valid
INVT003817,PO003817,P0125,WH008,2025-09-10,155,53,38,170,177,14,2062683.1,Reorder,0.84,170,Valid
INVT003818,PO003818,P0040,WH010,2025-07-14,407,783,384,806,191,99,31131008.48,Normal,2.7800000000000002,806,Valid
INVT003819,PO003819,P0189,WH009,2026-01-31,254,228,200,282,72,109,12975936.72,Normal,1.05,282,Valid
INVT003820,PO003820,P0188,WH009,2025-08-08,1099,302,190,1211,324,165,2494357.25,Normal,4.53,1211,Valid
INVT003821,PO003821,P0072,WH005,2026-07-16,687,276,135,828,290,216,5754831.84,Normal,3.56,828,Valid
INVT003822,PO003822,P0111,WH007,2026-04-14,127,750,652,225,40,62,3358671.75,Overstock,3.9,225,Valid
INVT003823,PO003823,P0264,WH008,2025-01-27,219,863,29,1053,126,166,15859970.1,Overstock,5.18,1053,Valid
INVT003824,PO003824,P0173,WH006,2025-05-04,1213,538,789,962,340,55,31742344.4,Normal,4.63,962,Valid
INVT003825,PO003825,P0030,WH007,2025-09-15,91,872,1152,0,258,168,0.0,Stockout,0.0,0,Valid
INVT003826,PO003826,P0284,WH007,2025-12-04,618,827,856,589,318,224,20231042.68,Normal,10.21,589,Valid
INVT003827,PO003827,P0102,WH006,2026-05-28,483,392,15,860,209,117,42675702.6,Normal,4.14,860,Valid
INVT003828,PO003828,P0053,WH010,2025-03-31,59,406,124,341,53,166,11393205.56,Overstock,1.18,341,Valid
INVT003829,PO003829,P0218,WH008,2026-03-08,45,800,964,0,52,176,0.0,Stockout,0.0,0,Valid
INVT003830,PO003830,P0195,WH007,2025-02-01,204,657,567,294,97,205,15245234.76,Normal,5.1,294,Valid
INVT003831,PO003831,P0293,WH006,2026-02-01,709,671,121,1259,212,211,62319329.13,Overstock,6.06,1259,Valid
INVT003832,PO003832,P0196,WH010,2025-11-06,224,380,101,503,236,215,36979961.43,Normal,1.74,503,Valid
INVT003833,PO003833,P0213,WH008,2025-07-16,186,45,39,192,76,205,11793381.12,Normal,0.9400000000000001,192,Valid
INVT003834,PO003834,P0105,WH007,2025-11-12,460,864,901,423,175,213,4498046.64,Normal,7.33,423,Valid
INVT003835,PO003835,P0100,WH005,2025-05-23,935,30,2,963,311,64,736425.36,Normal,4.14,963,Valid
INVT003836,PO003836,P0179,WH008,2025-12-10,260,354,377,237,128,245,1852015.17,Normal,1.17,237,Valid
INVT003837,PO003837,P0008,WH008,2026-01-26,28,246,177,97,81,100,6402843.9,Normal,0.48,97,Valid
INVT003838,PO003838,P0137,WH007,2026-03-05,696,798,744,750,180,28,12579165.0,Normal,13.01,750,Valid
INVT003839,PO003839,P0227,WH009,2026-07-20,388,945,1363,0,109,237,0.0,Stockout,0.0,0,Valid
INVT003840,PO003840,P0049,WH007,2025-03-12,1458,167,174,1451,495,201,37524804.34,Normal,25.16,1451,Valid
INVT003841,PO003841,P0186,WH009,2025-05-13,328,263,36,555,147,34,32918370.9,Normal,2.07,555,Valid
INVT003842,PO003842,P0144,WH005,2025-11-02,341,903,391,853,391,246,37657271.58,Normal,3.67,853,Valid
INVT003843,PO003843,P0088,WH010,2025-11-03,1121,940,399,1662,384,57,34337086.2,Normal,5.74,1662,Valid
INVT003844,PO003844,P0004,WH007,2026-02-24,1147,667,835,979,310,85,71485277.93,Normal,16.98,979,Valid
INVT003845,PO003845,P0280,WH010,2025-02-24,168,915,1283,0,269,158,0.0,Stockout,0.0,0,Valid
INVT003846,PO003846,P0001,WH010,2026-03-29,1101,557,207,1451,364,114,70115932.99,Normal,5.01,1451,Valid
INVT003847,PO003847,P0265,WH007,2025-12-26,368,377,182,563,167,227,15661235.61,Normal,9.76,563,Valid
INVT003848,PO003848,P0272,WH009,2026-04-21,106,151,117,140,133,17,9886168.6,Normal,0.52,140,Valid
INVT003849,PO003849,P0183,WH009,2025-07-23,1389,405,293,1501,482,121,97759319.46,Normal,5.61,1501,Valid
INVT003850,PO003850,P0142,WH006,2025-06-13,1116,348,71,1393,301,101,68341415.8,Normal,6.71,1393,Valid
INVT003851,PO003851,P0030,WH008,2026-07-19,904,525,169,1260,258,168,91682022.6,Normal,6.2,1260,Valid
INVT003852,PO003852,P0064,WH010,2026-02-06,769,680,286,1163,499,106,88540085.51,Normal,4.02,1163,Valid
INVT003853,PO003853,P0024,WH006,2025-06-21,940,615,170,1385,413,147,36244300.45,Normal,6.67,1385,Valid
INVT003854,PO003854,P0246,WH008,2025-10-03,102,809,340,571,213,207,41472363.81,Normal,2.81,571,Valid
INVT003855,PO003855,P0245,WH005,2026-05-30,334,255,29,560,190,168,30688912.8,Normal,2.41,560,Valid
INVT003856,PO003856,P0064,WH006,2025-09-21,389,91,9,471,499,106,37350902.88,Reorder,2.27,471,Valid
INVT003857,PO003857,P0196,WH008,2025-09-15,163,39,44,158,236,215,10955099.06,Reorder,0.78,158,Valid
INVT003858,PO003858,P0068,WH009,2025-03-02,1216,176,63,1329,409,202,7076220.63,Normal,4.97,1329,Valid
INVT003859,PO003859,P0034,WH009,2025-02-16,209,586,306,489,108,45,21307568.64,Normal,1.83,489,Valid
INVT003860,PO003860,P0094,WH007,2025-01-27,428,95,79,444,216,65,11679748.56,Normal,7.7,444,Valid
INVT003861,PO003861,P0041,WH008,2025-03-07,75,730,170,635,372,143,22249155.4,Normal,3.12,635,Valid
INVT003862,PO003862,P0269,WH009,2025-08-11,644,770,65,1349,252,243,109292742.4,Overstock,5.04,1349,Valid
INVT003863,PO003863,P0004,WH007,2025-06-17,254,944,510,688,310,85,45254108.16,Normal,11.93,688,Valid
INVT003864,PO003864,P0086,WH006,2025-05-22,1306,20,26,1300,442,229,52306137.0,Normal,6.26,1300,Valid
INVT003865,PO003865,P0204,WH005,2025-02-17,737,305,35,1007,309,156,72290455.58,Normal,4.33,1007,Valid
INVT003866,PO003866,P0284,WH006,2025-02-09,1058,354,454,958,318,224,34147823.78,Normal,4.61,958,Valid
INVT003867,PO003867,P0024,WH009,2025-01-11,789,433,617,605,413,147,18221008.85,Normal,2.26,605,Valid
INVT003868,PO003868,P0050,WH007,2025-11-12,555,33,35,553,162,116,22792752.15,Normal,9.59,553,Valid
INVT003869,PO003869,P0264,WH007,2025-11-21,5,596,796,0,126,166,0.0,Stockout,0.0,0,Valid
INVT003870,PO003870,P0220,WH005,2026-03-15,93,246,285,54,30,160,4327279.2,Normal,0.23,54,Valid
INVT003871,PO003871,P0002,WH008,2026-05-05,64,62,78,48,301,86,3552987.36,Reorder,0.24,48,Valid
INVT003872,PO003872,P0255,WH008,2025-10-05,173,933,936,170,163,172,7474129.9,Normal,0.84,170,Valid
INVT003873,PO003873,P0069,WH007,2025-03-08,1059,657,876,840,302,96,34619096.4,Normal,14.57,840,Valid
INVT003874,PO003874,P0250,WH010,2026-04-17,1464,448,105,1807,485,23,113156291.6,Normal,6.24,1807,Valid
INVT003875,PO003875,P0227,WH005,2025-06-25,214,147,54,307,109,237,8191254.27,Normal,1.32,307,Valid
INVT003876,PO003876,P0081,WH008,2025-05-23,403,322,203,522,211,168,16306815.42,Normal,2.5700000000000003,522,Valid
INVT003877,PO003877,P0106,WH009,2025-10-08,744,309,419,634,213,184,11622488.0,Normal,2.37,634,Valid
INVT003878,PO003878,P0294,WH007,2025-09-16,1224,520,455,1289,481,19,55750139.41,Normal,22.35,1289,Valid
INVT003879,PO003879,P0165,WH005,2026-01-12,879,894,82,1691,491,224,87312333.05,Normal,7.28,1691,Valid
INVT003880,PO003880,P0020,WH006,2025-04-02,21,708,51,678,28,180,43487394.6,Overstock,3.27,678,Valid
INVT003881,PO003881,P0009,WH008,2025-11-19,1264,739,914,1089,435,127,45993860.55,Normal,5.35,1089,Valid
INVT003882,PO003882,P0063,WH009,2025-07-22,1750,229,294,1685,443,35,54015185.65,Normal,6.3,1685,Valid
INVT003883,PO003883,P0044,WH005,2025-08-18,32,880,341,571,177,19,28911026.17,Normal,2.46,571,Valid
INVT003884,PO003884,P0270,WH010,2026-08-01,518,421,540,399,429,112,29015084.49,Reorder,1.38,399,Valid
INVT003885,PO003885,P0125,WH010,2025-07-07,121,693,600,214,177,14,2757449.92,Normal,0.74,214,Valid
INVT003886,PO003886,P0198,WH005,2025-03-07,121,139,111,149,38,223,10979218.47,Normal,0.64,149,Valid
INVT003887,PO003887,P0183,WH009,2025-05-20,1167,552,152,1567,482,121,97585128.71,Normal,5.86,1567,Valid
INVT003888,PO003888,P0239,WH007,2025-12-25,1039,853,724,1168,338,96,63093713.12,Normal,20.25,1168,Valid
INVT003889,PO003889,P0087,WH005,2025-07-23,645,719,915,449,237,242,35606826.99,Normal,1.9300000000000002,449,Valid
INVT003890,PO003890,P0164,WH008,2026-06-14,568,649,534,683,419,83,55859325.75,Normal,3.36,683,Valid
INVT003891,PO003891,P0071,WH008,2026-07-02,9,263,246,26,368,103,860024.36,Reorder,0.13,26,Valid
INVT003892,PO003892,P0224,WH009,2025-11-22,528,357,103,782,187,112,27825937.28,Normal,2.92,782,Valid
INVT003893,PO003893,P0195,WH005,2026-06-25,76,538,82,532,97,205,32351483.92,Overstock,2.29,532,Valid
INVT003894,PO003894,P0224,WH006,2025-06-27,571,633,221,983,187,112,33205740.0,Overstock,4.73,983,Valid
INVT003895,PO003895,P0043,WH007,2025-04-13,254,129,109,274,466,119,6221397.42,Reorder,4.75,274,Valid
INVT003896,PO003896,P0212,WH006,2026-04-08,580,165,149,596,167,225,49202952.84,Normal,2.87,596,Valid
INVT003897,PO003897,P0175,WH010,2025-11-15,764,577,608,733,455,79,5678433.72,Normal,2.5300000000000002,733,Valid
INVT003898,PO003898,P0082,WH010,2026-01-11,129,99,77,151,151,103,8999963.91,Normal,0.52,151,Valid
INVT003899,PO003899,P0016,WH008,2026-07-04,11,467,29,449,38,195,39592038.74,Overstock,2.21,449,Valid
INVT003900,PO003900,P0032,WH010,2025-06-18,103,308,140,271,237,188,5224809.54,Normal,0.9400000000000001,271,Valid
INVT003901,PO003901,P0240,WH010,2025-01-21,1151,211,18,1344,378,29,104555633.3,Normal,4.64,1344,Valid
INVT003902,PO003902,P0008,WH006,2026-06-02,317,39,47,309,81,100,19782856.71,Normal,1.49,309,Valid
INVT003903,PO003903,P0141,WH008,2025-10-29,760,933,228,1465,230,103,34169249.8,Overstock,7.2,1465,Valid
INVT003904,PO003904,P0287,WH007,2026-05-02,97,111,120,88,254,99,6417268.0,Reorder,1.53,88,Valid
INVT003905,PO003905,P0278,WH007,2025-02-02,1826,887,786,1927,495,236,40140797.44,Normal,33.41,1927,Valid
INVT003906,PO003906,P0185,WH008,2025-10-25,472,347,108,711,166,111,35992782.36,Normal,3.5,711,Valid
INVT003907,PO003907,P0118,WH009,2025-02-24,463,262,306,419,460,187,35979911.29,Reorder,1.57,419,Valid
INVT003908,PO003908,P0032,WH010,2026-05-27,771,293,388,676,237,188,12763305.88,Normal,2.33,676,Valid
INVT003909,PO003909,P0140,WH006,2025-11-12,1702,272,148,1826,462,58,129143119.6,Normal,8.79,1826,Valid
INVT003910,PO003910,P0237,WH008,2025-09-06,611,947,738,820,290,24,19211230.6,Normal,4.03,820,Valid
INVT003911,PO003911,P0023,WH010,2025-08-05,269,837,1013,93,301,65,1962099.12,Reorder,0.32,93,Valid
INVT003912,PO003912,P0086,WH008,2025-05-15,1151,584,782,953,442,229,38574819.25,Normal,4.69,953,Valid
INVT003913,PO003913,P0164,WH007,2026-07-04,932,934,355,1511,419,83,113030007.5,Normal,26.2,1511,Valid
INVT003914,PO003914,P0012,WH006,2026-01-18,844,453,635,662,307,35,54856908.04,Normal,3.19,662,Valid
INVT003915,PO003915,P0067,WH010,2026-05-08,123,72,7,188,217,184,8679035.04,Reorder,0.65,188,Valid
INVT003916,PO003916,P0023,WH007,2026-07-18,563,299,295,567,301,65,10815122.43,Normal,9.83,567,Valid
INVT003917,PO003917,P0200,WH006,2025-06-20,1429,732,632,1529,422,173,135052655.8,Normal,7.36,1529,Valid
INVT003918,PO003918,P0066,WH010,2025-07-12,714,263,317,660,379,91,32852457.0,Normal,2.2800000000000002,660,Valid
INVT003919,PO003919,P0106,WH008,2025-08-02,98,262,112,248,213,184,4287285.12,Normal,1.22,248,Valid
INVT003920,PO003920,P0216,WH008,2025-10-25,406,367,492,281,430,35,14359035.37,Reorder,1.38,281,Valid
INVT003921,PO003921,P0068,WH009,2025-02-07,679,764,618,825,409,202,4491918.75,Normal,3.08,825,Valid
INVT003922,PO003922,P0265,WH009,2026-03-14,577,516,346,747,167,227,21847815.27,Normal,2.79,747,Valid
INVT003923,PO003923,P0033,WH010,2025-02-03,498,507,281,724,441,103,33137233.84,Normal,2.5,724,Valid
INVT003924,PO003924,P0130,WH008,2025-01-06,399,295,425,269,173,58,7646631.66,Normal,1.32,269,Valid
INVT003925,PO003925,P0082,WH007,2025-05-07,592,296,233,655,151,103,36642684.65,Normal,11.36,655,Valid
INVT003926,PO003926,P0116,WH007,2026-02-24,48,634,899,0,51,95,0.0,Stockout,0.0,0,Valid
INVT003927,PO003927,P0259,WH009,2026-04-25,184,442,342,284,70,12,25591330.88,Normal,1.06,284,Valid
INVT003928,PO003928,P0005,WH008,2026-01-16,572,82,60,594,145,104,21135024.9,Normal,2.92,594,Valid
INVT003929,PO003929,P0266,WH006,2026-03-30,1045,505,4,1546,470,103,121472837.6,Normal,7.45,1546,Valid
INVT003930,PO003930,P0017,WH007,2026-05-25,695,865,620,940,419,65,66211165.4,Normal,16.3,940,Valid
INVT003931,PO003931,P0228,WH007,2025-07-22,1064,367,267,1164,351,11,91828425.6,Normal,20.18,1164,Valid
INVT003932,PO003932,P0228,WH008,2025-05-12,993,722,893,822,351,11,63583253.58,Normal,4.04,822,Valid
INVT003933,PO003933,P0079,WH005,2025-10-01,110,301,235,176,63,108,8745380.16,Normal,0.76,176,Valid
INVT003934,PO003934,P0274,WH007,2025-10-12,917,252,108,1061,321,164,85135934.42,Normal,18.4,1061,Valid
INVT003935,PO003935,P0036,WH010,2026-08-01,1122,297,360,1059,499,189,88282814.88,Normal,3.66,1059,Valid
INVT003936,PO003936,P0146,WH006,2026-02-18,198,99,94,203,52,166,14204728.09,Normal,0.98,203,Valid
INVT003937,PO003937,P0105,WH010,2026-04-12,259,499,365,393,175,213,4050002.55,Normal,1.3599999999999999,393,Valid
INVT003938,PO003938,P0118,WH008,2026-08-03,1235,978,17,2196,460,187,182087796.2,Normal,10.8,2196,Valid
INVT003939,PO003939,P0061,WH007,2025-10-26,386,465,256,595,232,52,23321566.45,Normal,10.32,595,Valid
INVT003940,PO003940,P0064,WH008,2025-03-23,1237,342,213,1366,499,106,113712601.7,Normal,6.72,1366,Valid
INVT003941,PO003941,P0155,WH008,2025-11-24,870,760,563,1067,338,157,44240359.46,Normal,5.25,1067,Valid
INVT003942,PO003942,P0160,WH007,2025-01-04,579,843,939,483,173,173,20612971.68,Normal,8.38,483,Valid
INVT003943,PO003943,P0175,WH010,2026-06-06,462,320,373,409,455,79,2832447.7,Reorder,1.4100000000000001,409,Valid
INVT003944,PO003944,P0241,WH005,2025-09-11,786,605,277,1114,252,138,29081682.96,Normal,4.79,1114,Valid
INVT003945,PO003945,P0225,WH009,2025-02-01,683,772,963,492,347,132,38992500.6,Normal,1.8399999999999999,492,Valid
INVT003946,PO003946,P0296,WH006,2025-11-25,135,802,30,907,422,228,36434162.79,Normal,4.37,907,Valid
INVT003947,PO003947,P0041,WH010,2026-05-16,1170,292,258,1204,372,143,39451058.64,Normal,4.16,1204,Valid
INVT003948,PO003948,P0015,WH005,2025-04-27,1130,332,332,1130,340,128,84548622.7,Normal,4.86,1130,Valid
INVT003949,PO003949,P0154,WH005,2025-06-20,1263,215,296,1182,404,23,36130418.58,Normal,5.09,1182,Valid
INVT003950,PO003950,P0251,WH007,2025-08-12,726,232,28,930,184,38,38780423.4,Overstock,16.13,930,Valid
INVT003951,PO003951,P0289,WH009,2025-05-25,61,331,131,261,22,220,8706688.56,Overstock,0.98,261,Valid
INVT003952,PO003952,P0244,WH010,2025-03-15,9,206,79,136,54,42,2017153.36,Normal,0.47000000000000003,136,Valid
INVT003953,PO003953,P0006,WH010,2026-06-23,305,984,1114,175,205,68,11249365.75,Reorder,0.6000000000000001,175,Valid
INVT003954,PO003954,P0119,WH007,2026-04-09,436,946,1262,120,226,66,273756.0,Reorder,2.08,120,Valid
INVT003955,PO003955,P0035,WH010,2026-01-26,475,688,300,863,489,155,50657185.22,Normal,2.98,863,Valid
INVT003956,PO003956,P0218,WH005,2025-12-23,125,275,0,400,52,176,18618928.0,Overstock,1.72,400,Valid
INVT003957,PO003957,P0129,WH009,2025-07-10,232,393,80,545,126,140,10577834.15,Normal,2.04,545,Valid
INVT003958,PO003958,P0003,WH008,2025-10-24,125,422,19,528,234,143,40332832.32,Normal,2.6,528,Valid
INVT003959,PO003959,P0031,WH008,2025-05-06,1483,795,928,1350,378,181,18297630.0,Normal,6.64,1350,Valid
INVT003960,PO003960,P0202,WH007,2025-03-03,38,576,814,0,297,174,0.0,Stockout,0.0,0,Valid
INVT003961,PO003961,P0203,WH005,2025-02-11,207,289,406,90,63,71,1807681.5,Normal,0.39,90,Valid
INVT003962,PO003962,P0105,WH007,2025-10-25,33,543,74,502,175,213,6058562.7,Normal,8.7,502,Valid
INVT003963,PO003963,P0016,WH005,2026-03-07,57,562,324,295,38,195,23288565.55,Overstock,1.27,295,Valid
INVT003964,PO003964,P0037,WH006,2026-03-15,536,620,225,931,344,50,31042593.68,Normal,4.48,931,Valid
INVT003965,PO003965,P0184,WH005,2025-12-07,115,592,365,342,157,106,23585869.26,Normal,1.47,342,Valid
INVT003966,PO003966,P0116,WH006,2025-05-19,80,346,146,280,51,95,19599482.0,Overstock,1.35,280,Valid
INVT003967,PO003967,P0039,WH010,2025-04-15,22,402,57,367,67,207,5683523.48,Overstock,1.27,367,Valid
INVT003968,PO003968,P0170,WH009,2025-08-13,308,110,160,258,210,177,15236120.34,Normal,0.96,258,Valid
INVT003969,PO003969,P0208,WH007,2026-03-09,484,144,194,434,159,116,14622466.88,Normal,7.53,434,Valid
INVT003970,PO003970,P0217,WH005,2025-05-07,329,575,211,693,394,47,45652927.32,Normal,2.98,693,Valid
INVT003971,PO003971,P0154,WH007,2025-12-01,1007,709,699,1017,404,23,30351744.63,Normal,17.63,1017,Valid
INVT003972,PO003972,P0229,WH009,2025-07-27,812,171,47,936,220,105,6363171.36,Normal,3.5,936,Valid
INVT003973,PO003973,P0223,WH008,2026-01-25,195,780,101,874,362,20,2080338.5,Normal,4.3,874,Valid
INVT003974,PO003974,P0290,WH005,2026-05-31,104,560,747,0,95,201,0.0,Stockout,0.0,0,Valid
INVT003975,PO003975,P0251,WH010,2026-07-24,223,183,27,379,184,38,13975238.42,Normal,1.31,379,Valid
INVT003976,PO003976,P0029,WH008,2026-05-09,3,402,292,113,236,45,6441176.28,Reorder,0.56,113,Valid
INVT003977,PO003977,P0255,WH009,2025-01-18,101,418,90,429,163,172,19514935.44,Normal,1.6,429,Valid
INVT003978,PO003978,P0277,WH010,2025-05-17,75,285,82,278,33,25,23661055.38,Overstock,0.96,278,Valid
INVT003979,PO003979,P0201,WH006,2025-06-12,60,765,831,0,47,245,0.0,Stockout,0.0,0,Valid
INVT003980,PO003980,P0025,WH010,2025-08-09,89,696,713,72,417,19,1017226.08,Reorder,0.25,72,Valid
INVT003981,PO003981,P0005,WH005,2026-03-10,150,124,139,135,145,104,5031443.25,Reorder,0.58,135,Valid
INVT003982,PO003982,P0075,WH010,2025-02-04,174,194,14,354,105,160,8763464.7,Normal,1.22,354,Valid
INVT003983,PO003983,P0261,WH006,2026-03-27,100,239,323,16,132,180,113629.6,Reorder,0.08,16,Valid
INVT003984,PO003984,P0146,WH005,2025-02-08,117,388,468,37,52,166,2581992.09,Reorder,0.16,37,Valid
INVT003985,PO003985,P0108,WH010,2025-11-14,110,169,7,272,217,213,10793400.64,Normal,0.9400000000000001,272,Valid
INVT003986,PO003986,P0165,WH006,2025-07-22,363,682,570,475,491,224,26781787.25,Reorder,2.29,475,Valid
INVT003987,PO003987,P0148,WH009,2025-12-03,85,840,786,139,247,48,7349903.0,Reorder,0.52,139,Valid
INVT003988,PO003988,P0057,WH008,2026-07-06,120,216,321,15,45,53,649201.35,Reorder,0.07,15,Valid
INVT003989,PO003989,P0004,WH007,2025-07-24,413,734,16,1131,310,85,70406378.64,Normal,19.61,1131,Valid
INVT003990,PO003990,P0122,WH007,2026-07-28,720,126,124,722,208,225,38864393.6,Normal,12.52,722,Valid
INVT003991,PO003991,P0126,WH008,2026-03-06,422,824,1222,24,226,14,1504206.0,Reorder,0.12,24,Valid
INVT003992,PO003992,P0238,WH005,2025-08-07,626,178,98,706,179,171,34235606.16,Normal,3.04,706,Valid
INVT003993,PO003993,P0259,WH007,2025-02-25,276,445,510,211,70,12,18462928.33,Normal,3.66,211,Valid
INVT003994,PO003994,P0123,WH008,2025-05-01,158,308,410,56,308,180,2367144.64,Reorder,0.28,56,Valid
INVT003995,PO003995,P0292,WH010,2026-06-18,813,423,281,955,355,98,65619081.4,Normal,3.3,955,Valid
INVT003996,PO003996,P0123,WH009,2026-06-08,754,232,69,917,308,180,45011770.3,Normal,3.43,917,Valid
INVT003997,PO003997,P0284,WH008,2025-09-29,175,179,208,146,318,224,5630027.18,Reorder,0.72,146,Valid
INVT003998,PO003998,P0032,WH006,2026-05-05,166,435,595,6,237,188,110444.7,Reorder,0.03,6,Valid
INVT003999,PO003999,P0230,WH010,2025-01-17,5,119,151,0,346,159,0.0,Stockout,0.0,0,Valid
INVT004000,PO004000,P0028,WH006,2025-11-28,101,113,92,122,29,232,1862276.32,Normal,0.59,122,Valid
INVT004001,PO004001,P0249,WH006,2025-10-06,135,479,513,101,257,96,1118685.09,Reorder,0.49,101,Valid
INVT004002,PO004002,P0101,WH005,2025-08-29,130,833,167,796,36,204,41959110.2,Overstock,3.43,796,Valid
INVT004003,PO004003,P0042,WH005,2025-07-23,260,975,365,870,131,24,55696373.4,Overstock,3.74,870,Valid
INVT004004,PO004004,P0274,WH008,2025-08-03,603,588,871,320,321,164,28712742.4,Reorder,1.57,320,Valid
INVT004005,PO004005,P0143,WH006,2025-03-11,140,98,106,132,36,230,11128203.24,Normal,0.64,132,Valid
INVT004006,PO004006,P0175,WH010,2026-01-24,1319,761,1038,1042,455,79,6791182.9,Normal,3.6,1042,Valid
INVT004007,PO004007,P0146,WH006,2025-03-17,6,64,84,0,52,166,0.0,Stockout,0.0,0,Valid
INVT004008,PO004008,P0162,WH008,2025-05-02,710,157,114,753,216,189,48536934.24,Normal,3.7,753,Valid
INVT004009,PO004009,P0265,WH010,2025-12-09,259,886,1086,59,167,227,1674199.93,Reorder,0.2,59,Valid
INVT004010,PO004010,P0291,WH005,2025-01-28,403,742,198,947,329,249,73764358.49,Normal,4.08,947,Valid
INVT004011,PO004011,P0128,WH009,2025-05-14,1428,62,83,1407,404,136,44534659.47,Normal,5.26,1407,Valid
INVT004012,PO004012,P0202,WH005,2025-12-16,64,772,551,285,297,174,8319429.3,Reorder,1.23,285,Valid
INVT004013,PO004013,P0064,WH006,2025-07-21,550,858,429,979,499,106,72390950.83,Normal,4.72,979,Valid
INVT004014,PO004014,P0278,WH006,2026-03-09,306,592,447,451,495,236,9239041.68,Reorder,2.17,451,Valid
INVT004015,PO004015,P0108,WH006,2025-07-28,56,904,218,742,217,213,27478226.3,Normal,3.5700000000000003,742,Valid
INVT004016,PO004016,P0066,WH005,2025-02-06,1396,539,597,1338,379,91,58858954.5,Normal,5.76,1338,Valid
INVT004017,PO004017,P0296,WH006,2025-10-03,1451,16,23,1444,422,228,52872680.92,Normal,6.96,1444,Valid
INVT004018,PO004018,P0086,WH007,2025-07-26,1722,401,161,1962,442,229,87982436.88,Normal,34.02,1962,Valid
INVT004019,PO004019,P0167,WH010,2025-03-11,245,695,382,558,451,169,9920391.84,Normal,1.9300000000000002,558,Valid
INVT004020,PO004020,P0068,WH006,2025-10-08,433,330,364,399,409,202,1897101.36,Reorder,1.92,399,Valid
INVT004021,PO004021,P0243,WH009,2025-09-21,1189,311,427,1073,377,159,875911.36,Normal,4.01,1073,Valid
INVT004022,PO004022,P0008,WH007,2026-03-17,166,626,263,529,81,100,31530330.85,Overstock,9.17,529,Valid
INVT004023,PO004023,P0293,WH006,2025-06-02,344,317,168,493,212,211,21989964.27,Normal,2.37,493,Valid
INVT004024,PO004024,P0118,WH010,2025-06-12,1674,730,67,2337,460,187,189824764.7,Overstock,8.07,2337,Valid
INVT004025,PO004025,P0147,WH005,2025-10-24,694,260,379,575,335,66,45692582.0,Normal,2.47,575,Valid
INVT004026,PO004026,P0138,WH007,2025-01-20,9,606,224,391,183,201,21944527.01,Normal,6.78,391,Valid
INVT004027,PO004027,P0158,WH010,2025-03-13,665,407,431,641,298,222,23725627.86,Normal,2.21,641,Valid
INVT004028,PO004028,P0129,WH007,2026-05-11,403,798,1068,133,126,140,2705515.26,Normal,2.31,133,Valid
INVT004029,PO004029,P0143,WH010,2025-08-02,47,398,39,406,36,230,35449922.48,Overstock,1.4,406,Valid
INVT004030,PO004030,P0115,WH005,2026-05-23,303,838,1206,0,150,154,0.0,Stockout,0.0,0,Valid
INVT004031,PO004031,P0159,WH009,2025-12-24,62,752,853,0,290,206,0.0,Stockout,0.0,0,Valid
INVT004032,PO004032,P0163,WH010,2026-02-22,735,938,1076,597,201,83,29275602.42,Normal,2.06,597,Valid
INVT004033,PO004033,P0152,WH006,2026-01-17,1082,907,925,1064,360,101,29684770.08,Normal,5.12,1064,Valid
INVT004034,PO004034,P0134,WH010,2025-11-14,879,131,116,894,245,14,14391701.4,Normal,3.09,894,Valid
INVT004035,PO004035,P0221,WH005,2025-04-19,305,754,176,883,187,23,42654886.74,Normal,3.8,883,Valid
INVT004036,PO004036,P0176,WH007,2025-11-15,585,576,415,746,174,94,24281449.56,Normal,12.94,746,Valid
INVT004037,PO004037,P0089,WH008,2025-06-12,76,232,109,199,390,162,6850294.41,Reorder,0.98,199,Valid
INVT004038,PO004038,P0124,WH009,2026-01-11,421,336,312,445,411,167,29216239.15,Normal,1.6600000000000001,445,Valid
INVT004039,PO004039,P0117,WH010,2025-01-17,1003,979,1258,724,490,224,39622029.44,Normal,2.5,724,Valid
INVT004040,PO004040,P0144,WH006,2025-05-07,854,16,17,853,391,246,35618396.86,Normal,4.11,853,Valid
INVT004041,PO004041,P0091,WH005,2025-08-19,327,479,694,112,382,83,4148156.32,Reorder,0.48,112,Valid
INVT004042,PO004042,P0143,WH007,2025-07-07,74,77,10,141,36,230,10513491.57,Normal,2.44,141,Valid
INVT004043,PO004043,P0153,WH005,2025-08-17,650,49,42,657,441,216,18170576.73,Normal,2.83,657,Valid
INVT004044,PO004044,P0019,WH009,2026-03-08,1130,619,75,1674,417,37,69517001.52,Normal,6.26,1674,Valid
INVT004045,PO004045,P0180,WH007,2025-10-16,71,203,214,60,306,39,2049813.0,Reorder,1.04,60,Valid
INVT004046,PO004046,P0149,WH010,2025-03-19,1235,193,224,1204,487,100,53702228.72,Normal,4.16,1204,Valid
INVT004047,PO004047,P0244,WH010,2025-08-29,175,51,46,180,54,42,2465139.6,Normal,0.62,180,Valid
INVT004048,PO004048,P0206,WH010,2025-12-07,44,694,961,0,441,100,0.0,Stockout,0.0,0,Valid
INVT004049,PO004049,P0276,WH007,2025-04-10,1228,735,1101,862,382,193,74503168.58,Normal,14.95,862,Valid
INVT004050,PO004050,P0209,WH009,2025-10-17,385,591,708,268,236,35,21405285.96,Normal,1.0,268,Valid
INVT004051,PO004051,P0222,WH005,2025-09-23,745,470,409,806,372,47,69762975.36,Normal,3.47,806,Valid
INVT004052,PO004052,P0045,WH010,2025-04-08,708,65,79,694,388,79,34426119.84,Normal,2.4,694,Valid
INVT004053,PO004053,P0214,WH010,2025-02-20,64,993,293,764,124,156,18114401.8,Overstock,2.64,764,Valid
INVT004054,PO004054,P0113,WH009,2025-07-17,190,106,106,190,63,183,10683962.2,Normal,0.71,190,Valid
INVT004055,PO004055,P0137,WH008,2025-12-31,664,68,46,686,180,28,11110730.4,Normal,3.37,686,Valid
INVT004056,PO004056,P0056,WH007,2025-10-01,500,544,322,722,455,211,28214056.08,Normal,12.52,722,Valid
INVT004057,PO004057,P0098,WH005,2026-04-17,828,105,100,833,256,35,17845567.25,Normal,3.58,833,Valid
INVT004058,PO004058,P0116,WH008,2025-12-31,68,269,144,193,51,95,13633319.28,Normal,0.9500000000000001,193,Valid
INVT004059,PO004059,P0091,WH005,2026-03-14,778,587,29,1336,382,83,43444488.88,Normal,5.75,1336,Valid
INVT004060,PO004060,P0220,WH007,2025-12-09,54,304,407,0,30,160,0.0,Stockout,0.0,0,Valid
INVT004061,PO004061,P0019,WH005,2026-06-15,745,689,630,804,417,37,33067611.48,Normal,3.46,804,Valid
INVT004062,PO004062,P0193,WH006,2025-03-14,1727,12,17,1722,470,163,43672451.34,Normal,8.29,1722,Valid
INVT004063,PO004063,P0170,WH010,2025-02-13,210,530,42,698,210,177,49390256.64,Normal,2.41,698,Valid
INVT004064,PO004064,P0268,WH010,2025-02-12,703,796,1106,393,208,247,9304499.01,Normal,1.3599999999999999,393,Valid
INVT004065,PO004065,P0065,WH010,2025-08-09,979,743,441,1281,390,19,57410974.11,Normal,4.42,1281,Valid
INVT004066,PO004066,P0143,WH007,2025-03-01,35,623,806,0,36,230,0.0,Stockout,0.0,0,Valid
INVT004067,PO004067,P0232,WH009,2026-01-03,1124,922,117,1929,293,69,65903474.82,Overstock,7.21,1929,Valid
INVT004068,PO004068,P0059,WH008,2026-05-17,1725,179,234,1670,460,48,101272507.4,Normal,8.21,1670,Valid
INVT004069,PO004069,P0077,WH008,2025-05-02,95,438,624,0,173,144,0.0,Stockout,0.0,0,Valid
INVT004070,PO004070,P0057,WH006,2025-08-21,99,515,399,215,45,53,9121951.2,Normal,1.04,215,Valid
INVT004071,PO004071,P0194,WH009,2025-01-12,129,108,11,226,145,42,15654158.94,Normal,0.84,226,Valid
INVT004072,PO004072,P0135,WH006,2026-02-13,125,284,229,180,182,127,13008790.8,Reorder,0.87,180,Valid
INVT004073,PO004073,P0194,WH009,2026-06-05,286,853,408,731,145,42,51670245.23,Overstock,2.73,731,Valid
INVT004074,PO004074,P0151,WH005,2025-08-25,1499,220,145,1574,390,115,11466873.32,Normal,6.77,1574,Valid
INVT004075,PO004075,P0045,WH007,2026-07-04,424,963,1199,188,388,79,8244204.2,Reorder,3.26,188,Valid
INVT004076,PO004076,P0195,WH006,2025-05-06,338,630,332,636,97,205,35270562.96,Overstock,3.06,636,Valid
INVT004077,PO004077,P0229,WH006,2025-03-05,697,340,230,807,220,105,6295681.38,Normal,3.89,807,Valid
INVT004078,PO004078,P0289,WH010,2026-02-08,25,600,338,287,22,220,10749447.24,Overstock,0.99,287,Valid
INVT004079,PO004079,P0246,WH007,2025-09-23,501,522,769,254,213,207,20048296.2,Normal,4.4,254,Valid
INVT004080,PO004080,P0140,WH006,2025-02-04,520,781,1143,158,462,58,10735147.26,Reorder,0.76,158,Valid
INVT004081,PO004081,P0284,WH010,2025-01-23,876,397,346,927,318,224,32228675.28,Normal,3.2,927,Valid
INVT004082,PO004082,P0278,WH009,2025-05-10,1282,751,787,1246,495,236,27419874.72,Normal,4.66,1246,Valid
INVT004083,PO004083,P0267,WH007,2026-07-19,617,818,1192,243,309,30,2523686.22,Reorder,4.21,243,Valid
INVT004084,PO004084,P0073,WH010,2026-01-27,432,558,101,889,216,72,30064842.08,Normal,3.07,889,Valid
INVT004085,PO004085,P0166,WH006,2025-10-23,253,466,527,192,209,166,3960520.32,Reorder,0.92,192,Valid
INVT004086,PO004086,P0006,WH006,2025-11-01,515,292,140,667,205,68,42721663.49,Normal,3.21,667,Valid
INVT004087,PO004087,P0275,WH010,2026-04-03,672,391,442,621,361,144,22188404.52,Normal,2.15,621,Valid
INVT004088,PO004088,P0041,WH008,2025-09-23,1033,718,66,1685,372,143,57348722.25,Normal,8.28,1685,Valid
INVT004089,PO004089,P0013,WH006,2026-01-06,665,197,128,734,440,231,11318375.42,Normal,3.54,734,Valid
INVT004090,PO004090,P0022,WH006,2026-05-25,1178,252,26,1404,356,116,84868612.92,Normal,6.76,1404,Valid
INVT004091,PO004091,P0012,WH008,2025-11-29,47,559,676,0,307,35,0.0,Stockout,0.0,0,Valid
INVT004092,PO004092,P0041,WH008,2026-02-25,1049,677,42,1684,372,143,58952276.36,Normal,8.28,1684,Valid
INVT004093,PO004093,P0300,WH009,2026-07-18,44,543,401,186,213,163,479050.44,Reorder,0.7000000000000001,186,Valid
INVT004094,PO004094,P0061,WH005,2026-07-13,96,986,996,86,232,52,3677337.64,Reorder,0.37,86,Valid
INVT004095,PO004095,P0283,WH007,2025-07-13,870,318,47,1141,321,33,55707887.34,Normal,19.78,1141,Valid
INVT004096,PO004096,P0227,WH007,2025-04-11,268,634,390,512,109,237,14292070.4,Normal,8.88,512,Valid
INVT004097,PO004097,P0278,WH005,2026-07-07,1119,259,23,1355,495,236,27592041.15,Normal,5.83,1355,Valid
INVT004098,PO004098,P0068,WH006,2026-06-09,760,554,506,808,409,202,4390138.72,Normal,3.89,808,Valid
INVT004099,PO004099,P0202,WH006,2026-01-24,142,509,110,541,297,174,15778151.39,Normal,2.61,541,Valid
INVT004100,PO004100,P0182,WH006,2025-05-16,1035,698,914,819,293,195,18664838.01,Normal,3.94,819,Valid
INVT004101,PO004101,P0109,WH010,2025-09-28,216,374,422,168,373,189,9900903.6,Reorder,0.58,168,Valid
INVT004102,PO004102,P0033,WH005,2025-05-24,14,122,37,99,441,103,4119855.3,Reorder,0.43,99,Valid
INVT004103,PO004103,P0061,WH010,2025-06-27,556,331,228,659,232,52,28591723.27,Normal,2.2800000000000002,659,Valid
INVT004104,PO004104,P0244,WH007,2026-07-26,184,107,117,174,54,42,2435987.82,Normal,3.02,174,Valid
INVT004105,PO004105,P0064,WH007,2026-03-02,596,916,951,561,499,106,43668127.8,Normal,9.73,561,Valid
INVT004106,PO004106,P0021,WH009,2026-05-17,439,573,203,809,254,131,20482901.11,Normal,3.02,809,Valid
INVT004107,PO004107,P0251,WH009,2025-10-28,551,729,408,872,184,38,36714365.36,Normal,3.26,872,Valid
INVT004108,PO004108,P0123,WH008,2025-11-16,191,551,180,562,308,180,24314963.72,Normal,2.76,562,Valid
INVT004109,PO004109,P0173,WH006,2025-09-11,508,244,308,444,340,55,15054756.84,Normal,2.14,444,Valid
INVT004110,PO004110,P0165,WH006,2025-07-20,512,788,1002,298,491,224,15121631.54,Reorder,1.44,298,Valid
INVT004111,PO004111,P0116,WH005,2025-06-18,86,660,298,448,51,95,33054376.32,Overstock,1.9300000000000002,448,Valid
INVT004112,PO004112,P0192,WH008,2025-08-09,504,44,57,491,215,162,24105222.74,Normal,2.41,491,Valid
INVT004113,PO004113,P0161,WH007,2026-03-23,141,382,525,0,40,242,0.0,Stockout,0.0,0,Valid
INVT004114,PO004114,P0135,WH005,2026-03-28,516,774,242,1048,182,127,72153510.96,Overstock,4.51,1048,Valid
INVT004115,PO004115,P0262,WH008,2026-04-02,389,476,671,194,159,57,14395799.1,Normal,0.9500000000000001,194,Valid
INVT004116,PO004116,P0244,WH007,2025-12-13,197,27,37,187,54,42,2933414.77,Normal,3.24,187,Valid
INVT004117,PO004117,P0048,WH005,2025-01-23,912,416,283,1045,370,99,86725072.5,Normal,4.5,1045,Valid
INVT004118,PO004118,P0110,WH006,2026-05-11,522,690,800,412,228,116,7292441.2,Normal,1.98,412,Valid
INVT004119,PO004119,P0194,WH007,2026-04-02,162,480,556,86,145,42,6717720.58,Reorder,1.49,86,Valid
INVT004120,PO004120,P0219,WH008,2026-01-02,1207,353,409,1151,311,33,96720555.76,Normal,5.66,1151,Valid
INVT004121,PO004121,P0293,WH006,2026-05-05,548,809,1206,151,212,211,7509938.19,Reorder,0.73,151,Valid
INVT004122,PO004122,P0225,WH008,2026-05-09,184,12,6,190,347,132,12439505.2,Reorder,0.93,190,Valid
INVT004123,PO004123,P0086,WH009,2026-06-18,1737,202,106,1833,442,229,81896771.97,Normal,6.85,1833,Valid
INVT004124,PO004124,P0064,WH010,2025-08-30,1122,302,393,1031,499,106,84661956.85,Normal,3.56,1031,Valid
INVT004125,PO004125,P0164,WH007,2025-12-30,1241,533,796,978,419,83,72054032.64,Normal,16.96,978,Valid
INVT004126,PO004126,P0029,WH007,2025-04-14,565,887,468,984,236,45,52166327.04,Normal,17.06,984,Valid
INVT004127,PO004127,P0099,WH006,2025-01-03,601,755,853,503,256,250,30414639.44,Normal,2.42,503,Valid
INVT004128,PO004128,P0092,WH005,2025-12-23,369,975,1235,109,369,36,2021963.08,Reorder,0.47000000000000003,109,Valid
INVT004129,PO004129,P0046,WH005,2026-04-04,1701,49,21,1729,486,202,80337518.17,Normal,7.44,1729,Valid
INVT004130,PO004130,P0284,WH009,2025-07-21,996,425,146,1275,318,224,48717227.25,Normal,4.77,1275,Valid
INVT004131,PO004131,P0204,WH005,2025-03-23,445,733,745,433,309,156,31044852.96,Normal,1.8599999999999999,433,Valid
INVT004132,PO004132,P0137,WH007,2025-02-14,9,425,196,238,180,28,3849047.86,Normal,4.13,238,Valid
INVT004133,PO004133,P0141,WH006,2026-03-07,361,860,816,405,230,103,10368433.35,Normal,1.9500000000000002,405,Valid
INVT004134,PO004134,P0073,WH009,2025-10-11,12,517,394,135,216,72,3876506.1,Reorder,0.5,135,Valid
INVT004135,PO004135,P0066,WH005,2025-05-27,384,551,572,363,379,91,17087194.08,Reorder,1.56,363,Valid
INVT004136,PO004136,P0128,WH010,2025-05-23,874,826,706,994,404,136,29397887.96,Normal,3.43,994,Valid
INVT004137,PO004137,P0180,WH009,2025-08-04,978,488,86,1380,306,39,44706397.2,Normal,5.16,1380,Valid
INVT004138,PO004138,P0080,WH009,2025-07-10,949,990,22,1917,332,36,84256022.34,Overstock,7.16,1917,Valid
INVT004139,PO004139,P0027,WH009,2025-04-27,737,871,1123,485,495,214,28688734.55,Reorder,1.81,485,Valid
INVT004140,PO004140,P0024,WH009,2025-08-15,496,739,63,1172,413,147,33777262.68,Normal,4.38,1172,Valid
INVT004141,PO004141,P0061,WH006,2025-01-21,805,63,80,788,232,52,30263526.12,Normal,3.8,788,Valid
INVT004142,PO004142,P0119,WH007,2025-03-05,710,939,1175,474,226,66,1215250.68,Normal,8.22,474,Valid
INVT004143,PO004143,P0097,WH005,2025-03-09,574,913,465,1022,197,84,70693048.16,Overstock,4.4,1022,Valid
INVT004144,PO004144,P0190,WH006,2025-05-28,224,472,73,623,238,85,42479529.12,Normal,3.0,623,Valid
INVT004145,PO004145,P0267,WH006,2026-01-22,250,43,58,235,309,30,2555747.2,Reorder,1.13,235,Valid
INVT004146,PO004146,P0128,WH010,2025-10-28,209,476,500,185,404,136,5991208.35,Reorder,0.64,185,Valid
INVT004147,PO004147,P0261,WH007,2025-10-02,286,142,151,277,132,180,1829585.0,Normal,4.8,277,Valid
INVT004148,PO004148,P0028,WH009,2025-04-07,65,898,173,790,29,232,11542263.4,Overstock,2.95,790,Valid
INVT004149,PO004149,P0026,WH008,2025-02-05,507,24,30,501,171,23,40080506.01,Normal,2.46,501,Valid
INVT004150,PO004150,P0075,WH010,2025-08-14,273,140,5,408,105,160,9069831.84,Normal,1.4100000000000001,408,Valid
INVT004151,PO004151,P0139,WH010,2026-05-18,23,933,853,103,42,232,6469342.45,Normal,0.36,103,Valid
INVT004152,PO004152,P0253,WH007,2026-05-24,287,161,136,312,310,246,23274582.24,Normal,5.41,312,Valid
INVT004153,PO004153,P0105,WH007,2026-01-24,465,84,66,483,175,213,5039433.63,Normal,8.38,483,Valid
INVT004154,PO004154,P0268,WH008,2026-03-31,126,428,572,0,208,247,0.0,Stockout,0.0,0,Valid
INVT004155,PO004155,P0122,WH007,2025-11-26,341,939,599,681,208,225,35191676.07,Normal,11.81,681,Valid
INVT004156,PO004156,P0203,WH009,2026-04-17,210,667,803,74,63,71,1610824.6,Normal,0.28,74,Valid
INVT004157,PO004157,P0253,WH008,2025-01-08,394,431,97,728,310,246,56337736.0,Normal,3.58,728,Valid
INVT004158,PO004158,P0124,WH007,2026-03-27,964,149,27,1086,411,167,81120127.5,Normal,18.83,1086,Valid
INVT004159,PO004159,P0168,WH005,2026-01-24,153,744,380,517,156,80,42818720.67,Normal,2.22,517,Valid
INVT004160,PO004160,P0245,WH010,2025-12-05,675,371,389,657,190,168,34122273.93,Normal,2.27,657,Valid
INVT004161,PO004161,P0103,WH010,2025-03-17,238,989,561,666,161,185,14341510.8,Normal,2.3,666,Valid
INVT004162,PO004162,P0239,WH009,2026-07-10,400,50,45,405,338,96,21943475.1,Normal,1.51,405,Valid
INVT004163,PO004163,P0233,WH009,2025-07-20,214,664,440,438,59,136,15347301.0,Overstock,1.6400000000000001,438,Valid
INVT004164,PO004164,P0010,WH010,2025-01-22,264,381,280,365,380,29,3661917.25,Reorder,1.26,365,Valid
INVT004165,PO004165,P0295,WH009,2025-03-05,1021,66,18,1069,261,18,74506467.15,Normal,4.0,1069,Valid
INVT004166,PO004166,P0252,WH010,2025-08-18,1201,673,669,1205,413,213,1451470.7,Normal,4.16,1205,Valid
INVT004167,PO004167,P0247,WH009,2026-05-24,180,110,92,198,303,118,6484444.56,Reorder,0.74,198,Valid
INVT004168,PO004168,P0036,WH007,2025-11-11,1043,167,188,1022,499,189,77119210.42,Normal,17.72,1022,Valid
INVT004169,PO004169,P0207,WH008,2026-07-07,7,295,434,0,32,142,0.0,Stockout,0.0,0,Valid
INVT004170,PO004170,P0189,WH010,2025-09-02,202,850,1050,2,72,109,97475.62,Reorder,0.01,2,Valid
INVT004171,PO004171,P0241,WH005,2025-01-20,282,610,361,531,252,138,13713340.5,Normal,2.29,531,Valid
INVT004172,PO004172,P0258,WH006,2026-04-15,11,821,136,696,331,246,19236911.04,Normal,3.35,696,Valid
INVT004173,PO004173,P0118,WH006,2025-10-04,493,670,878,285,460,187,20373065.4,Reorder,1.37,285,Valid
INVT004174,PO004174,P0261,WH005,2025-10-15,116,50,65,101,132,180,705031.51,Reorder,0.43,101,Valid
INVT004175,PO004175,P0149,WH010,2025-02-11,1012,139,166,985,487,100,45542460.0,Normal,3.4,985,Valid
INVT004176,PO004176,P0030,WH007,2025-04-29,122,394,147,369,258,168,27968524.74,Normal,6.4,369,Valid
INVT004177,PO004177,P0197,WH006,2025-01-13,5,964,563,406,223,17,9297789.76,Normal,1.96,406,Valid
INVT004178,PO004178,P0117,WH010,2026-04-01,1822,455,542,1735,490,224,85294786.1,Normal,5.99,1735,Valid
INVT004179,PO004179,P0122,WH006,2026-05-27,578,604,304,878,208,225,47392455.72,Normal,4.23,878,Valid
INVT004180,PO004180,P0070,WH008,2026-01-15,1049,541,653,937,306,185,64177706.75,Normal,4.61,937,Valid
INVT004181,PO004181,P0087,WH009,2025-01-28,264,126,179,211,237,242,17949637.07,Reorder,0.79,211,Valid
INVT004182,PO004182,P0018,WH008,2025-08-08,537,380,173,744,357,159,23330039.52,Normal,3.66,744,Valid
INVT004183,PO004183,P0134,WH010,2026-07-08,542,947,55,1434,245,14,22057085.34,Overstock,4.95,1434,Valid
INVT004184,PO004184,P0225,WH008,2025-01-24,1314,54,76,1292,347,132,91144463.0,Normal,6.35,1292,Valid
INVT004185,PO004185,P0270,WH006,2025-11-04,435,256,131,560,429,112,42829925.6,Normal,2.7,560,Valid
INVT004186,PO004186,P0035,WH005,2025-08-19,1289,906,1104,1091,489,155,55571568.76,Normal,4.7,1091,Valid
INVT004187,PO004187,P0003,WH005,2026-06-06,332,487,329,490,234,143,35404112.1,Normal,2.11,490,Valid
INVT004188,PO004188,P0074,WH005,2025-10-03,290,640,723,207,87,78,10468598.58,Normal,0.89,207,Valid
INVT004189,PO004189,P0012,WH005,2025-01-07,1078,780,731,1127,307,35,97693104.67,Normal,4.85,1127,Valid
INVT004190,PO004190,P0056,WH007,2025-09-29,596,130,136,590,455,211,26200206.7,Normal,10.23,590,Valid
INVT004191,PO004191,P0283,WH007,2025-06-01,249,467,662,54,321,33,2888558.28,Reorder,0.9400000000000001,54,Valid
INVT004192,PO004192,P0125,WH005,2025-03-30,644,57,62,639,177,14,6951994.11,Normal,2.75,639,Valid
INVT004193,PO004193,P0092,WH005,2026-07-10,786,182,231,737,369,36,14713423.78,Normal,3.17,737,Valid
INVT004194,PO004194,P0080,WH008,2025-12-17,986,385,270,1101,332,36,41497042.32,Normal,5.41,1101,Valid
INVT004195,PO004195,P0256,WH007,2025-07-27,100,91,133,58,29,170,2922617.68,Normal,1.01,58,Valid
INVT004196,PO004196,P0149,WH009,2025-04-05,1441,481,533,1389,487,100,61406120.43,Normal,5.19,1389,Valid
INVT004197,PO004197,P0054,WH005,2026-03-14,304,557,647,214,114,156,9671717.16,Normal,0.92,214,Valid
INVT004198,PO004198,P0079,WH010,2025-10-21,209,315,274,250,63,108,12331315.0,Normal,0.86,250,Valid
INVT004199,PO004199,P0230,WH009,2025-12-27,433,460,350,543,346,159,27207921.81,Normal,2.03,543,Valid
INVT004200,PO004200,P0076,WH008,2025-05-06,279,797,41,1035,315,60,72636714.0,Normal,5.09,1035,Valid
INVT004201,PO004201,P0179,WH009,2025-04-09,363,830,1233,0,128,245,0.0,Stockout,0.0,0,Valid
INVT004202,PO004202,P0047,WH009,2025-01-28,109,819,198,730,224,237,57678526.4,Normal,2.73,730,Valid
INVT004203,PO004203,P0291,WH010,2025-01-03,245,220,204,261,329,249,22621016.16,Reorder,0.9,261,Valid
INVT004204,PO004204,P0152,WH005,2025-11-24,849,793,1026,616,360,101,16416929.76,Normal,2.65,616,Valid
INVT004205,PO004205,P0205,WH009,2025-12-21,1688,706,454,1940,480,72,46866132.0,Normal,7.25,1940,Valid
INVT004206,PO004206,P0240,WH009,2026-03-29,1394,160,95,1459,378,29,123750410.4,Normal,5.45,1459,Valid
INVT004207,PO004207,P0210,WH008,2026-01-30,526,813,932,407,136,236,29381578.27,Normal,2.0,407,Valid
INVT004208,PO004208,P0279,WH006,2025-08-01,287,914,1138,63,138,52,4583557.44,Reorder,0.30000000000000004,63,Valid
INVT004209,PO004209,P0281,WH008,2026-06-30,51,939,596,394,94,20,21418537.38,Normal,1.94,394,Valid
INVT004210,PO004210,P0270,WH007,2026-02-25,1654,684,350,1988,429,112,126924118.4,Normal,34.47,1988,Valid
INVT004211,PO004211,P0088,WH006,2026-07-13,438,508,492,454,384,57,9812460.9,Normal,2.19,454,Valid
INVT004212,PO004212,P0154,WH007,2026-01-24,495,15,0,510,404,23,16380435.0,Normal,8.84,510,Valid
INVT004213,PO004213,P0186,WH008,2026-05-19,56,764,259,561,147,34,35169589.29,Normal,2.76,561,Valid
INVT004214,PO004214,P0121,WH005,2025-01-24,290,33,44,279,119,200,4743404.55,Normal,1.2,279,Valid
INVT004215,PO004215,P0267,WH007,2025-03-01,532,192,55,669,309,30,7806734.94,Normal,11.6,669,Valid
INVT004216,PO004216,P0045,WH006,2026-01-25,494,741,401,834,388,79,43773916.14,Normal,4.02,834,Valid
INVT004217,PO004217,P0096,WH006,2026-01-04,487,832,789,530,303,232,23067571.6,Normal,2.55,530,Valid
INVT004218,PO004218,P0265,WH008,2025-05-05,261,883,642,502,167,227,13764393.22,Normal,2.47,502,Valid
INVT004219,PO004219,P0164,WH007,2025-09-26,253,188,231,210,419,83,17608338.3,Reorder,3.64,210,Valid
INVT004220,PO004220,P0122,WH005,2026-02-10,216,843,133,926,208,225,43967396.74,Normal,3.99,926,Valid
INVT004221,PO004221,P0201,WH010,2026-01-27,42,805,813,34,47,245,2627575.42,Reorder,0.12,34,Valid
INVT004222,PO004222,P0273,WH008,2025-01-25,686,72,40,718,217,132,50012526.94,Normal,3.5300000000000002,718,Valid
INVT004223,PO004223,P0289,WH007,2025-02-03,77,229,319,0,22,220,0.0,Stockout,0.0,0,Valid
INVT004224,PO004224,P0152,WH005,2026-06-14,945,131,165,911,360,101,26208677.43,Normal,3.92,911,Valid
INVT004225,PO004225,P0054,WH009,2025-05-20,411,258,266,403,114,156,17090528.78,Normal,1.51,403,Valid
INVT004226,PO004226,P0254,WH007,2025-02-15,44,670,910,0,193,239,0.0,Stockout,0.0,0,Valid
INVT004227,PO004227,P0125,WH010,2025-06-16,432,229,288,373,177,14,4161396.88,Normal,1.29,373,Valid
INVT004228,PO004228,P0193,WH006,2026-06-04,761,407,318,850,470,163,22655092.5,Normal,4.09,850,Valid
INVT004229,PO004229,P0144,WH009,2026-07-13,1202,258,328,1132,391,246,55360097.76,Normal,4.23,1132,Valid
INVT004230,PO004230,P0183,WH009,2026-04-17,964,194,1,1157,482,121,81032114.8,Normal,4.32,1157,Valid
INVT004231,PO004231,P0081,WH005,2026-07-02,577,826,845,558,211,168,15628865.76,Normal,2.4,558,Valid
INVT004232,PO004232,P0225,WH006,2026-05-20,511,674,680,505,347,132,34820861.0,Normal,2.43,505,Valid
INVT004233,PO004233,P0281,WH006,2026-08-04,376,993,343,1026,94,20,63161996.4,Overstock,4.94,1026,Valid
INVT004234,PO004234,P0060,WH006,2025-02-08,720,238,230,728,311,48,3682558.88,Normal,3.51,728,Valid
INVT004235,PO004235,P0006,WH008,2026-08-02,800,248,245,803,205,68,52675884.58,Normal,3.95,803,Valid
INVT004236,PO004236,P0098,WH010,2025-02-16,671,859,288,1242,256,35,22808435.76,Normal,4.29,1242,Valid
INVT004237,PO004237,P0007,WH010,2025-09-19,373,488,639,222,194,82,12174799.68,Normal,0.77,222,Valid
INVT004238,PO004238,P0011,WH006,2026-07-25,289,747,247,789,348,26,44037025.08,Normal,3.8,789,Valid
INVT004239,PO004239,P0244,WH006,2026-03-01,31,41,43,29,54,42,389385.32,Reorder,0.14,29,Valid
INVT004240,PO004240,P0145,WH007,2026-01-09,58,82,54,86,30,79,5698890.62,Normal,1.49,86,Valid
INVT004241,PO004241,P0089,WH010,2025-05-13,1238,635,813,1060,390,162,31598928.6,Normal,3.66,1060,Valid
INVT004242,PO004242,P0273,WH005,2025-08-07,10,980,1386,0,217,132,0.0,Stockout,0.0,0,Valid
INVT004243,PO004243,P0128,WH006,2025-08-29,52,747,445,354,404,136,11827387.8,Reorder,1.71,354,Valid
INVT004244,PO004244,P0147,WH006,2025-09-11,1182,600,731,1051,335,66,79600154.54,Normal,5.06,1051,Valid
INVT004245,PO004245,P0283,WH008,2026-05-01,956,693,636,1013,321,33,52703665.03,Normal,4.98,1013,Valid
INVT004246,PO004246,P0238,WH008,2025-11-03,91,627,412,306,179,171,14193577.44,Normal,1.5,306,Valid
INVT004247,PO004247,P0016,WH006,2025-11-13,18,482,180,320,38,195,24958960.0,Overstock,1.54,320,Valid
INVT004248,PO004248,P0130,WH006,2026-03-10,36,775,595,216,173,58,5724682.56,Normal,1.04,216,Valid
INVT004249,PO004249,P0234,WH010,2025-01-01,71,583,138,516,150,113,13115842.8,Normal,1.78,516,Valid
INVT004250,PO004250,P0202,WH009,2026-04-22,178,874,1017,35,297,174,1177891.4,Reorder,0.13,35,Valid
INVT004251,PO004251,P0096,WH005,2025-09-30,206,138,34,310,303,232,13155838.9,Normal,1.33,310,Valid
INVT004252,PO004252,P0118,WH009,2025-07-29,1524,788,808,1504,460,187,129080228.5,Normal,5.62,1504,Valid
INVT004253,PO004253,P0138,WH005,2026-03-10,250,809,555,504,183,201,29879191.44,Normal,2.17,504,Valid
INVT004254,PO004254,P0074,WH009,2025-12-01,216,970,1410,0,87,78,0.0,Stockout,0.0,0,Valid
INVT004255,PO004255,P0292,WH008,2025-03-14,567,788,85,1270,355,98,82328512.0,Normal,6.24,1270,Valid
INVT004256,PO004256,P0092,WH006,2025-12-03,984,713,170,1527,369,36,30120487.29,Normal,7.35,1527,Valid
INVT004257,PO004257,P0249,WH005,2025-02-20,286,797,459,624,257,96,7028012.16,Normal,2.69,624,Valid
INVT004258,PO004258,P0283,WH007,2026-05-23,374,178,114,438,321,33,24593879.58,Normal,7.59,438,Valid
INVT004259,PO004259,P0208,WH007,2025-03-08,608,592,213,987,159,116,32368319.55,Overstock,17.11,987,Valid
INVT004260,PO004260,P0003,WH005,2026-07-29,591,386,328,649,234,143,56940670.49,Normal,2.79,649,Valid
INVT004261,PO004261,P0125,WH009,2025-08-16,397,996,847,546,177,14,6521369.4,Normal,2.04,546,Valid
INVT004262,PO004262,P0208,WH010,2025-05-07,357,866,206,1017,159,116,29129280.12,Overstock,3.51,1017,Valid
INVT004263,PO004263,P0254,WH005,2026-03-21,693,998,1381,310,193,239,21726827.4,Normal,1.33,310,Valid
INVT004264,PO004264,P0157,WH010,2026-07-07,983,915,214,1684,432,85,30580598.0,Normal,5.82,1684,Valid
INVT004265,PO004265,P0126,WH008,2025-07-20,143,734,299,578,226,14,34192861.6,Normal,2.84,578,Valid
INVT004266,PO004266,P0209,WH009,2025-06-16,71,193,249,15,236,35,1157648.85,Reorder,0.06,15,Valid
INVT004267,PO004267,P0089,WH006,2026-06-26,962,100,136,926,390,162,29192001.84,Normal,4.46,926,Valid
INVT004268,PO004268,P0181,WH010,2025-12-09,20,582,562,40,31,180,127020.8,Normal,0.14,40,Valid
INVT004269,PO004269,P0215,WH005,2025-01-15,266,158,129,295,86,75,10594237.65,Normal,1.27,295,Valid
INVT004270,PO004270,P0166,WH006,2025-03-02,769,822,745,846,209,166,15252263.28,Normal,4.07,846,Valid
INVT004271,PO004271,P0174,WH008,2026-07-11,1471,502,752,1221,391,52,97879108.47,Normal,6.0,1221,Valid
INVT004272,PO004272,P0240,WH008,2026-04-07,974,810,342,1442,378,29,118816488.4,Normal,7.09,1442,Valid
INVT004273,PO004273,P0137,WH008,2025-03-25,376,666,523,519,180,28,8834469.9,Normal,2.55,519,Valid
INVT004274,PO004274,P0082,WH006,2025-03-19,78,85,103,60,151,103,3012114.0,Reorder,0.29,60,Valid
INVT004275,PO004275,P0287,WH010,2025-10-20,79,692,691,80,254,99,5526868.8,Reorder,0.28,80,Valid
INVT004276,PO004276,P0012,WH005,2026-05-10,468,334,500,302,307,35,25550465.38,Reorder,1.3,302,Valid
INVT004277,PO004277,P0044,WH008,2026-04-11,126,989,118,997,177,19,57218188.92,Overstock,4.9,997,Valid
INVT004278,PO004278,P0024,WH006,2026-05-16,146,438,175,409,413,147,11096284.52,Reorder,1.97,409,Valid
INVT004279,PO004279,P0137,WH008,2025-11-18,194,873,726,341,180,28,5989583.16,Normal,1.6800000000000002,341,Valid
INVT004280,PO004280,P0126,WH006,2026-04-21,861,530,148,1243,226,14,70845903.7,Overstock,5.99,1243,Valid
INVT004281,PO004281,P0006,WH009,2025-05-16,25,847,777,95,205,68,6366916.15,Reorder,0.36,95,Valid
INVT004282,PO004282,P0209,WH010,2025-08-11,113,381,20,474,236,35,36863174.34,Normal,1.6400000000000001,474,Valid
INVT004283,PO004283,P0135,WH005,2026-04-09,118,896,380,634,182,127,45835816.16,Normal,2.73,634,Valid
INVT004284,PO004284,P0230,WH005,2025-02-20,706,486,726,466,346,159,26536150.98,Normal,2.01,466,Valid
INVT004285,PO004285,P0163,WH005,2025-01-31,460,464,269,655,201,83,36144249.3,Normal,2.8200000000000003,655,Valid
INVT004286,PO004286,P0242,WH009,2025-08-18,814,926,106,1634,228,88,17629732.54,Overstock,6.11,1634,Valid
INVT004287,PO004287,P0285,WH008,2026-05-03,211,296,256,251,165,178,16604583.72,Normal,1.23,251,Valid
INVT004288,PO004288,P0275,WH007,2025-01-16,673,357,36,994,361,144,35622803.02,Normal,17.24,994,Valid
INVT004289,PO004289,P0257,WH008,2026-05-11,458,521,646,333,336,211,20784061.8,Reorder,1.6400000000000001,333,Valid
INVT004290,PO004290,P0233,WH005,2026-06-01,184,108,139,153,59,136,5321112.03,Normal,0.66,153,Valid
INVT004291,PO004291,P0112,WH005,2026-06-04,1004,959,1352,611,439,184,13120326.83,Normal,2.63,611,Valid
INVT004292,PO004292,P0143,WH008,2026-07-05,144,153,60,237,36,230,21281798.94,Overstock,1.17,237,Valid
INVT004293,PO004293,P0099,WH009,2025-05-01,286,420,166,540,256,250,32617117.8,Normal,2.02,540,Valid
INVT004294,PO004294,P0285,WH008,2025-06-25,219,663,193,689,165,178,47877576.5,Normal,3.39,689,Valid
INVT004295,PO004295,P0148,WH006,2025-02-12,750,658,682,726,247,48,38443282.68,Normal,3.5,726,Valid
INVT004296,PO004296,P0284,WH007,2025-08-06,1159,969,950,1178,318,224,40411160.42,Normal,20.43,1178,Valid
INVT004297,PO004297,P0288,WH010,2025-10-04,96,727,928,0,42,71,0.0,Stockout,0.0,0,Valid
INVT004298,PO004298,P0029,WH007,2026-02-21,728,924,458,1194,236,45,66173271.0,Overstock,20.7,1194,Valid
INVT004299,PO004299,P0021,WH006,2025-12-03,255,352,220,387,254,131,10924901.64,Normal,1.8599999999999999,387,Valid
INVT004300,PO004300,P0010,WH010,2025-02-23,444,151,197,398,380,29,3358881.2,Normal,1.37,398,Valid
INVT004301,PO004301,P0106,WH008,2026-04-20,602,864,380,1086,213,184,18888667.68,Overstock,5.34,1086,Valid
INVT004302,PO004302,P0034,WH007,2025-08-14,88,901,281,708,108,45,28849973.4,Overstock,12.28,708,Valid
INVT004303,PO004303,P0209,WH009,2026-03-17,308,110,98,320,236,35,25902665.6,Normal,1.2,320,Valid
INVT004304,PO004304,P0133,WH010,2025-11-15,58,393,503,0,118,125,0.0,Stockout,0.0,0,Valid
INVT004305,PO004305,P0086,WH007,2026-06-04,722,923,339,1306,442,229,60784426.64,Normal,22.65,1306,Valid
INVT004306,PO004306,P0254,WH008,2026-02-12,756,401,535,622,193,239,41271180.36,Normal,3.06,622,Valid
INVT004307,PO004307,P0241,WH005,2025-05-29,901,637,216,1322,252,138,33832187.74,Overstock,5.69,1322,Valid
INVT004308,PO004308,P0039,WH008,2025-04-17,107,646,231,522,67,207,8280094.5,Overstock,2.5700000000000003,522,Valid
INVT004309,PO004309,P0115,WH009,2025-09-21,445,656,537,564,150,154,15779981.16,Normal,2.11,564,Valid
INVT004310,PO004310,P0206,WH010,2026-03-30,1669,95,107,1657,441,100,120991058.0,Normal,5.72,1657,Valid
INVT004311,PO004311,P0006,WH010,2025-12-08,8,470,492,0,205,68,0.0,Stockout,0.0,0,Valid
INVT004312,PO004312,P0203,WH005,2025-05-31,131,646,284,493,63,71,9943035.99,Overstock,2.12,493,Valid
INVT004313,PO004313,P0207,WH005,2025-12-12,111,860,173,798,32,142,26448074.1,Overstock,3.43,798,Valid
INVT004314,PO004314,P0221,WH005,2025-12-30,34,907,35,906,187,23,46609704.54,Normal,3.9,906,Valid
INVT004315,PO004315,P0138,WH005,2026-07-29,19,724,799,0,183,201,0.0,Stockout,0.0,0,Valid
INVT004316,PO004316,P0263,WH009,2025-11-25,253,584,821,16,72,247,1111608.96,Reorder,0.06,16,Valid
INVT004317,PO004317,P0151,WH008,2025-12-28,241,663,912,0,390,115,0.0,Stockout,0.0,0,Valid
INVT004318,PO004318,P0122,WH006,2025-01-15,439,122,176,385,208,225,19552259.65,Normal,1.85,385,Valid
INVT004319,PO004319,P0032,WH008,2025-05-17,304,361,392,273,237,188,4361603.61,Normal,1.34,273,Valid
INVT004320,PO004320,P0186,WH007,2025-11-13,570,158,48,680,147,34,43841735.2,Normal,11.79,680,Valid
INVT004321,PO004321,P0124,WH006,2025-06-14,1141,890,1119,912,411,167,59599236.48,Normal,4.39,912,Valid
INVT004322,PO004322,P0152,WH005,2025-06-30,498,468,15,951,360,101,30514299.54,Normal,4.09,951,Valid
INVT004323,PO004323,P0014,WH006,2025-03-03,26,513,424,115,31,150,2703995.0,Normal,0.55,115,Valid
INVT004324,PO004324,P0117,WH005,2025-01-11,1959,861,236,2584,490,224,121091924.8,Overstock,11.12,2584,Valid
INVT004325,PO004325,P0240,WH008,2025-07-13,873,566,93,1346,378,29,117097746.6,Normal,6.62,1346,Valid
INVT004326,PO004326,P0062,WH007,2025-04-30,73,621,879,0,299,57,0.0,Stockout,0.0,0,Valid
INVT004327,PO004327,P0221,WH007,2025-09-26,335,596,686,245,187,23,12710881.75,Normal,4.25,245,Valid
INVT004328,PO004328,P0276,WH006,2026-01-06,1478,905,1319,1064,382,193,85592660.72,Normal,5.12,1064,Valid
INVT004329,PO004329,P0249,WH005,2026-04-23,370,535,255,650,257,96,7949526.0,Normal,2.8,650,Valid
INVT004330,PO004330,P0189,WH005,2026-07-08,20,530,395,155,72,109,8069515.45,Normal,0.67,155,Valid
INVT004331,PO004331,P0219,WH008,2025-03-02,374,164,58,480,311,33,38236300.8,Normal,2.36,480,Valid
INVT004332,PO004332,P0153,WH007,2026-05-31,1431,785,567,1649,441,216,47565751.29,Normal,28.59,1649,Valid
INVT004333,PO004333,P0169,WH005,2026-04-27,172,448,118,502,257,169,41650252.26,Normal,2.16,502,Valid
INVT004334,PO004334,P0110,WH008,2025-05-19,708,387,231,864,228,116,16172835.84,Normal,4.25,864,Valid
INVT004335,PO004335,P0051,WH006,2025-08-05,745,202,63,884,387,133,5064957.56,Normal,4.26,884,Valid
INVT004336,PO004336,P0081,WH006,2026-01-30,256,487,682,61,211,168,1759525.48,Reorder,0.29,61,Valid
INVT004337,PO004337,P0286,WH010,2026-05-20,369,85,122,332,421,85,19656830.24,Reorder,1.15,332,Valid
INVT004338,PO004338,P0184,WH010,2025-12-11,190,139,139,190,157,106,14343571.2,Normal,0.66,190,Valid
INVT004339,PO004339,P0032,WH008,2025-11-23,504,413,127,790,237,188,15260738.1,Normal,3.88,790,Valid
INVT004340,PO004340,P0215,WH010,2025-07-31,190,328,254,264,86,75,8335327.44,Normal,0.91,264,Valid
INVT004341,PO004341,P0256,WH005,2025-05-10,33,324,96,261,29,170,13282146.45,Overstock,1.12,261,Valid
INVT004342,PO004342,P0095,WH008,2025-05-05,1512,108,86,1534,393,151,42123593.98,Normal,7.54,1534,Valid
INVT004343,PO004343,P0159,WH007,2025-11-06,1013,660,578,1095,290,206,34666834.95,Normal,18.99,1095,Valid
INVT004344,PO004344,P0079,WH008,2026-07-31,41,558,756,0,63,108,0.0,Stockout,0.0,0,Valid
INVT004345,PO004345,P0211,WH006,2025-03-15,491,577,838,230,173,144,9686410.9,Normal,1.11,230,Valid
INVT004346,PO004346,P0084,WH009,2026-05-30,290,162,144,308,239,88,11096488.48,Normal,1.15,308,Valid
INVT004347,PO004347,P0009,WH006,2025-09-21,1564,825,230,2159,435,127,88789997.68,Normal,10.4,2159,Valid
INVT004348,PO004348,P0205,WH007,2025-04-23,1059,39,39,1059,480,72,29799794.04,Normal,18.36,1059,Valid
INVT004349,PO004349,P0055,WH010,2025-12-20,848,222,274,796,437,63,25625023.04,Normal,2.75,796,Valid
INVT004350,PO004350,P0174,WH009,2025-09-09,1177,232,253,1156,391,52,89445014.48,Normal,4.32,1156,Valid
INVT004351,PO004351,P0203,WH008,2025-04-26,191,354,213,332,63,71,7099810.04,Overstock,1.63,332,Valid
INVT004352,PO004352,P0082,WH010,2026-08-01,433,11,13,431,151,103,21968035.52,Normal,1.49,431,Valid
INVT004353,PO004353,P0030,WH010,2026-01-15,584,58,67,575,258,168,47296550.25,Normal,1.99,575,Valid
INVT004354,PO004354,P0093,WH009,2026-02-04,593,545,425,713,224,216,29048147.62,Normal,2.66,713,Valid
INVT004355,PO004355,P0012,WH009,2025-09-22,1036,382,373,1045,307,35,95162642.85,Normal,3.91,1045,Valid
INVT004356,PO004356,P0126,WH006,2025-06-28,104,940,977,67,226,14,3716345.95,Reorder,0.32,67,Valid
INVT004357,PO004357,P0057,WH008,2025-09-27,30,459,292,197,45,53,7878502.8,Normal,0.97,197,Valid
INVT004358,PO004358,P0079,WH007,2026-02-22,203,807,501,509,63,108,26500682.89,Overstock,8.83,509,Valid
INVT004359,PO004359,P0270,WH007,2026-05-01,226,159,231,154,429,112,10580175.76,Reorder,2.67,154,Valid
INVT004360,PO004360,P0076,WH009,2025-01-09,406,140,138,408,315,60,26823898.8,Normal,1.52,408,Valid
INVT004361,PO004361,P0242,WH010,2026-05-20,596,19,1,614,228,88,7174497.9,Normal,2.12,614,Valid
INVT004362,PO004362,P0140,WH007,2025-08-30,659,841,949,551,462,58,37891272.69,Normal,9.55,551,Valid
INVT004363,PO004363,P0280,WH006,2025-10-01,540,423,629,334,269,158,12329984.08,Normal,1.6099999999999999,334,Valid
INVT004364,PO004364,P0074,WH006,2026-01-01,66,145,170,41,87,78,2251322.3,Reorder,0.2,41,Valid
INVT004365,PO004365,P0008,WH006,2025-06-19,31,474,313,192,81,100,11346142.08,Normal,0.92,192,Valid
INVT004366,PO004366,P0191,WH006,2025-09-18,315,199,234,280,429,204,19789100.8,Reorder,1.35,280,Valid
INVT004367,PO004367,P0188,WH008,2026-01-21,526,543,261,808,324,165,1629881.44,Normal,3.9699999999999998,808,Valid
INVT004368,PO004368,P0114,WH009,2025-11-04,21,605,279,347,70,236,23148959.9,Normal,1.3,347,Valid
INVT004369,PO004369,P0015,WH008,2025-03-26,370,31,21,380,340,128,29755466.8,Normal,1.87,380,Valid
INVT004370,PO004370,P0276,WH008,2026-04-10,894,876,252,1518,382,193,124553418.0,Normal,7.46,1518,Valid
INVT004371,PO004371,P0151,WH005,2025-04-04,448,463,142,769,390,115,5266688.75,Normal,3.31,769,Valid
INVT004372,PO004372,P0170,WH010,2026-04-18,129,729,753,105,210,177,7460385.45,Reorder,0.36,105,Valid
INVT004373,PO004373,P0129,WH005,2025-12-21,156,863,714,305,126,140,5863094.3,Normal,1.31,305,Valid
INVT004374,PO004374,P0145,WH005,2026-06-15,45,874,443,476,30,79,28894094.88,Overstock,2.05,476,Valid
INVT004375,PO004375,P0038,WH009,2025-11-14,141,575,153,563,339,40,15669590.53,Normal,2.1,563,Valid
INVT004376,PO004376,P0195,WH007,2025-12-06,133,394,502,25,97,205,1417884.25,Reorder,0.43,25,Valid
INVT004377,PO004377,P0142,WH006,2026-07-14,123,500,661,0,301,101,0.0,Stockout,0.0,0,Valid
INVT004378,PO004378,P0069,WH005,2026-02-14,1019,187,111,1095,302,96,48056473.05,Normal,4.71,1095,Valid
INVT004379,PO004379,P0010,WH006,2026-01-24,903,142,160,885,380,29,8901108.75,Normal,4.26,885,Valid
INVT004380,PO004380,P0026,WH008,2026-07-09,37,99,56,80,171,23,6763146.4,Reorder,0.39,80,Valid
INVT004381,PO004381,P0093,WH006,2025-10-04,66,484,350,200,224,216,8315344.0,Reorder,0.96,200,Valid
INVT004382,PO004382,P0238,WH006,2026-05-05,194,73,79,188,179,171,9293330.68,Normal,0.91,188,Valid
INVT004383,PO004383,P0190,WH008,2026-04-29,463,583,243,803,238,85,51623272.03,Normal,3.95,803,Valid
INVT004384,PO004384,P0237,WH006,2025-09-18,535,117,59,593,290,24,15998849.43,Normal,2.86,593,Valid
INVT004385,PO004385,P0180,WH009,2025-12-14,20,334,487,0,306,39,0.0,Stockout,0.0,0,Valid
INVT004386,PO004386,P0066,WH005,2025-10-02,1023,737,646,1114,379,91,53838517.14,Normal,4.79,1114,Valid
INVT004387,PO004387,P0269,WH006,2025-03-16,524,548,299,773,252,243,61317065.5,Normal,3.7199999999999998,773,Valid
INVT004388,PO004388,P0184,WH008,2026-04-25,280,65,19,326,157,106,26094758.02,Normal,1.6,326,Valid
INVT004389,PO004389,P0217,WH009,2025-11-25,444,813,197,1060,394,47,67202876.4,Normal,3.96,1060,Valid
INVT004390,PO004390,P0200,WH005,2026-01-08,207,101,114,194,422,173,14571241.06,Reorder,0.8300000000000001,194,Valid
INVT004391,PO004391,P0162,WH010,2026-08-02,173,82,54,201,216,189,10816049.19,Reorder,0.6900000000000001,201,Valid
INVT004392,PO004392,P0255,WH009,2026-01-19,564,685,191,1058,163,172,51528387.64,Overstock,3.95,1058,Valid
INVT004393,PO004393,P0061,WH007,2025-01-23,317,381,338,360,232,52,13130654.4,Normal,6.24,360,Valid
INVT004394,PO004394,P0228,WH007,2025-03-20,1001,487,562,926,351,11,76412825.5,Normal,16.06,926,Valid
INVT004395,PO004395,P0104,WH006,2026-02-19,558,700,134,1124,297,48,28864769.6,Normal,5.41,1124,Valid
INVT004396,PO004396,P0029,WH007,2025-05-12,323,952,692,583,236,45,36430818.82,Normal,10.11,583,Valid
INVT004397,PO004397,P0041,WH009,2026-07-23,578,878,415,1041,372,143,40710876.27,Normal,3.89,1041,Valid
INVT004398,PO004398,P0188,WH010,2025-02-03,577,773,18,1332,324,165,2489214.96,Normal,4.6,1332,Valid
INVT004399,PO004399,P0109,WH006,2025-11-11,870,190,175,885,373,189,51307963.5,Normal,4.26,885,Valid
INVT004400,PO004400,P0027,WH008,2025-09-22,389,746,759,376,495,214,22774861.44,Reorder,1.85,376,Valid
INVT004401,PO004401,P0134,WH010,2026-01-28,144,695,1033,0,245,14,0.0,Stockout,0.0,0,Valid
INVT004402,PO004402,P0106,WH005,2025-02-03,848,790,910,728,213,184,12326910.96,Normal,3.13,728,Valid
INVT004403,PO004403,P0001,WH009,2025-07-21,894,596,589,901,364,114,42430252.4,Normal,3.37,901,Valid
INVT004404,PO004404,P0042,WH007,2025-09-02,461,170,50,581,131,24,42587038.55,Normal,10.07,581,Valid
INVT004405,PO004405,P0271,WH010,2026-01-01,482,326,102,706,144,210,9226706.94,Normal,2.44,706,Valid
INVT004406,PO004406,P0200,WH005,2026-04-04,629,431,577,483,422,173,39228675.57,Normal,2.08,483,Valid
INVT004407,PO004407,P0103,WH006,2025-08-29,314,831,952,193,161,185,4307920.19,Normal,0.93,193,Valid
INVT004408,PO004408,P0090,WH007,2025-07-20,64,838,64,838,76,160,70527295.1,Overstock,14.53,838,Valid
INVT004409,PO004409,P0055,WH005,2025-03-20,1098,66,99,1065,437,63,30344469.9,Normal,4.58,1065,Valid
INVT004410,PO004410,P0183,WH010,2025-03-31,418,648,209,857,482,121,50284406.44,Normal,2.96,857,Valid
INVT004411,PO004411,P0288,WH010,2026-04-14,160,511,132,539,42,71,16950003.07,Overstock,1.8599999999999999,539,Valid
INVT004412,PO004412,P0209,WH005,2025-12-15,681,185,95,771,236,35,64850035.89,Normal,3.32,771,Valid
INVT004413,PO004413,P0139,WH007,2026-04-18,156,280,100,336,42,232,23275963.2,Overstock,5.83,336,Valid
INVT004414,PO004414,P0169,WH008,2025-01-07,410,769,274,905,257,169,74317197.25,Normal,4.45,905,Valid
INVT004415,PO004415,P0085,WH006,2025-01-13,870,752,902,720,306,81,43125501.6,Normal,3.47,720,Valid
INVT004416,PO004416,P0012,WH009,2025-09-04,85,272,327,30,307,35,2691662.1,Reorder,0.11,30,Valid
INVT004417,PO004417,P0115,WH005,2026-02-20,426,658,504,580,150,154,16616762.2,Normal,2.5,580,Valid
INVT004418,PO004418,P0268,WH010,2025-08-18,567,219,289,497,208,247,11040566.74,Normal,1.72,497,Valid
INVT004419,PO004419,P0052,WH005,2025-02-27,98,741,427,412,402,58,7566903.24,Normal,1.77,412,Valid
INVT004420,PO004420,P0191,WH008,2025-04-23,724,966,422,1268,429,204,101197697.9,Normal,6.23,1268,Valid
INVT004421,PO004421,P0183,WH008,2025-10-02,1217,998,392,1823,482,121,123584779.5,Normal,8.96,1823,Valid
INVT004422,PO004422,P0247,WH010,2025-12-24,383,116,76,423,303,118,12555388.71,Normal,1.46,423,Valid
INVT004423,PO004423,P0106,WH005,2025-12-13,752,79,96,735,213,184,12807786.6,Normal,3.16,735,Valid
INVT004424,PO004424,P0248,WH009,2026-05-29,443,165,169,439,444,184,36059157.09,Reorder,1.6400000000000001,439,Valid
INVT004425,PO004425,P0163,WH009,2025-06-17,378,183,140,421,201,83,24128819.31,Normal,1.57,421,Valid
INVT004426,PO004426,P0122,WH010,2025-05-01,556,151,42,665,208,225,32797833.25,Normal,2.3,665,Valid
INVT004427,PO004427,P0064,WH008,2026-07-23,435,418,516,337,499,106,28969463.6,Reorder,1.6600000000000001,337,Valid
INVT004428,PO004428,P0027,WH007,2026-04-24,268,579,661,186,495,214,11720607.72,Reorder,3.23,186,Valid
INVT004429,PO004429,P0023,WH005,2026-05-01,1191,640,622,1209,301,65,21302604.18,Normal,5.2,1209,Valid
INVT004430,PO004430,P0240,WH008,2025-03-01,115,895,1188,0,378,29,0.0,Stockout,0.0,0,Valid
INVT004431,PO004431,P0131,WH008,2026-05-24,604,670,482,792,393,68,20178504.72,Normal,3.89,792,Valid
INVT004432,PO004432,P0021,WH006,2026-05-14,261,764,557,468,254,131,12619175.4,Normal,2.25,468,Valid
INVT004433,PO004433,P0052,WH009,2025-09-19,1385,989,886,1488,402,58,24677304.48,Normal,5.5600000000000005,1488,Valid
INVT004434,PO004434,P0100,WH007,2025-07-05,1184,946,912,1218,311,64,935375.28,Normal,21.12,1218,Valid
INVT004435,PO004435,P0250,WH006,2026-08-03,805,132,14,923,485,23,54677929.28,Normal,4.45,923,Valid
INVT004436,PO004436,P0048,WH008,2026-07-30,545,980,160,1365,370,99,100948616.0,Normal,6.71,1365,Valid
INVT004437,PO004437,P0200,WH005,2025-01-22,1029,19,13,1035,422,173,83970129.6,Normal,4.45,1035,Valid
INVT004438,PO004438,P0098,WH008,2025-05-16,253,914,116,1051,256,35,22034530.3,Normal,5.17,1051,Valid
INVT004439,PO004439,P0146,WH009,2025-08-13,89,420,188,321,52,166,19365210.96,Overstock,1.2,321,Valid
INVT004440,PO004440,P0251,WH008,2025-11-14,267,550,581,236,184,38,8949653.36,Normal,1.16,236,Valid
INVT004441,PO004441,P0167,WH005,2025-02-14,1803,733,829,1707,451,169,28555771.41,Normal,7.35,1707,Valid
INVT004442,PO004442,P0225,WH005,2026-01-01,198,24,35,187,347,132,14872697.18,Reorder,0.8,187,Valid
INVT004443,PO004443,P0104,WH007,2026-03-17,221,22,29,214,297,48,5991689.7,Reorder,3.71,214,Valid
INVT004444,PO004444,P0146,WH009,2026-04-17,58,211,79,190,52,166,11628359.1,Normal,0.71,190,Valid
INVT004445,PO004445,P0183,WH007,2025-04-22,1713,698,807,1604,482,121,100738738.8,Normal,27.81,1604,Valid
INVT004446,PO004446,P0024,WH010,2025-06-24,920,136,36,1020,413,147,29054465.4,Normal,3.52,1020,Valid
INVT004447,PO004447,P0009,WH008,2025-01-02,10,467,185,292,435,127,12056653.72,Reorder,1.44,292,Valid
INVT004448,PO004448,P0041,WH008,2025-12-28,1172,519,237,1454,372,143,56771808.04,Normal,7.15,1454,Valid
INVT004449,PO004449,P0085,WH008,2025-09-08,718,407,461,664,306,81,44075755.6,Normal,3.26,664,Valid
INVT004450,PO004450,P0237,WH010,2025-11-25,724,933,810,847,290,24,22368414.53,Normal,2.93,847,Valid
INVT004451,PO004451,P0025,WH008,2025-02-14,88,592,531,149,417,19,2160072.37,Reorder,0.73,149,Valid
INVT004452,PO004452,P0283,WH006,2026-02-02,759,340,114,985,321,33,58506242.0,Normal,4.74,985,Valid
INVT004453,PO004453,P0181,WH007,2025-09-15,119,744,1111,0,31,180,0.0,Stockout,0.0,0,Valid
INVT004454,PO004454,P0237,WH006,2025-01-01,523,878,774,627,290,24,16272681.48,Normal,3.02,627,Valid
INVT004455,PO004455,P0196,WH008,2026-07-01,90,66,3,153,236,215,10119433.77,Reorder,0.75,153,Valid
INVT004456,PO004456,P0284,WH007,2025-12-06,1044,872,858,1058,318,224,34439021.48,Normal,18.35,1058,Valid
INVT004457,PO004457,P0179,WH008,2025-10-09,85,994,430,649,128,245,4649909.77,Overstock,3.19,649,Valid
INVT004458,PO004458,P0298,WH007,2026-03-17,1240,192,138,1294,432,66,20790749.76,Normal,22.44,1294,Valid
INVT004459,PO004459,P0299,WH008,2025-05-05,981,594,675,900,471,18,6068412.0,Normal,4.43,900,Valid
INVT004460,PO004460,P0172,WH010,2025-04-18,311,413,562,162,170,34,65039.76,Reorder,0.56,162,Valid
INVT004461,PO004461,P0111,WH009,2025-03-21,62,383,494,0,40,62,0.0,Stockout,0.0,0,Valid
INVT004462,PO004462,P0042,WH009,2025-08-16,397,307,381,323,131,24,21007629.3,Normal,1.21,323,Valid
INVT004463,PO004463,P0276,WH006,2026-04-12,935,636,404,1167,382,193,103863688.5,Normal,5.62,1167,Valid
INVT004464,PO004464,P0037,WH006,2025-07-07,64,991,637,418,344,50,12730674.88,Normal,2.01,418,Valid
INVT004465,PO004465,P0153,WH008,2025-08-13,1236,960,1229,967,441,216,26699546.9,Normal,4.75,967,Valid
INVT004466,PO004466,P0092,WH009,2026-03-16,1467,979,1127,1319,369,36,25137053.54,Normal,4.93,1319,Valid
INVT004467,PO004467,P0104,WH008,2025-09-17,708,334,55,987,297,48,25460750.7,Normal,4.85,987,Valid
INVT004468,PO004468,P0225,WH008,2025-01-14,1130,531,137,1524,347,132,110265545.3,Normal,7.49,1524,Valid
INVT004469,PO004469,P0052,WH005,2026-05-01,1087,744,580,1251,402,58,20709466.83,Normal,5.38,1251,Valid
INVT004470,PO004470,P0005,WH008,2025-09-20,367,599,714,252,145,104,8588268.36,Normal,1.24,252,Valid
INVT004471,PO004471,P0292,WH010,2025-07-08,612,451,220,843,355,98,54501686.58,Normal,2.91,843,Valid
INVT004472,PO004472,P0028,WH010,2026-03-31,32,802,355,479,29,232,6322110.24,Overstock,1.65,479,Valid
INVT004473,PO004473,P0087,WH006,2026-04-03,172,812,332,652,237,242,52849463.92,Normal,3.14,652,Valid
INVT004474,PO004474,P0014,WH006,2025-04-08,47,375,316,106,31,150,2287307.22,Normal,0.51,106,Valid
INVT004475,PO004475,P0241,WH010,2025-05-17,144,272,146,270,252,138,7159052.7,Normal,0.93,270,Valid
INVT004476,PO004476,P0078,WH009,2026-04-13,285,647,366,566,89,82,26199404.2,Overstock,2.12,566,Valid
INVT004477,PO004477,P0135,WH009,2025-01-25,287,213,115,385,182,127,27030334.1,Normal,1.44,385,Valid
INVT004478,PO004478,P0142,WH005,2026-04-08,151,987,554,584,301,101,33181998.16,Normal,2.51,584,Valid
INVT004479,PO004479,P0128,WH007,2026-04-29,986,908,1042,852,404,136,28253598.0,Normal,14.77,852,Valid
INVT004480,PO004480,P0210,WH010,2026-05-19,312,834,1074,72,136,236,5504977.44,Reorder,0.25,72,Valid
INVT004481,PO004481,P0080,WH006,2025-05-21,668,463,303,828,332,36,30204686.52,Normal,3.99,828,Valid
INVT004482,PO004482,P0067,WH009,2025-03-29,593,621,268,946,217,184,41682358.74,Normal,3.54,946,Valid
INVT004483,PO004483,P0079,WH009,2026-06-13,169,845,655,359,63,108,16010057.34,Overstock,1.34,359,Valid
INVT004484,PO004484,P0028,WH008,2026-07-04,103,29,34,98,29,232,1392219.36,Normal,0.48,98,Valid
INVT004485,PO004485,P0088,WH005,2025-04-02,430,602,59,973,384,57,22038897.58,Normal,4.19,973,Valid
INVT004486,PO004486,P0004,WH007,2025-03-10,712,759,616,855,310,85,60905514.6,Normal,14.83,855,Valid
INVT004487,PO004487,P0110,WH007,2025-01-25,630,872,1080,422,228,116,7488444.86,Normal,7.32,422,Valid
INVT004488,PO004488,P0230,WH005,2026-07-21,903,82,79,906,346,159,50304843.66,Normal,3.9,906,Valid
INVT004489,PO004489,P0256,WH009,2026-04-15,38,856,1166,0,29,170,0.0,Stockout,0.0,0,Valid
INVT004490,PO004490,P0206,WH005,2025-01-25,1595,189,12,1772,441,100,152346743.1,Normal,7.63,1772,Valid
INVT004491,PO004491,P0244,WH006,2025-04-07,46,22,9,59,54,42,763090.07,Normal,0.28,59,Valid
INVT004492,PO004492,P0201,WH007,2025-11-19,180,577,793,0,47,245,0.0,Stockout,0.0,0,Valid
INVT004493,PO004493,P0055,WH006,2026-05-18,108,150,144,114,437,63,3774120.48,Reorder,0.55,114,Valid
INVT004494,PO004494,P0230,WH007,2025-09-11,899,857,884,872,346,159,51842702.08,Normal,15.12,872,Valid
INVT004495,PO004495,P0087,WH007,2025-12-25,910,634,619,925,237,242,77481006.25,Normal,16.04,925,Valid
INVT004496,PO004496,P0199,WH007,2026-06-03,101,991,435,657,325,187,37644010.74,Normal,11.39,657,Valid
INVT004497,PO004497,P0243,WH009,2026-03-17,131,953,648,436,377,159,325203.68,Normal,1.63,436,Valid
INVT004498,PO004498,P0082,WH007,2026-08-03,335,489,330,494,151,103,27786709.6,Normal,8.57,494,Valid
INVT004499,PO004499,P0065,WH009,2025-01-31,1542,178,24,1696,390,19,70809984.32,Normal,6.34,1696,Valid
INVT004500,PO004500,P0015,WH008,2025-10-11,1347,618,344,1621,340,128,129653788.4,Normal,7.97,1621,Valid
INVT004501,PO004501,P0166,WH009,2025-03-01,110,96,9,197,209,166,3871355.35,Reorder,0.74,197,Valid
INVT004502,PO004502,P0263,WH007,2025-06-13,12,12,7,17,72,247,1270364.44,Reorder,0.29,17,Valid
INVT004503,PO004503,P0032,WH009,2025-11-26,611,506,579,538,237,188,10274040.74,Normal,2.01,538,Valid
INVT004504,PO004504,P0056,WH005,2025-05-26,862,940,333,1469,455,211,57240730.82,Normal,6.32,1469,Valid
INVT004505,PO004505,P0240,WH006,2025-04-16,906,711,525,1092,378,29,98780048.64,Normal,5.26,1092,Valid
INVT004506,PO004506,P0156,WH006,2026-03-29,367,943,460,850,140,169,58628087.0,Overstock,4.09,850,Valid
INVT004507,PO004507,P0243,WH008,2025-06-16,1424,786,1014,1196,377,159,870939.16,Normal,5.88,1196,Valid
INVT004508,PO004508,P0255,WH005,2026-05-01,409,410,345,474,163,172,23683310.46,Normal,2.04,474,Valid
INVT004509,PO004509,P0007,WH010,2026-03-11,769,466,374,861,194,82,51582062.28,Normal,2.9699999999999998,861,Valid
INVT004510,PO004510,P0222,WH008,2026-03-12,242,278,2,518,372,47,38243183.72,Normal,2.55,518,Valid
INVT004511,PO004511,P0222,WH010,2025-08-20,346,699,671,374,372,47,29899156.98,Normal,1.29,374,Valid
INVT004512,PO004512,P0293,WH009,2026-04-13,792,145,23,914,212,211,45829367.56,Normal,3.42,914,Valid
INVT004513,PO004513,P0247,WH010,2025-09-27,516,115,22,609,303,118,19657862.28,Normal,2.1,609,Valid
INVT004514,PO004514,P0209,WH005,2025-01-20,195,999,1388,0,236,35,0.0,Stockout,0.0,0,Valid
INVT004515,PO004515,P0194,WH010,2026-06-12,54,323,443,0,145,42,0.0,Stockout,0.0,0,Valid
INVT004516,PO004516,P0100,WH008,2026-07-06,173,955,1129,0,311,64,0.0,Stockout,0.0,0,Valid
INVT004517,PO004517,P0159,WH010,2025-10-11,1109,880,915,1074,290,206,31392321.9,Normal,3.71,1074,Valid
INVT004518,PO004518,P0299,WH007,2026-01-09,1725,349,335,1739,471,18,11332054.38,Normal,30.15,1739,Valid
INVT004519,PO004519,P0246,WH007,2025-01-18,796,147,202,741,213,207,52424527.35,Normal,12.85,741,Valid
INVT004520,PO004520,P0072,WH006,2026-03-27,872,314,262,924,290,216,5698575.96,Normal,4.45,924,Valid
INVT004521,PO004521,P0237,WH007,2025-05-30,54,484,473,65,290,24,1769557.4,Reorder,1.13,65,Valid
INVT004522,PO004522,P0191,WH005,2025-11-11,1664,245,229,1680,429,204,130123862.4,Normal,7.23,1680,Valid
INVT004523,PO004523,P0174,WH006,2025-07-23,714,690,1018,386,391,52,28612798.12,Reorder,1.8599999999999999,386,Valid
INVT004524,PO004524,P0244,WH010,2025-02-08,46,843,181,708,54,42,10914053.64,Overstock,2.45,708,Valid
INVT004525,PO004525,P0118,WH010,2026-06-20,454,749,22,1181,460,187,90874241.66,Normal,4.08,1181,Valid
INVT004526,PO004526,P0089,WH008,2025-01-23,1454,33,21,1466,390,162,50238617.88,Normal,7.21,1466,Valid
INVT004527,PO004527,P0228,WH010,2025-10-24,517,352,207,662,351,11,51973143.36,Normal,2.29,662,Valid
INVT004528,PO004528,P0232,WH006,2025-07-07,993,865,1125,733,293,69,27685637.23,Normal,3.5300000000000002,733,Valid
INVT004529,PO004529,P0299,WH009,2025-01-03,903,908,1114,697,471,18,4821525.38,Normal,2.61,697,Valid
INVT004530,PO004530,P0009,WH010,2026-08-02,1405,272,162,1515,435,127,71015352.3,Normal,5.23,1515,Valid
INVT004531,PO004531,P0109,WH007,2026-02-19,489,936,1102,323,373,189,18931478.97,Reorder,5.6,323,Valid
INVT004532,PO004532,P0233,WH010,2025-06-19,56,894,1035,0,59,136,0.0,Stockout,0.0,0,Valid
INVT004533,PO004533,P0217,WH005,2025-08-08,324,86,103,307,394,47,20111932.26,Reorder,1.32,307,Valid
INVT004534,PO004534,P0032,WH007,2026-03-14,779,184,262,701,237,188,13178715.88,Normal,12.16,701,Valid
INVT004535,PO004535,P0171,WH007,2026-07-17,1698,100,62,1736,466,114,59808758.8,Normal,30.1,1736,Valid
INVT004536,PO004536,P0129,WH007,2025-05-14,356,212,151,417,126,140,7306006.8,Normal,7.23,417,Valid
INVT004537,PO004537,P0021,WH007,2026-01-25,802,486,175,1113,254,131,28558745.25,Normal,19.3,1113,Valid
INVT004538,PO004538,P0272,WH008,2026-05-15,323,396,258,461,133,17,32473522.28,Normal,2.27,461,Valid
INVT004539,PO004539,P0145,WH007,2025-12-23,104,261,143,222,30,79,15299793.78,Overstock,3.85,222,Valid
INVT004540,PO004540,P0034,WH010,2026-07-25,62,857,1030,0,108,45,0.0,Stockout,0.0,0,Valid
INVT004541,PO004541,P0031,WH010,2026-06-17,601,599,48,1152,378,181,14617117.44,Normal,3.98,1152,Valid
INVT004542,PO004542,P0046,WH006,2025-06-24,1809,524,262,2071,486,202,88280268.48,Normal,9.97,2071,Valid
INVT004543,PO004543,P0105,WH010,2025-09-09,507,265,146,626,175,213,6784562.96,Normal,2.16,626,Valid
INVT004544,PO004544,P0175,WH010,2026-07-01,494,284,165,613,455,79,4149777.06,Normal,2.12,613,Valid
INVT004545,PO004545,P0063,WH010,2025-09-06,1067,191,260,998,443,35,32812343.8,Normal,3.45,998,Valid
INVT004546,PO004546,P0280,WH005,2026-06-05,677,172,16,833,269,158,32187953.0,Normal,3.58,833,Valid
INVT004547,PO004547,P0106,WH008,2026-07-26,545,644,175,1014,213,184,16546431.72,Normal,4.99,1014,Valid
INVT004548,PO004548,P0290,WH007,2025-06-16,77,653,496,234,95,201,16741480.86,Normal,4.06,234,Valid
INVT004549,PO004549,P0230,WH005,2025-01-28,322,852,98,1076,346,159,56620680.2,Normal,4.63,1076,Valid
INVT004550,PO004550,P0260,WH009,2025-06-30,366,435,365,436,341,72,12040602.16,Normal,1.63,436,Valid
INVT004551,PO004551,P0240,WH010,2025-09-15,636,295,427,504,378,29,45428423.04,Normal,1.74,504,Valid
INVT004552,PO004552,P0181,WH007,2026-03-14,22,666,302,386,31,180,1090257.0,Overstock,6.69,386,Valid
INVT004553,PO004553,P0108,WH005,2025-09-13,868,95,131,832,217,213,36738973.44,Normal,3.58,832,Valid
INVT004554,PO004554,P0290,WH009,2026-08-04,281,520,127,674,95,201,49764318.2,Overstock,2.52,674,Valid
INVT004555,PO004555,P0199,WH010,2025-11-15,921,932,66,1787,325,187,108075436.9,Overstock,6.17,1787,Valid
INVT004556,PO004556,P0167,WH009,2026-01-18,1136,602,160,1578,451,169,27750613.32,Normal,5.9,1578,Valid
INVT004557,PO004557,P0121,WH005,2025-06-02,242,891,754,379,119,200,6193959.1,Normal,1.63,379,Valid
INVT004558,PO004558,P0219,WH006,2025-12-07,1110,833,1228,715,311,33,58309894.5,Normal,3.44,715,Valid
INVT004559,PO004559,P0146,WH010,2025-07-18,172,125,138,159,52,166,11059380.15,Normal,0.55,159,Valid
INVT004560,PO004560,P0210,WH006,2026-03-14,181,352,367,166,136,236,12569212.9,Normal,0.8,166,Valid
INVT004561,PO004561,P0105,WH005,2025-03-12,185,992,972,205,175,213,2402247.4,Normal,0.88,205,Valid
INVT004562,PO004562,P0128,WH008,2026-03-09,1003,281,73,1211,404,136,35701478.89,Normal,5.95,1211,Valid
INVT004563,PO004563,P0230,WH009,2025-03-11,480,71,68,483,346,159,27424136.25,Normal,1.81,483,Valid
INVT004564,PO004564,P0299,WH010,2026-01-23,1597,146,164,1579,471,18,10021060.34,Normal,5.45,1579,Valid
INVT004565,PO004565,P0261,WH005,2026-03-15,516,567,843,240,132,180,1737864.0,Normal,1.03,240,Valid
INVT004566,PO004566,P0141,WH005,2025-03-13,312,87,105,294,230,103,6497226.54,Normal,1.27,294,Valid
INVT004567,PO004567,P0136,WH007,2025-03-15,1313,139,63,1389,441,74,52566468.87,Normal,24.09,1389,Valid
INVT004568,PO004568,P0222,WH009,2025-04-11,1133,815,917,1031,372,47,91297802.77,Normal,3.85,1031,Valid
INVT004569,PO004569,P0112,WH007,2026-07-12,929,595,299,1225,439,184,28045774.75,Normal,21.24,1225,Valid
INVT004570,PO004570,P0149,WH005,2025-01-30,784,907,1105,586,487,100,30607653.14,Normal,2.52,586,Valid
INVT004571,PO004571,P0250,WH006,2026-05-06,234,20,7,247,485,23,13276007.94,Reorder,1.19,247,Valid
INVT004572,PO004572,P0075,WH008,2025-07-20,170,980,1020,130,105,160,3022615.7,Normal,0.64,130,Valid
INVT004573,PO004573,P0124,WH006,2025-05-18,1606,536,360,1782,411,167,116127736.6,Normal,8.58,1782,Valid
INVT004574,PO004574,P0149,WH009,2025-04-17,1920,572,114,2378,487,100,105933122.7,Normal,8.89,2378,Valid
INVT004575,PO004575,P0068,WH008,2025-12-04,898,692,929,661,409,202,3272339.99,Normal,3.25,661,Valid
INVT004576,PO004576,P0046,WH009,2025-03-06,395,576,106,865,486,202,38931945.95,Normal,3.23,865,Valid
INVT004577,PO004577,P0285,WH010,2025-09-01,553,531,631,453,165,178,27467768.25,Normal,1.56,453,Valid
INVT004578,PO004578,P0248,WH007,2025-08-30,407,700,408,699,444,184,60927552.12,Normal,12.12,699,Valid
INVT004579,PO004579,P0236,WH005,2026-03-15,1431,588,768,1251,480,237,84554064.18,Normal,5.38,1251,Valid
INVT004580,PO004580,P0076,WH006,2026-03-24,999,733,269,1463,315,60,89987198.84,Normal,7.05,1463,Valid
INVT004581,PO004581,P0023,WH007,2026-05-31,522,511,52,981,301,65,20609485.65,Normal,17.01,981,Valid
INVT004582,PO004582,P0279,WH009,2025-03-11,380,521,63,838,138,52,61261361.5,Overstock,3.13,838,Valid
INVT004583,PO004583,P0048,WH010,2026-01-25,739,712,535,916,370,99,65834605.44,Normal,3.16,916,Valid
INVT004584,PO004584,P0189,WH008,2025-07-01,50,945,226,769,72,109,34400492.14,Overstock,3.7800000000000002,769,Valid
INVT004585,PO004585,P0270,WH007,2025-05-07,433,527,190,770,429,112,58609089.0,Normal,13.35,770,Valid
INVT004586,PO004586,P0171,WH009,2026-03-17,1025,344,467,902,466,114,32497851.32,Normal,3.37,902,Valid
INVT004587,PO004587,P0017,WH005,2026-02-17,1503,527,347,1683,419,65,110629514.2,Normal,7.24,1683,Valid
INVT004588,PO004588,P0269,WH006,2025-12-18,963,675,559,1079,252,243,92191529.56,Normal,5.2,1079,Valid
INVT004589,PO004589,P0238,WH005,2026-03-19,407,719,900,226,179,171,9909480.76,Normal,0.97,226,Valid
INVT004590,PO004590,P0005,WH009,2025-08-03,186,427,63,550,145,104,18396702.5,Normal,2.06,550,Valid
INVT004591,PO004591,P0132,WH008,2025-08-08,125,852,311,666,62,174,20032001.28,Overstock,3.27,666,Valid
INVT004592,PO004592,P0181,WH008,2025-11-14,44,890,1217,0,31,180,0.0,Stockout,0.0,0,Valid
INVT004593,PO004593,P0274,WH009,2025-08-05,66,961,349,678,321,164,61516167.18,Normal,2.5300000000000002,678,Valid
INVT004594,PO004594,P0154,WH005,2026-02-25,1237,984,530,1691,404,23,52663252.66,Normal,7.28,1691,Valid
INVT004595,PO004595,P0109,WH010,2025-02-08,576,71,69,578,373,189,34428674.04,Normal,2.0,578,Valid
INVT004596,PO004596,P0111,WH009,2025-02-14,147,838,602,383,40,62,4937157.25,Overstock,1.43,383,Valid
INVT004597,PO004597,P0209,WH010,2026-04-14,703,696,319,1080,236,35,92389982.4,Normal,3.73,1080,Valid
INVT004598,PO004598,P0205,WH005,2025-03-17,209,389,430,168,480,72,3994116.0,Reorder,0.72,168,Valid
INVT004599,PO004599,P0124,WH007,2025-08-02,995,570,202,1363,411,167,97633530.05,Normal,23.63,1363,Valid
INVT004600,PO004600,P0226,WH006,2025-08-25,332,495,378,449,229,114,4639737.01,Normal,2.16,449,Valid
INVT004601,PO004601,P0058,WH008,2026-07-08,848,346,194,1000,459,191,7321480.0,Normal,4.92,1000,Valid
INVT004602,PO004602,P0108,WH007,2025-08-07,402,257,110,549,217,213,22536955.08,Normal,9.52,549,Valid
INVT004603,PO004603,P0008,WH008,2025-03-27,309,573,230,652,81,100,41622949.76,Overstock,3.21,652,Valid
INVT004604,PO004604,P0141,WH008,2025-08-15,307,700,1039,0,230,103,0.0,Stockout,0.0,0,Valid
INVT004605,PO004605,P0111,WH010,2026-02-02,134,464,430,168,40,62,2453480.4,Normal,0.58,168,Valid
INVT004606,PO004606,P0138,WH009,2025-07-15,130,810,37,903,183,201,60300633.33,Normal,3.37,903,Valid
INVT004607,PO004607,P0020,WH010,2026-03-14,45,840,863,22,28,180,1402863.66,Reorder,0.08,22,Valid
INVT004608,PO004608,P0099,WH005,2025-12-12,998,28,18,1008,256,250,60106939.2,Normal,4.34,1008,Valid
INVT004609,PO004609,P0081,WH010,2025-09-26,737,726,859,604,211,168,16512085.56,Normal,2.09,604,Valid
INVT004610,PO004610,P0173,WH005,2025-03-22,971,203,248,926,340,55,33246603.96,Normal,3.99,926,Valid
INVT004611,PO004611,P0195,WH005,2025-06-26,162,919,1176,0,97,205,0.0,Stockout,0.0,0,Valid
INVT004612,PO004612,P0095,WH006,2025-01-28,1142,717,946,913,393,151,22780491.25,Normal,4.4,913,Valid
INVT004613,PO004613,P0183,WH007,2026-06-01,783,796,970,609,482,121,39526335.03,Normal,10.56,609,Valid
INVT004614,PO004614,P0287,WH010,2026-06-02,875,619,926,568,254,99,41528621.36,Normal,1.96,568,Valid
INVT004615,PO004615,P0076,WH008,2025-12-06,385,407,376,416,315,60,31159556.48,Normal,2.05,416,Valid
INVT004616,PO004616,P0290,WH007,2025-05-18,172,717,102,787,95,201,57451440.72,Overstock,13.65,787,Valid
INVT004617,PO004617,P0126,WH010,2025-07-01,573,181,143,611,226,14,39114778.04,Normal,2.11,611,Valid
INVT004618,PO004618,P0250,WH007,2026-07-31,88,211,171,128,485,23,8037242.88,Reorder,2.22,128,Valid
INVT004619,PO004619,P0030,WH008,2025-12-08,704,537,46,1195,258,168,88720301.35,Normal,5.88,1195,Valid
INVT004620,PO004620,P0189,WH009,2025-11-11,184,754,1028,0,72,109,0.0,Stockout,0.0,0,Valid
INVT004621,PO004621,P0294,WH010,2025-12-03,687,455,550,592,481,19,27281443.84,Normal,2.04,592,Valid
INVT004622,PO004622,P0162,WH009,2025-06-25,736,207,222,721,216,189,46633227.34,Normal,2.69,721,Valid
INVT004623,PO004623,P0202,WH007,2026-05-10,1055,463,113,1405,297,174,42506827.85,Normal,24.36,1405,Valid
INVT004624,PO004624,P0068,WH006,2025-04-28,1404,391,62,1733,409,202,8229185.16,Normal,8.35,1733,Valid
INVT004625,PO004625,P0130,WH008,2025-06-11,136,640,300,476,173,58,12765448.92,Normal,2.34,476,Valid
INVT004626,PO004626,P0030,WH007,2026-04-20,825,487,323,989,258,168,86432735.23,Normal,17.15,989,Valid
INVT004627,PO004627,P0214,WH008,2025-01-26,441,520,384,577,124,156,13910096.74,Normal,2.84,577,Valid
INVT004628,PO004628,P0117,WH007,2026-03-01,938,54,44,948,490,224,47179514.16,Normal,16.44,948,Valid
INVT004629,PO004629,P0084,WH006,2025-07-19,113,602,597,118,239,88,4555784.12,Reorder,0.5700000000000001,118,Valid
INVT004630,PO004630,P0271,WH005,2025-01-07,493,716,619,590,144,210,8115656.5,Normal,2.54,590,Valid
INVT004631,PO004631,P0119,WH008,2025-09-15,204,95,130,169,226,66,408116.41,Reorder,0.8300000000000001,169,Valid
INVT004632,PO004632,P0176,WH010,2025-12-27,113,866,401,578,174,94,18452985.24,Normal,2.0,578,Valid
INVT004633,PO004633,P0154,WH006,2026-07-22,1437,529,570,1396,404,23,39866074.56,Normal,6.72,1396,Valid
INVT004634,PO004634,P0047,WH008,2025-12-15,770,518,429,859,224,237,70104871.21,Normal,4.22,859,Valid
INVT004635,PO004635,P0283,WH010,2026-02-22,288,656,716,228,321,33,12326617.08,Reorder,0.79,228,Valid
INVT004636,PO004636,P0131,WH008,2025-06-20,879,924,322,1481,393,68,37322325.56,Normal,7.28,1481,Valid
INVT004637,PO004637,P0019,WH007,2025-05-07,1389,142,4,1527,417,37,67653719.73,Normal,26.48,1527,Valid
INVT004638,PO004638,P0260,WH010,2025-05-30,1223,537,147,1613,341,72,49067314.83,Normal,5.57,1613,Valid
INVT004639,PO004639,P0009,WH005,2026-04-24,851,433,187,1097,435,127,52354039.78,Normal,4.72,1097,Valid
INVT004640,PO004640,P0002,WH010,2026-04-07,716,698,326,1088,301,86,87371850.88,Normal,3.76,1088,Valid
INVT004641,PO004641,P0103,WH010,2025-12-04,199,961,322,838,161,185,17303241.88,Overstock,2.89,838,Valid
INVT004642,PO004642,P0195,WH006,2025-01-13,28,836,114,750,97,205,43762215.0,Overstock,3.61,750,Valid
INVT004643,PO004643,P0010,WH009,2025-03-01,782,305,146,941,380,29,8423662.62,Normal,3.52,941,Valid
INVT004644,PO004644,P0026,WH006,2026-03-17,197,29,1,225,171,23,19395456.75,Normal,1.08,225,Valid
INVT004645,PO004645,P0021,WH005,2025-06-20,270,453,383,340,254,131,9729188.4,Normal,1.46,340,Valid
INVT004646,PO004646,P0087,WH007,2026-04-20,740,35,11,764,237,242,60768529.44,Normal,13.25,764,Valid
INVT004647,PO004647,P0206,WH005,2025-06-12,394,506,313,587,441,100,46507974.78,Normal,2.5300000000000002,587,Valid
INVT004648,PO004648,P0174,WH009,2025-03-17,119,909,1217,0,391,52,0.0,Stockout,0.0,0,Valid
INVT004649,PO004649,P0102,WH010,2025-04-22,821,577,192,1206,209,117,63875814.12,Overstock,4.17,1206,Valid
INVT004650,PO004650,P0028,WH008,2026-04-20,11,460,263,208,29,232,3125536.96,Overstock,1.02,208,Valid
INVT004651,PO004651,P0263,WH005,2025-12-11,22,532,217,337,72,247,23988098.1,Normal,1.45,337,Valid
INVT004652,PO004652,P0228,WH005,2025-08-17,747,736,611,872,351,11,68454589.84,Normal,3.75,872,Valid
INVT004653,PO004653,P0005,WH006,2025-12-16,79,211,53,237,145,104,8770372.23,Normal,1.1400000000000001,237,Valid
INVT004654,PO004654,P0094,WH009,2026-07-11,107,326,288,145,216,65,3892989.0,Reorder,0.54,145,Valid
INVT004655,PO004655,P0070,WH010,2026-01-19,771,240,191,820,306,185,62475611.4,Normal,2.83,820,Valid
INVT004656,PO004656,P0207,WH009,2025-12-12,91,841,131,801,32,142,25866877.23,Overstock,2.99,801,Valid
INVT004657,PO004657,P0039,WH005,2025-12-10,96,656,791,0,67,207,0.0,Stockout,0.0,0,Valid
INVT004658,PO004658,P0033,WH010,2025-04-09,794,286,428,652,441,103,31571287.44,Normal,2.25,652,Valid
INVT004659,PO004659,P0042,WH008,2025-09-16,65,563,797,0,131,24,0.0,Stockout,0.0,0,Valid
INVT004660,PO004660,P0251,WH009,2026-02-06,560,686,981,265,184,38,10410201.7,Normal,0.99,265,Valid
INVT004661,PO004661,P0253,WH009,2026-06-15,231,625,494,362,310,246,25175887.3,Normal,1.35,362,Valid
INVT004662,PO004662,P0175,WH008,2026-02-09,1196,141,196,1141,455,79,7761857.88,Normal,5.61,1141,Valid
INVT004663,PO004663,P0195,WH007,2025-07-05,103,625,715,13,97,205,742952.08,Reorder,0.23,13,Valid
INVT004664,PO004664,P0102,WH010,2026-03-01,137,314,92,359,209,117,19315858.58,Normal,1.24,359,Valid
INVT004665,PO004665,P0081,WH006,2026-04-05,470,268,84,654,211,168,18429785.4,Normal,3.15,654,Valid
INVT004666,PO004666,P0136,WH008,2025-09-17,229,610,910,0,441,74,0.0,Stockout,0.0,0,Valid
INVT004667,PO004667,P0047,WH007,2025-04-30,547,612,630,529,224,237,48161085.75,Normal,9.17,529,Valid
INVT004668,PO004668,P0164,WH010,2026-06-16,1174,265,52,1387,419,83,118581648.2,Normal,4.79,1387,Valid
INVT004669,PO004669,P0279,WH009,2025-09-08,527,292,5,814,138,52,53643234.92,Overstock,3.04,814,Valid
INVT004670,PO004670,P0209,WH008,2026-06-03,232,700,40,892,236,35,71600536.72,Normal,4.39,892,Valid
INVT004671,PO004671,P0197,WH008,2025-10-05,623,891,1203,311,223,17,7491635.46,Normal,1.53,311,Valid
INVT004672,PO004672,P0170,WH006,2025-09-14,431,934,1051,314,210,177,20940091.66,Normal,1.51,314,Valid
INVT004673,PO004673,P0158,WH007,2026-01-22,518,110,110,518,298,222,19286517.88,Normal,8.98,518,Valid
INVT004674,PO004674,P0123,WH005,2025-09-13,595,313,149,759,308,180,36419643.48,Normal,3.27,759,Valid
INVT004675,PO004675,P0037,WH008,2025-12-27,1238,81,70,1249,344,50,40854577.67,Normal,6.14,1249,Valid
INVT004676,PO004676,P0212,WH008,2026-05-12,580,479,72,987,167,225,81395422.5,Overstock,4.85,987,Valid
INVT004677,PO004677,P0223,WH006,2026-04-25,68,65,91,42,362,20,106473.78,Reorder,0.2,42,Valid
INVT004678,PO004678,P0138,WH006,2025-09-18,340,709,936,113,183,201,6661076.54,Reorder,0.54,113,Valid
INVT004679,PO004679,P0184,WH006,2025-07-16,392,694,718,368,157,106,28660936.64,Normal,1.77,368,Valid
INVT004680,PO004680,P0208,WH009,2026-07-18,153,453,33,573,159,116,18880069.23,Normal,2.14,573,Valid
INVT004681,PO004681,P0060,WH009,2025-05-25,929,289,124,1094,311,48,5311971.7,Normal,4.09,1094,Valid
INVT004682,PO004682,P0054,WH007,2025-08-19,428,143,137,434,114,156,20051472.7,Normal,7.53,434,Valid
INVT004683,PO004683,P0235,WH007,2026-04-20,511,843,1084,270,300,200,14589590.4,Reorder,4.68,270,Valid
INVT004684,PO004684,P0236,WH010,2025-08-26,87,227,23,291,480,237,20273929.26,Reorder,1.01,291,Valid
INVT004685,PO004685,P0151,WH010,2026-06-18,510,542,169,883,390,115,6089335.77,Normal,3.05,883,Valid
INVT004686,PO004686,P0246,WH008,2026-04-13,416,769,135,1050,213,207,80772835.5,Normal,5.16,1050,Valid
INVT004687,PO004687,P0297,WH006,2026-06-11,1162,928,534,1556,364,12,35116943.88,Normal,7.49,1556,Valid
INVT004688,PO004688,P0293,WH007,2026-01-02,840,691,301,1230,212,211,52117621.5,Overstock,21.33,1230,Valid
INVT004689,PO004689,P0232,WH006,2026-04-16,519,750,213,1056,293,69,34922279.04,Normal,5.09,1056,Valid
INVT004690,PO004690,P0233,WH005,2026-04-26,85,163,205,43,59,136,1502833.66,Reorder,0.19,43,Valid
INVT004691,PO004691,P0212,WH005,2025-03-27,568,622,180,1010,167,225,82466924.2,Overstock,4.35,1010,Valid
INVT004692,PO004692,P0041,WH007,2025-07-06,1135,360,462,1033,372,143,35128259.98,Normal,17.91,1033,Valid
INVT004693,PO004693,P0204,WH006,2025-01-04,218,827,651,394,309,156,30799559.18,Normal,1.9,394,Valid
INVT004694,PO004694,P0218,WH010,2025-12-05,97,380,568,0,52,176,0.0,Stockout,0.0,0,Valid
INVT004695,PO004695,P0101,WH006,2026-01-11,129,32,28,133,36,204,6864156.6,Normal,0.64,133,Valid
INVT004696,PO004696,P0023,WH010,2025-02-12,518,272,293,497,301,65,9239652.45,Normal,1.72,497,Valid
INVT004697,PO004697,P0190,WH009,2025-12-24,530,478,520,488,238,85,33892810.24,Normal,1.82,488,Valid
INVT004698,PO004698,P0114,WH006,2025-05-29,265,701,398,568,70,236,38363526.56,Overstock,2.74,568,Valid
INVT004699,PO004699,P0003,WH009,2025-06-28,20,956,760,216,234,143,17703392.4,Reorder,0.81,216,Valid
INVT004700,PO004700,P0208,WH007,2025-03-26,295,420,583,132,159,116,4327375.8,Reorder,2.29,132,Valid
INVT004701,PO004701,P0057,WH010,2026-01-21,20,589,493,116,45,53,4701292.08,Normal,0.4,116,Valid
INVT004702,PO004702,P0260,WH006,2026-07-13,637,874,614,897,341,72,28055190.93,Normal,4.32,897,Valid
INVT004703,PO004703,P0196,WH008,2026-04-23,258,471,89,640,236,215,47032403.2,Normal,3.15,640,Valid
INVT004704,PO004704,P0024,WH009,2025-11-12,892,160,213,839,413,147,22739408.61,Normal,3.14,839,Valid
INVT004705,PO004705,P0075,WH009,2025-08-25,265,168,64,369,105,160,8476339.59,Normal,1.38,369,Valid
INVT004706,PO004706,P0132,WH006,2026-03-28,161,436,124,473,62,174,13857939.81,Overstock,2.2800000000000002,473,Valid
INVT004707,PO004707,P0149,WH007,2025-02-15,1721,566,466,1821,487,100,94866925.26,Normal,31.58,1821,Valid
INVT004708,PO004708,P0164,WH009,2025-07-18,122,179,181,120,419,83,10470223.2,Reorder,0.45,120,Valid
INVT004709,PO004709,P0290,WH005,2025-07-22,56,697,105,648,95,201,47561035.68,Overstock,2.79,648,Valid
INVT004710,PO004710,P0080,WH010,2025-08-13,308,434,236,506,332,36,19010637.58,Normal,1.75,506,Valid
INVT004711,PO004711,P0133,WH005,2025-03-19,52,63,80,35,118,125,2450040.25,Reorder,0.15,35,Valid
INVT004712,PO004712,P0177,WH010,2025-05-09,1760,978,316,2422,450,112,139248845.3,Overstock,8.37,2422,Valid
INVT004713,PO004713,P0129,WH007,2025-01-08,179,362,218,323,126,140,6628941.92,Normal,5.6,323,Valid
INVT004714,PO004714,P0290,WH010,2025-05-01,317,586,106,797,95,201,55180231.24,Overstock,2.75,797,Valid
INVT004715,PO004715,P0247,WH007,2025-08-28,923,674,552,1045,303,118,31534369.35,Normal,18.12,1045,Valid
INVT004716,PO004716,P0122,WH010,2026-06-22,207,406,555,58,208,225,3107605.2,Reorder,0.2,58,Valid
INVT004717,PO004717,P0288,WH010,2025-08-21,102,97,33,166,42,71,5971142.84,Normal,0.5700000000000001,166,Valid
INVT004718,PO004718,P0241,WH007,2026-05-02,984,782,723,1043,252,138,28418495.84,Normal,18.09,1043,Valid
INVT004719,PO004719,P0002,WH005,2026-06-19,474,897,572,799,301,86,64506825.55,Normal,3.44,799,Valid
INVT004720,PO004720,P0115,WH009,2026-04-06,544,670,552,662,150,154,21316922.98,Normal,2.47,662,Valid
INVT004721,PO004721,P0159,WH010,2026-03-17,364,597,514,447,290,206,13324748.16,Normal,1.54,447,Valid
INVT004722,PO004722,P0034,WH008,2025-11-26,127,285,208,204,108,45,8631429.72,Normal,1.0,204,Valid
INVT004723,PO004723,P0090,WH009,2026-03-03,2,72,65,9,76,160,777509.19,Reorder,0.03,9,Valid
INVT004724,PO004724,P0110,WH008,2026-02-22,76,953,1132,0,228,116,0.0,Stockout,0.0,0,Valid
INVT004725,PO004725,P0050,WH005,2026-06-30,390,368,519,239,162,116,9319556.44,Normal,1.03,239,Valid
INVT004726,PO004726,P0257,WH006,2025-05-02,1290,709,640,1359,336,211,91008438.39,Normal,6.55,1359,Valid
INVT004727,PO004727,P0242,WH010,2025-09-07,0,959,1275,0,228,88,0.0,Stockout,0.0,0,Valid
INVT004728,PO004728,P0031,WH008,2026-06-07,1092,584,842,834,378,181,11643482.34,Normal,4.1,834,Valid
INVT004729,PO004729,P0023,WH005,2026-03-23,278,184,205,257,301,65,4581767.73,Reorder,1.11,257,Valid
INVT004730,PO004730,P0149,WH008,2025-11-09,1315,662,52,1925,487,100,97334641.25,Normal,9.47,1925,Valid
INVT004731,PO004731,P0206,WH005,2025-10-13,1012,862,1209,665,441,100,55980504.65,Normal,2.86,665,Valid
INVT004732,PO004732,P0084,WH008,2026-07-15,139,604,808,0,239,88,0.0,Stockout,0.0,0,Valid
INVT004733,PO004733,P0149,WH010,2025-02-17,286,876,62,1100,487,100,56741674.0,Normal,3.8,1100,Valid
INVT004734,PO004734,P0197,WH006,2026-01-11,449,278,350,377,223,17,9706962.07,Normal,1.82,377,Valid
INVT004735,PO004735,P0086,WH010,2025-10-27,718,837,423,1132,442,229,50111500.52,Normal,3.91,1132,Valid
INVT004736,PO004736,P0120,WH006,2025-04-03,105,553,343,315,236,214,26240920.65,Normal,1.52,315,Valid
INVT004737,PO004737,P0119,WH010,2026-01-17,900,547,594,853,226,66,1945803.89,Normal,2.95,853,Valid
INVT004738,PO004738,P0079,WH010,2025-06-06,145,893,1247,0,63,108,0.0,Stockout,0.0,0,Valid
INVT004739,PO004739,P0051,WH005,2025-06-20,152,343,133,362,387,133,1874794.38,Reorder,1.56,362,Valid
INVT004740,PO004740,P0105,WH007,2025-07-24,175,200,83,292,175,213,3127874.8,Normal,5.06,292,Valid
INVT004741,PO004741,P0051,WH005,2025-05-14,95,727,87,735,387,133,3997429.8,Normal,3.16,735,Valid
INVT004742,PO004742,P0277,WH007,2025-08-12,50,420,582,0,33,25,0.0,Stockout,0.0,0,Valid
INVT004743,PO004743,P0234,WH008,2025-06-10,252,907,1092,67,150,113,1542171.83,Reorder,0.33,67,Valid
INVT004744,PO004744,P0043,WH009,2026-07-16,671,195,256,610,466,119,13159822.8,Normal,2.2800000000000002,610,Valid
INVT004745,PO004745,P0085,WH010,2025-09-27,292,985,69,1208,306,81,71422166.48,Normal,4.17,1208,Valid
INVT004746,PO004746,P0045,WH009,2025-02-12,26,879,725,180,388,79,9293722.2,Reorder,0.67,180,Valid
INVT004747,PO004747,P0051,WH009,2025-07-26,1471,410,185,1696,387,133,8346711.36,Normal,6.34,1696,Valid
INVT004748,PO004748,P0061,WH010,2025-10-05,609,272,29,852,232,52,33273522.36,Normal,2.94,852,Valid
INVT004749,PO004749,P0169,WH007,2026-05-31,376,803,408,771,257,169,62709955.77,Normal,13.37,771,Valid
INVT004750,PO004750,P0283,WH007,2025-03-16,461,552,98,915,321,33,52075212.0,Normal,15.87,915,Valid
INVT004751,PO004751,P0277,WH006,2026-01-24,112,943,737,318,33,25,22462375.2,Overstock,1.53,318,Valid
INVT004752,PO004752,P0134,WH008,2025-02-13,265,301,180,386,245,14,5647473.36,Normal,1.9,386,Valid
INVT004753,PO004753,P0168,WH008,2025-03-05,263,468,449,282,156,80,21265056.0,Normal,1.3900000000000001,282,Valid
INVT004754,PO004754,P0126,WH005,2025-12-21,447,196,284,359,226,14,19585349.11,Normal,1.54,359,Valid
INVT004755,PO004755,P0294,WH008,2025-12-16,210,250,40,420,481,19,19208775.6,Reorder,2.07,420,Valid
INVT004756,PO004756,P0198,WH010,2026-07-15,42,46,52,36,38,223,2297146.68,Reorder,0.12,36,Valid
INVT004757,PO004757,P0290,WH010,2025-09-22,278,995,1227,46,95,201,3575293.42,Reorder,0.16,46,Valid
INVT004758,PO004758,P0273,WH008,2025-03-25,670,400,598,472,217,132,34554463.92,Normal,2.32,472,Valid
INVT004759,PO004759,P0106,WH010,2026-04-30,26,55,78,3,213,184,47320.8,Reorder,0.01,3,Valid
INVT004760,PO004760,P0081,WH010,2025-04-14,528,70,84,514,211,168,14158916.42,Normal,1.78,514,Valid
INVT004761,PO004761,P0037,WH006,2025-08-27,64,701,951,0,344,50,0.0,Stockout,0.0,0,Valid
INVT004762,PO004762,P0093,WH010,2026-01-27,808,800,389,1219,224,216,53897816.82,Overstock,4.21,1219,Valid
INVT004763,PO004763,P0129,WH008,2025-09-22,114,370,281,203,126,140,3876617.92,Normal,1.0,203,Valid
INVT004764,PO004764,P0087,WH009,2026-01-22,581,498,474,605,237,242,48909555.2,Normal,2.26,605,Valid
INVT004765,PO004765,P0042,WH007,2025-08-12,226,861,171,916,131,24,60324572.32,Overstock,15.88,916,Valid
INVT004766,PO004766,P0135,WH007,2025-08-14,687,68,90,665,182,127,40337410.4,Normal,11.53,665,Valid
INVT004767,PO004767,P0216,WH008,2026-07-29,786,586,171,1201,430,35,64797565.01,Normal,5.91,1201,Valid
INVT004768,PO004768,P0200,WH007,2025-05-26,1151,715,784,1082,422,173,79948925.9,Normal,18.76,1082,Valid
INVT004769,PO004769,P0230,WH009,2026-05-06,163,860,57,966,346,159,55444536.0,Normal,3.61,966,Valid
INVT004770,PO004770,P0016,WH006,2026-07-09,48,720,215,553,38,195,49733999.7,Overstock,2.66,553,Valid
INVT004771,PO004771,P0075,WH010,2025-12-22,180,250,181,249,105,160,5069418.39,Normal,0.86,249,Valid
INVT004772,PO004772,P0288,WH008,2025-07-13,32,953,626,359,42,71,12293100.58,Overstock,1.77,359,Valid
INVT004773,PO004773,P0263,WH008,2026-04-22,133,937,701,369,72,247,31060940.31,Overstock,1.81,369,Valid
INVT004774,PO004774,P0212,WH009,2025-09-01,297,173,143,327,167,225,25424171.52,Normal,1.22,327,Valid
INVT004775,PO004775,P0231,WH008,2026-07-10,891,477,542,826,295,51,34368075.84,Normal,4.06,826,Valid
INVT004776,PO004776,P0070,WH009,2026-05-11,650,818,441,1027,306,185,83033843.49,Normal,3.84,1027,Valid
INVT004777,PO004777,P0187,WH007,2026-07-03,45,649,936,0,114,24,0.0,Stockout,0.0,0,Valid
INVT004778,PO004778,P0102,WH009,2025-03-20,66,441,393,114,209,117,6622124.34,Reorder,0.43,114,Valid
INVT004779,PO004779,P0225,WH007,2025-07-28,59,275,45,289,347,132,21660547.11,Reorder,5.01,289,Valid
INVT004780,PO004780,P0143,WH010,2026-04-21,3,99,54,48,36,230,3776070.72,Normal,0.17,48,Valid
INVT004781,PO004781,P0049,WH005,2025-12-29,947,770,305,1412,495,201,40889585.56,Normal,6.08,1412,Valid
INVT004782,PO004782,P0035,WH006,2026-04-27,1213,55,28,1240,489,155,64772875.6,Normal,5.97,1240,Valid
INVT004783,PO004783,P0151,WH006,2025-10-03,748,93,108,733,390,115,5348143.92,Normal,3.5300000000000002,733,Valid
INVT004784,PO004784,P0261,WH007,2025-10-22,229,286,109,406,132,180,2540439.44,Normal,7.04,406,Valid
INVT004785,PO004785,P0073,WH007,2025-02-08,300,129,94,335,216,72,10909653.55,Normal,5.8100000000000005,335,Valid
INVT004786,PO004786,P0089,WH007,2025-11-14,521,460,664,317,390,162,10691890.12,Reorder,5.5,317,Valid
INVT004787,PO004787,P0002,WH009,2025-06-24,839,241,268,812,301,86,62492738.0,Normal,3.03,812,Valid
INVT004788,PO004788,P0206,WH006,2025-05-11,1507,179,162,1524,441,100,108602754.6,Normal,7.34,1524,Valid
INVT004789,PO004789,P0135,WH007,2025-05-15,617,974,108,1483,182,127,94235396.08,Overstock,25.72,1483,Valid
INVT004790,PO004790,P0240,WH008,2025-10-01,1011,546,515,1042,378,29,82929153.84,Normal,5.12,1042,Valid
INVT004791,PO004791,P0207,WH009,2026-06-30,11,390,402,0,32,142,0.0,Stockout,0.0,0,Valid
INVT004792,PO004792,P0185,WH006,2026-05-31,41,441,18,464,166,111,25424750.08,Normal,2.23,464,Valid
INVT004793,PO004793,P0150,WH010,2026-04-08,57,828,1005,0,80,75,0.0,Stockout,0.0,0,Valid
INVT004794,PO004794,P0194,WH005,2025-06-19,44,332,226,150,145,42,10857868.5,Normal,0.65,150,Valid
INVT004795,PO004795,P0206,WH006,2025-06-29,868,983,1182,669,441,100,55104379.32,Normal,3.22,669,Valid
INVT004796,PO004796,P0076,WH006,2026-07-03,40,397,509,0,315,60,0.0,Stockout,0.0,0,Valid
INVT004797,PO004797,P0080,WH005,2026-01-22,149,174,159,164,332,36,6482137.72,Reorder,0.71,164,Valid
INVT004798,PO004798,P0145,WH009,2025-11-07,106,175,251,30,30,79,1908230.7,Normal,0.11,30,Valid
INVT004799,PO004799,P0239,WH008,2025-07-07,820,798,1182,436,338,96,21077277.68,Normal,2.14,436,Valid
INVT004800,PO004800,P0033,WH010,2025-04-06,1638,684,524,1798,441,103,87548683.48,Normal,6.21,1798,Valid
INVT004801,PO004801,P0072,WH010,2026-03-12,597,574,167,1004,290,216,6250151.0,Normal,3.47,1004,Valid
INVT004802,PO004802,P0164,WH005,2025-02-19,984,868,232,1620,419,83,120433473.0,Normal,6.97,1620,Valid
INVT004803,PO004803,P0245,WH006,2026-07-02,174,848,231,791,190,168,38462295.9,Normal,3.81,791,Valid
INVT004804,PO004804,P0169,WH010,2025-06-05,348,739,999,88,257,169,6287156.48,Reorder,0.30000000000000004,88,Valid
INVT004805,PO004805,P0265,WH006,2026-04-20,21,66,2,85,167,227,2699865.2,Reorder,0.41000000000000003,85,Valid
INVT004806,PO004806,P0101,WH009,2025-11-07,49,244,199,94,36,204,5061777.8,Normal,0.35000000000000003,94,Valid
INVT004807,PO004807,P0271,WH009,2026-01-07,401,269,62,608,144,210,7967298.88,Normal,2.27,608,Valid
INVT004808,PO004808,P0002,WH009,2026-05-23,691,382,261,812,301,86,68598588.24,Normal,3.03,812,Valid
INVT004809,PO004809,P0242,WH008,2026-07-24,120,673,322,471,228,88,5908181.61,Normal,2.32,471,Valid
INVT004810,PO004810,P0035,WH005,2025-09-27,991,556,317,1230,489,155,68965854.0,Normal,5.29,1230,Valid
INVT004811,PO004811,P0219,WH009,2025-11-10,416,155,199,372,311,33,31438731.84,Normal,1.3900000000000001,372,Valid
INVT004812,PO004812,P0240,WH007,2025-09-26,981,145,47,1079,378,29,91930465.51,Normal,18.71,1079,Valid
INVT004813,PO004813,P0247,WH009,2025-06-20,1186,483,488,1181,303,118,39939412.3,Normal,4.41,1181,Valid
INVT004814,PO004814,P0130,WH008,2026-03-31,676,103,101,678,173,58,17006863.86,Normal,3.33,678,Valid
INVT004815,PO004815,P0170,WH007,2026-08-03,38,613,717,0,210,177,0.0,Stockout,0.0,0,Valid
INVT004816,PO004816,P0066,WH008,2026-06-19,1178,635,164,1649,379,91,71095299.31,Normal,8.11,1649,Valid
INVT004817,PO004817,P0118,WH006,2025-10-08,1044,813,542,1315,460,187,110963566.1,Normal,6.33,1315,Valid
INVT004818,PO004818,P0072,WH010,2026-01-27,829,286,323,792,290,216,4877682.48,Normal,2.74,792,Valid
INVT004819,PO004819,P0021,WH005,2026-03-28,395,206,181,420,254,131,10444518.0,Normal,1.81,420,Valid
INVT004820,PO004820,P0293,WH005,2025-08-27,662,78,59,681,212,211,33254244.69,Normal,2.93,681,Valid
INVT004821,PO004821,P0071,WH006,2025-03-18,502,561,643,420,368,103,16006662.0,Normal,2.02,420,Valid
INVT004822,PO004822,P0036,WH007,2026-03-31,166,277,166,277,499,189,25147187.39,Reorder,4.8,277,Valid
INVT004823,PO004823,P0110,WH010,2025-01-01,534,495,687,342,228,116,5882806.98,Normal,1.18,342,Valid
INVT004824,PO004824,P0017,WH010,2025-10-10,1389,115,140,1364,419,65,91300799.48,Normal,4.71,1364,Valid
INVT004825,PO004825,P0001,WH005,2026-02-12,1007,650,426,1231,364,114,57328383.98,Normal,5.3,1231,Valid
INVT004826,PO004826,P0021,WH007,2025-03-17,566,417,448,535,254,131,13089593.55,Normal,9.28,535,Valid
INVT004827,PO004827,P0177,WH007,2026-06-14,750,890,754,886,450,112,50673077.74,Normal,15.36,886,Valid
INVT004828,PO004828,P0164,WH010,2025-03-19,194,157,10,341,419,83,27637736.28,Reorder,1.18,341,Valid
INVT004829,PO004829,P0070,WH009,2025-02-05,107,126,99,134,306,185,10134954.66,Reorder,0.5,134,Valid
INVT004830,PO004830,P0164,WH010,2026-06-15,60,546,314,292,419,83,21341520.8,Reorder,1.01,292,Valid
INVT004831,PO004831,P0157,WH007,2025-04-07,1528,473,202,1799,432,85,36706508.16,Normal,31.19,1799,Valid
INVT004832,PO004832,P0276,WH005,2025-05-10,732,78,116,694,382,193,52893293.28,Normal,2.99,694,Valid
INVT004833,PO004833,P0142,WH009,2025-03-16,668,76,9,735,301,101,37388935.5,Normal,2.75,735,Valid
INVT004834,PO004834,P0020,WH006,2026-02-03,6,322,288,40,28,180,2512418.8,Normal,0.19,40,Valid
INVT004835,PO004835,P0072,WH008,2026-01-21,939,389,213,1115,290,216,8043242.05,Normal,5.48,1115,Valid
INVT004836,PO004836,P0202,WH009,2026-05-09,236,843,439,640,297,174,21718329.6,Normal,2.39,640,Valid
INVT004837,PO004837,P0022,WH009,2025-08-22,1280,859,407,1732,356,116,120486528.0,Normal,6.47,1732,Valid
INVT004838,PO004838,P0150,WH006,2025-02-12,112,93,0,205,80,75,13126229.95,Normal,0.99,205,Valid
INVT004839,PO004839,P0155,WH005,2025-03-22,760,76,57,779,338,157,33379807.24,Normal,3.35,779,Valid
INVT004840,PO004840,P0073,WH009,2025-10-16,675,733,450,958,216,72,30748054.22,Normal,3.58,958,Valid
INVT004841,PO004841,P0190,WH006,2025-09-25,25,534,682,0,238,85,0.0,Stockout,0.0,0,Valid
INVT004842,PO004842,P0138,WH009,2025-08-27,526,73,27,572,183,201,37152932.96,Normal,2.14,572,Valid
INVT004843,PO004843,P0198,WH006,2025-09-05,42,758,1031,0,38,223,0.0,Stockout,0.0,0,Valid
INVT004844,PO004844,P0020,WH005,2026-01-27,16,938,52,902,28,180,57736632.14,Overstock,3.88,902,Valid
INVT004845,PO004845,P0299,WH007,2025-02-23,623,704,277,1050,471,18,7453341.0,Normal,18.21,1050,Valid
INVT004846,PO004846,P0123,WH009,2025-05-08,498,438,51,885,308,180,38180678.85,Normal,3.31,885,Valid
INVT004847,PO004847,P0008,WH007,2026-05-09,272,40,28,284,81,100,15730564.04,Normal,4.92,284,Valid
INVT004848,PO004848,P0211,WH006,2025-01-12,426,171,209,388,173,144,16391917.48,Normal,1.87,388,Valid
INVT004849,PO004849,P0083,WH009,2025-06-29,352,317,218,451,435,180,26878075.62,Normal,1.69,451,Valid
INVT004850,PO004850,P0256,WH007,2026-01-01,113,132,80,165,29,170,8347330.2,Overstock,2.86,165,Valid
INVT004851,PO004851,P0134,WH010,2025-07-15,26,559,834,0,245,14,0.0,Stockout,0.0,0,Valid
INVT004852,PO004852,P0130,WH008,2026-07-24,481,186,137,530,173,58,14422434.2,Normal,2.61,530,Valid
INVT004853,PO004853,P0158,WH007,2025-06-15,1009,813,92,1730,298,222,59652060.8,Overstock,30.0,1730,Valid
INVT004854,PO004854,P0160,WH005,2025-05-15,9,461,613,0,173,173,0.0,Stockout,0.0,0,Valid
INVT004855,PO004855,P0259,WH005,2025-06-06,37,404,355,86,70,12,7798696.72,Normal,0.37,86,Valid
INVT004856,PO004856,P0079,WH005,2025-06-06,246,642,830,58,63,108,2943299.32,Reorder,0.25,58,Valid
INVT004857,PO004857,P0300,WH007,2026-04-09,590,326,3,913,213,163,2546466.56,Normal,15.83,913,Valid
INVT004858,PO004858,P0082,WH006,2026-01-13,541,133,77,597,151,103,30330626.79,Normal,2.88,597,Valid
INVT004859,PO004859,P0233,WH010,2026-01-18,40,191,57,174,59,136,6218316.3,Normal,0.6000000000000001,174,Valid
INVT004860,PO004860,P0108,WH008,2025-01-13,52,495,274,273,217,213,12075685.44,Normal,1.34,273,Valid
INVT004861,PO004861,P0071,WH010,2025-03-25,670,769,290,1149,368,103,43874944.17,Normal,3.9699999999999998,1149,Valid
INVT004862,PO004862,P0085,WH010,2026-07-26,101,755,1105,0,306,81,0.0,Stockout,0.0,0,Valid
INVT004863,PO004863,P0271,WH008,2025-06-10,525,639,340,824,144,210,11957541.92,Overstock,4.05,824,Valid
INVT004864,PO004864,P0295,WH006,2025-01-18,732,948,1077,603,261,18,43101843.03,Normal,2.9,603,Valid
INVT004865,PO004865,P0181,WH010,2026-01-26,115,104,94,125,31,180,382691.25,Normal,0.43,125,Valid
INVT004866,PO004866,P0100,WH007,2025-08-14,665,806,872,599,311,64,466387.39,Normal,10.39,599,Valid
INVT004867,PO004867,P0220,WH010,2026-04-17,89,353,91,351,30,160,30953840.58,Overstock,1.21,351,Valid
INVT004868,PO004868,P0038,WH005,2026-01-18,480,150,69,561,339,40,16388509.83,Normal,2.41,561,Valid
INVT004869,PO004869,P0231,WH010,2025-02-02,225,297,149,373,295,51,16438274.12,Normal,1.29,373,Valid
INVT004870,PO004870,P0273,WH005,2026-03-10,166,160,31,295,217,132,20746577.1,Normal,1.27,295,Valid
INVT004871,PO004871,P0025,WH006,2026-06-28,391,699,699,391,417,19,5261737.83,Reorder,1.88,391,Valid
INVT004872,PO004872,P0026,WH006,2025-09-29,20,929,640,309,171,23,26575857.09,Normal,1.49,309,Valid
INVT004873,PO004873,P0054,WH006,2025-06-15,420,849,1069,200,114,156,8737854.0,Normal,0.96,200,Valid
INVT004874,PO004874,P0169,WH007,2026-06-22,327,450,525,252,257,169,19483919.28,Reorder,4.37,252,Valid
INVT004875,PO004875,P0132,WH005,2026-03-18,235,238,113,360,62,174,9194760.0,Overstock,1.55,360,Valid
INVT004876,PO004876,P0151,WH006,2025-08-11,405,41,23,423,390,115,2938733.28,Normal,2.04,423,Valid
INVT004877,PO004877,P0101,WH008,2025-10-16,16,123,180,0,36,204,0.0,Stockout,0.0,0,Valid
INVT004878,PO004878,P0069,WH007,2025-01-10,526,441,249,718,302,96,30286317.0,Normal,12.45,718,Valid
INVT004879,PO004879,P0076,WH006,2025-10-28,938,535,655,818,315,60,51652978.1,Normal,3.94,818,Valid
INVT004880,PO004880,P0150,WH008,2025-02-02,63,120,56,127,80,75,7618243.59,Normal,0.62,127,Valid
INVT004881,PO004881,P0171,WH007,2025-04-13,437,39,18,458,466,114,16094449.76,Reorder,7.94,458,Valid
INVT004882,PO004882,P0097,WH010,2026-06-07,397,146,39,504,197,84,36418495.68,Normal,1.74,504,Valid
INVT004883,PO004883,P0147,WH010,2025-04-01,423,148,146,425,335,66,32900032.0,Normal,1.47,425,Valid
INVT004884,PO004884,P0170,WH009,2025-02-03,820,166,229,757,210,177,49212206.64,Normal,2.83,757,Valid
INVT004885,PO004885,P0013,WH009,2025-10-22,880,227,234,873,440,231,14567445.45,Normal,3.26,873,Valid
INVT004886,PO004886,P0161,WH009,2025-09-18,26,251,324,0,40,242,0.0,Stockout,0.0,0,Valid
INVT004887,PO004887,P0235,WH006,2026-04-14,724,249,150,823,300,200,43053771.83,Normal,3.96,823,Valid
INVT004888,PO004888,P0120,WH010,2025-12-06,822,410,548,684,236,214,54170132.4,Normal,2.36,684,Valid
INVT004889,PO004889,P0028,WH006,2025-09-17,71,363,351,83,29,232,1134971.05,Normal,0.4,83,Valid
INVT004890,PO004890,P0290,WH007,2026-01-23,108,36,49,95,95,201,7276679.85,Normal,1.65,95,Valid
INVT004891,PO004891,P0100,WH005,2026-02-22,276,920,489,707,311,64,479247.02,Normal,3.04,707,Valid
INVT004892,PO004892,P0012,WH006,2025-07-26,200,200,240,160,307,35,13623956.8,Reorder,0.77,160,Valid
INVT004893,PO004893,P0086,WH009,2025-05-28,1674,620,75,2219,442,229,94519347.93,Overstock,8.29,2219,Valid
INVT004894,PO004894,P0139,WH008,2026-04-10,141,644,601,184,42,232,12840331.44,Normal,0.9,184,Valid
INVT004895,PO004895,P0166,WH010,2026-04-28,697,920,1267,350,209,166,6469358.0,Normal,1.21,350,Valid
INVT004896,PO004896,P0212,WH006,2025-04-14,235,708,101,842,167,225,63902343.84,Overstock,4.06,842,Valid
INVT004897,PO004897,P0175,WH006,2026-03-24,531,665,893,303,455,79,1995721.62,Reorder,1.46,303,Valid
INVT004898,PO004898,P0236,WH010,2025-05-14,931,32,12,951,480,237,63445869.9,Normal,3.2800000000000002,951,Valid
INVT004899,PO004899,P0066,WH006,2026-01-20,751,186,243,694,379,91,31341484.16,Normal,3.34,694,Valid
INVT004900,PO004900,P0132,WH005,2026-03-09,157,802,1022,0,62,174,0.0,Stockout,0.0,0,Valid
INVT004901,PO004901,P0094,WH006,2026-07-12,511,50,7,554,216,65,13396551.0,Normal,2.67,554,Valid
INVT004902,PO004902,P0012,WH008,2026-02-18,601,535,743,393,307,35,30564234.87,Normal,1.9300000000000002,393,Valid
INVT004903,PO004903,P0128,WH006,2026-01-06,206,767,553,420,404,136,13014796.2,Normal,2.02,420,Valid
INVT004904,PO004904,P0146,WH010,2025-08-07,97,886,136,847,52,166,54647033.98,Overstock,2.93,847,Valid
INVT004905,PO004905,P0167,WH006,2025-07-24,1061,96,72,1085,451,169,19813163.3,Normal,5.23,1085,Valid
INVT004906,PO004906,P0288,WH007,2025-06-18,103,473,700,0,42,71,0.0,Stockout,0.0,0,Valid
INVT004907,PO004907,P0078,WH008,2026-02-10,89,762,970,0,89,82,0.0,Stockout,0.0,0,Valid
INVT004908,PO004908,P0169,WH006,2025-12-14,222,654,307,569,257,169,42913923.1,Normal,2.74,569,Valid
INVT004909,PO004909,P0151,WH007,2026-04-02,789,41,46,784,390,115,5017121.76,Normal,13.59,784,Valid
INVT004910,PO004910,P0158,WH008,2025-08-16,185,151,134,202,298,222,6884479.16,Reorder,0.99,202,Valid
INVT004911,PO004911,P0139,WH009,2026-06-27,88,991,381,698,42,232,46182437.1,Overstock,2.61,698,Valid
INVT004912,PO004912,P0134,WH009,2025-06-06,762,141,152,751,245,14,12009616.5,Normal,2.81,751,Valid
INVT004913,PO004913,P0173,WH008,2026-03-29,1056,74,23,1107,340,55,37249919.01,Normal,5.44,1107,Valid
INVT004914,PO004914,P0264,WH005,2026-04-08,56,691,1013,0,126,166,0.0,Stockout,0.0,0,Valid
INVT004915,PO004915,P0050,WH009,2026-03-31,85,862,1101,0,162,116,0.0,Stockout,0.0,0,Valid
INVT004916,PO004916,P0193,WH008,2026-04-11,458,569,747,280,470,163,7213564.4,Reorder,1.38,280,Valid
INVT004917,PO004917,P0237,WH006,2025-06-18,426,843,152,1117,290,24,29313319.3,Normal,5.38,1117,Valid
INVT004918,PO004918,P0054,WH010,2026-02-13,310,331,190,451,114,156,19726555.09,Normal,1.56,451,Valid
INVT004919,PO004919,P0215,WH006,2026-04-02,137,947,384,700,86,75,24397345.0,Overstock,3.37,700,Valid
INVT004920,PO004920,P0122,WH010,2025-02-23,674,574,766,482,208,225,22708596.14,Normal,1.6600000000000001,482,Valid
INVT004921,PO004921,P0138,WH005,2026-01-07,384,411,355,440,183,201,24670936.4,Normal,1.8900000000000001,440,Valid
INVT004922,PO004922,P0229,WH007,2025-11-21,708,603,542,769,220,105,5605387.11,Normal,13.33,769,Valid
INVT004923,PO004923,P0137,WH009,2026-03-21,492,278,104,666,180,28,10502107.38,Normal,2.49,666,Valid
INVT004924,PO004924,P0192,WH007,2026-03-07,597,431,78,950,215,162,40370098.0,Normal,16.47,950,Valid
INVT004925,PO004925,P0023,WH006,2025-06-02,341,366,148,559,301,65,9778967.12,Normal,2.69,559,Valid
INVT004926,PO004926,P0137,WH010,2026-05-23,372,382,209,545,180,28,8371897.6,Normal,1.88,545,Valid
INVT004927,PO004927,P0134,WH007,2026-06-12,18,72,91,0,245,14,0.0,Stockout,0.0,0,Valid
INVT004928,PO004928,P0072,WH005,2025-04-07,915,445,191,1169,290,216,8423077.53,Normal,5.03,1169,Valid
INVT004929,PO004929,P0082,WH007,2025-03-08,506,922,61,1367,151,103,75607266.3,Overstock,23.7,1367,Valid
INVT004930,PO004930,P0212,WH005,2025-06-06,655,478,307,826,167,225,65831778.74,Normal,3.55,826,Valid
INVT004931,PO004931,P0125,WH008,2025-12-26,232,181,22,391,177,14,4310544.31,Normal,1.92,391,Valid
INVT004932,PO004932,P0167,WH007,2025-12-07,747,608,787,568,451,169,9773655.52,Normal,9.85,568,Valid
INVT004933,PO004933,P0112,WH006,2025-02-21,1642,134,144,1632,439,184,36535078.08,Normal,7.86,1632,Valid
INVT004934,PO004934,P0215,WH010,2025-09-18,225,557,568,214,86,75,7411690.98,Normal,0.74,214,Valid
INVT004935,PO004935,P0085,WH008,2025-06-13,339,514,389,464,306,81,31407167.04,Normal,2.2800000000000002,464,Valid
INVT004936,PO004936,P0078,WH010,2026-06-06,136,690,271,555,89,82,24491689.35,Overstock,1.92,555,Valid
INVT004937,PO004937,P0294,WH006,2026-02-16,20,41,41,20,481,19,984388.0,Reorder,0.1,20,Valid
INVT004938,PO004938,P0054,WH005,2025-06-01,142,635,632,145,114,156,6514490.4,Normal,0.62,145,Valid
INVT004939,PO004939,P0098,WH006,2026-01-21,489,346,465,370,256,35,7721052.7,Normal,1.78,370,Valid
INVT004940,PO004940,P0073,WH007,2025-08-03,667,387,508,546,216,72,19062192.24,Normal,9.47,546,Valid
INVT004941,PO004941,P0266,WH005,2025-07-20,492,344,475,361,470,103,29654409.98,Reorder,1.55,361,Valid
INVT004942,PO004942,P0250,WH005,2025-06-07,1593,709,985,1317,485,23,70720371.36,Normal,5.67,1317,Valid
INVT004943,PO004943,P0035,WH009,2026-04-09,376,56,5,427,489,155,20980956.71,Reorder,1.6,427,Valid
INVT004944,PO004944,P0093,WH006,2026-04-02,71,674,803,0,224,216,0.0,Stockout,0.0,0,Valid
INVT004945,PO004945,P0175,WH005,2025-08-23,495,674,848,321,455,79,2336896.05,Reorder,1.38,321,Valid
INVT004946,PO004946,P0264,WH008,2026-04-28,133,601,186,548,126,166,7197240.2,Normal,2.69,548,Valid
INVT004947,PO004947,P0034,WH009,2026-05-01,406,179,110,475,108,45,19361950.0,Normal,1.78,475,Valid
INVT004948,PO004948,P0060,WH006,2026-05-29,6,216,169,53,311,48,302011.49,Reorder,0.26,53,Valid
INVT004949,PO004949,P0293,WH010,2026-05-19,327,205,264,268,212,211,13334546.36,Normal,0.93,268,Valid
INVT004950,PO004950,P0272,WH006,2026-06-05,456,79,115,420,133,17,26489996.4,Normal,2.02,420,Valid
INVT004951,PO004951,P0265,WH007,2026-04-26,389,955,364,980,167,227,30152845.8,Overstock,16.99,980,Valid
INVT004952,PO004952,P0217,WH005,2026-07-05,1056,381,110,1327,394,47,81892593.66,Normal,5.71,1327,Valid
INVT004953,PO004953,P0205,WH009,2025-07-08,1304,943,828,1419,480,72,38623008.93,Normal,5.3,1419,Valid
INVT004954,PO004954,P0173,WH007,2025-08-26,417,424,451,390,340,55,13403539.5,Normal,6.76,390,Valid
INVT004955,PO004955,P0124,WH010,2026-01-09,85,101,40,146,411,167,11381584.76,Reorder,0.5,146,Valid
INVT004956,PO004956,P0184,WH006,2026-03-31,179,35,45,169,157,106,12258073.62,Normal,0.81,169,Valid
INVT004957,PO004957,P0298,WH005,2026-04-03,317,158,233,242,432,66,3717204.7,Reorder,1.04,242,Valid
INVT004958,PO004958,P0194,WH010,2026-02-21,110,850,150,810,145,42,55123829.1,Overstock,2.8,810,Valid
INVT004959,PO004959,P0139,WH008,2025-02-11,53,871,1142,0,42,232,0.0,Stockout,0.0,0,Valid
INVT004960,PO004960,P0108,WH008,2026-01-30,183,194,210,167,217,213,6218174.86,Reorder,0.8200000000000001,167,Valid
INVT004961,PO004961,P0065,WH010,2025-09-25,843,885,756,972,390,19,45990150.84,Normal,3.36,972,Valid
INVT004962,PO004962,P0244,WH006,2026-05-26,194,435,120,509,54,42,7972487.36,Overstock,2.45,509,Valid
INVT004963,PO004963,P0059,WH009,2025-08-05,400,154,118,436,460,48,25090212.96,Reorder,1.63,436,Valid
INVT004964,PO004964,P0027,WH006,2025-06-04,978,669,4,1643,495,214,95375443.51,Normal,7.91,1643,Valid
INVT004965,PO004965,P0063,WH005,2025-12-17,1449,750,1014,1185,443,35,36229929.3,Normal,5.1,1185,Valid
INVT004966,PO004966,P0162,WH007,2025-07-03,142,136,65,213,216,189,12374524.68,Reorder,3.69,213,Valid
INVT004967,PO004967,P0158,WH010,2025-04-19,812,942,1218,536,298,222,21226998.96,Normal,1.85,536,Valid
INVT004968,PO004968,P0275,WH008,2025-06-29,396,888,1112,172,361,144,6727556.4,Reorder,0.85,172,Valid
INVT004969,PO004969,P0164,WH006,2026-08-04,1285,96,60,1321,419,83,110560672.3,Normal,6.36,1321,Valid
INVT004970,PO004970,P0269,WH009,2026-04-01,471,719,467,723,252,243,59747823.48,Normal,2.7,723,Valid
INVT004971,PO004971,P0248,WH007,2026-02-22,727,72,12,787,444,184,59506400.03,Normal,13.65,787,Valid
INVT004972,PO004972,P0018,WH009,2025-10-29,1358,252,174,1436,357,159,44956579.16,Normal,5.37,1436,Valid
INVT004973,PO004973,P0034,WH005,2025-12-27,133,853,949,37,108,45,1733542.87,Reorder,0.16,37,Valid
INVT004974,PO004974,P0004,WH007,2025-05-01,88,48,27,109,310,85,7095183.87,Reorder,1.8900000000000001,109,Valid
INVT004975,PO004975,P0096,WH009,2025-02-01,1095,31,25,1101,303,232,40794516.24,Normal,4.11,1101,Valid
INVT004976,PO004976,P0055,WH009,2025-09-09,790,231,199,822,437,63,26632824.66,Normal,3.07,822,Valid
INVT004977,PO004977,P0150,WH007,2025-08-11,190,729,980,0,80,75,0.0,Stockout,0.0,0,Valid
INVT004978,PO004978,P0294,WH009,2025-11-12,683,797,691,789,481,19,37191597.96,Normal,2.95,789,Valid
INVT004979,PO004979,P0144,WH005,2026-03-02,134,548,115,567,391,246,23958675.72,Normal,2.44,567,Valid
INVT004980,PO004980,P0127,WH010,2025-08-20,1310,196,274,1232,369,148,81780049.12,Normal,4.26,1232,Valid
INVT004981,PO004981,P0085,WH010,2025-09-28,1112,234,232,1114,306,81,67544170.54,Normal,3.85,1114,Valid
INVT004982,PO004982,P0010,WH008,2025-09-24,1154,169,157,1166,380,29,10982320.8,Normal,5.73,1166,Valid
INVT004983,PO004983,P0265,WH008,2026-04-19,111,983,1273,0,167,227,0.0,Stockout,0.0,0,Valid
INVT004984,PO004984,P0006,WH005,2026-07-11,355,268,248,375,205,68,27665253.75,Normal,1.6099999999999999,375,Valid
INVT004985,PO004985,P0012,WH007,2025-12-14,375,637,433,579,307,35,44885510.13,Normal,10.04,579,Valid
INVT004986,PO004986,P0297,WH009,2026-07-03,639,733,988,384,364,12,8711696.64,Normal,1.44,384,Valid
INVT004987,PO004987,P0192,WH010,2026-06-19,373,131,57,447,215,162,21308494.47,Normal,1.54,447,Valid
INVT004988,PO004988,P0025,WH006,2026-06-25,489,76,27,538,417,19,8054640.1,Normal,2.59,538,Valid
INVT004989,PO004989,P0133,WH010,2026-06-10,210,824,612,422,118,125,30342323.28,Normal,1.46,422,Valid
INVT004990,PO004990,P0137,WH005,2025-09-22,130,317,174,273,180,28,4437153.63,Normal,1.17,273,Valid
INVT004991,PO004991,P0057,WH006,2026-03-05,122,488,458,152,45,53,5781742.56,Normal,0.73,152,Valid
INVT004992,PO004992,P0210,WH005,2025-07-03,335,778,1093,20,136,236,1441893.8,Reorder,0.09,20,Valid
INVT004993,PO004993,P0279,WH007,2025-11-04,404,483,274,613,138,52,41095544.52,Normal,10.63,613,Valid
INVT004994,PO004994,P0125,WH008,2025-03-06,92,732,788,36,177,14,438512.4,Reorder,0.18,36,Valid
INVT004995,PO004995,P0276,WH006,2025-07-29,378,789,785,382,382,193,32240372.16,Normal,1.8399999999999999,382,Valid
INVT004996,PO004996,P0100,WH005,2026-08-04,1203,238,242,1199,311,64,806147.65,Normal,5.16,1199,Valid
INVT004997,PO004997,P0073,WH008,2025-02-15,545,587,320,812,216,72,27654267.76,Normal,3.99,812,Valid
INVT004998,PO004998,P0170,WH010,2026-02-01,439,615,556,498,210,177,32139879.18,Normal,1.72,498,Valid
INVT004999,PO004999,P0212,WH008,2026-07-16,528,989,299,1218,167,225,91167714.12,Overstock,5.99,1218,Valid
INVT005000,PO005000,P0038,WH010,2026-04-23,144,92,15,221,339,40,6219404.1,Reorder,0.76,221,Valid
