PO_ID,PO_Date,Supplier_ID,Product_ID,Warehouse_ID,Contract_ID,Supply_Type,Quantity,Unit_Cost_INR,Subtotal_INR,Freight_INR,Import_Duty_Percent,Import_Duty_INR,Tax_INR,Total_PO_Value_INR,Currency,Exchange_Rate_to_INR,Shipping_Mode,Expected_Delivery_Date,Actual_Receipt_Date,Delay_Days,Approval_Status,PO_Status,Calculated_Subtotal
PO000001,22-10-2025,S0123,P0097,WH003,CT00310,Domestic,355,68916.58,24465385.9,185008.95,0,0,4437071.07,29087465.92,INR,1,Rail,27-11-2025,27-11-2025,0,Approved,Delivered,24465385.9
PO000002,11-06-2025,S0045,P0128,WH001,CT00282,Domestic,489,29124.15,14241709.35,262633.14,0,0,2610781.65,17115124.14,INR,1,Air,26-06-2025,26-06-2025,0,Approved,Delivered,14241709.35
PO000003,06-06-2025,S0053,P0279,WH004,CT00048,Domestic,600,72545.93,43527558,825323.79,0,0,7983518.72,52336400.51,INR,1,Air,17-06-2025,18-06-2025,1,Approved,Partially Delivered,43527558
PO000004,02-07-2025,S0018,P0121,WH004,CT00031,Domestic,260,17689.68,4599316.8,82081.61,0,0,842651.71,5524050.12,INR,1,Road,18-07-2025,18-07-2025,0,Approved,Partially Delivered,4599316.8
PO000005,28-07-2025,S0023,P0120,WH001,CT00325,Domestic,290,77494.32,22473352.8,397240.06,0,0,4116706.71,26987299.57,INR,1,Air,07-08-2025,07-08-2025,0,Approved,Partially Delivered,22473352.8
PO000006,18-06-2025,S0065,P0072,WH001,CT00367,Domestic,836,7257.74,6067470.64,98589.41,0,0,1109890.81,7275950.86,INR,1,Air,30-06-2025,30-06-2025,0,Approved,Delivered,6067470.64
PO000007,13-04-2025,S0054,P0084,WH003,CT00421,Domestic,569,37862.12,21543546.28,257284.39,0,0,3924149.52,25724980.19,INR,1,Road,04-05-2025,04-05-2025,0,Approved,Partially Delivered,21543546.28
PO000008,24-01-2025,S0099,P0135,WH003,CT00324,Domestic,669,62993.46,42142624.74,577300.9,0,0,7689586.62,50409512.26,INR,1,Rail,10-02-2025,12-02-2025,2,Approved,Delivered,42142624.74
PO000009,10-04-2025,S0056,P0070,WH002,CT00590,Domestic,13,74622.21,970088.73,10094.65,0,0,176433.01,1156616.39,INR,1,Road,07-05-2025,07-05-2025,0,Approved,Cancelled,970088.73
PO000010,22-06-2025,S0005,P0030,WH004,CT00370,Domestic,16,78460.6,1255369.6,14092.48,0,0,228503.17,1497965.25,INR,1,Road,04-07-2025,07-07-2025,3,Approved,Delivered,1255369.6
PO000011,26-10-2025,S0003,P0032,WH002,CT00311,Domestic,755,16885.31,12748409.05,69167.66,0,0,2307163.81,15124740.52,INR,1,Road,07-11-2025,07-11-2025,0,Approved,Cancelled,12748409.05
PO000012,17-07-2025,S0053,P0107,WH002,CT00577,Domestic,734,35075.15,25745160.1,177547.25,0,0,4666087.32,30588794.67,INR,1,Rail,28-07-2025,30-07-2025,2,Approved,Cancelled,25745160.1
PO000013,15-11-2025,S0019,P0236,WH003,CT00551,Domestic,743,69668.37,51763598.91,750691.99,0,0,9452572.36,61966863.26,INR,1,Rail,18-12-2025,23-12-2025,5,Pending,Partially Delivered,51763598.91
PO000014,27-01-2025,S0003,P0144,WH002,CT00199,Domestic,666,45121.04,30050612.64,399504.34,0,0,5481021.06,35931138.04,INR,1,Rail,13-02-2025,21-02-2025,8,Approved,Partially Delivered,30050612.64
PO000015,19-02-2026,S0113,P0064,WH001,No Contract,Domestic,741,73168.68,54217991.88,975330.39,0,0,9934798.01,65128120.28,INR,1,Rail,03-03-2026,03-03-2026,0,Pending,Delivered,54217991.88
PO000016,16-06-2025,S0111,P0198,WH002,CT00019,Domestic,418,64260.7,26860972.6,502363.59,0,0,4925400.51,32288736.7,INR,1,Rail,03-07-2025,04-07-2025,1,Approved,Delivered,26860972.6
PO000017,22-03-2025,S0045,P0010,WH001,CT00282,Domestic,907,8399.37,7618228.59,90772.73,0,0,1387620.24,9096621.56,INR,1,Air,02-04-2025,05-04-2025,3,Approved,Partially Delivered,7618228.59
PO000018,14-10-2025,S0062,P0007,WH004,No Contract,Domestic,347,61738.45,21423242.15,387371.62,0,0,3925910.48,25736524.25,INR,1,Rail,26-10-2025,27-10-2025,1,Pending,Delivered,21423242.15
PO000019,03-04-2025,S0091,P0090,WH004,CT00213,Domestic,920,83943.52,77228038.4,755183.25,0,0,14036979.9,92020201.55,INR,1,Air,20-04-2025,23-04-2025,3,Approved,Cancelled,77228038.4
PO000020,01-07-2025,S0103,P0106,WH001,CT00064,Domestic,833,16997.44,14158867.52,221984.66,0,0,2588553.39,16969405.57,INR,1,Rail,26-07-2025,26-07-2025,0,Approved,Delivered,14158867.52
PO000021,09-04-2026,S0119,P0016,WH004,CT00530,Domestic,412,88780.63,36577619.56,561335.08,0,0,6685011.84,43823966.48,INR,1,Air,15-04-2026,15-04-2026,0,Approved,Partially Delivered,36577619.56
PO000022,06-11-2025,S0027,P0064,WH002,CT00550,Domestic,104,83899.55,8725553.2,137173.52,0,0,1595290.81,10458017.53,INR,1,Air,16-11-2025,16-11-2025,0,Approved,Delivered,8725553.2
PO000023,28-02-2025,S0020,P0221,WH002,CT00088,Domestic,348,49262.55,17143367.4,276071.58,0,0,3135499.02,20554938,INR,1,Rail,01-04-2025,03-04-2025,2,Approved,Delivered,17143367.4
PO000024,26-04-2026,S0054,P0239,WH002,CT00421,Domestic,277,48725.24,13496891.48,112680.09,0,0,2449722.88,16059294.45,INR,1,Air,17-05-2026,20-05-2026,3,Pending,Delivered,13496891.48
PO000025,18-03-2026,S0122,P0135,WH004,CT00221,Domestic,982,61486.08,60379330.56,696313.85,0,0,10993615.99,72069260.4,INR,1,Rail,24-03-2026,29-03-2026,5,Approved,Partially Delivered,60379330.56
PO000026,16-03-2025,S0076,P0067,WH003,CT00326,Domestic,73,50216.3,3665789.9,24647.2,0,0,664278.68,4354715.78,INR,1,Road,12-04-2025,12-04-2025,0,Approved,Partially Delivered,3665789.9
PO000027,04-12-2025,S0082,P0208,WH003,CT00428,Domestic,132,30811.37,4067100.84,50357.39,0,0,741142.48,4858600.71,INR,1,Air,19-12-2025,20-12-2025,1,Approved,Cancelled,4067100.84
PO000028,01-07-2026,S0036,P0114,WH001,CT00390,Domestic,631,65380.53,41255114.43,244532.82,0,0,7469936.5,48969583.75,INR,1,Air,23-07-2026,26-07-2026,3,Pending,Partially Delivered,41255114.43
PO000029,19-05-2025,S0039,P0293,WH002,CT00098,Domestic,929,43481.41,40394229.89,528443.94,0,0,7366081.29,48288755.12,INR,1,Road,15-06-2025,15-06-2025,0,Approved,Delivered,40394229.89
PO000030,04-08-2025,S0109,P0298,WH002,CT00555,Domestic,346,14925.24,5164133.04,59986.85,0,0,940341.58,6164461.47,INR,1,Rail,26-08-2025,28-08-2025,2,Approved,Delivered,5164133.04
PO000031,01-02-2025,S0028,P0189,WH004,CT00422,Domestic,538,53019.63,28524560.94,171162.95,0,0,5165230.3,33860954.19,INR,1,Rail,15-02-2025,15-02-2025,0,Pending,Delivered,28524560.94
PO000032,16-06-2026,S0040,P0125,WH003,CT00239,Domestic,607,12506.22,7591275.54,42880.58,0,0,1374148.1,9008304.22,INR,1,Road,02-07-2026,02-07-2026,0,Pending,Cancelled,7591275.54
PO000033,20-05-2025,S0090,P0076,WH002,CT00155,Domestic,282,73686.14,20779491.48,111184.58,0,0,3760321.69,24650997.75,INR,1,Air,08-06-2025,13-06-2025,5,Pending,Delivered,20779491.48
PO000034,28-12-2025,S0002,P0298,WH004,CT00547,Domestic,467,14575.22,6806627.74,53745.61,0,0,1234867.2,8095240.55,INR,1,Road,12-01-2026,12-01-2026,0,Approved,Partially Delivered,6806627.74
PO000035,25-10-2025,S0035,P0069,WH002,CT00494,Domestic,350,39975.1,13991285,131433.81,0,0,2542089.39,16664808.2,INR,1,Air,06-11-2025,06-11-2025,0,Approved,Delivered,13991285
PO000036,18-11-2025,S0004,P0126,WH004,CT00152,Domestic,708,59868.47,42386876.76,441612.61,0,0,7709128.09,50537617.46,INR,1,Rail,03-12-2025,15-12-2025,12,Approved,Cancelled,42386876.76
PO000037,17-06-2025,S0036,P0205,WH001,CT00241,Domestic,158,24645.09,3893924.22,19476.89,0,0,704412.2,4617813.31,INR,1,Air,06-07-2025,08-07-2025,2,Pending,Delivered,3893924.22
PO000038,17-06-2025,S0119,P0053,WH002,CT00009,Domestic,825,36204.71,29868885.75,563012.4,0,0,5477741.67,35909639.82,INR,1,Rail,25-06-2025,28-06-2025,3,Approved,Delivered,29868885.75
PO000039,29-05-2025,S0072,P0294,WH002,CT00187,Domestic,561,47776.83,26802801.63,411374.91,0,0,4898551.78,32112728.32,INR,1,Rail,25-06-2025,27-06-2025,2,Pending,Cancelled,26802801.63
PO000040,25-03-2025,S0109,P0288,WH003,CT00400,Domestic,847,35307.95,29905833.65,356088.69,0,0,5447146.02,35709068.36,INR,1,Air,22-04-2025,23-04-2025,1,Pending,Delivered,29905833.65
PO000041,06-06-2026,S0063,P0214,WH001,CT00149,Domestic,819,26245.74,21495261.06,381327.43,0,0,3937785.93,25814374.42,INR,1,Road,20-06-2026,22-06-2026,2,Pending,Cancelled,21495261.06
PO000042,24-12-2025,S0073,P0270,WH004,CT00070,Domestic,216,71959.1,15543165.6,252084.19,0,0,2843144.96,18638394.75,INR,1,Road,29-12-2025,29-12-2025,0,Approved,Delivered,15543165.6
PO000043,07-12-2025,S0026,P0045,WH004,CT00140,Domestic,462,47546.48,21966473.76,284169.35,0,0,4005115.76,26255758.87,INR,1,Rail,24-12-2025,24-12-2025,0,Approved,Delivered,21966473.76
PO000044,04-08-2025,S0110,P0082,WH001,CT00142,Domestic,441,57816.84,25497226.44,161592.44,0,0,4618587.4,30277406.28,INR,1,Road,19-08-2025,19-08-2025,0,Approved,Delivered,25497226.44
PO000045,22-11-2025,S0001,P0080,WH002,CT00328,Domestic,738,41106.28,30336434.64,173110.08,0,0,5491718.05,36001262.77,INR,1,Rail,01-12-2025,04-12-2025,3,Approved,Partially Delivered,30336434.64
PO000046,11-06-2025,S0093,P0265,WH003,CT00394,Domestic,912,27717.88,25278706.56,461944.68,0,0,4633317.22,30373968.46,INR,1,Road,21-06-2025,22-06-2025,1,Pending,Partially Delivered,25278706.56
PO000047,21-04-2025,S0002,P0150,WH003,CT00504,Domestic,837,62946.04,52685835.48,286780.43,0,0,9535070.86,62507686.77,INR,1,Rail,08-05-2025,20-05-2025,12,Pending,Partially Delivered,52685835.48
PO000048,26-10-2025,S0118,P0112,WH004,CT00404,Domestic,408,23307.86,9509606.88,73783.24,0,0,1725010.22,11308400.34,INR,1,Air,29-11-2025,29-11-2025,0,Approved,Cancelled,9509606.88
PO000049,17-01-2025,S0116,P0237,WH001,CT00482,Domestic,983,26101.43,25657705.69,466836.81,0,0,4702417.65,30826960.15,INR,1,Air,09-02-2025,09-02-2025,0,Approved,Partially Delivered,25657705.69
PO000050,24-07-2025,S0010,P0138,WH004,No Contract,Domestic,274,59943.14,16424420.36,200054.28,0,0,2992405.44,19616880.08,INR,1,Air,22-08-2025,22-08-2025,0,Pending,Cancelled,16424420.36
PO000051,04-01-2026,S0112,P0222,WH002,CT00014,Domestic,126,76171.6,9597621.6,112325.67,0,0,1747790.51,11457737.78,INR,1,Road,05-02-2026,08-02-2026,3,Pending,Delivered,9597621.6
PO000052,02-06-2025,S0107,P0278,WH003,CT00189,Domestic,412,18928.93,7798719.16,63067.69,0,0,1415121.63,9276908.48,INR,1,Rail,30-06-2025,02-07-2025,2,Approved,Delivered,7798719.16
PO000053,27-05-2025,S0039,P0168,WH003,CT00098,Domestic,743,85023.83,63172705.69,626651.42,0,0,11483884.28,75283241.39,INR,1,Road,17-06-2025,17-06-2025,0,Approved,Partially Delivered,63172705.69
PO000054,06-01-2025,S0040,P0058,WH004,CT00239,Domestic,114,7996.62,911614.68,15968.56,0,0,166964.98,1094548.22,INR,1,Rail,21-01-2025,21-01-2025,0,Approved,Partially Delivered,911614.68
PO000055,02-03-2026,S0098,P0106,WH001,CT00279,Domestic,359,18594.41,6675393.19,36164.76,0,0,1208080.43,7919638.38,INR,1,Road,18-03-2026,19-03-2026,1,Approved,Cancelled,6675393.19
PO000056,03-03-2025,S0004,P0167,WH002,CT00152,Domestic,172,17636.68,3033508.96,38362.56,0,0,552936.87,3624808.39,INR,1,Air,17-03-2025,25-03-2025,8,Approved,Partially Delivered,3033508.96
PO000057,26-03-2025,S0103,P0133,WH003,CT00064,Domestic,849,65099.31,55269314.19,910695.87,0,0,10112401.81,66292411.87,INR,1,Air,22-04-2025,23-04-2025,1,Pending,Delivered,55269314.19
PO000058,29-01-2025,S0080,P0160,WH001,CT00125,Domestic,866,41216.64,35693610.24,597786.37,0,0,6532451.39,42823848,INR,1,Road,21-02-2025,21-02-2025,0,Approved,Partially Delivered,35693610.24
PO000059,25-01-2025,S0035,P0100,WH001,CT00477,Domestic,988,800.48,790874.24,13890.84,0,0,144857.71,949622.79,INR,1,Air,01-02-2025,03-02-2025,2,Approved,Partially Delivered,790874.24
PO000060,23-12-2025,S0029,P0281,WH003,CT00410,Domestic,685,55238.4,37838304,343386.53,0,0,6872704.3,45054394.83,INR,1,Rail,21-01-2026,21-01-2026,0,Pending,Delivered,37838304
PO000061,20-05-2026,S0118,P0250,WH001,CT00486,Domestic,308,58178.1,17918854.8,163310.06,0,0,3254789.67,21336954.53,INR,1,Rail,22-06-2026,22-06-2026,0,Approved,Delivered,17918854.8
PO000062,12-05-2025,S0056,P0256,WH002,CT00590,Domestic,754,45187.15,34071111.1,221676.3,0,0,6172701.73,40465489.13,INR,1,Road,15-06-2025,18-06-2025,3,Approved,Partially Delivered,34071111.1
PO000063,03-07-2026,S0113,P0296,WH002,No Contract,Domestic,700,42425.55,29697885,577321.05,0,0,5449537.09,35724743.14,INR,1,Air,06-07-2026,07-07-2026,1,Pending,Delivered,29697885
PO000064,17-09-2025,S0079,P0151,WH002,CT00201,Domestic,850,7276.59,6185101.5,81983.45,0,0,1128075.29,7395160.24,INR,1,Rail,17-10-2025,22-10-2025,5,Approved,Delivered,6185101.5
PO000065,06-01-2025,S0124,P0074,WH003,CT00371,Domestic,399,54734.24,21838961.76,375039.5,0,0,3998520.23,26212521.49,INR,1,Rail,03-02-2025,03-02-2025,0,Approved,Delivered,21838961.76
PO000066,13-12-2025,S0058,P0233,WH004,CT00329,Domestic,559,38222.17,21366193.03,388446.96,0,0,3915835.2,25670475.19,INR,1,Rail,14-01-2026,15-01-2026,1,Pending,Delivered,21366193.03
PO000067,07-06-2025,S0117,P0129,WH003,No Contract,Domestic,380,20063.23,7624027.4,122879.7,0,0,1394443.28,9141350.38,INR,1,Road,07-07-2025,09-07-2025,2,Approved,Delivered,7624027.4
PO000068,25-03-2026,S0003,P0044,WH002,CT00311,Domestic,571,56716.96,32385384.16,473760.95,0,0,5914646.12,38773791.23,INR,1,Road,05-04-2026,08-04-2026,3,Pending,Cancelled,32385384.16
PO000069,06-10-2025,S0077,P0241,WH003,CT00198,Domestic,959,25100.79,24071657.61,300071.99,0,0,4386911.33,28758640.93,INR,1,Road,27-10-2025,27-10-2025,0,Pending,Partially Delivered,24071657.61
PO000070,02-06-2026,S0024,P0231,WH004,CT00228,Domestic,686,41183.32,28251757.52,456532.39,0,0,5167492.18,33875782.09,INR,1,Rail,01-07-2026,01-07-2026,0,Approved,Delivered,28251757.52
PO000071,19-10-2025,S0088,P0070,WH002,CT00480,Domestic,554,68975.68,38212526.72,632790.75,0,0,6992157.14,45837474.61,INR,1,Air,21-11-2025,23-11-2025,2,Approved,Cancelled,38212526.72
PO000072,17-06-2026,S0070,P0078,WH002,CT00234,Domestic,238,50671.62,12059845.56,97306.24,0,0,2188287.32,14345439.12,INR,1,Road,16-07-2026,16-07-2026,0,Approved,Delivered,12059845.56
PO000073,03-01-2025,S0062,P0254,WH003,No Contract,Domestic,463,72753.75,33684986.25,337676.75,0,0,6124079.34,40146742.34,INR,1,Road,08-01-2025,09-01-2025,1,Approved,Cancelled,33684986.25
PO000074,14-02-2025,S0067,P0211,WH001,CT00575,Domestic,916,48295.45,44238632.2,553840.67,0,0,8062645.12,52855117.99,INR,1,Rail,27-02-2025,27-02-2025,0,Pending,Delivered,44238632.2
PO000075,02-04-2025,S0111,P0067,WH002,CT00019,Domestic,757,51354.08,38875038.56,586468.03,0,0,7103071.19,46564577.78,INR,1,Road,22-04-2025,23-04-2025,1,Pending,Delivered,38875038.56
PO000076,19-02-2026,S0054,P0073,WH004,CT00143,Domestic,345,28771.34,9926112.3,191257.38,0,0,1821126.54,11938496.22,INR,1,Road,09-03-2026,09-03-2026,0,Approved,Delivered,9926112.3
PO000077,10-04-2025,S0010,P0160,WH004,No Contract,Domestic,716,42133.44,30167543.04,520955.78,0,0,5523929.79,36212428.61,INR,1,Road,04-05-2025,05-05-2025,1,Approved,Partially Delivered,30167543.04
PO000078,06-04-2025,S0108,P0009,WH004,CT00108,Domestic,614,43306.44,26590154.16,379256.18,0,0,4854493.86,31823904.2,INR,1,Air,10-05-2025,10-05-2025,0,Approved,Partially Delivered,26590154.16
PO000079,10-06-2026,S0041,P0030,WH004,CT00146,Domestic,619,79217.03,49035341.57,922635.88,0,0,8992435.94,58950413.39,INR,1,Road,26-06-2026,28-06-2026,2,Approved,Partially Delivered,49035341.57
PO000080,07-03-2025,S0040,P0104,WH004,CT00239,Domestic,561,26572.62,14907239.82,211476.01,0,0,2721368.85,17840084.68,INR,1,Road,17-03-2025,17-03-2025,0,Approved,Cancelled,14907239.82
PO000081,12-05-2026,S0030,P0222,WH001,CT00521,Domestic,885,78858.63,69789887.55,786751.77,0,0,12703795.08,83280434.4,INR,1,Rail,28-05-2026,28-05-2026,0,Approved,Delivered,69789887.55
PO000082,01-02-2025,S0079,P0181,WH002,CT00165,Domestic,116,3312.37,384234.92,5518.34,0,0,70155.59,459908.85,INR,1,Road,02-03-2025,03-03-2025,1,Approved,Delivered,384234.92
PO000083,15-05-2025,S0032,P0047,WH003,CT00185,Domestic,25,84742.79,2118569.75,27031.38,0,0,386208.2,2531809.33,INR,1,Road,25-05-2025,25-05-2025,0,Approved,Delivered,2118569.75
PO000084,28-11-2025,S0051,P0225,WH003,CT00339,Domestic,118,78970.48,9318516.64,103584.16,0,0,1695978.14,11118078.94,INR,1,Rail,09-12-2025,12-12-2025,3,Approved,Partially Delivered,9318516.64
PO000085,21-07-2026,S0043,P0065,WH002,No Contract,Domestic,157,43532.64,6834624.48,61038.25,0,0,1241219.29,8136882.02,INR,1,Road,01-08-2026,01-08-2026,0,Pending,Partially Delivered,6834624.48
PO000086,03-03-2025,S0052,P0219,WH004,CT00138,Domestic,450,91129.57,41008306.5,419826.19,0,0,7457063.88,48885196.57,INR,1,Road,24-03-2025,24-03-2025,0,Approved,Partially Delivered,41008306.5
PO000087,06-10-2025,S0007,P0229,WH004,CT00233,Domestic,825,6576.88,5425926,54120.56,0,0,986408.38,6466454.94,INR,1,Rail,27-10-2025,27-10-2025,0,Approved,Cancelled,5425926
PO000088,22-01-2025,S0107,P0107,WH003,CT00020,Domestic,930,33955.23,31578363.9,565412.76,0,0,5785879.8,37929656.46,INR,1,Air,16-02-2025,17-02-2025,1,Approved,Cancelled,31578363.9
PO000089,15-04-2026,S0032,P0222,WH001,CT00185,Domestic,265,85450.46,22644371.9,189683.5,0,0,4110129.97,26944185.37,INR,1,Rail,21-04-2026,23-04-2026,2,Approved,Partially Delivered,22644371.9
PO000090,12-05-2025,S0122,P0146,WH001,CT00308,Domestic,424,60482.98,25644783.52,330779.15,0,0,4675601.28,30651163.95,INR,1,Road,22-05-2025,22-05-2025,0,Approved,Delivered,25644783.52
PO000091,28-05-2026,S0099,P0012,WH004,CT00324,Domestic,783,76359.47,59789465.01,643906.2,0,0,10878006.82,71311378.03,INR,1,Rail,09-06-2026,11-06-2026,2,Pending,Delivered,59789465.01
PO000092,20-04-2025,S0070,P0249,WH004,CT00234,Domestic,136,10820.11,1471534.96,8522.77,0,0,266410.39,1746468.12,INR,1,Air,21-05-2025,21-05-2025,0,Approved,Cancelled,1471534.96
PO000093,09-01-2026,S0035,P0292,WH004,CT00494,Domestic,214,66587.07,14249632.98,137128.37,0,0,2589617.04,16976378.39,INR,1,Air,21-01-2026,22-01-2026,1,Approved,Cancelled,14249632.98
PO000094,02-09-2025,S0109,P0176,WH004,CT00555,Domestic,616,31942.01,19676278.16,272651.86,0,0,3590807.4,23539737.42,INR,1,Rail,30-09-2025,05-10-2025,5,Approved,Cancelled,19676278.16
PO000095,03-12-2025,S0078,P0094,WH003,CT00384,Domestic,739,27307.15,20179983.85,340785.32,0,0,3693738.45,24214507.62,INR,1,Air,26-12-2025,07-01-2026,12,Approved,Delivered,20179983.85
PO000096,15-03-2025,S0031,P0152,WH003,CT00052,Domestic,983,31789.61,31249186.63,252832.16,0,0,5670363.38,37172382.17,INR,1,Road,12-04-2025,24-04-2025,12,Approved,Cancelled,31249186.63
PO000097,30-04-2025,S0077,P0151,WH003,CT00229,Domestic,183,6479.72,1185788.76,10771.43,0,0,215380.83,1411941.02,INR,1,Road,31-05-2025,12-06-2025,12,Approved,Partially Delivered,1185788.76
PO000098,31-10-2025,S0031,P0052,WH001,CT00052,Domestic,432,17808.44,7693246.08,81811.91,0,0,1399510.44,9174568.43,INR,1,Air,19-11-2025,22-11-2025,3,Pending,Delivered,7693246.08
PO000099,26-02-2026,S0003,P0090,WH004,CT00199,Domestic,19,89859.76,1707335.44,31594.73,0,0,313007.43,2051937.6,INR,1,Road,12-03-2026,13-03-2026,1,Approved,Delivered,1707335.44
PO000100,08-02-2026,S0108,P0116,WH001,CT00108,Domestic,869,67565.36,58714297.84,773636.53,0,0,10707828.19,70195762.56,INR,1,Rail,17-03-2026,18-03-2026,1,Approved,Partially Delivered,58714297.84
PO000101,20-05-2026,S0042,P0265,WH003,CT00126,Domestic,450,31610.82,14224869,104583.25,0,0,2579301.4,16908753.65,INR,1,Air,16-06-2026,17-06-2026,1,Pending,Partially Delivered,14224869
PO000102,01-03-2026,S0007,P0075,WH003,CT00233,Domestic,200,22437.64,4487528,30662.79,0,0,813274.34,5331465.13,INR,1,Air,01-04-2026,02-04-2026,1,Approved,Delivered,4487528
PO000103,17-08-2025,S0003,P0293,WH002,CT00199,Domestic,574,43101.08,24740019.92,360088.98,0,0,4518019.6,29618128.5,INR,1,Rail,04-09-2025,09-09-2025,5,Approved,Partially Delivered,24740019.92
PO000104,26-05-2025,S0028,P0197,WH001,CT00422,Domestic,22,24700.34,543407.48,7601.58,0,0,99181.63,650190.69,INR,1,Road,04-06-2025,04-06-2025,0,Approved,Delivered,543407.48
PO000105,15-01-2026,S0019,P0273,WH002,CT00551,Domestic,334,72592.43,24245871.62,213193.92,0,0,4402631.8,28861697.34,INR,1,Road,16-02-2026,17-02-2026,1,Approved,Delivered,24245871.62
PO000106,04-02-2025,S0068,P0227,WH001,CT00276,Domestic,685,24501.76,16783705.6,318971.39,0,0,3078481.86,20181158.85,INR,1,Rail,20-02-2025,21-02-2025,1,Approved,Delivered,16783705.6
PO000107,19-07-2026,S0051,P0288,WH001,CT00339,Domestic,628,32785.43,20589250.04,108130.53,0,0,3725528.5,24422909.07,INR,1,Air,02-08-2026,05-08-2026,3,Pending,Cancelled,20589250.04
PO000108,22-04-2025,S0040,P0217,WH002,CT00239,Domestic,981,73615.99,72217286.19,363734.43,0,0,13064583.71,85645604.33,INR,1,Road,07-05-2025,12-05-2025,5,Approved,Delivered,72217286.19
PO000109,07-05-2025,S0054,P0259,WH001,CT00421,Domestic,163,78674.81,12823994.03,93825.06,0,0,2325207.44,15243026.53,INR,1,Rail,25-05-2025,28-05-2025,3,Approved,Delivered,12823994.03
PO000110,26-03-2025,S0060,P0109,WH003,CT00470,Domestic,644,63600.84,40958940.96,774392.21,0,0,7511999.97,49245333.14,INR,1,Rail,21-04-2025,21-04-2025,0,Approved,Delivered,40958940.96
PO000111,27-02-2026,S0080,P0263,WH003,CT00125,Domestic,300,80863.11,24258933,300252.21,0,0,4420653.34,28979838.55,INR,1,Rail,20-03-2026,23-03-2026,3,Approved,Delivered,24258933
PO000112,23-05-2026,S0120,P0081,WH002,CT00574,Domestic,838,27273.74,22855394.12,292998.45,0,0,4166710.66,27315103.23,INR,1,Rail,21-06-2026,21-06-2026,0,Approved,Cancelled,22855394.12
PO000113,18-04-2026,S0098,P0209,WH001,CT00279,Domestic,388,79652.3,30905092.4,269609.6,0,0,5611446.36,36786148.36,INR,1,Rail,02-05-2026,04-05-2026,2,Approved,Delivered,30905092.4
PO000114,23-11-2025,S0076,P0225,WH001,CT00326,Domestic,683,77166.31,52704589.73,850232.62,0,0,9639868.02,63194690.37,INR,1,Rail,23-12-2025,23-12-2025,0,Approved,Delivered,52704589.73
PO000115,05-11-2025,S0013,P0240,WH001,CT00448,Domestic,181,81154.87,14689031.47,181307.15,0,0,2676660.95,17546999.57,INR,1,Rail,01-12-2025,04-12-2025,3,Approved,Delivered,14689031.47
PO000116,03-05-2026,S0059,P0057,WH003,CT00600,Domestic,126,45046.09,5675807.34,65601.64,0,0,1033453.62,6774862.6,INR,1,Road,08-06-2026,09-06-2026,1,Approved,Delivered,5675807.34
PO000117,27-01-2026,S0047,P0275,WH002,CT00111,Domestic,201,39946.64,8029274.64,103412.14,0,0,1463883.62,9596570.4,INR,1,Rail,24-02-2026,24-02-2026,0,Approved,Cancelled,8029274.64
PO000118,25-07-2025,S0002,P0261,WH002,CT00504,Domestic,924,7370.19,6810055.56,92861.18,0,0,1242525.01,8145441.75,INR,1,Road,12-08-2025,13-08-2025,1,Approved,Cancelled,6810055.56
PO000119,19-07-2025,S0065,P0007,WH001,CT00367,Domestic,877,61627.41,54047238.57,645594.5,0,0,9844709.95,64537543.02,INR,1,Air,22-07-2025,22-07-2025,0,Pending,Cancelled,54047238.57
PO000120,23-07-2026,S0054,P0121,WH003,CT00421,Domestic,94,16162.92,1519314.48,12499.12,0,0,275726.45,1807540.05,INR,1,Road,14-08-2026,15-08-2026,1,Approved,Delivered,1519314.48
PO000121,28-02-2026,S0069,P0043,WH003,CT00502,Domestic,621,21199.52,13164901.92,129989.38,0,0,2393080.43,15687971.73,INR,1,Air,10-03-2026,10-03-2026,0,Approved,Partially Delivered,13164901.92
PO000122,17-09-2025,S0002,P0057,WH001,CT00202,Domestic,406,44442.31,18043577.86,204557.12,0,0,3284664.3,21532799.28,INR,1,Air,28-09-2025,01-10-2025,3,Approved,Delivered,18043577.86
PO000123,09-02-2025,S0097,P0032,WH002,CT00004,Domestic,671,16855.14,11309798.94,156357.36,0,0,2063908.13,13530064.43,INR,1,Road,03-03-2025,03-03-2025,0,Pending,Cancelled,11309798.94
PO000124,22-10-2025,S0014,P0257,WH001,CT00112,Domestic,952,65308.53,62173720.56,1156481.05,0,0,11399436.29,74729637.9,INR,1,Rail,08-11-2025,16-11-2025,8,Approved,Delivered,62173720.56
PO000125,20-01-2025,S0012,P0282,WH003,CT00320,Domestic,207,38560.47,7982017.29,131019.73,0,0,1460346.66,9573383.68,INR,1,Rail,22-02-2025,22-02-2025,0,Approved,Delivered,7982017.29
PO000126,30-11-2025,S0066,P0136,WH001,CT00576,Domestic,32,37694.21,1206214.72,23596.49,0,0,221366.02,1451177.23,INR,1,Road,02-01-2026,04-01-2026,2,Pending,Delivered,1206214.72
PO000127,08-06-2026,S0062,P0138,WH004,No Contract,Domestic,23,57129.91,1313987.93,8143.54,0,0,237983.66,1560115.13,INR,1,Air,21-06-2026,23-06-2026,2,Approved,Partially Delivered,1313987.93
PO000128,28-07-2026,S0019,P0267,WH001,CT00551,Domestic,478,10369.83,4956778.74,31099.62,0,0,897818.1,5885696.46,INR,1,Rail,30-08-2026,01-09-2026,2,Pending,Partially Delivered,4956778.74
PO000129,24-10-2025,S0028,P0007,WH002,CT00422,Domestic,225,64509.03,14514531.75,128162.18,0,0,2635684.91,17278378.84,INR,1,Rail,02-11-2025,02-11-2025,0,Approved,Partially Delivered,14514531.75
PO000130,13-06-2025,S0066,P0230,WH003,CT00492,Domestic,904,57549.5,52024748,371490.11,0,0,9431322.86,61827560.97,INR,1,Air,16-07-2025,17-07-2025,1,Pending,Partially Delivered,52024748
PO000131,31-05-2025,S0006,P0276,WH003,CT00160,Domestic,507,81806.19,41475738.33,274307.29,0,0,7515008.21,49265053.83,INR,1,Air,12-06-2025,14-06-2025,2,Approved,Delivered,41475738.33
PO000132,22-08-2025,S0107,P0044,WH003,CT00147,Domestic,523,49003.7,25628935.1,451776.04,0,0,4694528.01,30775239.15,INR,1,Air,23-09-2025,25-09-2025,2,Approved,Delivered,25628935.1
PO000133,21-10-2025,S0110,P0027,WH001,CT00142,Domestic,758,59886.05,45393625.9,328506.3,0,0,8229983.8,53952116,INR,1,Road,01-11-2025,02-11-2025,1,Approved,Partially Delivered,45393625.9
PO000134,23-04-2026,S0081,P0177,WH001,CT00124,Domestic,146,57667.13,8419400.98,72571.56,0,0,1528555.06,10020527.6,INR,1,Road,08-05-2026,08-05-2026,0,Approved,Delivered,8419400.98
PO000135,17-12-2025,S0072,P0124,WH001,CT00527,Domestic,987,77316.31,76311197.97,668994.54,0,0,13856434.65,90836627.16,INR,1,Road,12-01-2026,15-01-2026,3,Approved,Delivered,76311197.97
PO000136,29-05-2025,S0090,P0165,WH002,CT00155,Domestic,329,53012.1,17440980.9,283275.8,0,0,3190366.21,20914622.91,INR,1,Road,14-06-2025,14-06-2025,0,Approved,Delivered,17440980.9
PO000137,18-07-2026,S0004,P0108,WH002,CT00152,Domestic,458,36792.97,16851180.26,117089.09,0,0,3054288.48,20022557.83,INR,1,Road,28-07-2026,28-07-2026,0,Approved,Partially Delivered,16851180.26
PO000138,05-02-2026,S0026,P0233,WH001,CT00135,Domestic,114,34554.64,3939228.96,33727.7,0,0,715132.2,4688088.86,INR,1,Road,02-03-2026,02-03-2026,0,Approved,Delivered,3939228.96
PO000139,26-08-2025,S0117,P0090,WH004,No Contract,Domestic,55,86458.28,4755205.4,49205.47,0,0,864793.96,5669204.83,INR,1,Air,25-09-2025,25-09-2025,0,Approved,Delivered,4755205.4
PO000140,09-07-2025,S0035,P0051,WH001,CT00494,Domestic,308,5030.93,1549526.44,17991.8,0,0,282153.28,1849671.52,INR,1,Rail,15-07-2025,15-07-2025,0,Approved,Partially Delivered,1549526.44
PO000141,11-05-2025,S0073,P0080,WH003,CT00027,Domestic,327,40766.6,13330678.2,266057.8,0,0,2447412.48,16044148.48,INR,1,Rail,19-05-2025,20-05-2025,1,Pending,Cancelled,13330678.2
PO000142,11-03-2026,S0105,P0276,WH004,CT00520,Domestic,521,85735.43,44668159.03,500850.93,0,0,8130421.79,53299431.75,INR,1,Road,15-03-2026,23-03-2026,8,Approved,Delivered,44668159.03
PO000143,08-08-2025,S0083,P0174,WH004,CT00515,Domestic,60,88990.09,5339405.4,100001.27,0,0,979093.2,6418499.87,INR,1,Air,31-08-2025,01-09-2025,1,Pending,Delivered,5339405.4
PO000144,20-04-2026,S0098,P0221,WH003,CT00279,Domestic,118,43725.91,5159657.38,73532.6,0,0,941974.2,6175164.18,INR,1,Rail,04-05-2026,05-05-2026,1,Approved,Partially Delivered,5159657.38
PO000145,26-02-2026,S0007,P0288,WH001,CT00233,Domestic,420,37115.87,15588665.4,97981.43,0,0,2823596.43,18510243.26,INR,1,Air,25-03-2026,26-03-2026,1,Approved,Cancelled,15588665.4
PO000146,06-08-2025,S0035,P0148,WH003,CT00494,Domestic,113,53820.9,6081761.7,34716.31,0,0,1100966.04,7217444.05,INR,1,Rail,17-08-2025,19-08-2025,2,Approved,Delivered,6081761.7
PO000147,14-08-2025,S0048,P0261,WH002,CT00423,Domestic,954,7150.97,6822025.38,45180.94,0,0,1236097.14,8103303.46,INR,1,Rail,26-08-2025,27-08-2025,1,Approved,Delivered,6822025.38
PO000148,25-06-2025,S0115,P0247,WH001,CT00298,Domestic,554,28584.1,15835591.4,198337.19,0,0,2886107.15,18920035.74,INR,1,Road,23-07-2025,23-07-2025,0,Approved,Delivered,15835591.4
PO000149,15-07-2026,S0039,P0033,WH001,CT00098,Domestic,229,47019.79,10767531.91,127887.3,0,0,1961175.46,12856594.67,INR,1,Rail,31-07-2026,01-08-2026,1,Approved,Delivered,10767531.91
PO000150,06-03-2025,S0052,P0260,WH002,CT00350,Domestic,858,28479.36,24435290.88,306497.52,0,0,4453521.91,29195310.31,INR,1,Road,30-03-2025,30-03-2025,0,Pending,Delivered,24435290.88
PO000151,03-10-2025,S0013,P0149,WH004,CT00448,Domestic,659,46316.53,30522593.27,560100.83,0,0,5594884.94,36677579.04,INR,1,Air,27-10-2025,29-10-2025,2,Approved,Delivered,30522593.27
PO000152,10-01-2026,S0070,P0055,WH002,CT00123,Domestic,920,32751.01,30130929.2,573672.86,0,0,5526828.37,36231430.43,INR,1,Rail,08-02-2026,08-02-2026,0,Approved,Delivered,30130929.2
PO000153,09-01-2025,S0099,P0168,WH002,CT00324,Domestic,719,78809.64,56664131.16,391956.79,0,0,10270095.83,67326183.78,INR,1,Rail,24-01-2025,25-01-2025,1,Pending,Cancelled,56664131.16
PO000154,04-08-2025,S0071,P0196,WH003,CT00487,Domestic,565,70790.53,39996649.45,390986.09,0,0,7269774.4,47657409.94,INR,1,Road,01-09-2025,02-09-2025,1,Pending,Delivered,39996649.45
PO000155,03-03-2026,S0039,P0041,WH001,CT00493,Domestic,661,36719.03,24271278.83,298703.54,0,0,4422596.83,28992579.2,INR,1,Air,29-03-2026,01-04-2026,3,Approved,Partially Delivered,24271278.83
PO000156,27-08-2025,S0097,P0069,WH003,CT00004,Domestic,468,45821.3,21444368.4,180152.89,0,0,3892413.83,25516935.12,INR,1,Road,13-09-2025,18-09-2025,5,Approved,Delivered,21444368.4
PO000157,02-01-2026,S0082,P0105,WH003,CT00428,Domestic,270,12193.07,3292128.9,61621.08,0,0,603675,3957424.98,INR,1,Rail,07-01-2026,10-01-2026,3,Approved,Delivered,3292128.9
PO000158,30-06-2025,S0097,P0197,WH001,CT00004,Domestic,619,22082.42,13669017.98,216708.89,0,0,2499430.84,16385157.71,INR,1,Air,14-07-2025,14-07-2025,0,Approved,Delivered,13669017.98
PO000159,09-05-2026,S0021,P0168,WH003,CT00214,Domestic,953,79782.53,76032751.09,1068487.1,0,0,13878222.87,90979461.06,INR,1,Rail,25-05-2026,25-05-2026,0,Approved,Cancelled,76032751.09
PO000160,26-03-2025,S0005,P0284,WH002,CT00116,Domestic,728,34338.47,24998406.16,260024.06,0,0,4546517.44,29804947.66,INR,1,Air,07-04-2025,07-04-2025,0,Approved,Delivered,24998406.16
PO000161,03-01-2025,S0064,P0056,WH001,CT00166,Domestic,375,41711.89,15641958.75,145423.21,0,0,2841728.75,18629110.71,INR,1,Road,26-01-2025,27-01-2025,1,Approved,Delivered,15641958.75
PO000162,25-08-2025,S0107,P0045,WH004,CT00189,Domestic,163,48956.08,7979841.04,92111.1,0,0,1452951.39,9524903.53,INR,1,Air,23-09-2025,25-09-2025,2,Pending,Cancelled,7979841.04
PO000163,29-05-2026,S0080,P0221,WH004,CT00034,Domestic,399,49029.81,19562894.19,179576.59,0,0,3553644.74,23296115.52,INR,1,Air,28-06-2026,28-06-2026,0,Approved,Cancelled,19562894.19
PO000164,25-02-2025,S0046,P0010,WH001,CT00069,Domestic,947,8674.91,8215139.77,82959.69,0,0,1493657.9,9791757.36,INR,1,Air,27-03-2025,29-03-2025,2,Approved,Partially Delivered,8215139.77
PO000165,06-09-2025,S0055,P0284,WH004,CT00288,Domestic,196,32620.31,6393580.76,97200.9,0,0,1168340.7,7659122.36,INR,1,Air,28-09-2025,30-09-2025,2,Approved,Delivered,6393580.76
PO000166,05-05-2025,S0088,P0198,WH002,CT00480,Domestic,289,75810.54,21909246.06,208642.33,0,0,3981219.91,26099108.3,INR,1,Rail,31-05-2025,31-05-2025,0,Approved,Delivered,21909246.06
PO000167,26-09-2025,S0112,P0008,WH001,CT00014,Domestic,835,62632.58,52298204.3,1021653.54,0,0,9597574.41,62917432.25,INR,1,Rail,27-10-2025,29-10-2025,2,Approved,Delivered,52298204.3
PO000168,16-11-2025,S0018,P0164,WH002,CT00290,Domestic,896,81807.5,73299520,1373921.97,0,0,13441219.55,88114661.52,INR,1,Rail,27-11-2025,28-11-2025,1,Approved,Partially Delivered,73299520
PO000169,13-06-2026,S0090,P0074,WH003,CT00155,Domestic,977,50404.06,49244766.62,733522.25,0,0,8996092,58974380.87,INR,1,Road,26-06-2026,29-06-2026,3,Approved,Partially Delivered,49244766.62
PO000170,28-02-2025,S0080,P0073,WH003,CT00125,Domestic,11,29208.06,321288.66,4966.69,0,0,58725.96,384981.31,INR,1,Air,25-03-2025,25-03-2025,0,Approved,Delivered,321288.66
PO000171,16-11-2025,S0078,P0106,WH003,CT00384,Domestic,946,17348.67,16411841.82,126307.19,0,0,2976866.82,19515015.83,INR,1,Road,09-12-2025,09-12-2025,0,Approved,Delivered,16411841.82
PO000172,28-06-2026,S0010,P0190,WH002,No Contract,Domestic,274,63833.61,17490409.14,308786,0,0,3203855.13,21003050.27,INR,1,Air,21-07-2026,21-07-2026,0,Approved,Delivered,17490409.14
PO000173,27-07-2026,S0077,P0150,WH003,CT00134,Domestic,962,69363.57,66727754.34,744735.39,0,0,12145048.15,79617537.88,INR,1,Rail,17-08-2026,17-08-2026,0,Approved,Delivered,66727754.34
PO000174,28-04-2025,S0062,P0017,WH004,No Contract,Domestic,538,74735.49,40207693.62,764170.99,0,0,7374935.63,48346800.24,INR,1,Rail,30-04-2025,01-05-2025,1,Approved,Partially Delivered,40207693.62
PO000175,30-07-2025,S0039,P0261,WH001,CT00372,Domestic,786,6658.46,5233549.56,102954.44,0,0,960570.72,6297074.72,INR,1,Rail,17-08-2025,17-08-2025,0,Pending,Partially Delivered,5233549.56
PO000176,30-09-2025,S0109,P0223,WH001,CT00555,Domestic,196,2111.91,413934.36,6539.43,0,0,75685.28,496159.07,INR,1,Air,28-10-2025,28-10-2025,0,Approved,Cancelled,413934.36
PO000177,05-06-2025,S0032,P0168,WH003,CT00185,Domestic,538,87220.76,46924768.88,378647.97,0,0,8514615.03,55818031.88,INR,1,Road,11-06-2025,11-06-2025,0,Approved,Cancelled,46924768.88
PO000178,16-01-2026,S0006,P0165,WH001,CT00160,Domestic,966,55128.28,53253918.48,678388.4,0,0,9707815.24,63640122.12,INR,1,Road,23-01-2026,23-01-2026,0,Approved,Delivered,53253918.48
PO000179,14-03-2026,S0037,P0134,WH001,CT00469,Domestic,583,16169.78,9426981.74,185431.12,0,0,1730234.31,11342647.17,INR,1,Rail,14-04-2026,17-04-2026,3,Approved,Cancelled,9426981.74
PO000180,13-06-2026,S0078,P0058,WH003,CT00085,Domestic,397,8274.11,3284821.67,40730.77,0,0,598599.44,3924151.88,INR,1,Road,10-07-2026,12-07-2026,2,Approved,Delivered,3284821.67
PO000181,27-02-2026,S0078,P0187,WH002,CT00085,Domestic,851,36221.17,30824215.67,354381.77,0,0,5612147.54,36790744.98,INR,1,Rail,20-03-2026,22-03-2026,2,Approved,Delivered,30824215.67
PO000182,29-12-2025,S0108,P0184,WH003,CT00307,Domestic,656,79648.79,52249606.24,764860.82,0,0,9542604.07,62557071.13,INR,1,Air,03-02-2026,05-02-2026,2,Pending,Delivered,52249606.24
PO000183,22-04-2026,S0004,P0270,WH004,CT00152,Domestic,28,75775.26,2121707.28,11876.2,0,0,384045.03,2517628.51,INR,1,Road,07-05-2026,07-05-2026,0,Pending,Partially Delivered,2121707.28
PO000184,07-07-2026,S0019,P0066,WH001,CT00551,Domestic,933,45762.05,42695992.65,564290.54,0,0,7786850.97,51047134.16,INR,1,Rail,12-08-2026,13-08-2026,1,Approved,Delivered,42695992.65
PO000185,23-11-2025,S0007,P0153,WH004,CT00103,Domestic,367,31320.65,11494678.55,74434.36,0,0,2082440.32,13651553.23,INR,1,Rail,19-12-2025,20-12-2025,1,Approved,Partially Delivered,11494678.55
PO000186,25-05-2026,S0121,P0246,WH003,CT00095,Domestic,345,77771.48,26831160.6,170898.6,0,0,4860370.66,31862429.86,INR,1,Road,15-06-2026,15-06-2026,0,Approved,Partially Delivered,26831160.6
PO000187,07-10-2025,S0081,P0131,WH004,CT00124,Domestic,787,24299.22,19123486.14,215701.79,0,0,3481053.83,22820241.76,INR,1,Air,18-10-2025,18-10-2025,0,Approved,Partially Delivered,19123486.14
PO000188,22-08-2025,S0068,P0049,WH002,CT00276,Domestic,314,27296.55,8571116.7,79770.85,0,0,1557159.76,10208047.31,INR,1,Rail,15-09-2025,15-09-2025,0,Approved,Delivered,8571116.7
PO000189,31-12-2025,S0043,P0005,WH002,No Contract,Domestic,946,36853.5,34863411,585684.72,0,0,6380837.23,41829932.95,INR,1,Air,16-01-2026,16-01-2026,0,Approved,Delivered,34863411
PO000190,27-05-2026,S0051,P0131,WH003,CT00339,Domestic,578,26844.73,15516253.94,274971.17,0,0,2842420.52,18633645.63,INR,1,Road,13-06-2026,13-06-2026,0,Approved,Partially Delivered,15516253.94
PO000191,26-02-2026,S0003,P0081,WH001,CT00311,Domestic,156,29484.23,4599539.88,54396.77,0,0,837708.6,5491645.25,INR,1,Rail,10-03-2026,13-03-2026,3,Approved,Cancelled,4599539.88
PO000192,06-09-2025,S0106,P0051,WH003,CT00043,Domestic,930,4947.38,4601063.4,32911.22,0,0,834115.43,5468090.05,INR,1,Road,11-09-2025,11-09-2025,0,Approved,Cancelled,4601063.4
PO000193,12-01-2026,S0011,P0216,WH003,CT00599,Domestic,378,53486.69,20217968.82,175374.57,0,0,3670801.81,24064145.2,INR,1,Road,10-02-2026,11-02-2026,1,Approved,Cancelled,20217968.82
PO000194,27-04-2026,S0050,P0041,WH001,CT00341,Domestic,765,36191.97,27686857.05,264628.99,0,0,5031267.49,32982753.53,INR,1,Air,15-05-2026,15-05-2026,0,Approved,Cancelled,27686857.05
PO000195,22-02-2026,S0113,P0084,WH001,No Contract,Domestic,573,40883.73,23426377.29,155645.07,0,0,4244764.02,27826786.38,INR,1,Air,03-03-2026,08-03-2026,5,Approved,Partially Delivered,23426377.29
PO000196,07-03-2025,S0048,P0001,WH003,CT00153,Domestic,388,44467,17253196,153414.43,0,0,3133189.88,20539800.31,INR,1,Rail,24-03-2025,29-03-2025,5,Approved,Cancelled,17253196
PO000197,30-03-2026,S0084,P0159,WH001,CT00450,Domestic,764,29814.36,22778171.04,359030.34,0,0,4164696.25,27301897.63,INR,1,Rail,05-05-2026,05-05-2026,0,Pending,Delivered,22778171.04
PO000198,05-04-2026,S0001,P0157,WH004,CT00328,Domestic,794,21600.17,17150534.98,316276.56,0,0,3144026.08,20610837.62,INR,1,Air,22-04-2026,22-04-2026,0,Approved,Delivered,17150534.98
PO000199,20-02-2025,S0059,P0117,WH002,CT00600,Domestic,912,50058.33,45653196.96,514213.38,0,0,8310133.86,54477544.2,INR,1,Rail,19-03-2025,19-03-2025,0,Pending,Delivered,45653196.96
PO000200,16-05-2025,S0056,P0276,WH004,CT00590,Domestic,584,75572.02,44134059.68,789832.74,0,0,8086300.64,53010193.06,INR,1,Rail,15-06-2025,15-06-2025,0,Approved,Partially Delivered,44134059.68
PO000201,14-06-2025,S0090,P0148,WH002,CT00155,Domestic,346,47464.46,16422703.16,162491.21,0,0,2985334.99,19570529.36,INR,1,Road,30-06-2025,01-07-2025,1,Approved,Delivered,16422703.16
PO000202,23-02-2026,S0053,P0077,WH001,CT00577,Domestic,403,31403.1,12655449.3,153360.89,0,0,2305585.83,15114396.02,INR,1,Air,09-03-2026,09-03-2026,0,Approved,Cancelled,12655449.3
PO000203,21-01-2026,S0066,P0254,WH002,CT00576,Domestic,620,68625.59,42547865.8,429237.7,0,0,7735878.63,50712982.13,INR,1,Rail,12-02-2026,24-02-2026,12,Approved,Delivered,42547865.8
PO000204,19-05-2026,S0058,P0005,WH001,CT00021,Domestic,664,36917.78,24513405.92,461838.49,0,0,4495543.99,29470788.4,INR,1,Rail,23-06-2026,26-06-2026,3,Pending,Delivered,24513405.92
PO000205,30-06-2026,S0105,P0173,WH002,CT00520,Domestic,287,32678.42,9378706.54,160891.16,0,0,1717127.59,11256725.29,INR,1,Air,12-07-2026,12-07-2026,0,Approved,Partially Delivered,9378706.54
PO000206,30-07-2026,S0071,P0045,WH001,CT00309,Domestic,94,46471.08,4368281.52,24056.67,0,0,790620.87,5182959.06,INR,1,Road,28-08-2026,02-09-2026,5,Pending,Partially Delivered,4368281.52
PO000207,01-08-2026,S0054,P0186,WH003,CT00421,Domestic,962,66968.48,64423677.76,844054.65,0,0,11748191.83,77015924.24,INR,1,Road,19-08-2026,19-08-2026,0,Pending,Delivered,64423677.76
PO000208,04-08-2026,S0018,P0300,WH001,CT00031,Domestic,462,2767.59,1278626.58,20932.82,0,0,233920.69,1533480.09,INR,1,Rail,20-08-2026,20-08-2026,0,Pending,Partially Delivered,1278626.58
PO000209,02-09-2025,S0031,P0296,WH001,CT00040,Domestic,278,36751.08,10216800.24,68151.42,0,0,1851291.3,12136242.96,INR,1,Air,28-09-2025,01-10-2025,3,Approved,Partially Delivered,10216800.24
PO000210,20-10-2025,S0100,P0178,WH001,CT00227,Domestic,336,22588.59,7589766.24,122634.28,0,0,1388232.09,9100632.61,INR,1,Rail,24-11-2025,29-11-2025,5,Pending,Partially Delivered,7589766.24
PO000211,03-07-2026,S0015,P0090,WH003,CT00330,Domestic,587,84595.95,49657822.65,755295.58,0,0,9074361.28,59487479.51,INR,1,Rail,17-07-2026,17-07-2026,0,Approved,Delivered,49657822.65
PO000212,09-09-2025,S0125,P0268,WH003,CT00399,Domestic,369,20017.12,7386317.28,73049.28,0,0,1342685.98,8802052.54,INR,1,Road,07-10-2025,08-10-2025,1,Pending,Cancelled,7386317.28
PO000213,20-03-2025,S0094,P0254,WH001,CT00498,Domestic,709,73284.23,51958519.07,489345.35,0,0,9440615.6,61888480.02,INR,1,Air,20-04-2025,22-04-2025,2,Approved,Delivered,51958519.07
PO000214,01-09-2025,S0023,P0267,WH001,CT00368,Domestic,138,11576.86,1597606.68,8733.97,0,0,289141.32,1895481.97,INR,1,Road,12-09-2025,15-09-2025,3,Approved,Delivered,1597606.68
PO000215,07-01-2026,S0089,P0111,WH004,CT00177,Domestic,216,13101.7,2829967.2,46649.58,0,0,517791.02,3394407.8,INR,1,Rail,02-02-2026,02-02-2026,0,Approved,Cancelled,2829967.2
PO000216,15-05-2025,S0029,P0071,WH003,CT00366,Domestic,602,34098.83,20527495.66,364661.78,0,0,3760588.34,24652745.78,INR,1,Air,11-06-2025,14-06-2025,3,Pending,Delivered,20527495.66
PO000217,14-03-2026,S0049,P0103,WH002,No Contract,Domestic,850,24992.57,21243684.5,277075.58,0,0,3873736.81,25394496.89,INR,1,Road,23-03-2026,25-03-2026,2,Pending,Partially Delivered,21243684.5
PO000218,10-04-2026,S0028,P0075,WH003,CT00422,Domestic,444,23590.51,10474186.44,94027.71,0,0,1902278.55,12470492.7,INR,1,Rail,23-04-2026,23-04-2026,0,Approved,Delivered,10474186.44
PO000219,25-07-2026,S0056,P0112,WH003,CT00590,Domestic,34,20400.9,693630.6,4385.78,0,0,125642.95,823659.33,INR,1,Air,27-08-2026,27-08-2026,0,Approved,Delivered,693630.6
PO000220,26-09-2025,S0005,P0098,WH002,CT00114,Domestic,86,21500.45,1849038.7,34722.12,0,0,339076.95,2222837.77,INR,1,Road,10-10-2025,10-10-2025,0,Approved,Delivered,1849038.7
PO000221,14-10-2025,S0080,P0299,WH003,CT00125,Domestic,86,7138.78,613935.08,9678.22,0,0,112250.39,735863.69,INR,1,Road,06-11-2025,06-11-2025,0,Pending,Delivered,613935.08
PO000222,23-10-2025,S0100,P0229,WH004,CT00227,Domestic,306,6557.63,2006634.78,32665.34,0,0,367074.02,2406374.14,INR,1,Rail,23-11-2025,23-11-2025,0,Approved,Delivered,2006634.78
PO000223,27-08-2025,S0054,P0121,WH003,CT00143,Domestic,190,16095.12,3058072.8,38965.82,0,0,557466.95,3654505.57,INR,1,Rail,20-09-2025,21-09-2025,1,Approved,Cancelled,3058072.8
PO000224,08-04-2026,S0106,P0093,WH002,CT00043,Domestic,390,43277.52,16878232.8,242334,0,0,3081702.02,20202268.82,INR,1,Air,18-04-2026,21-04-2026,3,Approved,Partially Delivered,16878232.8
PO000225,29-11-2025,S0123,P0272,WH003,CT00162,Domestic,132,75100.37,9913248.84,160845.18,0,0,1813336.92,11887430.94,INR,1,Air,30-12-2025,30-12-2025,0,Pending,Delivered,9913248.84
PO000226,01-01-2026,S0001,P0016,WH001,CT00543,Domestic,305,77335.3,23587266.5,335232.23,0,0,4306049.77,28228548.5,INR,1,Air,16-01-2026,16-01-2026,0,Approved,Delivered,23587266.5
PO000227,29-04-2026,S0029,P0056,WH003,CT00366,Domestic,706,40829.14,28825372.84,379018.54,0,0,5256790.45,34461181.83,INR,1,Air,31-05-2026,31-05-2026,0,Approved,Delivered,28825372.84
PO000228,08-07-2025,S0124,P0048,WH004,CT00083,Domestic,598,85402.03,51070413.94,576847.27,0,0,9296507.02,60943768.23,INR,1,Rail,06-08-2025,06-08-2025,0,Approved,Delivered,51070413.94
PO000229,31-12-2025,S0060,P0005,WH002,CT00432,Domestic,14,34562.28,483871.92,4860.79,0,0,87971.89,576704.6,INR,1,Rail,21-01-2026,22-01-2026,1,Approved,Delivered,483871.92
PO000230,01-06-2026,S0004,P0018,WH004,CT00152,Domestic,497,29149.59,14487346.23,100945.47,0,0,2625892.51,17214184.21,INR,1,Rail,21-06-2026,21-06-2026,0,Approved,Delivered,14487346.23
PO000231,29-07-2026,S0070,P0173,WH002,CT00552,Domestic,570,36582.73,20852156.1,391190.63,0,0,3823802.41,25067149.14,INR,1,Air,29-08-2026,06-09-2026,8,Approved,Delivered,20852156.1
PO000232,02-05-2026,S0125,P0107,WH004,CT00144,Domestic,556,30166.86,16772774.16,107316.46,0,0,3038416.31,19918506.93,INR,1,Rail,30-05-2026,30-05-2026,0,Approved,Partially Delivered,16772774.16
PO000233,08-07-2025,S0077,P0292,WH001,CT00198,Domestic,202,60039.4,12127958.8,63473.57,0,0,2194457.83,14385890.2,INR,1,Air,07-08-2025,10-08-2025,3,Approved,Partially Delivered,12127958.8
PO000234,23-02-2025,S0090,P0006,WH004,CT00155,Domestic,263,72986.72,19195507.36,250606.34,0,0,3500300.47,22946414.17,INR,1,Road,09-03-2025,17-03-2025,8,Pending,Partially Delivered,19195507.36
PO000235,06-06-2026,S0035,P0244,WH001,CT00477,Domestic,808,13496.17,10904905.36,62786.13,0,0,1974184.47,12941875.96,INR,1,Air,13-06-2026,21-06-2026,8,Pending,Partially Delivered,10904905.36
PO000236,23-10-2025,S0032,P0082,WH001,CT00185,Domestic,689,56350.91,38825776.99,317475.18,0,0,7045785.39,46189037.56,INR,1,Air,07-11-2025,08-11-2025,1,Approved,Cancelled,38825776.99
PO000237,21-04-2025,S0022,P0017,WH004,CT00035,Domestic,582,79263.66,46131450.12,599202.39,0,0,8411517.45,55142169.96,INR,1,Rail,01-05-2025,01-05-2025,0,Pending,Delivered,46131450.12
PO000238,21-03-2026,S0038,P0202,WH003,CT00203,Domestic,690,34750.03,23977520.7,339394.8,0,0,4377044.79,28693960.29,INR,1,Road,28-03-2026,28-03-2026,0,Approved,Delivered,23977520.7
PO000239,15-07-2026,S0064,P0251,WH002,CT00209,Domestic,830,36046.44,29918545.2,440819.68,0,0,5464685.68,35824050.56,INR,1,Rail,07-08-2026,08-08-2026,1,Approved,Cancelled,29918545.2
PO000240,26-10-2025,S0071,P0077,WH004,CT00487,Domestic,912,36088.38,32912602.56,425991.09,0,0,6000946.86,39339540.51,INR,1,Rail,24-11-2025,24-11-2025,0,Approved,Cancelled,32912602.56
PO000241,29-03-2025,S0049,P0174,WH004,No Contract,Domestic,998,87109.06,86934841.88,961279.85,0,0,15821301.91,103717423.6,INR,1,Air,08-04-2025,08-04-2025,0,Approved,Cancelled,86934841.88
PO000242,12-03-2026,S0083,P0112,WH002,CT00515,Domestic,558,21998.32,12275062.56,188544.55,0,0,2243449.28,14707056.39,INR,1,Road,26-03-2026,26-03-2026,0,Approved,Partially Delivered,12275062.56
PO000243,13-06-2026,S0060,P0015,WH001,CT00158,Domestic,748,72680.19,54364782.12,870938.61,0,0,9942429.73,65178150.46,INR,1,Rail,02-07-2026,02-07-2026,0,Approved,Delivered,54364782.12
PO000244,17-11-2025,S0098,P0226,WH004,CT00242,Domestic,435,10575.94,4600533.9,60417.26,0,0,838971.21,5499922.37,INR,1,Road,02-12-2025,02-12-2025,0,Pending,Partially Delivered,4600533.9
PO000245,24-11-2025,S0010,P0029,WH003,No Contract,Domestic,841,63532.35,53430706.35,722112.69,0,0,9747507.43,63900326.47,INR,1,Rail,19-12-2025,19-12-2025,0,Pending,Partially Delivered,53430706.35
PO000246,17-05-2026,S0040,P0287,WH003,CT00239,Domestic,749,81330.11,60916252.39,743773.27,0,0,11098804.62,72758830.28,INR,1,Air,30-05-2026,30-05-2026,0,Pending,Delivered,60916252.39
PO000247,24-02-2026,S0102,P0095,WH001,CT00154,Domestic,477,23522.93,11220437.61,97528.5,0,0,2037233.9,13355200.01,INR,1,Rail,01-04-2026,02-04-2026,1,Approved,Partially Delivered,11220437.61
PO000248,09-06-2026,S0007,P0041,WH002,CT00103,Domestic,15,37171.24,557568.6,7549.87,0,0,101721.32,666839.79,INR,1,Road,05-07-2026,05-07-2026,0,Approved,Cancelled,557568.6
PO000249,31-03-2026,S0113,P0145,WH001,No Contract,Domestic,154,67484.96,10392683.84,207853.44,0,0,1908096.71,12508633.99,INR,1,Rail,13-04-2026,13-04-2026,0,Pending,Delivered,10392683.84
PO000250,05-08-2025,S0047,P0134,WH002,CT00506,Domestic,456,15075.79,6874560.24,62267.38,0,0,1248628.97,8185456.59,INR,1,Road,09-09-2025,17-09-2025,8,Approved,Partially Delivered,6874560.24
PO000251,02-12-2025,S0011,P0157,WH003,CT00057,Domestic,847,21803.43,18467505.21,115929.66,0,0,3345018.28,21928453.15,INR,1,Road,29-12-2025,31-12-2025,2,Pending,Delivered,18467505.21
PO000252,20-03-2026,S0082,P0191,WH003,CT00428,Domestic,790,71608.28,56570541.2,940400.62,0,0,10351969.53,67862911.35,INR,1,Rail,27-03-2026,28-03-2026,1,Approved,Cancelled,56570541.2
PO000253,22-07-2025,S0043,P0053,WH003,No Contract,Domestic,104,36517.57,3797827.28,47842.03,0,0,692220.48,4537889.79,INR,1,Air,12-08-2025,14-08-2025,2,Approved,Cancelled,3797827.28
PO000254,06-05-2025,S0074,P0157,WH001,CT00128,Domestic,20,19247.38,384947.6,5937.94,0,0,70359.4,461244.94,INR,1,Rail,22-05-2025,25-05-2025,3,Pending,Cancelled,384947.6
PO000255,18-11-2025,S0115,P0238,WH001,CT00298,Domestic,802,50184.57,40248025.14,236920.21,0,0,7287290.16,47772235.51,INR,1,Road,17-12-2025,18-12-2025,1,Approved,Cancelled,40248025.14
PO000256,11-04-2025,S0117,P0273,WH004,No Contract,Domestic,448,64027.02,28684104.96,468861.27,0,0,5247533.92,34400500.15,INR,1,Air,08-05-2025,10-05-2025,2,Approved,Delivered,28684104.96
PO000257,07-02-2026,S0042,P0297,WH003,CT00012,Domestic,690,26894.39,18557129.1,112425.3,0,0,3360519.79,22030074.19,INR,1,Road,07-03-2026,07-03-2026,0,Pending,Delivered,18557129.1
PO000258,14-02-2025,S0090,P0205,WH001,CT00155,Domestic,277,27962.87,7745714.99,52245.91,0,0,1403632.96,9201593.86,INR,1,Air,08-03-2025,08-03-2025,0,Approved,Partially Delivered,7745714.99
PO000259,25-03-2025,S0017,P0155,WH002,No Contract,Domestic,297,47534.68,14117799.96,139471.45,0,0,2566308.85,16823580.26,INR,1,Rail,26-04-2025,26-04-2025,0,Approved,Delivered,14117799.96
PO000260,26-01-2025,S0085,P0146,WH002,No Contract,Domestic,144,61779.42,8896236.48,165538.36,0,0,1631119.47,10692894.31,INR,1,Air,01-02-2025,02-02-2025,1,Pending,Delivered,8896236.48
PO000261,30-06-2025,S0045,P0282,WH002,CT00282,Domestic,973,39064.9,38010147.7,352157.3,0,0,6905214.9,45267519.9,INR,1,Rail,07-07-2025,08-07-2025,1,Pending,Delivered,38010147.7
PO000262,29-11-2025,S0053,P0242,WH001,CT00048,Domestic,173,11111.87,1922353.51,36357.41,0,0,352567.97,2311278.89,INR,1,Road,03-12-2025,03-12-2025,0,Approved,Cancelled,1922353.51
PO000263,02-04-2025,S0026,P0097,WH001,CT00140,Domestic,794,72564.52,57616228.88,967088.07,0,0,10544997.05,69128314,INR,1,Air,27-04-2025,27-04-2025,0,Approved,Delivered,57616228.88
PO000264,11-12-2025,S0125,P0229,WH002,CT00044,Domestic,579,6555.16,3795437.64,66085.23,0,0,695074.12,4556596.99,INR,1,Air,10-01-2026,11-01-2026,1,Approved,Cancelled,3795437.64
PO000265,17-11-2025,S0122,P0043,WH002,CT00308,Domestic,820,19940.53,16351234.6,92146.74,0,0,2959808.64,19403189.98,INR,1,Rail,21-11-2025,21-11-2025,0,Approved,Partially Delivered,16351234.6
PO000266,18-08-2025,S0038,P0190,WH003,CT00203,Domestic,20,66443.83,1328876.6,21862.8,0,0,243133.09,1593872.49,INR,1,Rail,26-08-2025,29-08-2025,3,Approved,Cancelled,1328876.6
PO000267,11-08-2025,S0014,P0267,WH004,CT00427,Domestic,760,10543.38,8012968.8,145464.33,0,0,1468517.96,9626951.09,INR,1,Road,01-09-2025,01-09-2025,0,Approved,Delivered,8012968.8
PO000268,16-05-2025,S0074,P0079,WH004,CT00128,Domestic,17,47812.53,812813.01,7107.57,0,0,147585.7,967506.28,INR,1,Rail,02-06-2025,02-06-2025,0,Approved,Delivered,812813.01
PO000269,11-07-2025,S0072,P0153,WH003,CT00187,Domestic,808,26969.86,21791646.88,371595.97,0,0,3989383.71,26152626.56,INR,1,Air,01-08-2025,01-08-2025,0,Approved,Delivered,21791646.88
PO000270,28-07-2025,S0034,P0155,WH001,No Contract,Domestic,389,48186.15,18744412.35,161658.93,0,0,3403092.83,22309164.11,INR,1,Air,25-08-2025,25-08-2025,0,Approved,Delivered,18744412.35
PO000271,08-07-2025,S0118,P0258,WH004,CT00179,Domestic,460,26983.48,12412400.8,237104.79,0,0,2276911.01,14926416.6,INR,1,Rail,14-08-2025,14-08-2025,0,Pending,Delivered,12412400.8
PO000272,12-02-2025,S0054,P0038,WH004,CT00143,Domestic,609,30753.97,18729167.73,349171.7,0,0,3434101.1,22512440.53,INR,1,Road,07-03-2025,08-03-2025,1,Pending,Cancelled,18729167.73
PO000273,14-11-2025,S0059,P0252,WH003,CT00600,Domestic,908,1148.32,1042674.56,18262.26,0,0,190968.63,1251905.45,INR,1,Road,12-12-2025,12-12-2025,0,Approved,Delivered,1042674.56
PO000274,14-03-2025,S0008,P0017,WH001,CT00589,Domestic,474,73759.02,34961775.48,194369.66,0,0,6328106.13,41484251.27,INR,1,Road,30-03-2025,31-03-2025,1,Approved,Partially Delivered,34961775.48
PO000275,24-02-2025,S0032,P0290,WH001,CT00185,Domestic,946,73840.73,69853330.58,601900.47,0,0,12681941.59,83137172.64,INR,1,Road,06-03-2025,08-03-2025,2,Approved,Partially Delivered,69853330.58
PO000276,11-02-2026,S0058,P0235,WH004,CT00021,Domestic,472,47432.97,22388361.84,441101.8,0,0,4109303.46,26938767.1,INR,1,Road,11-03-2026,16-03-2026,5,Approved,Delivered,22388361.84
PO000277,20-07-2025,S0048,P0026,WH002,CT00524,Domestic,207,85499.56,17698408.92,338243.56,0,0,3246597.45,21283249.93,INR,1,Rail,09-08-2025,12-08-2025,3,Approved,Delivered,17698408.92
PO000278,28-12-2025,S0045,P0091,WH001,CT00282,Domestic,238,31033.08,7385873.04,146825.91,0,0,1355885.81,8888584.76,INR,1,Rail,11-01-2026,12-01-2026,1,Pending,Partially Delivered,7385873.04
PO000279,03-03-2025,S0086,P0061,WH004,CT00481,Domestic,44,37303.56,1641356.64,21044.79,0,0,299232.26,1961633.69,INR,1,Road,28-03-2025,28-03-2025,0,Approved,Cancelled,1641356.64
PO000280,12-07-2026,S0111,P0197,WH003,CT00150,Domestic,267,24001.64,6408437.88,53917.74,0,0,1163224.01,7625579.63,INR,1,Road,26-07-2026,26-07-2026,0,Pending,Delivered,6408437.88
PO000281,31-08-2025,S0018,P0297,WH002,CT00290,Domestic,905,26790.31,24245230.55,220659.8,0,0,4403860.26,28869750.61,INR,1,Road,20-09-2025,21-09-2025,1,Approved,Delivered,24245230.55
PO000282,06-01-2026,S0085,P0184,WH001,No Contract,Domestic,601,67402.45,40508872.45,714603.54,0,0,7420225.68,48643701.67,INR,1,Road,18-01-2026,18-01-2026,0,Approved,Partially Delivered,40508872.45
PO000283,28-10-2025,S0117,P0030,WH002,No Contract,Domestic,438,82209.16,36007612.08,631978.13,0,0,6595126.24,43234716.45,INR,1,Rail,20-11-2025,22-11-2025,2,Approved,Delivered,36007612.08
PO000284,31-05-2026,S0035,P0148,WH003,CT00494,Domestic,583,47219.73,27529102.59,240153.18,0,0,4998466.04,32767721.81,INR,1,Rail,15-06-2026,17-06-2026,2,Pending,Cancelled,27529102.59
PO000285,14-11-2025,S0039,P0255,WH003,CT00493,Domestic,508,46233.86,23486800.88,436286.1,0,0,4306155.66,28229242.64,INR,1,Road,10-12-2025,22-12-2025,12,Approved,Delivered,23486800.88
PO000286,11-07-2026,S0086,P0014,WH003,CT00481,Domestic,622,23589.8,14672855.6,145564.52,0,0,2667315.62,17485735.74,INR,1,Air,05-08-2026,08-08-2026,3,Pending,Delivered,14672855.6
PO000287,10-01-2025,S0081,P0277,WH003,CT00124,Domestic,188,73356.06,13790939.28,184064.69,0,0,2515500.71,16490504.68,INR,1,Rail,22-01-2025,22-01-2025,0,Pending,Partially Delivered,13790939.28
PO000288,15-04-2026,S0076,P0157,WH002,CT00326,Domestic,112,20550.17,2301619.04,14220.51,0,0,416851.12,2732690.67,INR,1,Road,11-05-2026,16-05-2026,5,Approved,Delivered,2301619.04
PO000289,14-02-2025,S0021,P0267,WH002,CT00214,Domestic,780,12321.49,9610762.2,119573.2,0,0,1751460.37,11481795.77,INR,1,Road,22-02-2025,22-02-2025,0,Approved,Delivered,9610762.2
PO000290,11-01-2025,S0110,P0095,WH002,CT00142,Domestic,455,26232.6,11935833,195104.54,0,0,2183568.76,14314506.3,INR,1,Rail,20-01-2025,22-01-2025,2,Pending,Delivered,11935833
PO000291,03-02-2026,S0036,P0008,WH003,CT00390,Domestic,698,60084.57,41939029.86,481391.03,0,0,7635675.76,50056096.65,INR,1,Road,19-02-2026,20-02-2026,1,Approved,Delivered,41939029.86
PO000292,21-03-2026,S0104,P0148,WH001,CT00102,Domestic,35,50313.93,1760987.55,22185.97,0,0,320971.23,2104144.75,INR,1,Air,14-04-2026,14-04-2026,0,Pending,Delivered,1760987.55
PO000293,01-05-2025,S0027,P0011,WH001,CT00550,Domestic,951,63333.59,60230244.09,599455.89,0,0,10949346,71779045.98,INR,1,Air,20-05-2025,22-05-2025,2,Pending,Partially Delivered,60230244.09
PO000294,24-03-2026,S0100,P0243,WH002,CT00227,Domestic,269,826.2,222247.8,2446.12,0,0,40444.91,265138.83,INR,1,Rail,30-04-2026,30-04-2026,0,Approved,Delivered,222247.8
PO000295,15-08-2025,S0073,P0134,WH002,CT00070,Domestic,43,16517.4,710248.2,3882.61,0,0,128543.55,842674.36,INR,1,Rail,26-08-2025,28-08-2025,2,Approved,Partially Delivered,710248.2
PO000296,22-04-2026,S0062,P0246,WH001,No Contract,Domestic,800,72807.93,58246344,1097477.26,0,0,10681887.83,70025709.09,INR,1,Rail,28-04-2026,03-05-2026,5,Approved,Partially Delivered,58246344
PO000297,23-12-2025,S0072,P0179,WH003,CT00527,Domestic,517,7872.37,4070015.29,66433.79,0,0,744560.83,4881009.91,INR,1,Road,22-01-2026,24-01-2026,2,Approved,Partially Delivered,4070015.29
PO000298,30-05-2026,S0092,P0122,WH003,CT00183,Domestic,617,47762.71,29469592.07,586402.63,0,0,5410079.05,35466073.75,INR,1,Road,13-06-2026,13-06-2026,0,Approved,Delivered,29469592.07
PO000299,29-11-2025,S0040,P0018,WH003,CT00239,Domestic,513,30236.49,15511319.37,96809.6,0,0,2809463.21,18417592.18,INR,1,Air,14-12-2025,14-12-2025,0,Approved,Delivered,15511319.37
PO000300,05-05-2026,S0119,P0262,WH001,CT00009,Domestic,52,64456.1,3351717.2,21271.8,0,0,607138.02,3980127.02,INR,1,Air,12-05-2026,15-05-2026,3,Pending,Delivered,3351717.2
PO000301,19-12-2025,S0060,P0151,WH004,CT00470,Domestic,508,6525.25,3314827,17379.44,0,0,599797.16,3932003.6,INR,1,Rail,05-01-2026,05-01-2026,0,Pending,Cancelled,3314827
PO000302,09-09-2025,S0026,P0103,WH003,CT00135,Domestic,437,21636.77,9455268.49,119999.97,0,0,1723548.32,11298816.78,INR,1,Road,07-10-2025,10-10-2025,3,Pending,Delivered,9455268.49
PO000303,03-08-2026,S0118,P0293,WH002,CT00486,Domestic,357,44041.66,15722872.62,280600.33,0,0,2880625.13,18884098.08,INR,1,Road,07-09-2026,10-09-2026,3,Approved,Delivered,15722872.62
PO000304,19-03-2025,S0106,P0104,WH001,CT00089,Domestic,324,23458.61,7600589.64,64244.59,0,0,1379670.16,9044504.39,INR,1,Road,27-03-2025,27-03-2025,0,Approved,Partially Delivered,7600589.64
PO000305,23-07-2026,S0059,P0160,WH002,CT00600,Domestic,620,49150.34,30473210.8,345251.9,0,0,5547323.29,36365785.99,INR,1,Rail,18-08-2026,18-08-2026,0,Approved,Cancelled,30473210.8
PO000306,08-07-2026,S0059,P0046,WH002,CT00600,Domestic,606,46614,28248084,160674.43,0,0,5113576.52,33522334.95,INR,1,Road,04-08-2026,05-08-2026,1,Pending,Delivered,28248084
PO000307,13-10-2025,S0097,P0058,WH001,CT00004,Domestic,91,8534.69,776656.79,8703.01,0,0,141364.76,926724.56,INR,1,Rail,25-10-2025,25-10-2025,0,Approved,Delivered,776656.79
PO000308,22-07-2025,S0070,P0242,WH002,CT00573,Domestic,56,12464.33,698002.48,6307.54,0,0,126775.8,831085.82,INR,1,Air,29-08-2025,29-08-2025,0,Approved,Delivered,698002.48
PO000309,14-02-2025,S0058,P0103,WH003,CT00021,Domestic,691,22306.51,15413798.41,222997.39,0,0,2814623.24,18451419.04,INR,1,Air,15-03-2025,16-03-2025,1,Pending,Cancelled,15413798.41
PO000310,18-01-2025,S0017,P0264,WH002,No Contract,Domestic,525,14882.58,7813354.5,69438.78,0,0,1418902.79,9301696.07,INR,1,Air,17-02-2025,17-02-2025,0,Pending,Delivered,7813354.5
PO000311,24-09-2025,S0116,P0188,WH003,CT00392,Domestic,321,2057.07,660319.47,7660.79,0,0,120236.45,788216.71,INR,1,Rail,28-10-2025,30-10-2025,2,Approved,Delivered,660319.47
PO000312,03-09-2025,S0081,P0025,WH003,CT00124,Domestic,799,12948.34,10345723.66,128475.75,0,0,1885355.89,12359555.3,INR,1,Rail,22-09-2025,24-09-2025,2,Approved,Delivered,10345723.66
PO000313,16-05-2026,S0070,P0041,WH004,CT00234,Domestic,764,33052.32,25251972.48,485973.24,0,0,4632830.23,30370775.95,INR,1,Rail,13-06-2026,13-06-2026,0,Approved,Delivered,25251972.48
PO000314,09-05-2025,S0087,P0248,WH003,CT00081,Domestic,852,87114.99,74221971.48,641551.49,0,0,13475434.13,88338957.1,INR,1,Road,03-06-2025,04-06-2025,1,Pending,Delivered,74221971.48
PO000315,01-04-2025,S0028,P0108,WH004,CT00422,Domestic,467,36862.61,17214838.87,240988.42,0,0,3142048.91,20597876.2,INR,1,Rail,05-04-2025,05-04-2025,0,Approved,Delivered,17214838.87
PO000316,07-04-2025,S0101,P0180,WH004,CT00206,Domestic,298,35162.71,10478487.58,178424.04,0,0,1918244.09,12575155.71,INR,1,Rail,15-04-2025,16-04-2025,1,Approved,Delivered,10478487.58
PO000317,15-11-2025,S0082,P0180,WH001,CT00428,Domestic,609,32363.72,19709505.48,120558.27,0,0,3569411.48,23399475.23,INR,1,Road,25-11-2025,25-11-2025,0,Pending,Cancelled,19709505.48
PO000318,14-01-2026,S0039,P0093,WH004,CT00003,Domestic,303,39671.47,12020455.41,221239.82,0,0,2203505.14,14445200.37,INR,1,Road,08-02-2026,09-02-2026,1,Approved,Partially Delivered,12020455.41
PO000319,13-01-2025,S0110,P0095,WH002,CT00142,Domestic,614,24889.67,15282257.38,239188.43,0,0,2793860.25,18315306.06,INR,1,Road,27-01-2025,27-01-2025,0,Approved,Delivered,15282257.38
PO000320,25-03-2026,S0014,P0044,WH002,CT00427,Domestic,505,58844.05,29716245.25,544625.74,0,0,5446956.78,35707827.77,INR,1,Air,10-04-2026,10-04-2026,0,Approved,Cancelled,29716245.25
PO000321,18-07-2025,S0087,P0107,WH004,CT00554,Domestic,297,32653.51,9698092.47,81808.62,0,0,1760382.2,11540283.29,INR,1,Rail,08-08-2025,13-08-2025,5,Approved,Cancelled,9698092.47
PO000322,24-07-2025,S0048,P0153,WH003,CT00423,Domestic,631,31099.45,19623752.95,276999.53,0,0,3582135.45,23482887.93,INR,1,Rail,09-08-2025,09-08-2025,0,Approved,Partially Delivered,19623752.95
PO000323,30-05-2025,S0058,P0163,WH001,CT00021,Domestic,663,48530.76,32175893.88,172691.9,0,0,5822745.44,38171331.22,INR,1,Rail,02-07-2025,05-07-2025,3,Approved,Delivered,32175893.88
PO000324,18-03-2026,S0069,P0196,WH003,CT00502,Domestic,432,63047.28,27236424.96,292713.79,0,0,4955244.97,32484383.72,INR,1,Air,04-04-2026,04-04-2026,0,Approved,Delivered,27236424.96
PO000325,27-06-2025,S0122,P0190,WH003,CT00308,Domestic,785,62373.01,48962812.85,392090.27,0,0,8883882.56,58238785.68,INR,1,Rail,01-07-2025,01-07-2025,0,Pending,Partially Delivered,48962812.85
PO000326,05-04-2026,S0085,P0138,WH003,No Contract,Domestic,414,57525.62,23815606.68,167782.85,0,0,4317010.12,28300399.65,INR,1,Rail,12-04-2026,17-04-2026,5,Approved,Delivered,23815606.68
PO000327,15-06-2026,S0067,P0094,WH003,CT00529,Domestic,686,27303.93,18730495.98,213389.56,0,0,3409899.4,22353784.94,INR,1,Air,27-06-2026,29-06-2026,2,Approved,Partially Delivered,18730495.98
PO000328,04-01-2026,S0109,P0160,WH003,CT00555,Domestic,481,43536.87,20941234.47,166301.41,0,0,3799356.46,24906892.34,INR,1,Rail,25-01-2026,25-01-2026,0,Approved,Delivered,20941234.47
PO000329,06-04-2026,S0075,P0261,WH001,CT00059,Domestic,614,6520.25,4003433.5,53061.67,0,0,730169.13,4786664.3,INR,1,Rail,01-05-2026,01-05-2026,0,Approved,Partially Delivered,4003433.5
PO000330,30-04-2025,S0116,P0226,WH002,CT00482,Domestic,321,9843.14,3159647.94,25973.63,0,0,573411.88,3759033.45,INR,1,Air,24-05-2025,24-05-2025,0,Approved,Delivered,3159647.94
PO000331,22-10-2025,S0056,P0091,WH002,CT00590,Domestic,287,31366.32,9002133.84,85049.64,0,0,1635693.03,10722876.51,INR,1,Air,22-11-2025,22-11-2025,0,Approved,Cancelled,9002133.84
PO000332,25-03-2025,S0035,P0194,WH002,CT00494,Domestic,984,76723.15,75495579.6,1004142.92,0,0,13769950.05,90269672.57,INR,1,Rail,04-04-2025,06-04-2025,2,Approved,Delivered,75495579.6
PO000333,10-01-2026,S0058,P0208,WH003,CT00329,Domestic,557,30232.32,16839402.24,285918.34,0,0,3082557.7,20207878.28,INR,1,Air,13-02-2026,13-02-2026,0,Approved,Delivered,16839402.24
PO000334,29-06-2026,S0027,P0054,WH003,CT00550,Domestic,313,48297.72,15117186.36,263906.22,0,0,2768596.66,18149689.24,INR,1,Air,15-07-2026,27-07-2026,12,Approved,Delivered,15117186.36
PO000335,22-07-2026,S0030,P0026,WH004,CT00521,Domestic,270,82416.21,22252376.7,417279.15,0,0,4080538.05,26750193.9,INR,1,Road,08-08-2026,09-08-2026,1,Approved,Delivered,22252376.7
PO000336,17-08-2025,S0113,P0191,WH003,No Contract,Domestic,717,70611.21,50628237.57,494512.61,0,0,9202095.03,60324845.21,INR,1,Road,20-08-2025,01-09-2025,12,Approved,Delivered,50628237.57
PO000337,13-04-2025,S0114,P0218,WH001,No Contract,Domestic,924,43766.17,40439941.08,585943.29,0,0,7384659.19,48410543.56,INR,1,Rail,07-05-2025,07-05-2025,0,Approved,Delivered,40439941.08
PO000338,16-04-2026,S0060,P0133,WH001,CT00470,Domestic,842,64698.98,54476541.16,870649.11,0,0,9962494.25,65309684.52,INR,1,Road,12-05-2026,15-05-2026,3,Pending,Cancelled,54476541.16
PO000339,02-11-2025,S0091,P0017,WH001,CT00213,Domestic,76,77760.79,5909820.04,102367.83,0,0,1082193.82,7094381.69,INR,1,Air,20-11-2025,20-11-2025,0,Approved,Partially Delivered,5909820.04
PO000340,20-07-2026,S0072,P0150,WH002,CT00187,Domestic,367,71891.92,26384334.64,340553.46,0,0,4810479.86,31535367.96,INR,1,Rail,11-08-2026,11-08-2026,0,Pending,Partially Delivered,26384334.64
PO000341,29-08-2025,S0031,P0049,WH004,CT00040,Domestic,796,30136.23,23988439.08,427158.66,0,0,4394807.59,28810405.33,INR,1,Rail,22-09-2025,25-09-2025,3,Pending,Delivered,23988439.08
PO000342,07-04-2026,S0039,P0158,WH002,CT00493,Domestic,20,35899.83,717996.6,4876.91,0,0,130117.23,852990.74,INR,1,Rail,27-04-2026,27-04-2026,0,Approved,Cancelled,717996.6
PO000343,18-03-2025,S0106,P0092,WH003,CT00043,Domestic,604,17727.49,10707403.96,159831.22,0,0,1956102.33,12823337.51,INR,1,Road,26-03-2025,28-03-2025,2,Approved,Partially Delivered,10707403.96
PO000344,18-07-2025,S0025,P0111,WH001,CT00271,Domestic,257,12808.68,3291830.76,49955.38,0,0,601521.51,3943307.65,INR,1,Rail,13-08-2025,15-08-2025,2,Pending,Delivered,3291830.76
PO000345,22-03-2026,S0015,P0051,WH002,CT00330,Domestic,12,5625.13,67501.56,1042.3,0,0,12337.89,80881.75,INR,1,Rail,03-04-2026,03-04-2026,0,Pending,Cancelled,67501.56
PO000346,12-06-2026,S0070,P0070,WH002,CT00573,Domestic,882,70980.21,62604545.22,1158990.2,0,0,11477436.38,75240971.8,INR,1,Air,11-07-2026,11-07-2026,0,Approved,Cancelled,62604545.22
PO000347,15-05-2025,S0087,P0011,WH003,CT00554,Domestic,210,59390.28,12471958.8,148918.57,0,0,2271757.93,14892635.3,INR,1,Road,05-06-2025,05-06-2025,0,Pending,Delivered,12471958.8
PO000348,10-02-2025,S0120,P0268,WH002,CT00574,Domestic,344,23440.42,8063504.48,47643.53,0,0,1460006.64,9571154.65,INR,1,Road,11-03-2025,12-03-2025,1,Approved,Cancelled,8063504.48
PO000349,21-08-2025,S0118,P0033,WH003,CT00404,Domestic,459,46732.67,21450295.53,366030.37,0,0,3926938.66,25743264.56,INR,1,Air,25-09-2025,25-09-2025,0,Approved,Cancelled,21450295.53
PO000350,11-05-2025,S0001,P0114,WH003,CT00543,Domestic,703,77655.68,54591943.04,695983.6,0,0,9951826.8,65239753.44,INR,1,Rail,20-05-2025,21-05-2025,1,Approved,Delivered,54591943.04
PO000351,11-04-2025,S0079,P0110,WH003,CT00201,Domestic,740,18858.28,13955127.2,150109.65,0,0,2538942.63,16644179.48,INR,1,Rail,17-05-2025,17-05-2025,0,Approved,Delivered,13955127.2
PO000352,11-01-2025,S0045,P0094,WH003,CT00282,Domestic,753,24433.53,18398448.09,221974.03,0,0,3351675.98,21972098.1,INR,1,Road,17-01-2025,18-01-2025,1,Approved,Delivered,18398448.09
PO000353,27-08-2025,S0101,P0210,WH004,CT00206,Domestic,547,68495.52,37467049.44,288377.81,0,0,6795976.9,44551404.15,INR,1,Air,31-08-2025,12-09-2025,12,Approved,Delivered,37467049.44
PO000354,27-08-2025,S0108,P0057,WH003,CT00108,Domestic,942,39362.27,37079258.34,708549.42,0,0,6801805.4,44589613.16,INR,1,Air,28-09-2025,28-09-2025,0,Approved,Cancelled,37079258.34
PO000355,13-12-2025,S0095,P0237,WH001,CT00472,Domestic,212,25218.76,5346377.12,45671.48,0,0,970568.75,6362617.35,INR,1,Air,09-01-2026,09-01-2026,0,Approved,Partially Delivered,5346377.12
PO000356,24-08-2025,S0054,P0101,WH001,CT00143,Domestic,892,46624.64,41589178.88,333158.47,0,0,7546020.72,49468358.07,INR,1,Air,11-09-2025,14-09-2025,3,Approved,Partially Delivered,41589178.88
PO000357,07-07-2026,S0022,P0133,WH003,CT00035,Domestic,994,62919.81,62542291.14,326751.25,0,0,11316427.63,74185470.02,INR,1,Road,17-07-2026,18-07-2026,1,Pending,Cancelled,62542291.14
PO000358,15-08-2025,S0040,P0203,WH004,CT00312,Domestic,993,22069.47,21914983.71,201821.76,0,0,3981024.98,26097830.45,INR,1,Rail,29-08-2025,31-08-2025,2,Pending,Delivered,21914983.71
PO000359,31-12-2025,S0100,P0075,WH004,CT00227,Domestic,775,22360.65,17329503.75,326451.77,0,0,3178071.99,20834027.51,INR,1,Rail,30-01-2026,02-02-2026,3,Pending,Cancelled,17329503.75
PO000360,02-03-2025,S0078,P0153,WH003,CT00169,Domestic,340,29082.57,9888073.8,68399.81,0,0,1792165.25,11748638.86,INR,1,Air,31-03-2025,03-04-2025,3,Approved,Delivered,9888073.8
PO000361,26-09-2025,S0096,P0180,WH001,CT00511,Domestic,267,33789.91,9021905.97,75440.27,0,0,1637522.32,10734868.56,INR,1,Road,30-10-2025,30-10-2025,0,Approved,Partially Delivered,9021905.97
PO000362,16-12-2025,S0084,P0100,WH003,CT00450,Domestic,458,811.87,371836.46,2193.8,0,0,67325.45,441355.71,INR,1,Road,12-01-2026,13-01-2026,1,Approved,Delivered,371836.46
PO000363,13-09-2025,S0080,P0027,WH002,CT00125,Domestic,19,60873.31,1156592.89,17306.34,0,0,211301.86,1385201.09,INR,1,Air,05-10-2025,06-10-2025,1,Pending,Delivered,1156592.89
PO000364,26-03-2026,S0099,P0267,WH002,CT00324,Domestic,566,12332.45,6980166.7,110034.95,0,0,1276236.3,8366437.95,INR,1,Rail,11-04-2026,11-04-2026,0,Approved,Delivered,6980166.7
PO000365,31-05-2025,S0100,P0298,WH003,CT00227,Domestic,320,13532.63,4330441.6,69971.32,0,0,792074.33,5192487.25,INR,1,Rail,27-06-2025,27-06-2025,0,Approved,Delivered,4330441.6
PO000366,08-04-2026,S0071,P0273,WH003,CT00309,Domestic,901,64210.69,57853831.69,406690.46,0,0,10486893.99,68747416.14,INR,1,Air,14-05-2026,14-05-2026,0,Approved,Delivered,57853831.69
PO000367,08-02-2025,S0097,P0247,WH001,CT00004,Domestic,488,31711.85,15475382.8,292187.27,0,0,2838162.61,18605732.68,INR,1,Road,24-02-2025,27-02-2025,3,Approved,Delivered,15475382.8
PO000368,03-01-2026,S0010,P0189,WH001,No Contract,Domestic,877,49283.95,43222024.15,656606.26,0,0,7898153.47,51776783.88,INR,1,Rail,26-01-2026,26-01-2026,0,Approved,Delivered,43222024.15
PO000369,18-11-2025,S0072,P0255,WH001,CT00187,Domestic,92,44365.88,4081660.96,31280.23,0,0,740329.41,4853270.6,INR,1,Rail,13-12-2025,13-12-2025,0,Approved,Partially Delivered,4081660.96
PO000370,18-09-2025,S0054,P0105,WH004,CT00143,Domestic,694,12244.8,8497891.2,49319.12,0,0,1538497.86,10085708.18,INR,1,Road,02-10-2025,03-10-2025,1,Approved,Delivered,8497891.2
PO000371,29-05-2026,S0079,P0266,WH001,CT00523,Domestic,453,69943.77,31684527.81,586590.05,0,0,5808801.21,38079919.07,INR,1,Rail,04-07-2026,07-07-2026,3,Pending,Delivered,31684527.81
PO000372,27-02-2026,S0021,P0211,WH003,CT00214,Domestic,974,45725.34,44536481.16,290640.81,0,0,8068881.95,52896003.92,INR,1,Road,08-03-2026,08-03-2026,0,Pending,Delivered,44536481.16
PO000373,23-10-2025,S0035,P0213,WH001,CT00477,Domestic,914,60399.74,55205362.36,305560.92,0,0,9991966.19,65502889.47,INR,1,Rail,04-11-2025,04-11-2025,0,Pending,Delivered,55205362.36
PO000374,22-01-2026,S0087,P0176,WH003,CT00554,Domestic,482,33307.04,16053993.28,275430.15,0,0,2939296.22,19268719.65,INR,1,Road,14-02-2026,22-02-2026,8,Approved,Delivered,16053993.28
PO000375,30-04-2025,S0087,P0125,WH003,CT00391,Domestic,791,12047.25,9529374.75,124565.56,0,0,1737709.26,11391649.57,INR,1,Air,18-05-2025,30-05-2025,12,Pending,Delivered,9529374.75
PO000376,18-11-2025,S0105,P0283,WH002,CT00520,Domestic,985,52999.61,52204615.85,618175.73,0,0,9508102.48,62330894.06,INR,1,Rail,22-11-2025,24-11-2025,2,Pending,Delivered,52204615.85
PO000377,02-06-2025,S0052,P0251,WH001,CT00350,Domestic,418,35220.77,14722281.86,255750.55,0,0,2696045.83,17674078.24,INR,1,Rail,02-07-2025,07-07-2025,5,Approved,Delivered,14722281.86
PO000378,24-04-2025,S0025,P0023,WH002,CT00271,Domestic,1000,18117.9,18117900,242526.35,0,0,3304876.74,21665303.09,INR,1,Air,23-05-2025,28-05-2025,5,Approved,Delivered,18117900
PO000379,08-05-2025,S0044,P0015,WH002,CT00046,Domestic,13,74413.34,967373.42,15297.15,0,0,176880.7,1159551.27,INR,1,Air,23-05-2025,26-05-2025,3,Approved,Partially Delivered,967373.42
PO000380,21-09-2025,S0074,P0202,WH001,CT00128,Domestic,387,30753.38,11901558.06,126544.51,0,0,2165058.46,14193161.03,INR,1,Air,06-10-2025,07-10-2025,1,Approved,Partially Delivered,11901558.06
PO000381,25-10-2025,S0096,P0087,WH001,CT00389,Domestic,251,85887.66,21557802.66,305088.73,0,0,3935320.45,25798211.84,INR,1,Air,26-11-2025,26-11-2025,0,Approved,Delivered,21557802.66
PO000382,21-07-2026,S0051,P0157,WH002,CT00339,Domestic,558,19352.82,10798873.56,199458.09,0,0,1979699.7,12978031.35,INR,1,Air,01-08-2026,01-08-2026,0,Approved,Delivered,10798873.56
PO000383,07-06-2025,S0108,P0162,WH003,CT00307,Domestic,520,59209.95,30789174,171562.98,0,0,5572932.66,36533669.64,INR,1,Rail,10-07-2025,10-07-2025,0,Pending,Delivered,30789174
PO000384,18-02-2026,S0021,P0269,WH004,CT00415,Domestic,475,80964.43,38458104.25,688530.62,0,0,7046394.28,46193029.15,INR,1,Road,23-02-2026,23-02-2026,0,Approved,Delivered,38458104.25
PO000385,16-03-2025,S0037,P0241,WH002,CT00469,Domestic,850,26181.66,22254411,204592.3,0,0,4042620.59,26501623.89,INR,1,Air,21-04-2025,21-04-2025,0,Approved,Delivered,22254411
PO000386,27-12-2025,S0093,P0004,WH001,CT00117,Domestic,775,68694.76,53238439,807719.01,0,0,9728308.44,63774466.45,INR,1,Air,09-01-2026,09-01-2026,0,Pending,Cancelled,53238439
PO000387,19-07-2025,S0044,P0069,WH001,CT00513,Domestic,726,41684.08,30262642.08,375459.18,0,0,5514858.23,36152959.49,INR,1,Road,12-08-2025,12-08-2025,0,Pending,Delivered,30262642.08
PO000388,17-01-2026,S0122,P0159,WH002,CT00308,Domestic,669,32235.05,21565248.45,226010.29,0,0,3922426.57,25713685.31,INR,1,Road,26-01-2026,26-01-2026,0,Pending,Partially Delivered,21565248.45
PO000389,24-01-2026,S0071,P0063,WH004,CT00487,Domestic,905,33626.04,30431566.2,597918.55,0,0,5585307.26,36614792.01,INR,1,Road,28-02-2026,28-02-2026,0,Pending,Partially Delivered,30431566.2
PO000390,13-05-2026,S0066,P0088,WH004,CT00492,Domestic,146,21430.33,3128828.18,50339.5,0,0,572250.18,3751417.86,INR,1,Rail,08-06-2026,08-06-2026,0,Pending,Delivered,3128828.18
PO000391,12-02-2025,S0051,P0276,WH002,CT00339,Domestic,218,82161.13,17911126.34,230367.52,0,0,3265468.89,21406962.75,INR,1,Air,02-03-2025,03-03-2025,1,Approved,Delivered,17911126.34
PO000392,30-05-2026,S0048,P0174,WH002,CT00153,Domestic,268,84666.05,22690501.4,379803.51,0,0,4152654.88,27222959.79,INR,1,Rail,18-06-2026,19-06-2026,1,Approved,Partially Delivered,22690501.4
PO000393,30-03-2025,S0042,P0235,WH004,CT00126,Domestic,44,52804.69,2323406.36,29362.37,0,0,423498.37,2776267.1,INR,1,Road,24-04-2025,25-04-2025,1,Approved,Delivered,2323406.36
PO000394,22-12-2025,S0068,P0112,WH002,CT00276,Domestic,570,22304.7,12713679,107063.94,0,0,2307733.73,15128476.67,INR,1,Rail,08-01-2026,10-01-2026,2,Approved,Cancelled,12713679
PO000395,09-07-2026,S0015,P0112,WH002,CT00330,Domestic,148,22796.8,3373926.4,21573.72,0,0,611190.02,4006690.14,INR,1,Road,18-07-2026,18-07-2026,0,Approved,Cancelled,3373926.4
PO000396,30-03-2026,S0074,P0141,WH003,CT00465,Domestic,770,23490.29,18087523.3,348381.11,0,0,3318462.79,21754367.2,INR,1,Rail,11-04-2026,13-04-2026,2,Approved,Delivered,18087523.3
PO000397,26-04-2025,S0055,P0161,WH003,CT00495,Domestic,753,53916.54,40599154.62,735411.61,0,0,7440221.92,48774788.15,INR,1,Road,17-05-2025,19-05-2025,2,Approved,Partially Delivered,40599154.62
PO000398,23-01-2025,S0030,P0281,WH004,CT00521,Domestic,222,60110.57,13344546.54,172013.63,0,0,2432980.83,15949541,INR,1,Rail,01-02-2025,01-02-2025,0,Approved,Delivered,13344546.54
PO000399,23-07-2026,S0115,P0018,WH004,CT00298,Domestic,855,29156.69,24928969.95,213723.42,0,0,4525684.81,29668378.18,INR,1,Rail,16-08-2026,28-08-2026,12,Approved,Cancelled,24928969.95
PO000400,27-12-2025,S0010,P0148,WH002,No Contract,Domestic,783,48922.93,38306654.19,273332.65,0,0,6944397.63,45524384.47,INR,1,Air,22-01-2026,23-01-2026,1,Pending,Delivered,38306654.19
PO000401,06-09-2025,S0045,P0040,WH003,CT00282,Domestic,285,44225.92,12604387.2,77650.95,0,0,2282766.87,14964805.02,INR,1,Road,19-09-2025,19-09-2025,0,Approved,Delivered,12604387.2
PO000402,19-10-2025,S0026,P0198,WH001,CT00135,Domestic,875,71349.8,62431075,939818.64,0,0,11406760.86,74777654.5,INR,1,Road,09-11-2025,11-11-2025,2,Approved,Delivered,62431075
PO000403,29-11-2025,S0062,P0191,WH002,No Contract,Domestic,908,71047.23,64510884.84,957410.36,0,0,11784293.14,77252588.34,INR,1,Air,09-12-2025,12-12-2025,3,Approved,Partially Delivered,64510884.84
PO000404,21-11-2025,S0026,P0164,WH001,CT00140,Domestic,432,73821.82,31891026.24,175509.02,0,0,5771976.35,37838511.61,INR,1,Rail,17-12-2025,17-12-2025,0,Approved,Delivered,31891026.24
PO000405,31-07-2026,S0070,P0060,WH001,CT00552,Domestic,879,5565.7,4892250.3,45353.09,0,0,888768.61,5826372,INR,1,Rail,29-08-2026,31-08-2026,2,Approved,Delivered,4892250.3
PO000406,18-04-2026,S0030,P0061,WH003,CT00521,Domestic,797,39504.3,31484927.1,372159.82,0,0,5734275.65,37591362.57,INR,1,Air,04-05-2026,07-05-2026,3,Approved,Delivered,31484927.1
PO000407,13-01-2026,S0039,P0150,WH004,CT00003,Domestic,976,60965.03,59501869.28,526876.41,0,0,10805174.22,70833919.91,INR,1,Rail,06-02-2026,06-02-2026,0,Approved,Delivered,59501869.28
PO000408,11-10-2025,S0033,P0253,WH004,CT00041,Domestic,723,67991.41,49157789.43,937389.32,0,0,9017132.17,59112310.92,INR,1,Air,17-10-2025,19-10-2025,2,Approved,Cancelled,49157789.43
PO000409,11-09-2025,S0030,P0127,WH003,CT00521,Domestic,536,77835.62,41719892.32,576888,0,0,7613420.46,49910200.78,INR,1,Road,22-09-2025,25-09-2025,3,Approved,Delivered,41719892.32
PO000410,24-05-2026,S0086,P0289,WH001,CT00481,Domestic,864,34641.7,29930428.8,426639.8,0,0,5464272.35,35821340.95,INR,1,Air,13-06-2026,14-06-2026,1,Approved,Delivered,29930428.8
PO000411,31-08-2025,S0029,P0243,WH002,CT00366,Domestic,922,811.18,747907.96,9003.51,0,0,136244.06,893155.53,INR,1,Road,30-09-2025,30-09-2025,0,Approved,Delivered,747907.96
PO000412,20-02-2025,S0052,P0192,WH003,CT00138,Domestic,216,49824.46,10762083.36,55249.73,0,0,1947119.96,12764453.05,INR,1,Road,14-03-2025,16-03-2025,2,Pending,Delivered,10762083.36
PO000413,05-02-2026,S0084,P0006,WH004,CT00450,Domestic,483,76769.04,37079446.32,204621.55,0,0,6711132.22,43995200.09,INR,1,Rail,12-03-2026,15-03-2026,3,Approved,Delivered,37079446.32
PO000414,08-11-2025,S0097,P0234,WH002,CT00004,Domestic,144,21522.76,3099277.44,59668.87,0,0,568610.34,3727556.65,INR,1,Rail,27-11-2025,02-12-2025,5,Approved,Partially Delivered,3099277.44
PO000415,02-06-2025,S0061,P0092,WH004,CT00091,Domestic,901,18514.6,16681654.6,231590.11,0,0,3044384.05,19957628.76,INR,1,Road,19-06-2025,19-06-2025,0,Approved,Partially Delivered,16681654.6
PO000416,15-07-2025,S0065,P0156,WH001,CT00367,Domestic,444,68111,30241284,437520.68,0,0,5522184.84,36200989.52,INR,1,Air,24-07-2025,24-07-2025,0,Pending,Partially Delivered,30241284
PO000417,08-06-2026,S0059,P0011,WH003,CT00600,Domestic,920,53455.8,49179336,796355.51,0,0,8995624.47,58971315.98,INR,1,Road,10-07-2026,10-07-2026,0,Approved,Cancelled,49179336
PO000418,26-01-2026,S0075,P0012,WH002,CT00163,Domestic,885,77692.52,68757880.2,1046542.67,0,0,12564796.12,82369218.99,INR,1,Rail,13-02-2026,14-02-2026,1,Approved,Delivered,68757880.2
PO000419,09-12-2025,S0097,P0053,WH004,CT00004,Domestic,475,36967.65,17559633.75,197974.44,0,0,3196369.47,20953977.66,INR,1,Air,28-12-2025,29-12-2025,1,Approved,Partially Delivered,17559633.75
PO000420,27-01-2025,S0072,P0082,WH002,CT00187,Domestic,765,57194.1,43753486.5,396707.11,0,0,7947034.85,52097228.46,INR,1,Road,18-02-2025,19-02-2025,1,Approved,Delivered,43753486.5
PO000421,09-04-2025,S0067,P0202,WH003,CT00595,Domestic,940,31519.86,29628668.4,467155.74,0,0,5417248.35,35513072.49,INR,1,Road,16-04-2025,16-04-2025,0,Approved,Partially Delivered,29628668.4
PO000422,27-04-2026,S0015,P0255,WH003,CT00076,Domestic,846,45189.38,38230215.48,201901.97,0,0,6917781.14,45349898.59,INR,1,Air,02-05-2026,02-05-2026,0,Approved,Partially Delivered,38230215.48
PO000423,28-03-2025,S0036,P0070,WH004,CT00241,Domestic,400,71870.27,28748108,247580.36,0,0,5219223.9,34214912.26,INR,1,Air,14-04-2025,14-04-2025,0,Approved,Cancelled,28748108
PO000424,23-03-2026,S0033,P0262,WH001,CT00130,Domestic,392,67743.83,26555581.36,426078.98,0,0,4856698.86,31838359.2,INR,1,Rail,27-03-2026,29-03-2026,2,Approved,Cancelled,26555581.36
PO000425,07-02-2025,S0042,P0295,WH003,CT00126,Domestic,570,59565.27,33952203.9,292863.83,0,0,6164112.19,40409179.92,INR,1,Air,07-03-2025,10-03-2025,3,Pending,Cancelled,33952203.9
PO000426,22-04-2025,S0112,P0232,WH004,CT00014,Domestic,765,38854.02,29723325.3,482235.25,0,0,5437000.9,35642561.45,INR,1,Rail,17-05-2025,17-05-2025,0,Approved,Delivered,29723325.3
PO000427,18-10-2025,S0035,P0069,WH001,CT00477,Domestic,745,40788.84,30387685.8,600085.12,0,0,5577798.77,36565569.69,INR,1,Rail,01-11-2025,01-11-2025,0,Approved,Cancelled,30387685.8
PO000428,27-12-2025,S0105,P0134,WH003,CT00520,Domestic,469,13792.78,6468813.82,115731.9,0,0,1185218.23,7769763.95,INR,1,Rail,04-01-2026,04-01-2026,0,Approved,Partially Delivered,6468813.82
PO000429,17-05-2025,S0113,P0266,WH003,No Contract,Domestic,204,75435.84,15388911.36,113283.55,0,0,2790395.08,18292589.99,INR,1,Air,30-05-2025,30-05-2025,0,Pending,Delivered,15388911.36
PO000430,27-06-2025,S0086,P0037,WH004,CT00481,Domestic,925,32545.2,30104310,374159.65,0,0,5486124.54,35964594.19,INR,1,Air,22-07-2025,22-07-2025,0,Approved,Cancelled,30104310
PO000431,21-12-2025,S0019,P0116,WH002,CT00551,Domestic,845,75259.39,63594184.55,637626.36,0,0,11561725.96,75793536.87,INR,1,Road,15-01-2026,15-01-2026,0,Pending,Delivered,63594184.55
PO000432,03-10-2025,S0002,P0185,WH004,CT00504,Domestic,36,51461.29,1852606.44,21954.98,0,0,337421.06,2211982.48,INR,1,Road,21-10-2025,23-10-2025,2,Approved,Partially Delivered,1852606.44
PO000433,01-05-2025,S0004,P0174,WH004,CT00152,Domestic,375,75162.94,28186102.5,532214.57,0,0,5169297.07,33887614.14,INR,1,Rail,12-05-2025,12-05-2025,0,Pending,Delivered,28186102.5
PO000434,28-01-2025,S0028,P0081,WH002,CT00422,Domestic,586,27888.71,16342784.06,229678.08,0,0,2983043.19,19555505.33,INR,1,Rail,04-02-2025,04-02-2025,0,Approved,Partially Delivered,16342784.06
PO000435,24-04-2025,S0071,P0199,WH003,CT00278,Domestic,402,63868.71,25675221.42,292953.99,0,0,4674271.57,30642446.98,INR,1,Road,25-05-2025,27-05-2025,2,Approved,Delivered,25675221.42
PO000436,19-05-2025,S0051,P0287,WH003,CT00339,Domestic,233,77139.72,17973554.76,175630.98,0,0,3266853.43,21416039.17,INR,1,Air,01-06-2025,01-06-2025,0,Approved,Delivered,17973554.76
PO000437,18-05-2025,S0061,P0001,WH002,CT00091,Domestic,97,47559.96,4613316.12,65102.13,0,0,842115.28,5520533.53,INR,1,Rail,02-06-2025,02-06-2025,0,Approved,Delivered,4613316.12
PO000438,22-07-2025,S0113,P0166,WH002,No Contract,Domestic,624,18365.43,11460028.32,169868.58,0,0,2093381.44,13723278.34,INR,1,Road,28-07-2025,31-07-2025,3,Approved,Delivered,11460028.32
PO000439,18-06-2025,S0120,P0231,WH001,CT00574,Domestic,549,40358.85,22157008.65,342421.1,0,0,4049897.36,26549327.11,INR,1,Air,12-07-2025,20-07-2025,8,Approved,Cancelled,22157008.65
PO000440,16-11-2025,S0093,P0040,WH004,CT00117,Domestic,331,42832.37,14177514.47,225887.51,0,0,2592612.36,16996014.34,INR,1,Rail,24-11-2025,24-11-2025,0,Approved,Delivered,14177514.47
PO000441,03-06-2026,S0110,P0258,WH001,CT00142,Domestic,398,28266.85,11250206.3,217398.34,0,0,2064168.84,13531773.48,INR,1,Air,14-06-2026,14-06-2026,0,Approved,Partially Delivered,11250206.3
PO000442,04-07-2026,S0117,P0141,WH001,No Contract,Domestic,879,23317.53,20496108.87,111136.02,0,0,3709304.08,24316548.97,INR,1,Rail,26-07-2026,28-07-2026,2,Approved,Delivered,20496108.87
PO000443,11-05-2026,S0111,P0201,WH003,CT00150,Domestic,313,82558.96,25840954.48,417367.75,0,0,4726498,30984820.23,INR,1,Air,26-05-2026,26-05-2026,0,Approved,Cancelled,25840954.48
PO000444,24-12-2025,S0073,P0115,WH003,CT00027,Domestic,720,31676.83,22807317.6,162731.59,0,0,4134608.85,27104658.04,INR,1,Rail,29-12-2025,01-01-2026,3,Approved,Delivered,22807317.6
PO000445,05-12-2025,S0118,P0268,WH003,CT00179,Domestic,709,20775.54,14729857.86,122021.05,0,0,2673338.2,17525217.11,INR,1,Rail,31-12-2025,31-12-2025,0,Approved,Delivered,14729857.86
PO000446,14-07-2026,S0115,P0290,WH003,CT00298,Domestic,629,81115.68,51021762.72,668214.32,0,0,9304195.87,60994172.91,INR,1,Air,07-08-2026,07-08-2026,0,Pending,Cancelled,51021762.72
PO000447,24-03-2025,S0047,P0283,WH002,CT00506,Domestic,991,52454.19,51982102.29,271489.96,0,0,9405646.6,61659238.85,INR,1,Rail,25-04-2025,25-04-2025,0,Approved,Delivered,51982102.29
PO000448,20-02-2026,S0068,P0262,WH004,CT00100,Domestic,97,75759.19,7348641.43,69580.31,0,0,1335279.91,8753501.65,INR,1,Air,11-03-2026,11-03-2026,0,Pending,Partially Delivered,7348641.43
PO000449,25-06-2025,S0094,P0023,WH004,CT00379,Domestic,773,19130.63,14787976.99,114192.37,0,0,2682390.48,17584559.84,INR,1,Air,30-07-2025,30-07-2025,0,Approved,Delivered,14787976.99
PO000450,20-11-2025,S0039,P0003,WH003,CT00493,Domestic,522,85620.2,44693744.4,471792.15,0,0,8129796.58,53295333.13,INR,1,Air,13-12-2025,13-12-2025,0,Approved,Partially Delivered,44693744.4
PO000451,21-02-2025,S0094,P0030,WH003,CT00379,Domestic,543,82868.09,44997372.87,867931.59,0,0,8255754.8,54121059.26,INR,1,Road,23-03-2025,24-03-2025,1,Approved,Partially Delivered,44997372.87
PO000452,13-01-2025,S0086,P0094,WH001,CT00481,Domestic,20,24257.79,485155.8,3628.46,0,0,87981.17,576765.43,INR,1,Air,10-02-2025,11-02-2025,1,Approved,Delivered,485155.8
PO000453,12-09-2025,S0045,P0173,WH001,CT00282,Domestic,920,31854.22,29305882.4,471389.16,0,0,5359908.88,35137180.44,INR,1,Rail,25-09-2025,25-09-2025,0,Approved,Partially Delivered,29305882.4
PO000454,16-02-2026,S0079,P0214,WH004,CT00165,Domestic,737,22593.65,16651520.05,332962.92,0,0,3057206.93,20041689.9,INR,1,Road,17-03-2026,19-03-2026,2,Approved,Partially Delivered,16651520.05
PO000455,06-01-2026,S0036,P0112,WH001,CT00390,Domestic,27,20534.61,554434.47,5668.77,0,0,100818.58,660921.82,INR,1,Road,21-01-2026,21-01-2026,0,Approved,Delivered,554434.47
PO000456,18-10-2025,S0103,P0193,WH003,CT00064,Domestic,173,29138.97,5041041.81,73422.99,0,0,920603.66,6035068.46,INR,1,Rail,14-11-2025,15-11-2025,1,Approved,Delivered,5041041.81
PO000457,10-01-2026,S0028,P0216,WH001,CT00422,Domestic,463,52322.2,24225178.6,350193,0,0,4423566.89,28998938.49,INR,1,Rail,18-01-2026,20-01-2026,2,Approved,Delivered,24225178.6
PO000458,30-01-2026,S0121,P0082,WH001,CT00095,Domestic,719,53072.57,38159177.83,529592.69,0,0,6963978.69,45652749.21,INR,1,Rail,19-02-2026,19-02-2026,0,Approved,Cancelled,38159177.83
PO000459,20-07-2025,S0042,P0184,WH004,CT00012,Domestic,148,73070.64,10814454.72,64020.7,0,0,1958125.58,12836601,INR,1,Air,12-08-2025,12-08-2025,0,Approved,Cancelled,10814454.72
PO000460,03-12-2025,S0001,P0197,WH002,CT00543,Domestic,956,22165.5,21190218,304967.66,0,0,3869133.42,25364319.08,INR,1,Air,22-12-2025,24-12-2025,2,Pending,Delivered,21190218
PO000461,29-04-2026,S0078,P0100,WH002,CT00384,Domestic,365,742.82,271129.3,3338.97,0,0,49404.29,323872.56,INR,1,Road,26-05-2026,26-05-2026,0,Approved,Delivered,271129.3
PO000462,26-06-2025,S0079,P0167,WH001,CT00201,Domestic,214,16707.94,3575499.16,21251.57,0,0,647415.13,4244165.86,INR,1,Road,02-08-2025,05-08-2025,3,Pending,Delivered,3575499.16
PO000463,31-01-2026,S0042,P0177,WH003,CT00012,Domestic,829,63363.08,52527993.32,861249.18,0,0,9610063.65,62999306.15,INR,1,Air,02-03-2026,03-03-2026,1,Approved,Cancelled,52527993.32
PO000464,23-05-2026,S0005,P0278,WH004,CT00114,Domestic,129,20599.92,2657389.68,42561.46,0,0,485991.21,3185942.35,INR,1,Rail,02-06-2026,02-06-2026,0,Approved,Delivered,2657389.68
PO000465,15-03-2025,S0113,P0198,WH003,No Contract,Domestic,191,73911.66,14117127.06,243347.99,0,0,2584885.51,16945360.56,INR,1,Road,19-03-2025,20-03-2025,1,Approved,Delivered,14117127.06
PO000466,05-09-2025,S0075,P0135,WH001,CT00163,Domestic,846,72306.35,61171172.1,453048.42,0,0,11092359.69,72716580.21,INR,1,Road,23-09-2025,01-10-2025,8,Approved,Partially Delivered,61171172.1
PO000467,01-06-2025,S0097,P0061,WH001,CT00004,Domestic,810,42373.89,34322850.9,271908.63,0,0,6227056.72,40821816.25,INR,1,Rail,15-06-2025,15-06-2025,0,Approved,Partially Delivered,34322850.9
PO000468,21-03-2025,S0101,P0193,WH004,CT00206,Domestic,937,26587.17,24912178.29,365673.11,0,0,4550013.25,29827864.65,INR,1,Road,01-04-2025,01-04-2025,0,Pending,Delivered,24912178.29
PO000469,05-07-2025,S0121,P0008,WH002,CT00095,Domestic,893,61996.16,55362570.88,780181.58,0,0,10105695.44,66248447.9,INR,1,Road,24-07-2025,24-07-2025,0,Pending,Delivered,55362570.88
PO000470,24-03-2026,S0105,P0126,WH004,CT00520,Domestic,516,56312.87,29057440.92,450247.41,0,0,5311383.9,34819072.23,INR,1,Road,02-04-2026,02-04-2026,0,Approved,Delivered,29057440.92
PO000471,20-12-2025,S0049,P0029,WH002,No Contract,Domestic,345,62062.86,21411686.7,218163.88,0,0,3893373.1,25523223.68,INR,1,Air,01-01-2026,01-01-2026,0,Approved,Delivered,21411686.7
PO000472,08-06-2026,S0039,P0020,WH002,CT00493,Domestic,797,71986.44,57373192.68,452586.21,0,0,10408640.2,68234419.09,INR,1,Road,30-06-2026,30-06-2026,0,Approved,Delivered,57373192.68
PO000473,08-07-2025,S0039,P0244,WH003,CT00493,Domestic,687,15242.27,10471439.49,164443.15,0,0,1914458.88,12550341.52,INR,1,Air,30-07-2025,07-08-2025,8,Approved,Delivered,10471439.49
PO000474,10-10-2025,S0033,P0294,WH002,CT00130,Domestic,73,47807.01,3489911.73,44258.19,0,0,636150.59,4170320.51,INR,1,Rail,17-10-2025,20-10-2025,3,Approved,Delivered,3489911.73
PO000475,26-07-2025,S0099,P0141,WH001,CT00324,Domestic,949,24018.1,22793176.9,297649.18,0,0,4156348.69,27247174.77,INR,1,Road,11-08-2025,12-08-2025,1,Approved,Delivered,22793176.9
PO000476,29-03-2026,S0078,P0086,WH001,CT00562,Domestic,71,46405.08,3294760.68,43228.14,0,0,600837.99,3938826.81,INR,1,Air,29-04-2026,01-05-2026,2,Approved,Delivered,3294760.68
PO000477,13-05-2026,S0085,P0249,WH004,No Contract,Domestic,181,12768.98,2311185.38,42777.52,0,0,423713.32,2777676.22,INR,1,Rail,22-05-2026,22-05-2026,0,Approved,Cancelled,2311185.38
PO000478,18-01-2025,S0010,P0046,WH003,No Contract,Domestic,697,46124.93,32149076.21,380353.39,0,0,5855297.33,38384726.93,INR,1,Air,15-02-2025,15-02-2025,0,Approved,Delivered,32149076.21
PO000479,25-01-2025,S0070,P0263,WH003,CT00234,Domestic,699,73075.3,51079634.7,961494.54,0,0,9367403.26,61408532.5,INR,1,Air,23-02-2025,25-02-2025,2,Approved,Delivered,51079634.7
PO000480,19-03-2026,S0100,P0011,WH001,CT00227,Domestic,595,53508.62,31837628.9,557602.5,0,0,5831141.65,38226373.05,INR,1,Air,26-04-2026,26-04-2026,0,Approved,Partially Delivered,31837628.9
PO000481,09-12-2025,S0072,P0139,WH004,CT00527,Domestic,894,63393.9,56674146.6,627630.54,0,0,10314319.89,67616097.03,INR,1,Road,09-01-2026,14-01-2026,5,Approved,Delivered,56674146.6
PO000482,07-05-2025,S0114,P0087,WH003,No Contract,Domestic,202,75716.04,15294640.08,154092.28,0,0,2780771.82,18229504.18,INR,1,Rail,31-05-2025,03-06-2025,3,Pending,Cancelled,15294640.08
PO000483,25-08-2025,S0059,P0186,WH004,CT00600,Domestic,302,59626.84,18007305.68,239603.72,0,0,3284443.69,21531353.09,INR,1,Road,22-09-2025,24-09-2025,2,Approved,Delivered,18007305.68
PO000484,18-03-2025,S0083,P0202,WH001,CT00515,Domestic,719,33561.29,24130567.51,250743.45,0,0,4388635.97,28769946.93,INR,1,Air,05-04-2025,05-04-2025,0,Pending,Cancelled,24130567.51
PO000485,07-07-2025,S0094,P0286,WH002,CT00498,Domestic,574,50826.34,29174319.16,219022.34,0,0,5290801.47,34684142.97,INR,1,Road,12-08-2025,13-08-2025,1,Approved,Partially Delivered,29174319.16
PO000486,09-09-2025,S0056,P0083,WH001,CT00590,Domestic,825,54773.96,45188517,647428.92,0,0,8250470.27,54086416.19,INR,1,Road,11-10-2025,14-10-2025,3,Pending,Delivered,45188517
PO000487,17-01-2025,S0003,P0263,WH004,CT00311,Domestic,423,79474.53,33617726.19,347311.6,0,0,6113706.8,40078744.59,INR,1,Rail,26-01-2025,29-01-2025,3,Pending,Cancelled,33617726.19
PO000488,13-03-2025,S0124,P0037,WH003,CT00083,Domestic,802,32992.23,26459768.46,165163.16,0,0,4792487.69,31417419.31,INR,1,Air,11-04-2025,11-04-2025,0,Approved,Partially Delivered,26459768.46
PO000489,18-12-2025,S0054,P0210,WH002,CT00143,Domestic,908,68708.91,62387690.28,515920.89,0,0,11322650.01,74226261.18,INR,1,Rail,02-01-2026,07-01-2026,5,Approved,Partially Delivered,62387690.28
PO000490,25-07-2026,S0023,P0121,WH002,CT00325,Domestic,374,14999.43,5609786.82,88234.01,0,0,1025643.75,6723664.58,INR,1,Air,31-07-2026,02-08-2026,2,Approved,Delivered,5609786.82
PO000491,15-02-2026,S0107,P0283,WH003,CT00020,Domestic,402,54351.21,21849186.42,297277.73,0,0,3986363.55,26132827.7,INR,1,Rail,17-03-2026,17-03-2026,0,Approved,Partially Delivered,21849186.42
PO000492,23-01-2025,S0069,P0022,WH003,CT00502,Domestic,129,65794.1,8487438.9,110104.88,0,0,1547557.88,10145101.66,INR,1,Air,09-02-2025,10-02-2025,1,Approved,Delivered,8487438.9
PO000493,16-06-2025,S0117,P0046,WH003,No Contract,Domestic,377,39338.55,14830633.35,161954.96,0,0,2698665.9,17691254.21,INR,1,Air,15-07-2025,15-07-2025,0,Approved,Cancelled,14830633.35
PO000494,30-05-2025,S0087,P0170,WH003,CT00081,Domestic,106,60057.23,6366066.38,103038.66,0,0,1164438.91,7633543.95,INR,1,Air,18-06-2025,19-06-2025,1,Pending,Cancelled,6366066.38
PO000495,15-01-2025,S0057,P0057,WH001,CT00455,Domestic,402,37021.91,14882807.82,297459.62,0,0,2732448.14,17912715.58,INR,1,Road,28-01-2025,28-01-2025,0,Approved,Partially Delivered,14882807.82
PO000496,28-03-2025,S0118,P0180,WH001,CT00179,Domestic,923,32363.42,29871436.66,523006.61,0,0,5470999.79,35865443.06,INR,1,Rail,28-04-2025,30-04-2025,2,Approved,Partially Delivered,29871436.66
PO000497,12-01-2025,S0066,P0002,WH002,CT00576,Domestic,293,85397.32,25021414.76,364072.91,0,0,4569387.78,29954875.45,INR,1,Road,10-02-2025,12-02-2025,2,Approved,Partially Delivered,25021414.76
PO000498,22-01-2026,S0052,P0152,WH002,CT00593,Domestic,106,31534.11,3342615.66,42081.36,0,0,609245.46,3993942.48,INR,1,Air,16-02-2026,28-02-2026,12,Approved,Cancelled,3342615.66
PO000499,05-07-2025,S0032,P0106,WH002,CT00185,Domestic,973,15683.42,15259967.66,130183.87,0,0,2770227.28,18160378.81,INR,1,Road,18-07-2025,18-07-2025,0,Pending,Cancelled,15259967.66
PO000500,03-08-2026,S0098,P0139,WH001,CT00583,Domestic,693,68550.65,47505600.45,320297.47,0,0,8608661.63,56434559.55,INR,1,Road,16-08-2026,19-08-2026,3,Approved,Delivered,47505600.45
PO000501,27-05-2025,S0063,P0081,WH002,CT00101,Domestic,405,28643.46,11600601.3,221259.12,0,0,2127934.88,13949795.3,INR,1,Road,13-06-2025,21-06-2025,8,Pending,Delivered,11600601.3
PO000502,12-07-2025,S0114,P0284,WH001,No Contract,Domestic,133,37495.73,4986932.09,26539.99,0,0,902424.97,5915897.05,INR,1,Road,01-08-2025,03-08-2025,2,Pending,Delivered,4986932.09
PO000503,20-02-2026,S0003,P0284,WH002,CT00199,Domestic,613,38758.11,23758721.43,179217.31,0,0,4308828.97,28246767.71,INR,1,Air,03-03-2026,04-03-2026,1,Approved,Partially Delivered,23758721.43
PO000504,21-05-2025,S0092,P0190,WH003,CT00183,Domestic,434,63655.57,27626517.38,373915.42,0,0,5040077.9,33040510.7,INR,1,Rail,10-06-2025,11-06-2025,1,Approved,Partially Delivered,27626517.38
PO000505,17-11-2025,S0025,P0180,WH001,CT00271,Domestic,564,34505.03,19460836.92,247993.48,0,0,3547589.47,23256419.87,INR,1,Road,13-12-2025,13-12-2025,0,Approved,Delivered,19460836.92
PO000506,14-05-2026,S0114,P0270,WH001,No Contract,Domestic,506,73592.95,37238032.7,202229.74,0,0,6739247.24,44179509.68,INR,1,Road,13-06-2026,15-06-2026,2,Pending,Cancelled,37238032.7
PO000507,31-07-2026,S0028,P0244,WH002,CT00422,Domestic,861,14646.98,12611049.78,95716.65,0,0,2287217.96,14993984.39,INR,1,Rail,14-08-2026,14-08-2026,0,Pending,Delivered,12611049.78
PO000508,24-02-2025,S0073,P0203,WH001,CT00027,Domestic,706,20998.64,14825039.84,106123.08,0,0,2687609.33,17618772.25,INR,1,Road,06-03-2025,06-03-2025,0,Approved,Partially Delivered,14825039.84
PO000509,27-01-2026,S0098,P0288,WH004,CT00279,Domestic,393,31894.89,12534691.77,166763.44,0,0,2286261.94,14987717.15,INR,1,Air,10-02-2026,10-02-2026,0,Approved,Delivered,12534691.77
PO000510,03-08-2026,S0084,P0287,WH001,CT00450,Domestic,242,69593.14,16841539.88,98649.71,0,0,3049234.13,19989423.72,INR,1,Air,03-09-2026,03-09-2026,0,Pending,Delivered,16841539.88
PO000511,25-06-2026,S0096,P0246,WH003,CT00389,Domestic,930,66692.58,62024099.4,888954.6,0,0,11324349.72,74237403.72,INR,1,Rail,29-07-2026,29-07-2026,0,Approved,Cancelled,62024099.4
PO000512,13-08-2025,S0098,P0196,WH004,CT00279,Domestic,885,65865.49,58290958.65,1162121.23,0,0,10701554.38,70154634.26,INR,1,Air,21-08-2025,23-08-2025,2,Pending,Partially Delivered,58290958.65
PO000513,09-01-2026,S0051,P0090,WH004,CT00339,Domestic,768,74974.19,57580177.92,304313.38,0,0,10419208.43,68303699.73,INR,1,Road,25-01-2026,25-01-2026,0,Approved,Delivered,57580177.92
PO000514,12-01-2026,S0075,P0294,WH001,CT00163,Domestic,933,46700.73,43571781.09,366513.07,0,0,7908892.95,51847187.11,INR,1,Rail,08-02-2026,08-02-2026,0,Approved,Delivered,43571781.09
PO000515,13-01-2025,S0117,P0192,WH003,No Contract,Domestic,46,42753.62,1966666.52,14622.97,0,0,356632.11,2337921.6,INR,1,Rail,07-02-2025,07-02-2025,0,Approved,Cancelled,1966666.52
PO000516,18-02-2025,S0012,P0095,WH003,CT00320,Domestic,648,24756.28,16042069.44,153642.8,0,0,2915228.2,19110940.44,INR,1,Road,14-03-2025,14-03-2025,0,Approved,Delivered,16042069.44
PO000517,22-11-2025,S0039,P0154,WH004,CT00493,Domestic,536,31676.18,16978432.48,240029.91,0,0,3099323.23,20317785.62,INR,1,Rail,18-12-2025,18-12-2025,0,Approved,Delivered,16978432.48
PO000518,17-11-2025,S0022,P0050,WH004,CT00443,Domestic,846,44350.76,37520742.96,640140.99,0,0,6868959.11,45029843.06,INR,1,Road,05-12-2025,08-12-2025,3,Approved,Partially Delivered,37520742.96
PO000519,04-08-2025,S0067,P0144,WH003,CT00595,Domestic,213,41626.46,8866435.98,115116.02,0,0,1616679.36,10598231.36,INR,1,Air,10-08-2025,10-08-2025,0,Approved,Partially Delivered,8866435.98
PO000520,19-04-2026,S0074,P0284,WH001,CT00128,Domestic,480,37374.85,17939928,118370.16,0,0,3250493.67,21308791.83,INR,1,Air,02-05-2026,02-05-2026,0,Approved,Delivered,17939928
PO000521,04-08-2025,S0115,P0012,WH002,CT00298,Domestic,438,91537.12,40093258.56,350244.55,0,0,7279830.56,47723333.67,INR,1,Road,01-09-2025,01-09-2025,0,Approved,Partially Delivered,40093258.56
PO000522,25-11-2025,S0097,P0055,WH001,CT00004,Domestic,384,29591.51,11363139.84,98189.25,0,0,2063039.24,13524368.33,INR,1,Rail,14-12-2025,14-12-2025,0,Approved,Delivered,11363139.84
PO000523,14-02-2025,S0073,P0129,WH004,CT00070,Domestic,113,17298.41,1954720.33,15169.73,0,0,354580.21,2324470.27,INR,1,Road,17-02-2025,20-02-2025,3,Approved,Delivered,1954720.33
PO000524,10-11-2025,S0122,P0157,WH001,CT00221,Domestic,748,22015.1,16467294.8,313874.27,0,0,3020610.43,19801779.5,INR,1,Road,16-11-2025,17-11-2025,1,Approved,Delivered,16467294.8
PO000525,04-02-2025,S0014,P0035,WH001,CT00427,Domestic,513,53930.72,27666459.36,201383.89,0,0,5016211.78,32884055.03,INR,1,Air,26-02-2025,26-02-2025,0,Pending,Cancelled,27666459.36
PO000526,21-03-2026,S0123,P0185,WH001,CT00007,Domestic,113,55592.62,6281966.06,115299.44,0,0,1151507.79,7548773.29,INR,1,Road,15-04-2026,17-04-2026,2,Pending,Delivered,6281966.06
PO000527,27-02-2026,S0020,P0014,WH002,CT00088,Domestic,736,23078,16985408,242599.73,0,0,3101041.39,20329049.12,INR,1,Rail,29-03-2026,31-03-2026,2,Approved,Cancelled,16985408
PO000528,28-11-2025,S0044,P0198,WH001,CT00046,Domestic,31,76070.1,2358173.1,37756.24,0,0,431267.28,2827196.62,INR,1,Rail,11-12-2025,11-12-2025,0,Pending,Partially Delivered,2358173.1
PO000529,19-05-2026,S0092,P0106,WH003,CT00183,Domestic,69,17236.86,1189343.34,11297.77,0,0,216115.4,1416756.51,INR,1,Road,07-06-2026,08-06-2026,1,Approved,Cancelled,1189343.34
PO000530,27-05-2026,S0059,P0030,WH002,CT00600,Domestic,557,87052.35,48488158.95,448204.84,0,0,8808545.48,57744909.27,INR,1,Air,23-06-2026,23-06-2026,0,Approved,Cancelled,48488158.95
PO000531,17-04-2026,S0101,P0173,WH001,CT00206,Domestic,638,31774.83,20272341.54,331548.78,0,0,3708700.26,24312590.58,INR,1,Air,26-04-2026,27-04-2026,1,Approved,Delivered,20272341.54
PO000532,02-03-2025,S0005,P0287,WH002,CT00370,Domestic,551,76300.6,42041630.6,593841.86,0,0,7674385.04,50309857.5,INR,1,Road,08-03-2025,13-03-2025,5,Pending,Delivered,42041630.6
PO000533,20-11-2025,S0055,P0272,WH003,CT00288,Domestic,958,70690.43,67721431.94,785569.79,0,0,12331260.31,80838262.04,INR,1,Road,07-12-2025,10-12-2025,3,Pending,Delivered,67721431.94
PO000534,16-11-2025,S0056,P0068,WH001,CT00590,Domestic,793,5338.37,4233327.41,45971.5,0,0,770273.8,5049572.71,INR,1,Air,24-12-2025,24-12-2025,0,Approved,Delivered,4233327.41
PO000535,27-06-2026,S0042,P0137,WH004,CT00509,Domestic,23,15359.18,353261.14,5981.44,0,0,64663.66,423906.24,INR,1,Road,21-07-2026,23-07-2026,2,Approved,Delivered,353261.14
PO000536,07-05-2026,S0012,P0076,WH004,CT00445,Domestic,59,74710.73,4407933.07,22453.39,0,0,797469.56,5227856.02,INR,1,Rail,08-06-2026,09-06-2026,1,Approved,Delivered,4407933.07
PO000537,24-05-2026,S0107,P0100,WH004,CT00147,Domestic,433,781.21,338263.93,3665.58,0,0,61547.31,403476.82,INR,1,Rail,17-06-2026,18-06-2026,1,Approved,Delivered,338263.93
PO000538,27-02-2025,S0020,P0277,WH004,CT00459,Domestic,672,77137.95,51836702.4,612260.03,0,0,9440813.24,61889775.67,INR,1,Rail,24-03-2025,24-03-2025,0,Approved,Cancelled,51836702.4
PO000539,25-03-2025,S0122,P0084,WH002,CT00221,Domestic,181,38373.35,6945576.35,46624.17,0,0,1258596.09,8250796.61,INR,1,Rail,31-03-2025,01-04-2025,1,Approved,Cancelled,6945576.35
PO000540,30-05-2026,S0020,P0160,WH002,CT00088,Domestic,90,47851.68,4306651.2,28131.16,0,0,780260.82,5115043.18,INR,1,Road,30-06-2026,30-06-2026,0,Approved,Partially Delivered,4306651.2
PO000541,11-08-2025,S0029,P0216,WH004,CT00157,Domestic,249,46606.52,11605023.48,138496.26,0,0,2113833.55,13857353.29,INR,1,Road,05-09-2025,10-09-2025,5,Approved,Delivered,11605023.48
PO000542,25-01-2025,S0073,P0294,WH004,CT00070,Domestic,432,49379.64,21332004.48,369924.99,0,0,3906347.3,25608276.77,INR,1,Rail,01-02-2025,01-02-2025,0,Approved,Cancelled,21332004.48
PO000543,06-07-2026,S0116,P0037,WH001,CT00392,Domestic,245,34392.55,8426174.75,57600.26,0,0,1527079.5,10010854.51,INR,1,Road,02-08-2026,05-08-2026,3,Approved,Partially Delivered,8426174.75
PO000544,04-07-2025,S0012,P0179,WH004,CT00445,Domestic,451,6622.88,2986918.88,35744.55,0,0,544079.42,3566742.85,INR,1,Road,27-07-2025,29-07-2025,2,Approved,Partially Delivered,2986918.88
PO000545,20-04-2025,S0122,P0105,WH004,CT00261,Domestic,57,11770.86,670939.02,3780.42,0,0,121449.5,796168.94,INR,1,Road,28-04-2025,28-04-2025,0,Approved,Cancelled,670939.02
PO000546,01-08-2025,S0123,P0260,WH003,CT00453,Domestic,633,27302.28,17282343.24,126870.61,0,0,3133658.49,20542872.34,INR,1,Road,26-08-2025,27-08-2025,1,Approved,Cancelled,17282343.24
PO000547,01-09-2025,S0013,P0256,WH003,CT00127,Domestic,960,48436.1,46498656,299246.86,0,0,8423622.51,55221525.37,INR,1,Rail,24-09-2025,24-09-2025,0,Approved,Delivered,46498656
PO000548,24-02-2025,S0118,P0244,WH001,CT00179,Domestic,152,15524.39,2359707.28,18571.31,0,0,428090.15,2806368.74,INR,1,Road,30-03-2025,01-04-2025,2,Approved,Delivered,2359707.28
PO000549,12-10-2025,S0022,P0285,WH003,CT00443,Domestic,898,65596.74,58905872.52,1059603.46,0,0,10793785.68,70759261.66,INR,1,Air,20-10-2025,20-10-2025,0,Approved,Cancelled,58905872.52
PO000550,15-11-2025,S0085,P0027,WH004,No Contract,Domestic,462,63490.34,29332537.08,287841.04,0,0,5331668.06,34952046.18,INR,1,Rail,26-11-2025,29-11-2025,3,Pending,Delivered,29332537.08
PO000551,02-10-2025,S0067,P0277,WH004,CT00575,Domestic,574,79192.5,45456495,633588.92,0,0,8296215.11,54386299.03,INR,1,Rail,11-10-2025,11-10-2025,0,Pending,Delivered,45456495
PO000552,29-04-2025,S0005,P0086,WH003,CT00114,Domestic,923,43258.78,39927853.94,659185.88,0,0,7305667.17,47892706.99,INR,1,Air,12-05-2025,13-05-2025,1,Approved,Delivered,39927853.94
PO000553,02-04-2026,S0060,P0173,WH001,CT00432,Domestic,414,32068.53,13276371.42,207955.86,0,0,2427178.91,15911506.19,INR,1,Air,28-04-2026,28-04-2026,0,Approved,Cancelled,13276371.42
PO000554,23-10-2025,S0077,P0244,WH002,CT00134,Domestic,331,13076.71,4328391.01,28291.11,0,0,784202.78,5140884.9,INR,1,Rail,14-11-2025,14-11-2025,0,Approved,Cancelled,4328391.01
PO000555,16-02-2026,S0052,P0300,WH001,CT00593,Domestic,938,2973.17,2788833.46,52069.14,0,0,511362.47,3352265.07,INR,1,Road,13-03-2026,14-03-2026,1,Approved,Partially Delivered,2788833.46
PO000556,08-03-2025,S0101,P0230,WH002,CT00206,Domestic,780,54868.23,42797219.4,312440.15,0,0,7759738.72,50869398.27,INR,1,Rail,21-03-2025,21-03-2025,0,Approved,Delivered,42797219.4
PO000557,27-06-2026,S0071,P0022,WH004,CT00544,Domestic,599,64584.42,38686067.58,675437.58,0,0,7085070.93,46446576.09,INR,1,Air,01-08-2026,01-08-2026,0,Approved,Partially Delivered,38686067.58
PO000558,29-03-2025,S0074,P0157,WH004,CT00465,Domestic,239,21757.38,5200013.82,32982.94,0,0,941939.42,6174936.18,INR,1,Road,11-04-2025,16-04-2025,5,Approved,Delivered,5200013.82
PO000559,28-08-2025,S0060,P0020,WH002,CT00158,Domestic,912,66615.44,60753281.28,443244.77,0,0,11015374.69,72211900.74,INR,1,Air,14-09-2025,15-09-2025,1,Approved,Delivered,60753281.28
PO000560,02-07-2026,S0033,P0285,WH003,CT00001,Domestic,574,63503.67,36451106.58,643004.41,0,0,6676939.98,43771050.97,INR,1,Road,06-07-2026,06-07-2026,0,Approved,Delivered,36451106.58
PO000561,29-04-2025,S0095,P0207,WH004,CT00472,Domestic,139,33550.82,4663563.98,82241.63,0,0,854245.01,5600050.62,INR,1,Road,27-05-2025,27-05-2025,0,Approved,Partially Delivered,4663563.98
PO000562,16-05-2026,S0083,P0141,WH002,CT00515,Domestic,543,23771.4,12907870.2,202226.1,0,0,2359817.33,15469913.63,INR,1,Road,30-05-2026,30-05-2026,0,Approved,Cancelled,12907870.2
PO000563,06-05-2026,S0084,P0201,WH004,CT00450,Domestic,103,75257.07,7751478.21,74395.78,0,0,1408657.32,9234531.31,INR,1,Road,03-06-2026,11-06-2026,8,Approved,Partially Delivered,7751478.21
PO000564,20-02-2025,S0060,P0016,WH001,CT00158,Domestic,723,77867.95,56298527.85,619221.04,0,0,10245194.8,67162943.69,INR,1,Air,14-03-2025,17-03-2025,3,Pending,Cancelled,56298527.85
PO000565,30-05-2026,S0105,P0022,WH001,CT00520,Domestic,759,69559.17,52795410.03,385220.56,0,0,9572513.51,62753144.1,INR,1,Road,04-06-2026,06-06-2026,2,Approved,Delivered,52795410.03
PO000566,02-12-2025,S0033,P0236,WH002,CT00130,Domestic,525,76719.57,40277774.25,304971.01,0,0,7304894.15,47887639.41,INR,1,Road,14-12-2025,14-12-2025,0,Pending,Cancelled,40277774.25
PO000567,26-12-2025,S0021,P0265,WH004,CT00214,Domestic,389,28623.2,11134424.8,133263.81,0,0,2028183.95,13295872.56,INR,1,Rail,05-01-2026,06-01-2026,1,Approved,Delivered,11134424.8
PO000568,01-06-2026,S0123,P0296,WH001,CT00162,Domestic,529,43087.1,22793075.9,239018.05,0,0,4145776.91,27177870.86,INR,1,Air,01-07-2026,01-07-2026,0,Pending,Cancelled,22793075.9
PO000569,09-07-2026,S0104,P0145,WH002,CT00102,Domestic,501,62492.03,31308507.03,408482.11,0,0,5709058.05,37426047.19,INR,1,Air,07-08-2026,07-08-2026,0,Pending,Partially Delivered,31308507.03
PO000570,13-07-2026,S0004,P0208,WH004,CT00152,Domestic,620,31518.99,19541773.8,277948.3,0,0,3567549.98,23387272.08,INR,1,Road,30-07-2026,30-07-2026,0,Pending,Partially Delivered,19541773.8
PO000571,13-01-2025,S0053,P0202,WH003,CT00361,Domestic,581,30712.67,17844061.27,304606.09,0,0,3266760.12,21415427.48,INR,1,Rail,16-01-2025,16-01-2025,0,Approved,Partially Delivered,17844061.27
PO000572,21-06-2025,S0038,P0146,WH001,CT00203,Domestic,493,61754.84,30445136.12,415408.76,0,0,5554898.08,36415442.96,INR,1,Air,29-06-2025,02-07-2025,3,Approved,Delivered,30445136.12
PO000573,29-05-2025,S0078,P0170,WH001,CT00169,Domestic,470,65983.43,31012212.1,193464.19,0,0,5617021.73,36822698.02,INR,1,Air,25-06-2025,28-06-2025,3,Pending,Delivered,31012212.1
PO000574,18-06-2025,S0089,P0003,WH004,CT00177,Domestic,434,82697.48,35890706.32,457367.02,0,0,6542653.2,42890726.54,INR,1,Road,12-07-2025,12-07-2025,0,Approved,Delivered,35890706.32
PO000575,27-03-2026,S0024,P0269,WH001,CT00387,Domestic,975,81082.81,79055739.75,611263.14,0,0,14340060.52,94007063.41,INR,1,Road,19-04-2026,19-04-2026,0,Approved,Delivered,79055739.75
PO000576,06-09-2025,S0114,P0111,WH002,No Contract,Domestic,725,12612.82,9144294.5,69961.92,0,0,1658566.16,10872822.58,INR,1,Air,06-10-2025,07-10-2025,1,Approved,Delivered,9144294.5
PO000577,20-01-2026,S0073,P0059,WH002,CT00070,Domestic,527,57656.95,30385212.65,162748.98,0,0,5498633.09,36046594.72,INR,1,Road,24-01-2026,24-01-2026,0,Approved,Cancelled,30385212.65
PO000578,03-04-2025,S0093,P0160,WH001,CT00117,Domestic,935,44089.79,41223953.65,422759.03,0,0,7496408.28,49143120.96,INR,1,Rail,12-04-2025,14-04-2025,2,Approved,Cancelled,41223953.65
PO000579,30-01-2026,S0038,P0018,WH002,CT00203,Domestic,621,30358.28,18852491.88,160482.82,0,0,3422335.45,22435310.15,INR,1,Air,10-02-2026,10-02-2026,0,Approved,Partially Delivered,18852491.88
PO000580,15-04-2026,S0006,P0207,WH004,CT00160,Domestic,963,34713.19,33428801.97,227739.95,0,0,6058177.55,39714719.47,INR,1,Air,18-04-2026,21-04-2026,3,Approved,Delivered,33428801.97
PO000581,09-10-2025,S0071,P0248,WH001,CT00487,Domestic,672,85158.23,57226330.56,612340.84,0,0,10410960.85,68249632.25,INR,1,Rail,10-11-2025,12-11-2025,2,Pending,Delivered,57226330.56
PO000582,24-02-2025,S0019,P0043,WH004,CT00551,Domestic,677,24168.9,16362345.3,118214.1,0,0,2966500.69,19447060.09,INR,1,Road,30-03-2025,30-03-2025,0,Pending,Partially Delivered,16362345.3
PO000583,17-04-2025,S0057,P0140,WH004,CT00484,Domestic,327,62110.46,20310120.42,147081.79,0,0,3682296.4,24139498.61,INR,1,Air,29-04-2025,29-04-2025,0,Pending,Cancelled,20310120.42
PO000584,18-01-2025,S0105,P0199,WH002,CT00520,Domestic,873,64990,56736270,953528.48,0,0,10384163.73,68073962.21,INR,1,Road,25-01-2025,25-01-2025,0,Pending,Partially Delivered,56736270
PO000585,18-07-2026,S0036,P0230,WH002,CT00241,Domestic,54,58521.74,3160173.96,22156.08,0,0,572819.41,3755149.45,INR,1,Rail,08-08-2026,11-08-2026,3,Pending,Cancelled,3160173.96
PO000586,15-06-2026,S0013,P0060,WH004,CT00448,Domestic,593,5642.72,3346132.96,34887.2,0,0,608583.63,3989603.79,INR,1,Rail,13-07-2026,14-07-2026,1,Approved,Delivered,3346132.96
PO000587,12-01-2025,S0024,P0114,WH003,CT00387,Domestic,992,77512.76,76892657.92,1379974.31,0,0,14089073.8,92361706.03,INR,1,Road,09-02-2025,09-02-2025,0,Approved,Delivered,76892657.92
PO000588,07-07-2025,S0105,P0143,WH001,CT00520,Domestic,168,76204.19,12802303.92,211893.48,0,0,2342555.53,15356752.93,INR,1,Road,20-07-2025,22-07-2025,2,Approved,Partially Delivered,12802303.92
PO000589,05-10-2025,S0122,P0178,WH002,CT00261,Domestic,752,22916.72,17233373.44,300603.92,0,0,3156115.92,20690093.28,INR,1,Rail,08-10-2025,09-10-2025,1,Pending,Partially Delivered,17233373.44
PO000590,12-11-2025,S0013,P0116,WH002,CT00127,Domestic,983,67580.13,66431267.79,1220571.06,0,0,12177330.99,79829169.84,INR,1,Road,03-12-2025,15-12-2025,12,Approved,Cancelled,66431267.79
PO000591,21-05-2025,S0030,P0152,WH001,CT00521,Domestic,364,28780.48,10476094.72,181286.87,0,0,1918328.69,12575710.28,INR,1,Rail,31-05-2025,31-05-2025,0,Pending,Delivered,10476094.72
PO000592,02-04-2026,S0092,P0169,WH004,CT00183,Domestic,565,79933.8,45162597,705397.57,0,0,8256239.02,54124233.59,INR,1,Air,21-04-2026,21-04-2026,0,Approved,Partially Delivered,45162597
PO000593,16-10-2025,S0018,P0152,WH004,CT00031,Domestic,538,30736.38,16536172.44,181470.64,0,0,3009175.75,19726818.83,INR,1,Air,30-10-2025,01-11-2025,2,Pending,Cancelled,16536172.44
PO000594,01-09-2025,S0078,P0120,WH002,CT00562,Domestic,852,73366.66,62508394.32,552728.73,0,0,11351002.15,74412125.2,INR,1,Rail,01-10-2025,06-10-2025,5,Approved,Delivered,62508394.32
PO000595,27-04-2025,S0043,P0135,WH004,No Contract,Domestic,965,69506.08,67073367.2,1321534.69,0,0,12311082.34,80705984.23,INR,1,Road,12-05-2025,12-05-2025,0,Approved,Cancelled,67073367.2
PO000596,13-10-2025,S0062,P0022,WH004,No Contract,Domestic,372,63506.49,23624414.28,200615.36,0,0,4288505.34,28113534.98,INR,1,Air,19-10-2025,19-10-2025,0,Approved,Cancelled,23624414.28
PO000597,16-12-2025,S0086,P0126,WH004,CT00481,Domestic,237,54051.38,12810177.06,157384.45,0,0,2334161.07,15301722.58,INR,1,Rail,12-01-2026,12-01-2026,0,Approved,Delivered,12810177.06
PO000598,30-01-2026,S0109,P0285,WH004,CT00400,Domestic,127,68985.79,8761195.33,51152.69,0,0,1586222.64,10398570.66,INR,1,Air,19-02-2026,22-02-2026,3,Approved,Delivered,8761195.33
PO000599,03-12-2025,S0057,P0157,WH003,CT00484,Domestic,734,19093,14014262,126225.41,0,0,2545287.73,16685775.14,INR,1,Air,15-12-2025,27-12-2025,12,Approved,Cancelled,14014262
PO000600,25-08-2025,S0069,P0117,WH002,CT00502,Domestic,914,50722.34,46360218.76,526386.2,0,0,8439588.89,55326193.85,INR,1,Rail,04-09-2025,04-09-2025,0,Pending,Delivered,46360218.76
PO000601,20-02-2025,S0078,P0277,WH004,CT00384,Domestic,277,84715.6,23466221.2,118366.4,0,0,4245225.77,27829813.37,INR,1,Air,16-03-2025,18-03-2025,2,Approved,Delivered,23466221.2
PO000602,30-11-2025,S0057,P0237,WH004,CT00484,Domestic,115,24220.32,2785336.8,40889.56,0,0,508720.74,3334947.1,INR,1,Rail,13-12-2025,16-12-2025,3,Pending,Delivered,2785336.8
PO000603,05-09-2025,S0019,P0021,WH003,CT00551,Domestic,582,25043.46,14575293.72,177677.22,0,0,2655534.77,17408505.71,INR,1,Rail,07-10-2025,07-10-2025,0,Approved,Cancelled,14575293.72
PO000604,05-01-2026,S0020,P0061,WH003,CT00582,Domestic,189,37083.26,7008736.14,98387.72,0,0,1279282.29,8386406.15,INR,1,Air,04-02-2026,04-02-2026,0,Approved,Cancelled,7008736.14
PO000605,21-06-2025,S0053,P0145,WH004,CT00048,Domestic,889,69316.32,61622208.48,984873.29,0,0,11269274.72,73876356.49,INR,1,Air,24-06-2025,24-06-2025,0,Pending,Delivered,61622208.48
PO000606,17-03-2026,S0069,P0149,WH004,CT00502,Domestic,940,46799.59,43991614.6,629954.91,0,0,8031882.51,52653452.02,INR,1,Road,01-04-2026,03-04-2026,2,Approved,Delivered,43991614.6
PO000607,26-03-2026,S0083,P0259,WH002,CT00515,Domestic,898,78846.68,70804318.64,717324.06,0,0,12873895.69,84395538.39,INR,1,Air,15-04-2026,17-04-2026,2,Approved,Delivered,70804318.64
PO000608,20-01-2025,S0037,P0175,WH001,CT00215,Domestic,351,7371.57,2587421.07,35669.8,0,0,472156.36,3095247.23,INR,1,Road,25-02-2025,25-02-2025,0,Approved,Delivered,2587421.07
PO000609,14-06-2025,S0118,P0145,WH003,CT00179,Domestic,808,63481,51292648,330801.42,0,0,9292220.9,60915670.32,INR,1,Road,11-07-2025,16-07-2025,5,Approved,Delivered,51292648
PO000610,15-07-2025,S0092,P0111,WH002,CT00183,Domestic,765,13794.35,10552677.75,208086.89,0,0,1936937.64,12697702.28,INR,1,Rail,26-07-2025,26-07-2025,0,Approved,Delivered,10552677.75
PO000611,26-04-2026,S0081,P0027,WH002,CT00124,Domestic,305,63583.97,19393110.85,185784.29,0,0,3524201.13,23103096.27,INR,1,Rail,08-05-2026,08-05-2026,0,Approved,Cancelled,19393110.85
PO000612,16-01-2026,S0063,P0248,WH004,CT00005,Domestic,27,82152.43,2218115.61,16146.15,0,0,402167.12,2636428.88,INR,1,Road,29-01-2026,01-02-2026,3,Approved,Delivered,2218115.61
PO000613,06-03-2026,S0092,P0019,WH001,CT00183,Domestic,343,47922.44,16437396.92,243412.23,0,0,3002545.65,19683354.8,INR,1,Rail,17-03-2026,19-03-2026,2,Approved,Cancelled,16437396.92
PO000614,21-01-2025,S0047,P0086,WH004,CT00506,Domestic,463,42779.29,19806811.27,231522.35,0,0,3606900.05,23645233.67,INR,1,Air,24-02-2025,24-02-2025,0,Approved,Delivered,19806811.27
PO000615,21-01-2026,S0048,P0166,WH001,CT00524,Domestic,763,21178.29,16159035.27,135374.74,0,0,2932993.8,19227403.81,INR,1,Road,02-02-2026,02-02-2026,0,Pending,Delivered,16159035.27
PO000616,29-06-2025,S0111,P0255,WH002,CT00019,Domestic,213,52899.49,11267591.37,178653.59,0,0,2060324.09,13506569.05,INR,1,Road,21-07-2025,21-07-2025,0,Pending,Delivered,11267591.37
PO000617,05-07-2025,S0119,P0126,WH001,CT00009,Domestic,390,60059.07,23423037.3,396846.87,0,0,4287579.15,28107463.32,INR,1,Rail,14-07-2025,15-07-2025,1,Approved,Delivered,23423037.3
PO000618,03-01-2026,S0097,P0076,WH002,CT00004,Domestic,319,67154.39,21422250.41,234617.67,0,0,3898236.25,25555104.33,INR,1,Road,23-01-2026,25-01-2026,2,Approved,Delivered,21422250.41
PO000619,08-09-2025,S0025,P0021,WH003,CT00271,Domestic,368,29178.15,10737559.2,178649.33,0,0,1964917.54,12881126.07,INR,1,Road,08-10-2025,09-10-2025,1,Approved,Cancelled,10737559.2
PO000620,10-07-2026,S0122,P0117,WH002,CT00261,Domestic,772,46589.8,35967325.6,512989.87,0,0,6566456.78,43046772.25,INR,1,Rail,14-07-2026,16-07-2026,2,Pending,Partially Delivered,35967325.6
PO000621,25-04-2025,S0075,P0128,WH002,CT00163,Domestic,408,28793.68,11747821.44,133834.68,0,0,2138698.1,14020354.22,INR,1,Rail,19-05-2025,19-05-2025,0,Approved,Delivered,11747821.44
PO000622,05-09-2025,S0021,P0015,WH002,CT00214,Domestic,587,81309.42,47728629.54,608610.79,0,0,8700703.26,57037943.59,INR,1,Air,10-09-2025,13-09-2025,3,Approved,Partially Delivered,47728629.54
PO000623,29-09-2025,S0060,P0177,WH001,CT00470,Domestic,716,55649.33,39844920.28,493417.93,0,0,7260900.88,47599239.09,INR,1,Rail,14-10-2025,22-10-2025,8,Pending,Delivered,39844920.28
PO000624,06-07-2025,S0061,P0129,WH004,CT00091,Domestic,144,19916.25,2867940,45890.66,0,0,524489.52,3438320.18,INR,1,Air,21-07-2025,21-07-2025,0,Pending,Cancelled,2867940
PO000625,07-10-2025,S0041,P0213,WH004,CT00563,Domestic,490,67239.85,32947526.5,606662.25,0,0,6039753.98,39593942.73,INR,1,Air,20-10-2025,21-10-2025,1,Approved,Partially Delivered,32947526.5
PO000626,21-04-2025,S0107,P0031,WH001,CT00020,Domestic,774,14204.67,10994414.58,125493.66,0,0,2001583.48,13121491.72,INR,1,Rail,24-05-2025,24-05-2025,0,Approved,Partially Delivered,10994414.58
PO000627,05-07-2026,S0067,P0031,WH003,CT00419,Domestic,660,14204.31,9374844.6,84879.5,0,0,1702750.34,11162474.44,INR,1,Air,14-07-2026,14-07-2026,0,Approved,Partially Delivered,9374844.6
PO000628,05-05-2026,S0102,P0017,WH003,CT00131,Domestic,734,75049.14,55086068.76,427973.42,0,0,9992527.59,65506569.77,INR,1,Road,01-06-2026,03-06-2026,2,Approved,Delivered,55086068.76
PO000629,21-05-2025,S0009,P0248,WH004,CT00473,Domestic,942,84958.93,80031312.06,882716.59,0,0,14564525.16,95478553.81,INR,1,Air,31-05-2025,12-06-2025,12,Approved,Partially Delivered,80031312.06
PO000630,26-08-2025,S0066,P0009,WH002,CT00492,Domestic,206,46779.59,9636595.54,100674.25,0,0,1752708.56,11489978.35,INR,1,Rail,24-09-2025,26-09-2025,2,Approved,Partially Delivered,9636595.54
PO000631,29-03-2025,S0038,P0059,WH001,CT00203,Domestic,558,62561.59,34909367.22,234705.59,0,0,6325933.11,41470005.92,INR,1,Rail,06-04-2025,07-04-2025,1,Approved,Delivered,34909367.22
PO000632,12-11-2025,S0040,P0095,WH002,CT00239,Domestic,450,23414.23,10536403.5,130499.15,0,0,1920042.48,12586945.13,INR,1,Road,18-11-2025,20-11-2025,2,Pending,Cancelled,10536403.5
PO000633,10-01-2025,S0077,P0104,WH001,CT00198,Domestic,88,27943.89,2459062.32,39121.79,0,0,449673.14,2947857.25,INR,1,Road,04-02-2025,04-02-2025,0,Approved,Cancelled,2459062.32
PO000634,08-12-2025,S0124,P0029,WH003,CT00371,Domestic,244,61026.49,14890463.56,114105.74,0,0,2700822.47,17705391.77,INR,1,Air,03-01-2026,04-01-2026,1,Pending,Delivered,14890463.56
PO000635,28-01-2026,S0029,P0165,WH002,CT00180,Domestic,668,49764.75,33242853,389263.83,0,0,6053781.03,39685897.86,INR,1,Rail,05-03-2026,06-03-2026,1,Pending,Cancelled,33242853
PO000636,28-09-2025,S0027,P0283,WH002,CT00550,Domestic,988,58344.96,57644820.48,839576.63,0,0,10527191.48,69011588.59,INR,1,Rail,11-10-2025,11-10-2025,0,Approved,Cancelled,57644820.48
PO000637,31-07-2026,S0064,P0019,WH003,CT00166,Domestic,442,48575.13,21470207.46,264116.06,0,0,3912178.23,25646501.75,INR,1,Rail,19-08-2026,19-08-2026,0,Approved,Cancelled,21470207.46
PO000638,15-03-2025,S0053,P0275,WH001,CT00361,Domestic,158,38736.94,6120436.52,37917.48,0,0,1108503.72,7266857.72,INR,1,Rail,24-03-2025,24-03-2025,0,Approved,Delivered,6120436.52
PO000639,12-12-2025,S0063,P0036,WH004,CT00101,Domestic,243,88945.17,21613676.31,424969.86,0,0,3966956.31,26005602.48,INR,1,Rail,26-12-2025,26-12-2025,0,Approved,Cancelled,21613676.31
PO000640,08-10-2025,S0114,P0001,WH004,No Contract,Domestic,72,49636.97,3573861.84,20726.16,0,0,647025.84,4241613.84,INR,1,Air,29-10-2025,29-10-2025,0,Approved,Partially Delivered,3573861.84
PO000641,18-01-2025,S0056,P0038,WH001,CT00590,Domestic,693,31200.15,21621703.95,186109.61,0,0,3925406.44,25733220,INR,1,Rail,20-02-2025,20-02-2025,0,Approved,Partially Delivered,21621703.95
PO000642,06-08-2025,S0125,P0128,WH002,CT00044,Domestic,195,30519.53,5951308.35,86999.1,0,0,1086895.34,7125202.79,INR,1,Rail,02-09-2025,02-09-2025,0,Approved,Cancelled,5951308.35
PO000643,08-05-2026,S0088,P0123,WH003,CT00480,Domestic,758,43444.72,32931097.76,439214.29,0,0,6006656.17,39376968.22,INR,1,Rail,13-06-2026,13-06-2026,0,Approved,Delivered,32931097.76
PO000644,12-02-2026,S0067,P0199,WH001,CT00429,Domestic,904,66785.9,60374453.6,844329.87,0,0,11019381.02,72238164.49,INR,1,Rail,22-02-2026,23-02-2026,1,Approved,Delivered,60374453.6
PO000645,09-09-2025,S0070,P0268,WH001,CT00123,Domestic,109,22663.24,2470293.16,35150.63,0,0,450979.88,2956423.67,INR,1,Air,14-10-2025,17-10-2025,3,Approved,Cancelled,2470293.16
PO000646,28-10-2025,S0014,P0146,WH002,CT00112,Domestic,993,62325.66,61889380.38,557873.36,0,0,11240505.67,73687759.41,INR,1,Road,14-11-2025,17-11-2025,3,Approved,Delivered,61889380.38
PO000647,29-08-2025,S0084,P0228,WH003,CT00247,Domestic,56,77671.99,4349631.44,62571.95,0,0,794196.61,5206400,INR,1,Air,27-09-2025,29-09-2025,2,Pending,Cancelled,4349631.44
PO000648,21-11-2025,S0038,P0172,WH004,CT00203,Domestic,977,429.85,419963.45,4900.27,0,0,76475.47,501339.19,INR,1,Air,25-11-2025,25-11-2025,0,Approved,Delivered,419963.45
PO000649,03-04-2026,S0002,P0076,WH003,CT00547,Domestic,131,66106.23,8659916.13,124441.93,0,0,1581184.45,10365542.51,INR,1,Rail,14-04-2026,22-04-2026,8,Approved,Partially Delivered,8659916.13
PO000650,13-04-2025,S0104,P0163,WH004,CT00102,Domestic,628,56392.27,35414345.56,681271.28,0,0,6497211.03,42592827.87,INR,1,Road,11-05-2025,11-05-2025,0,Pending,Cancelled,35414345.56
PO000651,02-07-2025,S0044,P0158,WH004,CT00513,Domestic,216,38365.18,8286878.88,79777.37,0,0,1505998.12,9872654.37,INR,1,Rail,16-07-2025,17-07-2025,1,Pending,Cancelled,8286878.88
PO000652,20-04-2025,S0051,P0164,WH002,CT00339,Domestic,746,81512.55,60808362.3,841841.21,0,0,11097036.63,72747240.14,INR,1,Air,07-05-2025,19-05-2025,12,Approved,Delivered,60808362.3
PO000653,06-03-2025,S0011,P0298,WH002,CT00057,Domestic,759,13760.98,10444583.82,163936.54,0,0,1909533.66,12518054.02,INR,1,Road,30-03-2025,31-03-2025,1,Approved,Delivered,10444583.82
PO000654,31-12-2025,S0101,P0295,WH003,CT00206,Domestic,143,63399.21,9066087.03,81734.4,0,0,1646607.86,10794429.29,INR,1,Air,04-01-2026,05-01-2026,1,Approved,Partially Delivered,9066087.03
PO000655,05-07-2025,S0110,P0154,WH001,CT00142,Domestic,36,30067.92,1082445.12,11330.34,0,0,196879.58,1290655.04,INR,1,Air,15-07-2025,15-07-2025,0,Approved,Delivered,1082445.12
PO000656,17-07-2025,S0063,P0248,WH004,CT00417,Domestic,871,76668.89,66778603.19,805271.8,0,0,12165097.5,79748972.49,INR,1,Rail,28-07-2025,29-07-2025,1,Approved,Delivered,66778603.19
PO000657,06-03-2025,S0086,P0004,WH004,CT00481,Domestic,318,66336.69,21095067.42,143733.68,0,0,3822984.2,25061785.3,INR,1,Road,02-04-2025,03-04-2025,1,Approved,Delivered,21095067.42
PO000658,08-10-2025,S0119,P0200,WH002,CT00530,Domestic,355,76654.43,27212322.65,406304.6,0,0,4971352.9,32589980.15,INR,1,Air,11-10-2025,11-10-2025,0,Approved,Cancelled,27212322.65
PO000659,17-06-2025,S0023,P0095,WH004,CT00325,Domestic,517,27997.6,14474759.2,222589.52,0,0,2645522.77,17342871.49,INR,1,Air,23-06-2025,23-06-2025,0,Approved,Partially Delivered,14474759.2
PO000660,04-05-2026,S0098,P0016,WH002,CT00479,Domestic,21,90889.58,1908681.18,37149.86,0,0,350249.59,2296080.63,INR,1,Road,17-05-2026,19-05-2026,2,Approved,Cancelled,1908681.18
PO000661,10-05-2026,S0069,P0014,WH003,CT00502,Domestic,624,22025.28,13743774.72,218569.07,0,0,2513221.88,16475565.67,INR,1,Road,27-05-2026,27-05-2026,0,Approved,Delivered,13743774.72
PO000662,22-04-2025,S0085,P0218,WH001,No Contract,Domestic,146,50777.5,7413515,95250.83,0,0,1351577.85,8860343.68,INR,1,Road,04-05-2025,05-05-2025,1,Approved,Cancelled,7413515
PO000663,17-05-2026,S0107,P0197,WH002,CT00020,Domestic,74,22531.63,1667340.62,32569.81,0,0,305983.88,2005894.31,INR,1,Road,20-06-2026,20-06-2026,0,Pending,Partially Delivered,1667340.62
PO000664,01-12-2025,S0029,P0107,WH002,CT00157,Domestic,172,33711.88,5798443.36,94837.44,0,0,1060790.54,6954071.34,INR,1,Rail,01-01-2026,02-01-2026,1,Approved,Delivered,5798443.36
PO000665,17-07-2026,S0116,P0018,WH001,CT00482,Domestic,946,31856.19,30135955.74,368902.97,0,0,5490874.57,35995733.28,INR,1,Rail,11-08-2026,11-08-2026,0,Approved,Partially Delivered,30135955.74
PO000666,29-03-2025,S0113,P0226,WH004,No Contract,Domestic,48,8854.13,424998.24,7912.89,0,0,77924,510835.13,INR,1,Road,04-04-2025,05-04-2025,1,Approved,Delivered,424998.24
PO000667,08-07-2025,S0021,P0249,WH004,CT00214,Domestic,464,11193.64,5193848.96,39629.9,0,0,942026.19,6175505.05,INR,1,Air,20-07-2025,21-07-2025,1,Approved,Delivered,5193848.96
PO000668,07-03-2025,S0039,P0097,WH003,CT00493,Domestic,319,72275.25,23055804.75,140588.62,0,0,4175350.81,27371744.18,INR,1,Road,03-04-2025,04-04-2025,1,Approved,Partially Delivered,23055804.75
PO000669,14-07-2025,S0084,P0206,WH001,CT00450,Domestic,325,82285.05,26742641.25,373008.29,0,0,4880816.92,31996466.46,INR,1,Road,13-08-2025,15-08-2025,2,Pending,Delivered,26742641.25
PO000670,21-03-2026,S0117,P0293,WH003,No Contract,Domestic,782,43650.61,34134777.02,412870.4,0,0,6218576.54,40766223.96,INR,1,Road,14-04-2026,14-04-2026,0,Approved,Cancelled,34134777.02
PO000671,18-02-2026,S0072,P0005,WH004,CT00187,Domestic,896,35041.6,31397273.6,256769.48,0,0,5697727.75,37351770.83,INR,1,Road,15-03-2026,15-03-2026,0,Approved,Delivered,31397273.6
PO000672,20-12-2025,S0007,P0114,WH004,CT00233,Domestic,616,64901.78,39979496.48,673359.75,0,0,7317514.12,47970370.35,INR,1,Air,13-01-2026,13-01-2026,0,Approved,Partially Delivered,39979496.48
PO000673,20-01-2025,S0084,P0242,WH002,CT00247,Domestic,446,11767.68,5248385.28,40933.1,0,0,952077.31,6241395.69,INR,1,Air,15-02-2025,20-02-2025,5,Approved,Delivered,5248385.28
PO000674,07-08-2025,S0107,P0147,WH004,CT00020,Domestic,554,72015.55,39896614.7,224981.47,0,0,7221887.31,47343483.48,INR,1,Rail,04-09-2025,05-09-2025,1,Approved,Cancelled,39896614.7
PO000675,07-01-2025,S0050,P0049,WH002,CT00398,Domestic,693,30779.55,21330228.15,300298.75,0,0,3893494.84,25524021.74,INR,1,Air,26-01-2025,26-01-2025,0,Approved,Partially Delivered,21330228.15
PO000676,06-06-2025,S0017,P0007,WH004,No Contract,Domestic,585,66274.64,38770664.4,350652.12,0,0,7041836.97,46163153.49,INR,1,Road,09-07-2025,09-07-2025,0,Approved,Delivered,38770664.4
PO000677,22-06-2025,S0018,P0144,WH003,CT00031,Domestic,938,41925.69,39326297.22,314073.16,0,0,7135266.67,46775637.05,INR,1,Air,06-07-2025,09-07-2025,3,Approved,Cancelled,39326297.22
PO000678,31-12-2025,S0117,P0191,WH001,No Contract,Domestic,80,71129.16,5690332.8,94828.28,0,0,1041328.99,6826490.07,INR,1,Air,23-01-2026,25-01-2026,2,Approved,Delivered,5690332.8
PO000679,02-11-2025,S0094,P0020,WH004,CT00498,Domestic,280,63650.93,17822260.4,136203.8,0,0,3232523.56,21190987.76,INR,1,Rail,30-11-2025,01-12-2025,1,Pending,Partially Delivered,17822260.4
PO000680,12-04-2025,S0021,P0259,WH002,CT00214,Domestic,292,92960.96,27144600.32,413744.25,0,0,4960502.02,32518846.59,INR,1,Rail,27-04-2025,29-04-2025,2,Approved,Delivered,27144600.32
PO000681,20-04-2025,S0092,P0056,WH004,CT00183,Domestic,51,39933.2,2036593.2,13842.16,0,0,369078.36,2419513.72,INR,1,Rail,01-05-2025,09-05-2025,8,Approved,Delivered,2036593.2
PO000682,16-02-2026,S0036,P0272,WH001,CT00241,Domestic,19,74062.38,1407185.22,22964.7,0,0,257426.99,1687576.91,INR,1,Rail,09-03-2026,12-03-2026,3,Approved,Delivered,1407185.22
PO000683,19-05-2025,S0058,P0209,WH003,CT00021,Domestic,467,89498.62,41795855.54,701980.82,0,0,7649610.54,50147446.9,INR,1,Rail,18-06-2025,20-06-2025,2,Approved,Cancelled,41795855.54
PO000684,11-03-2026,S0096,P0008,WH002,CT00511,Domestic,886,56759.92,50289289.12,539020.99,0,0,9149095.82,59977405.93,INR,1,Road,08-04-2026,10-04-2026,2,Approved,Delivered,50289289.12
PO000685,13-09-2025,S0072,P0224,WH003,CT00527,Domestic,778,34236.74,26636183.72,197299.72,0,0,4830027.02,31663510.46,INR,1,Rail,09-10-2025,09-10-2025,0,Approved,Delivered,26636183.72
PO000686,22-06-2025,S0095,P0284,WH004,CT00439,Domestic,957,38667.95,37005228.15,537672.39,0,0,6757722.1,44300622.64,INR,1,Air,16-07-2025,16-07-2025,0,Approved,Cancelled,37005228.15
PO000687,18-01-2026,S0112,P0190,WH002,CT00014,Domestic,569,67256.59,38268999.71,193392.93,0,0,6923230.68,45385623.32,INR,1,Rail,14-02-2026,17-02-2026,3,Approved,Cancelled,38268999.71
PO000688,16-03-2025,S0067,P0112,WH004,CT00419,Domestic,177,22314.24,3949620.48,62820.22,0,0,722239.33,4734680.03,INR,1,Rail,24-03-2025,25-03-2025,1,Approved,Delivered,3949620.48
PO000689,29-12-2025,S0120,P0025,WH001,CT00574,Domestic,828,15048.44,12460108.32,151812.18,0,0,2270145.69,14882066.19,INR,1,Road,24-01-2026,24-01-2026,0,Approved,Delivered,12460108.32
PO000690,04-05-2025,S0023,P0291,WH004,CT00368,Domestic,483,76054.78,36734458.74,649716.82,0,0,6729151.6,44113327.16,INR,1,Rail,07-05-2025,12-05-2025,5,Pending,Delivered,36734458.74
PO000691,14-01-2025,S0004,P0183,WH001,CT00152,Domestic,337,58768.17,19804873.29,275756.31,0,0,3614513.33,23695142.93,INR,1,Rail,30-01-2025,30-01-2025,0,Pending,Partially Delivered,19804873.29
PO000692,10-02-2025,S0038,P0231,WH003,CT00203,Domestic,240,41863.81,10047314.4,93987.04,0,0,1825434.26,11966735.7,INR,1,Air,20-02-2025,21-02-2025,1,Approved,Cancelled,10047314.4
PO000693,25-05-2025,S0041,P0210,WH001,CT00490,Domestic,162,67304.52,10903332.24,176276.68,0,0,1994329.61,13073938.53,INR,1,Road,15-06-2025,15-06-2025,0,Approved,Partially Delivered,10903332.24
PO000694,01-11-2025,S0066,P0169,WH003,CT00576,Domestic,385,74855.87,28819509.95,434978.25,0,0,5265807.88,34520296.08,INR,1,Road,23-11-2025,23-11-2025,0,Approved,Delivered,28819509.95
PO000695,05-01-2025,S0033,P0105,WH002,CT00001,Domestic,846,10173.7,8606950.2,110232.96,0,0,1569092.97,10286276.13,INR,1,Rail,11-01-2025,11-01-2025,0,Pending,Delivered,8606950.2
PO000696,19-10-2025,S0121,P0065,WH001,CT00095,Domestic,528,45370.52,23955634.56,191726.58,0,0,4346525.01,28493886.15,INR,1,Rail,11-11-2025,11-11-2025,0,Approved,Delivered,23955634.56
PO000697,12-07-2025,S0053,P0154,WH001,CT00048,Domestic,154,31562.29,4860592.66,76665.47,0,0,888706.46,5825964.59,INR,1,Road,18-07-2025,18-07-2025,0,Pending,Cancelled,4860592.66
PO000698,17-03-2026,S0053,P0154,WH002,CT00361,Domestic,396,29053.93,11505356.28,87318.51,0,0,2086681.46,13679356.25,INR,1,Rail,24-03-2026,24-03-2026,0,Approved,Partially Delivered,11505356.28
PO000699,27-06-2025,S0058,P0028,WH001,CT00021,Domestic,748,13485.96,10087498.08,118341.1,0,0,1837051.05,12042890.23,INR,1,Road,29-07-2025,29-07-2025,0,Approved,Cancelled,10087498.08
PO000700,24-06-2025,S0097,P0047,WH002,CT00004,Domestic,75,82449.18,6183688.5,76741.76,0,0,1126877.45,7387307.71,INR,1,Rail,15-07-2025,15-07-2025,0,Approved,Partially Delivered,6183688.5
PO000701,24-06-2025,S0117,P0155,WH002,No Contract,Domestic,354,49996.74,17698845.96,264024.69,0,0,3233316.72,21196187.37,INR,1,Air,23-07-2025,24-07-2025,1,Approved,Delivered,17698845.96
PO000702,14-04-2026,S0064,P0276,WH002,CT00209,Domestic,371,79207.46,29385967.66,557988.4,0,0,5389912.09,35333868.15,INR,1,Rail,06-05-2026,07-05-2026,1,Approved,Delivered,29385967.66
PO000703,21-07-2025,S0031,P0075,WH001,CT00040,Domestic,107,22741.06,2433293.42,44939.76,0,0,446081.97,2924315.15,INR,1,Road,11-08-2025,12-08-2025,1,Approved,Partially Delivered,2433293.42
PO000704,11-06-2026,S0114,P0144,WH001,No Contract,Domestic,711,46168.68,32825931.48,488383.33,0,0,5996576.67,39310891.48,INR,1,Air,06-07-2026,06-07-2026,0,Approved,Delivered,32825931.48
PO000705,23-07-2025,S0094,P0123,WH003,CT00498,Domestic,128,44436.55,5687878.4,106586.64,0,0,1043003.71,6837468.75,INR,1,Road,26-08-2025,26-08-2025,0,Approved,Delivered,5687878.4
PO000706,01-05-2025,S0118,P0244,WH004,CT00179,Domestic,831,15186.49,12619973.19,251506.29,0,0,2316866.31,15188345.79,INR,1,Road,03-06-2025,03-06-2025,0,Approved,Cancelled,12619973.19
PO000707,27-12-2025,S0097,P0106,WH003,CT00004,Domestic,218,18586.57,4051872.26,67937.35,0,0,741565.73,4861375.34,INR,1,Rail,17-01-2026,19-01-2026,2,Approved,Partially Delivered,4051872.26
PO000708,09-11-2025,S0043,P0109,WH004,No Contract,Domestic,427,63616.18,27164108.86,501675.07,0,0,4979841.11,32645625.04,INR,1,Road,24-11-2025,27-11-2025,3,Pending,Delivered,27164108.86
PO000709,25-04-2026,S0045,P0096,WH004,CT00282,Domestic,326,38837.6,12661057.6,126064.04,0,0,2301681.9,15088803.54,INR,1,Rail,04-05-2026,06-05-2026,2,Approved,Partially Delivered,12661057.6
PO000710,12-02-2025,S0093,P0044,WH004,CT00394,Domestic,697,56790.02,39582643.94,475294.72,0,0,7210428.96,47268367.62,INR,1,Rail,23-02-2025,28-02-2025,5,Approved,Delivered,39582643.94
PO000711,04-07-2025,S0037,P0272,WH004,CT00037,Domestic,992,75020.91,74420742.72,387595.74,0,0,13465500.92,88273839.38,INR,1,Air,10-08-2025,10-08-2025,0,Approved,Delivered,74420742.72
PO000712,14-01-2025,S0018,P0114,WH002,CT00290,Domestic,933,66249.79,61811054.07,612948.46,0,0,11236320.46,73660322.99,INR,1,Air,31-01-2025,12-02-2025,12,Approved,Delivered,61811054.07
PO000713,16-03-2025,S0005,P0272,WH003,CT00114,Domestic,328,65799.72,21582308.16,221506.77,0,0,3924686.69,25728501.62,INR,1,Rail,22-03-2025,23-03-2025,1,Approved,Cancelled,21582308.16
PO000714,12-07-2025,S0116,P0083,WH001,CT00392,Domestic,742,53656.58,39813182.36,729966.95,0,0,7297766.88,47840916.19,INR,1,Road,13-08-2025,13-08-2025,0,Approved,Partially Delivered,39813182.36
PO000715,10-04-2026,S0033,P0264,WH002,CT00001,Domestic,113,13499.62,1525457.06,25684.14,0,0,279205.42,1830346.62,INR,1,Air,22-04-2026,23-04-2026,1,Approved,Cancelled,1525457.06
PO000716,12-01-2025,S0025,P0075,WH001,CT00271,Domestic,507,21433.38,10866723.66,57453.98,0,0,1966351.98,12890529.62,INR,1,Air,15-02-2025,17-02-2025,2,Approved,Delivered,10866723.66
PO000717,11-06-2026,S0016,P0081,WH001,CT00175,Domestic,805,30850.82,24834910.1,421645.24,0,0,4546179.96,29802735.3,INR,1,Rail,12-07-2026,12-07-2026,0,Pending,Delivered,24834910.1
PO000718,01-05-2025,S0047,P0125,WH001,CT00111,Domestic,361,11241.06,4058022.66,61327.71,0,0,741483.07,4860833.44,INR,1,Rail,06-06-2025,14-06-2025,8,Approved,Partially Delivered,4058022.66
PO000719,19-05-2026,S0003,P0046,WH004,CT00311,Domestic,217,39886.97,8655472.49,73274.53,0,0,1571174.46,10299921.48,INR,1,Air,29-05-2026,29-05-2026,0,Pending,Delivered,8655472.49
PO000720,14-05-2025,S0014,P0089,WH003,CT00427,Domestic,922,30992.97,28575518.34,235010.61,0,0,5185895.21,33996424.16,INR,1,Air,26-05-2025,26-05-2025,0,Pending,Delivered,28575518.34
PO000721,10-05-2026,S0034,P0027,WH002,No Contract,Domestic,689,65654.24,45235771.36,229161.07,0,0,8183687.84,53648620.27,INR,1,Rail,09-06-2026,11-06-2026,2,Pending,Cancelled,45235771.36
PO000722,26-06-2026,S0077,P0148,WH004,CT00198,Domestic,658,53910.51,35473115.58,689979.36,0,0,6509357.09,42672452.03,INR,1,Road,17-07-2026,17-07-2026,0,Approved,Delivered,35473115.58
PO000723,15-02-2026,S0041,P0285,WH003,CT00197,Domestic,827,67132.46,55518544.42,395601.66,0,0,10064546.29,65978692.37,INR,1,Road,26-02-2026,26-02-2026,0,Pending,Partially Delivered,55518544.42
PO000724,20-06-2026,S0119,P0170,WH001,CT00530,Domestic,781,71208.47,55613815.07,821855.37,0,0,10158420.68,66594091.12,INR,1,Rail,27-06-2026,28-06-2026,1,Approved,Delivered,55613815.07
PO000725,10-07-2026,S0027,P0093,WH004,CT00500,Domestic,903,44159.03,39875604.09,436272.64,0,0,7256137.81,47568014.54,INR,1,Rail,25-07-2026,28-07-2026,3,Approved,Delivered,39875604.09
PO000726,14-02-2025,S0067,P0198,WH001,CT00529,Domestic,524,76611.58,40144467.92,205054.76,0,0,7262914.08,47612436.76,INR,1,Air,21-02-2025,21-02-2025,0,Approved,Delivered,40144467.92
PO000727,20-04-2025,S0070,P0156,WH003,CT00573,Domestic,172,65450.31,11257453.32,79408.47,0,0,2040635.12,13377496.91,INR,1,Air,23-05-2025,23-05-2025,0,Approved,Partially Delivered,11257453.32
PO000728,03-06-2026,S0020,P0264,WH003,CT00088,Domestic,476,13608.02,6477417.52,55171.46,0,0,1175866.02,7708455,INR,1,Air,29-06-2026,01-07-2026,2,Approved,Delivered,6477417.52
PO000729,22-06-2026,S0124,P0289,WH004,CT00083,Domestic,606,39344.62,23842839.72,253925.22,0,0,4337417.69,28434182.63,INR,1,Rail,19-07-2026,27-07-2026,8,Approved,Delivered,23842839.72
PO000730,13-01-2025,S0007,P0036,WH004,CT00103,Domestic,430,90110.23,38747398.9,221488.94,0,0,7014399.81,45983287.65,INR,1,Road,05-02-2025,05-02-2025,0,Pending,Delivered,38747398.9
PO000731,10-09-2025,S0010,P0242,WH004,No Contract,Domestic,671,12507.06,8392237.26,80009.08,0,0,1525004.34,9997250.68,INR,1,Rail,04-10-2025,16-10-2025,12,Approved,Cancelled,8392237.26
PO000732,09-04-2025,S0072,P0298,WH003,CT00187,Domestic,697,13840.09,9646542.73,60733.64,0,0,1747309.75,11454586.12,INR,1,Rail,05-05-2025,06-05-2025,1,Approved,Delivered,9646542.73
PO000733,24-05-2026,S0008,P0264,WH004,CT00510,Domestic,135,14964.25,2020173.75,27483.92,0,0,368578.38,2416236.05,INR,1,Air,07-06-2026,10-06-2026,3,Approved,Delivered,2020173.75
PO000734,13-01-2025,S0010,P0013,WH001,No Contract,Domestic,475,15223.88,7231343,52602.76,0,0,1311110.24,8595056,INR,1,Rail,06-02-2025,07-02-2025,1,Approved,Partially Delivered,7231343
PO000735,01-04-2026,S0031,P0106,WH003,CT00040,Domestic,810,17295.2,14009112,114602.78,0,0,2542268.66,16665983.44,INR,1,Rail,24-04-2026,26-04-2026,2,Approved,Delivered,14009112
PO000736,10-01-2026,S0125,P0054,WH001,CT00044,Domestic,687,47256.24,32465036.88,544210.08,0,0,5941664.45,38950911.41,INR,1,Air,05-02-2026,07-02-2026,2,Approved,Cancelled,32465036.88
PO000737,28-02-2025,S0091,P0125,WH002,CT00355,Domestic,880,11413.63,10043994.4,138032.73,0,0,1832764.88,12014792.01,INR,1,Air,17-03-2025,17-03-2025,0,Approved,Delivered,10043994.4
PO000738,18-05-2026,S0004,P0291,WH003,CT00152,Domestic,526,75448.8,39686068.8,778924.12,0,0,7283698.73,47748691.65,INR,1,Road,02-06-2026,02-06-2026,0,Approved,Delivered,39686068.8
PO000739,15-12-2025,S0112,P0201,WH003,CT00014,Domestic,782,77962.04,60966315.28,1107797.3,0,0,11173340.26,73247452.84,INR,1,Rail,12-01-2026,17-01-2026,5,Approved,Partially Delivered,60966315.28
PO000740,02-04-2026,S0124,P0258,WH002,CT00083,Domestic,371,28906.65,10724367.15,173452.06,0,0,1961607.46,12859426.67,INR,1,Rail,27-04-2026,29-04-2026,2,Pending,Delivered,10724367.15
PO000741,07-04-2025,S0052,P0258,WH001,CT00593,Domestic,42,26127.63,1097360.46,10599.38,0,0,199432.77,1307392.61,INR,1,Road,02-05-2025,05-05-2025,3,Approved,Cancelled,1097360.46
PO000742,27-04-2025,S0008,P0127,WH004,CT00589,Domestic,437,66229.54,28942308.98,256061.19,0,0,5255706.63,34454076.8,INR,1,Rail,06-05-2025,07-05-2025,1,Pending,Cancelled,28942308.98
PO000743,16-06-2026,S0002,P0189,WH002,CT00547,Domestic,728,47546.41,34613786.48,474899.19,0,0,6315963.42,41404649.09,INR,1,Air,02-07-2026,07-07-2026,5,Approved,Cancelled,34613786.48
PO000744,26-03-2026,S0001,P0273,WH003,CT00328,Domestic,329,73237.14,24095019.06,259721.15,0,0,4383853.24,28738593.45,INR,1,Rail,08-04-2026,08-04-2026,0,Approved,Cancelled,24095019.06
PO000745,14-01-2025,S0001,P0226,WH001,CT00543,Domestic,316,10683.35,3375938.6,35235.89,0,0,614011.41,4025185.9,INR,1,Rail,26-01-2025,27-01-2025,1,Approved,Delivered,3375938.6
PO000746,08-04-2025,S0052,P0126,WH001,CT00138,Domestic,566,62497.32,35373483.12,418251.71,0,0,6442512.27,42234247.1,INR,1,Rail,01-05-2025,04-05-2025,3,Approved,Partially Delivered,35373483.12
PO000747,18-08-2025,S0033,P0190,WH002,CT00130,Domestic,553,68932.03,38119412.59,681609.76,0,0,6984184.02,45785206.37,INR,1,Rail,30-08-2025,31-08-2025,1,Approved,Delivered,38119412.59
PO000748,22-05-2026,S0024,P0193,WH003,CT00387,Domestic,347,26254.43,9110287.21,46682.4,0,0,1648254.53,10805224.14,INR,1,Rail,15-06-2026,17-06-2026,2,Approved,Cancelled,9110287.21
PO000749,15-02-2025,S0096,P0167,WH001,CT00511,Domestic,27,16349.91,441447.57,3312.26,0,0,80056.77,524816.6,INR,1,Road,22-03-2025,22-03-2025,0,Pending,Cancelled,441447.57
PO000750,15-09-2025,S0008,P0019,WH003,CT00510,Domestic,289,47222.17,13647207.13,127198.66,0,0,2479393.04,16253798.83,INR,1,Air,01-10-2025,02-10-2025,1,Pending,Delivered,13647207.13
PO000751,28-09-2025,S0091,P0202,WH002,CT00355,Domestic,923,33778.83,31177860.09,288118.3,0,0,5663876.11,37129854.5,INR,1,Road,22-10-2025,27-10-2025,5,Approved,Delivered,31177860.09
PO000752,09-12-2025,S0053,P0237,WH001,CT00048,Domestic,330,25971.35,8570545.5,160885.48,0,0,1571657.58,10303088.56,INR,1,Road,18-12-2025,21-12-2025,3,Pending,Delivered,8570545.5
PO000753,26-01-2025,S0068,P0023,WH001,CT00276,Domestic,135,19370.39,2615002.65,27626.64,0,0,475673.27,3118302.56,INR,1,Rail,15-02-2025,15-02-2025,0,Approved,Cancelled,2615002.65
PO000754,05-05-2026,S0059,P0221,WH002,CT00600,Domestic,644,51926.62,33440743.28,222345.99,0,0,6059356.07,39722445.34,INR,1,Rail,31-05-2026,31-05-2026,0,Approved,Partially Delivered,33440743.28
PO000755,17-07-2025,S0123,P0094,WH003,CT00310,Domestic,78,28485.01,2221830.78,21034,0,0,403715.66,2646580.44,INR,1,Air,20-08-2025,20-08-2025,0,Approved,Partially Delivered,2221830.78
PO000756,16-04-2025,S0084,P0050,WH001,CT00247,Domestic,632,39851.42,25186097.44,472468.94,0,0,4618541.95,30277108.33,INR,1,Air,12-05-2025,13-05-2025,1,Approved,Cancelled,25186097.44
PO000757,11-02-2025,S0028,P0290,WH003,CT00422,Domestic,262,70773.84,18542746.08,202875.85,0,0,3374211.95,22119833.88,INR,1,Rail,25-02-2025,26-02-2025,1,Approved,Delivered,18542746.08
PO000758,26-04-2026,S0012,P0201,WH004,CT00320,Domestic,783,75254.69,58924422.27,1084998.58,0,0,10801695.75,70811116.6,INR,1,Air,27-05-2026,30-05-2026,3,Approved,Delivered,58924422.27
PO000759,22-04-2026,S0019,P0282,WH004,CT00551,Domestic,864,39755.81,34349019.84,540706.44,0,0,6280150.73,41169877.01,INR,1,Road,21-05-2026,26-05-2026,5,Approved,Cancelled,34349019.84
PO000760,20-12-2025,S0096,P0209,WH002,CT00389,Domestic,970,79151.08,76776547.6,448145.41,0,0,13900444.74,91125137.75,INR,1,Road,22-01-2026,23-01-2026,1,Approved,Cancelled,76776547.6
PO000761,29-06-2026,S0072,P0145,WH002,CT00187,Domestic,220,63288.37,13923441.4,249472.02,0,0,2551124.42,16724037.84,INR,1,Road,25-07-2026,25-07-2026,0,Approved,Delivered,13923441.4
PO000762,28-08-2025,S0044,P0269,WH001,CT00046,Domestic,963,78222.2,75327978.6,770567.37,0,0,13697738.27,89796284.24,INR,1,Air,19-09-2025,19-09-2025,0,Approved,Partially Delivered,75327978.6
PO000763,06-11-2025,S0107,P0112,WH002,CT00147,Domestic,344,23436.01,8061987.44,47409.41,0,0,1459691.43,9569088.28,INR,1,Rail,02-12-2025,02-12-2025,0,Approved,Delivered,8061987.44
PO000764,16-02-2026,S0122,P0006,WH002,CT00308,Domestic,399,73437.87,29301710.13,539963.6,0,0,5371501.27,35213175,INR,1,Rail,27-02-2026,07-03-2026,8,Pending,Delivered,29301710.13
PO000765,07-05-2025,S0105,P0265,WH004,CT00520,Domestic,907,27385.02,24838213.14,198182.76,0,0,4506551.26,29542947.16,INR,1,Road,19-05-2025,21-05-2025,2,Approved,Delivered,24838213.14
PO000766,22-04-2026,S0125,P0115,WH003,CT00399,Domestic,96,29830.41,2863719.36,35861.8,0,0,521924.61,3421505.77,INR,1,Air,25-05-2026,26-05-2026,1,Approved,Delivered,2863719.36
PO000767,23-01-2025,S0040,P0135,WH001,CT00239,Domestic,427,71877.76,30691803.52,529678.28,0,0,5619866.72,36841348.52,INR,1,Road,28-01-2025,02-02-2025,5,Approved,Delivered,30691803.52
PO000768,12-11-2025,S0017,P0179,WH003,No Contract,Domestic,933,7060.49,6587437.17,94421.82,0,0,1202734.62,7884593.61,INR,1,Road,16-12-2025,16-12-2025,0,Approved,Delivered,6587437.17
PO000769,17-01-2025,S0044,P0213,WH004,CT00513,Domestic,784,57927.41,45415089.44,624500.49,0,0,8287126.19,54326716.12,INR,1,Road,30-01-2025,02-02-2025,3,Approved,Partially Delivered,45415089.44
PO000770,14-02-2025,S0055,P0035,WH003,CT00288,Domestic,213,50769.89,10813986.57,175060.34,0,0,1978028.44,12967075.35,INR,1,Air,06-03-2025,07-03-2025,1,Approved,Cancelled,10813986.57
PO000771,23-01-2025,S0056,P0150,WH003,CT00590,Domestic,439,72238.2,31712569.8,375895.74,0,0,5775923.8,37864389.34,INR,1,Road,28-02-2025,28-02-2025,0,Approved,Cancelled,31712569.8
PO000772,14-03-2026,S0016,P0195,WH003,CT00292,Domestic,186,51355.4,9552104.4,147527.18,0,0,1745933.68,11445565.26,INR,1,Road,21-04-2026,21-04-2026,0,Approved,Delivered,9552104.4
PO000773,12-12-2025,S0064,P0271,WH001,CT00553,Domestic,954,14804.59,14123578.86,131205.27,0,0,2565861.14,16820645.27,INR,1,Rail,09-01-2026,12-01-2026,3,Approved,Delivered,14123578.86
PO000774,24-02-2025,S0052,P0229,WH001,CT00593,Domestic,657,7211.59,4738014.63,71501.71,0,0,865712.94,5675229.28,INR,1,Air,27-03-2025,27-03-2025,0,Approved,Partially Delivered,4738014.63
PO000775,09-02-2025,S0050,P0120,WH004,CT00341,Domestic,539,72500.95,39078012.05,393314.83,0,0,7104838.84,46576165.72,INR,1,Air,17-02-2025,18-02-2025,1,Approved,Cancelled,39078012.05
PO000776,19-01-2026,S0060,P0081,WH001,CT00217,Domestic,896,29592.37,26514763.52,439239.24,0,0,4851720.5,31805723.26,INR,1,Air,07-02-2026,07-02-2026,0,Pending,Cancelled,26514763.52
PO000777,02-07-2026,S0025,P0263,WH001,CT00271,Domestic,995,80630.72,80227566.4,808917.19,0,0,14586567.05,95623050.64,INR,1,Air,30-07-2026,30-07-2026,0,Approved,Cancelled,80227566.4
PO000778,07-10-2025,S0106,P0089,WH003,CT00089,Domestic,377,30897.11,11648210.47,184833.31,0,0,2129947.88,13962991.66,INR,1,Air,20-10-2025,20-10-2025,0,Pending,Partially Delivered,11648210.47
PO000779,25-12-2025,S0064,P0012,WH001,CT00166,Domestic,625,87153.81,54471131.25,1018512.3,0,0,9988135.84,65477779.39,INR,1,Road,20-01-2026,21-01-2026,1,Approved,Cancelled,54471131.25
PO000780,17-03-2025,S0115,P0176,WH002,CT00298,Domestic,214,30635.31,6555956.34,128311.31,0,0,1203168.18,7887435.83,INR,1,Air,19-04-2025,19-04-2025,0,Approved,Delivered,6555956.34
PO000781,29-03-2026,S0083,P0233,WH004,CT00515,Domestic,902,40193.49,36254527.98,307856.26,0,0,6581229.16,43143613.4,INR,1,Road,19-04-2026,19-04-2026,0,Pending,Delivered,36254527.98
PO000782,09-05-2025,S0104,P0008,WH002,CT00102,Domestic,66,63621.19,4198998.54,53789.26,0,0,765501.8,5018289.6,INR,1,Rail,04-06-2025,04-06-2025,0,Pending,Cancelled,4198998.54
PO000783,21-01-2025,S0094,P0065,WH002,CT00379,Domestic,52,44682.61,2323495.72,25417.56,0,0,422804.39,2771717.67,INR,1,Road,23-02-2025,23-02-2025,0,Approved,Delivered,2323495.72
PO000784,05-01-2025,S0025,P0217,WH004,CT00271,Domestic,783,64144.14,50224861.62,473511.91,0,0,9125707.24,59824080.77,INR,1,Air,02-02-2025,04-02-2025,2,Pending,Delivered,50224861.62
PO000785,15-12-2025,S0013,P0217,WH004,CT00127,Domestic,735,64114.65,47124267.75,636537.77,0,0,8596944.99,56357750.51,INR,1,Rail,14-01-2026,14-01-2026,0,Pending,Delivered,47124267.75
PO000786,15-11-2025,S0073,P0144,WH001,CT00070,Domestic,691,44191.2,30536119.2,193214.26,0,0,5531280.02,36260613.48,INR,1,Rail,24-11-2025,24-11-2025,0,Approved,Delivered,30536119.2
PO000787,18-06-2025,S0107,P0274,WH003,CT00189,Domestic,472,77524.21,36591427.12,646646.67,0,0,6702853.28,43940927.07,INR,1,Rail,14-07-2025,15-07-2025,1,Approved,Delivered,36591427.12
PO000788,06-03-2025,S0115,P0149,WH003,CT00298,Domestic,705,47854.88,33737690.4,477797.42,0,0,6158787.81,40374275.63,INR,1,Road,29-03-2025,29-03-2025,0,Approved,Delivered,33737690.4
PO000789,14-02-2025,S0034,P0220,WH004,No Contract,Domestic,959,80847.31,77532570.29,1402024.47,0,0,14208227.06,93142821.82,INR,1,Road,13-03-2025,14-03-2025,1,Pending,Cancelled,77532570.29
PO000790,01-04-2026,S0068,P0050,WH001,CT00276,Domestic,451,41883.2,18889323.2,213966.2,0,0,3438592.09,22541881.49,INR,1,Road,27-04-2026,27-04-2026,0,Pending,Delivered,18889323.2
PO000791,23-04-2026,S0030,P0257,WH002,CT00521,Domestic,529,57251.94,30286276.26,274401.66,0,0,5500922.03,36061599.95,INR,1,Road,10-05-2026,11-05-2026,1,Approved,Delivered,30286276.26
PO000792,09-03-2025,S0019,P0002,WH002,CT00551,Domestic,890,80046.92,71241758.8,586600.87,0,0,12929104.74,84757464.41,INR,1,Road,06-04-2025,06-04-2025,0,Approved,Cancelled,71241758.8
PO000793,23-05-2026,S0028,P0284,WH004,CT00422,Domestic,840,38065.08,31974667.2,172448.44,0,0,5786480.82,37933596.46,INR,1,Air,28-05-2026,30-05-2026,2,Approved,Cancelled,31974667.2
PO000794,11-04-2026,S0079,P0149,WH003,CT00165,Domestic,248,44682.97,11081376.56,100492.63,0,0,2012736.45,13194605.64,INR,1,Road,08-05-2026,08-05-2026,0,Approved,Delivered,11081376.56
PO000795,22-02-2026,S0029,P0062,WH002,CT00180,Domestic,954,68220.5,65082357,568750.38,0,0,11817199.33,77468306.71,INR,1,Air,24-03-2026,26-03-2026,2,Approved,Delivered,65082357
PO000796,23-03-2026,S0105,P0149,WH001,CT00520,Domestic,596,48302.08,28788039.68,315746.52,0,0,5238681.52,34342467.72,INR,1,Rail,30-03-2026,31-03-2026,1,Pending,Partially Delivered,28788039.68
PO000797,01-02-2026,S0091,P0123,WH002,CT00355,Domestic,714,42753.96,30526327.44,405378.52,0,0,5567707.07,36499413.03,INR,1,Road,15-02-2026,16-02-2026,1,Approved,Delivered,30526327.44
PO000798,27-08-2025,S0122,P0055,WH003,CT00308,Domestic,19,29705.13,564397.47,4828.29,0,0,102460.64,671686.4,INR,1,Road,30-08-2025,31-08-2025,1,Approved,Partially Delivered,564397.47
PO000799,17-08-2025,S0092,P0190,WH003,CT00183,Domestic,17,60948.81,1036129.77,17001.98,0,0,189563.72,1242695.47,INR,1,Road,03-09-2025,03-09-2025,0,Pending,Cancelled,1036129.77
PO000800,18-05-2025,S0095,P0208,WH004,CT00439,Domestic,21,29159.62,612352.02,4626.52,0,0,111056.14,728034.68,INR,1,Rail,08-06-2025,10-06-2025,2,Pending,Delivered,612352.02
PO000801,29-09-2025,S0105,P0091,WH003,CT00520,Domestic,977,35955.27,35128298.79,341285.23,0,0,6384525.12,41854109.14,INR,1,Road,06-10-2025,08-10-2025,2,Approved,Delivered,35128298.79
PO000802,11-12-2025,S0086,P0072,WH004,CT00481,Domestic,818,7096.13,5804634.34,70248.44,0,0,1057478.9,6932361.68,INR,1,Road,02-01-2026,14-01-2026,12,Approved,Partially Delivered,5804634.34
PO000803,14-04-2025,S0079,P0254,WH002,CT00201,Domestic,849,78107.32,66313114.68,1095813.11,0,0,12133607,79542534.79,INR,1,Road,11-05-2025,11-05-2025,0,Approved,Delivered,66313114.68
PO000804,11-04-2026,S0083,P0253,WH001,CT00515,Domestic,754,78017.3,58825044.2,953004.21,0,0,10760048.71,70538097.12,INR,1,Rail,27-04-2026,29-04-2026,2,Approved,Delivered,58825044.2
PO000805,10-04-2025,S0101,P0230,WH003,CT00206,Domestic,508,57102.93,29008288.44,457003.05,0,0,5303752.47,34769043.96,INR,1,Air,18-04-2025,18-04-2025,0,Approved,Delivered,29008288.44
PO000806,06-03-2025,S0064,P0068,WH002,CT00209,Domestic,967,5047.02,4880468.34,56407.06,0,0,888637.57,5825512.97,INR,1,Road,26-03-2025,26-03-2025,0,Pending,Cancelled,4880468.34
PO000807,23-11-2025,S0057,P0215,WH001,CT00484,Domestic,232,35772.85,8299301.2,121353.32,0,0,1515717.81,9936372.33,INR,1,Rail,12-12-2025,12-12-2025,0,Approved,Partially Delivered,8299301.2
PO000808,13-09-2025,S0004,P0250,WH004,CT00152,Domestic,93,60968.71,5670090.03,89906.29,0,0,1036799.34,6796795.66,INR,1,Rail,02-10-2025,07-10-2025,5,Approved,Cancelled,5670090.03
PO000809,01-07-2025,S0047,P0141,WH002,CT00111,Domestic,540,26032.03,14057296.2,242382,0,0,2573942.08,16873620.28,INR,1,Road,29-07-2025,29-07-2025,0,Pending,Cancelled,14057296.2
PO000810,06-10-2025,S0002,P0219,WH001,CT00504,Domestic,988,86010.79,84978660.52,742073.75,0,0,15429732.17,101150466.4,INR,1,Rail,18-10-2025,19-10-2025,1,Approved,Partially Delivered,84978660.52
PO000811,18-04-2026,S0114,P0285,WH003,No Contract,Domestic,490,72930.44,35735915.6,422880.23,0,0,6508583.25,42667379.08,INR,1,Air,10-05-2026,10-05-2026,0,Pending,Cancelled,35735915.6
PO000812,22-02-2025,S0124,P0209,WH003,CT00371,Domestic,562,81596.85,45857429.7,913023.24,0,0,8418681.53,55189134.47,INR,1,Air,23-03-2025,26-03-2025,3,Approved,Delivered,45857429.7
PO000813,14-11-2025,S0048,P0092,WH003,CT00153,Domestic,937,18379.03,17221151.11,134953.9,0,0,3124098.9,20480203.91,INR,1,Rail,05-12-2025,05-12-2025,0,Approved,Partially Delivered,17221151.11
PO000814,12-01-2026,S0072,P0276,WH002,CT00527,Domestic,589,82063.13,48335183.57,944330.5,0,0,8870312.53,58149826.6,INR,1,Road,10-02-2026,10-02-2026,0,Approved,Delivered,48335183.57
PO000815,31-12-2025,S0088,P0049,WH001,CT00460,Domestic,426,27360.88,11655734.88,183667.9,0,0,2131092.5,13970495.28,INR,1,Rail,28-01-2026,28-01-2026,0,Approved,Cancelled,11655734.88
PO000816,27-05-2025,S0016,P0113,WH001,CT00292,Domestic,768,66261.51,50888839.68,924981.78,0,0,9326487.86,61140309.32,INR,1,Rail,27-06-2025,30-06-2025,3,Approved,Delivered,50888839.68
PO000817,15-03-2026,S0031,P0194,WH003,CT00040,Domestic,75,71704.35,5377826.25,79791.98,0,0,982371.28,6439989.51,INR,1,Rail,02-04-2026,02-04-2026,0,Approved,Cancelled,5377826.25
PO000818,06-11-2025,S0037,P0039,WH003,CT00037,Domestic,632,16178.44,10224774.08,138644.38,0,0,1865415.32,12228833.78,INR,1,Air,05-12-2025,06-12-2025,1,Approved,Delivered,10224774.08
PO000819,25-07-2025,S0082,P0204,WH003,CT00096,Domestic,501,66738.56,33436018.56,402805.24,0,0,6090988.28,39929812.08,INR,1,Road,01-08-2025,01-08-2025,0,Approved,Delivered,33436018.56
PO000820,09-07-2026,S0076,P0141,WH002,CT00326,Domestic,882,25013.62,22062012.84,415461.8,0,0,4045945.44,26523420.08,INR,1,Road,04-08-2026,05-08-2026,1,Pending,Partially Delivered,22062012.84
PO000821,03-06-2025,S0084,P0167,WH002,CT00247,Domestic,826,16588.04,13701721.04,252114.13,0,0,2511690.33,16465525.5,INR,1,Road,01-07-2025,03-07-2025,2,Approved,Cancelled,13701721.04
PO000822,19-12-2025,S0101,P0164,WH003,CT00206,Domestic,517,81774.02,42277168.34,344159.15,0,0,7671838.95,50293166.44,INR,1,Air,28-12-2025,05-01-2026,8,Pending,Delivered,42277168.34
PO000823,15-07-2025,S0049,P0047,WH003,No Contract,Domestic,670,75659.94,50692159.8,943254.73,0,0,9294374.62,60929789.15,INR,1,Road,28-07-2025,30-07-2025,2,Approved,Delivered,50692159.8
PO000824,23-05-2026,S0111,P0199,WH002,CT00019,Domestic,648,62989.83,40817409.84,212219.39,0,0,7385333.26,48414962.49,INR,1,Air,08-06-2026,11-06-2026,3,Approved,Partially Delivered,40817409.84
PO000825,07-07-2026,S0107,P0155,WH003,CT00189,Domestic,384,41693.51,16010307.84,109334.99,0,0,2901535.71,19021178.54,INR,1,Road,06-08-2026,06-08-2026,0,Approved,Partially Delivered,16010307.84
PO000826,24-02-2026,S0002,P0121,WH001,CT00547,Domestic,834,18000.43,15012358.62,300014.88,0,0,2756227.23,18068600.73,INR,1,Air,05-03-2026,08-03-2026,3,Approved,Partially Delivered,15012358.62
PO000827,17-04-2025,S0048,P0167,WH002,CT00252,Domestic,351,15670.37,5500299.87,90462.67,0,0,1006337.26,6597099.8,INR,1,Rail,07-05-2025,07-05-2025,0,Pending,Cancelled,5500299.87
PO000828,11-06-2026,S0096,P0203,WH002,CT00511,Domestic,950,22515.39,21389620.5,213004.1,0,0,3888472.43,25491097.03,INR,1,Air,14-07-2026,14-07-2026,0,Approved,Delivered,21389620.5
PO000829,21-02-2026,S0086,P0047,WH004,CT00481,Domestic,755,76430.03,57704672.65,713326.2,0,0,10515239.79,68933238.64,INR,1,Air,17-03-2026,17-03-2026,0,Approved,Cancelled,57704672.65
PO000830,01-04-2025,S0067,P0097,WH002,CT00595,Domestic,33,73902.52,2438783.16,42536.13,0,0,446637.47,2927956.76,INR,1,Rail,11-04-2025,14-04-2025,3,Pending,Delivered,2438783.16
PO000831,04-08-2026,S0064,P0080,WH004,CT00209,Domestic,421,40973,17249633,250403.53,0,0,3150006.58,20650043.11,INR,1,Road,26-08-2026,26-08-2026,0,Pending,Delivered,17249633
PO000832,18-11-2025,S0077,P0057,WH003,CT00383,Domestic,358,44666.12,15990470.96,123119.05,0,0,2900446.2,19014036.21,INR,1,Rail,10-12-2025,13-12-2025,3,Approved,Partially Delivered,15990470.96
PO000833,26-06-2025,S0103,P0239,WH002,CT00064,Domestic,199,49088.76,9768663.24,49436.35,0,0,1767257.93,11585357.52,INR,1,Air,24-07-2025,29-07-2025,5,Approved,Delivered,9768663.24
PO000834,12-05-2026,S0090,P0264,WH001,CT00155,Domestic,200,13458.14,2691628,49122.04,0,0,493335.01,3234085.05,INR,1,Rail,02-06-2026,05-06-2026,3,Approved,Cancelled,2691628
PO000835,01-01-2025,S0094,P0291,WH001,CT00164,Domestic,585,76463.24,44730995.4,376816.87,0,0,8119406.21,53227218.48,INR,1,Rail,29-01-2025,29-01-2025,0,Pending,Delivered,44730995.4
PO000836,30-06-2025,S0053,P0087,WH003,CT00577,Domestic,751,78271.75,58782084.25,503574.83,0,0,10671418.63,69957077.71,INR,1,Road,12-07-2025,24-07-2025,12,Approved,Delivered,58782084.25
PO000837,10-10-2025,S0027,P0294,WH003,CT00550,Domestic,107,50878.2,5443967.4,44812.59,0,0,987980.4,6476760.39,INR,1,Air,23-10-2025,24-10-2025,1,Approved,Delivered,5443967.4
PO000838,05-05-2025,S0118,P0268,WH001,CT00404,Domestic,958,20337.18,19483018.44,109736.2,0,0,3526695.84,23119450.48,INR,1,Air,02-06-2025,03-06-2025,1,Pending,Partially Delivered,19483018.44
PO000839,08-07-2026,S0004,P0130,WH002,CT00152,Domestic,17,29535.89,502110.13,6883.36,0,0,91618.83,600612.32,INR,1,Rail,20-07-2026,28-07-2026,8,Pending,Delivered,502110.13
PO000840,20-05-2026,S0093,P0189,WH002,CT00117,Domestic,416,51425.66,21393074.56,426946.12,0,0,3927603.72,25747624.4,INR,1,Air,04-06-2026,05-06-2026,1,Approved,Cancelled,21393074.56
PO000841,25-07-2026,S0102,P0079,WH002,CT00538,Domestic,937,52778.69,49453632.53,829669.2,0,0,9050994.31,59334296.04,INR,1,Road,26-08-2026,26-08-2026,0,Approved,Delivered,49453632.53
PO000842,06-04-2025,S0025,P0130,WH001,CT00271,Domestic,433,29384.04,12723289.32,75795.29,0,0,2303835.23,15102919.84,INR,1,Air,12-05-2025,12-05-2025,0,Pending,Delivered,12723289.32
PO000843,06-07-2026,S0048,P0141,WH001,CT00524,Domestic,597,23254.6,13882996.2,166134.95,0,0,2528843.61,16577974.76,INR,1,Road,21-07-2026,21-07-2026,0,Approved,Delivered,13882996.2
PO000844,29-01-2026,S0091,P0064,WH002,CT00200,Domestic,36,78959.77,2842551.72,24899.81,0,0,516141.28,3383592.81,INR,1,Road,21-02-2026,21-02-2026,0,Approved,Partially Delivered,2842551.72
PO000845,16-12-2025,S0082,P0019,WH004,CT00581,Domestic,80,42758.05,3420644,55596.79,0,0,625723.34,4101964.13,INR,1,Road,26-12-2025,31-12-2025,5,Approved,Partially Delivered,3420644
PO000846,15-02-2026,S0058,P0082,WH002,CT00021,Domestic,295,54824.64,16173268.8,162757.47,0,0,2940484.73,19276511,INR,1,Rail,23-03-2026,24-03-2026,1,Approved,Cancelled,16173268.8
PO000847,20-08-2025,S0061,P0248,WH002,CT00091,Domestic,896,83332.14,74665597.44,1173189.78,0,0,13650981.7,89489768.92,INR,1,Rail,31-08-2025,02-09-2025,2,Approved,Delivered,74665597.44
PO000848,27-07-2026,S0054,P0266,WH002,CT00143,Domestic,529,79516.91,42064445.39,259795.77,0,0,7618363.41,49942604.57,INR,1,Air,15-08-2026,23-08-2026,8,Approved,Cancelled,42064445.39
PO000849,26-05-2025,S0036,P0257,WH004,CT00241,Domestic,613,65086.89,39898263.57,363669.44,0,0,7247147.94,47509080.95,INR,1,Road,09-06-2025,11-06-2025,2,Pending,Cancelled,39898263.57
PO000850,07-07-2026,S0007,P0205,WH003,CT00233,Domestic,982,23887.76,23457780.32,127986.92,0,0,4245438.1,27831205.34,INR,1,Rail,05-08-2026,05-08-2026,0,Approved,Delivered,23457780.32
PO000851,29-05-2025,S0084,P0037,WH004,CT00450,Domestic,626,32364.29,20260045.54,238801.47,0,0,3689792.46,24188639.47,INR,1,Air,03-07-2025,04-07-2025,1,Pending,Cancelled,20260045.54
PO000852,21-09-2025,S0104,P0243,WH003,CT00102,Domestic,984,729.62,717946.08,12704.72,0,0,131517.14,862167.94,INR,1,Rail,15-10-2025,15-10-2025,0,Approved,Partially Delivered,717946.08
PO000853,10-08-2025,S0026,P0276,WH002,CT00140,Domestic,325,87704.61,28503998.25,200413.93,0,0,5166794.19,33871206.37,INR,1,Rail,04-09-2025,05-09-2025,1,Pending,Delivered,28503998.25
PO000854,04-03-2025,S0065,P0063,WH002,CT00587,Domestic,745,34634.27,25802531.15,168045.6,0,0,4674703.81,30645280.56,INR,1,Road,11-03-2025,11-03-2025,0,Approved,Delivered,25802531.15
PO000855,01-07-2025,S0022,P0139,WH002,CT00561,Domestic,335,66556.98,22296588.3,414965.56,0,0,4088079.69,26799633.55,INR,1,Rail,16-07-2025,16-07-2025,0,Pending,Partially Delivered,22296588.3
PO000856,11-04-2026,S0026,P0077,WH002,CT00109,Domestic,960,36192.38,34744684.8,612746.1,0,0,6364337.56,41721768.46,INR,1,Rail,28-04-2026,30-04-2026,2,Approved,Delivered,34744684.8
PO000857,02-07-2025,S0017,P0039,WH003,No Contract,Domestic,182,15470.19,2815574.58,14312.56,0,0,509379.69,3339266.83,INR,1,Air,28-07-2025,28-07-2025,0,Approved,Delivered,2815574.58
PO000858,21-04-2026,S0056,P0228,WH003,CT00590,Domestic,917,87113.15,79882758.55,982532.94,0,0,14555752.47,95421043.96,INR,1,Road,27-05-2026,29-05-2026,2,Approved,Delivered,79882758.55
PO000859,02-03-2026,S0028,P0175,WH004,CT00422,Domestic,351,6605.54,2318544.54,39915.58,0,0,424522.82,2782982.94,INR,1,Rail,14-03-2026,14-03-2026,0,Approved,Cancelled,2318544.54
PO000860,02-04-2026,S0064,P0167,WH001,CT00553,Domestic,266,17229.94,4583164.04,80966.9,0,0,839543.57,5503674.51,INR,1,Road,30-04-2026,30-04-2026,0,Approved,Delivered,4583164.04
PO000861,24-11-2025,S0114,P0126,WH002,No Contract,Domestic,850,60906.68,51770678,662617.67,0,0,9437993.22,61871288.89,INR,1,Rail,24-12-2025,24-12-2025,0,Approved,Partially Delivered,51770678
PO000862,09-06-2026,S0056,P0094,WH003,CT00590,Domestic,33,26652.56,879534.48,12988.75,0,0,160654.18,1053177.41,INR,1,Rail,14-07-2026,14-07-2026,0,Approved,Cancelled,879534.48
PO000863,24-09-2025,S0045,P0024,WH004,CT00282,Domestic,539,30557.76,16470632.64,285450.71,0,0,3016095,19772178.35,INR,1,Road,28-09-2025,29-09-2025,1,Approved,Cancelled,16470632.64
PO000864,03-10-2025,S0067,P0173,WH004,CT00419,Domestic,973,36584.4,35596621.2,300056.66,0,0,6461402.01,42358079.87,INR,1,Road,16-10-2025,28-10-2025,12,Approved,Delivered,35596621.2
PO000865,17-04-2025,S0007,P0094,WH003,CT00233,Domestic,791,23870.79,18881794.89,335806.61,0,0,3459168.27,22676769.77,INR,1,Rail,19-05-2025,19-05-2025,0,Approved,Partially Delivered,18881794.89
PO000866,03-08-2025,S0038,P0054,WH002,CT00203,Domestic,708,49622.43,35132680.44,380553.81,0,0,6392382.16,41905616.41,INR,1,Road,09-08-2025,09-08-2025,0,Approved,Partially Delivered,35132680.44
PO000867,16-08-2025,S0094,P0229,WH004,CT00164,Domestic,751,7073.54,5312228.54,64964.08,0,0,967894.67,6345087.29,INR,1,Road,13-09-2025,13-09-2025,0,Approved,Cancelled,5312228.54
PO000868,12-05-2025,S0034,P0059,WH003,No Contract,Domestic,704,60985.65,42933897.6,710696.85,0,0,7856027,51500621.45,INR,1,Road,11-06-2025,11-06-2025,0,Pending,Cancelled,42933897.6
PO000869,22-06-2025,S0058,P0228,WH002,CT00021,Domestic,642,84205.81,54060130.02,749710.41,0,0,9865771.28,64675611.71,INR,1,Rail,26-07-2025,26-07-2025,0,Pending,Partially Delivered,54060130.02
PO000870,20-06-2025,S0055,P0085,WH003,CT00495,Domestic,951,58164.17,55314125.67,1052408.49,0,0,10145976.15,66512510.31,INR,1,Road,06-07-2025,06-07-2025,0,Pending,Partially Delivered,55314125.67
PO000871,28-04-2025,S0010,P0014,WH002,No Contract,Domestic,512,21607.94,11063265.28,83614.57,0,0,2006438.37,13153318.22,INR,1,Road,21-05-2025,22-05-2025,1,Approved,Delivered,11063265.28
PO000872,17-06-2025,S0069,P0241,WH001,CT00502,Domestic,746,27422.15,20456923.9,153308.32,0,0,3709841.8,24320074.02,INR,1,Road,05-07-2025,07-07-2025,2,Approved,Delivered,20456923.9
PO000873,15-07-2025,S0009,P0028,WH004,CT00017,Domestic,612,14898.17,9117680.04,47307.35,0,0,1649697.73,10814685.12,INR,1,Air,29-07-2025,31-07-2025,2,Approved,Partially Delivered,9117680.04
PO000874,14-06-2026,S0016,P0155,WH001,CT00292,Domestic,103,49422.36,5090503.08,36638.18,0,0,922885.43,6050026.69,INR,1,Air,12-07-2026,12-07-2026,0,Approved,Delivered,5090503.08
PO000875,25-10-2025,S0016,P0070,WH003,CT00292,Domestic,256,68639.55,17571724.8,234879.41,0,0,3205188.76,21011792.97,INR,1,Rail,01-12-2025,02-12-2025,1,Approved,Delivered,17571724.8
PO000876,15-09-2025,S0102,P0207,WH004,CT00231,Domestic,52,32859.08,1708672.16,18029.27,0,0,310806.26,2037507.69,INR,1,Rail,19-10-2025,20-10-2025,1,Approved,Cancelled,1708672.16
PO000877,10-10-2025,S0044,P0052,WH001,CT00513,Domestic,691,17451.49,12058979.59,138520.8,0,0,2195550.07,14393050.46,INR,1,Air,03-11-2025,05-11-2025,2,Approved,Delivered,12058979.59
PO000878,26-10-2025,S0002,P0034,WH002,CT00504,Domestic,986,41681.08,41097544.88,808506.63,0,0,7543089.27,49449140.78,INR,1,Road,11-11-2025,16-11-2025,5,Approved,Delivered,41097544.88
PO000879,07-12-2025,S0123,P0120,WH003,CT00310,Domestic,644,76504.22,49268717.68,467415.48,0,0,8952503.97,58688637.13,INR,1,Road,09-01-2026,11-01-2026,2,Pending,Partially Delivered,49268717.68
PO000880,13-05-2025,S0081,P0246,WH004,CT00124,Domestic,257,76522.96,19666400.72,286101.69,0,0,3591450.43,23543952.84,INR,1,Rail,30-05-2025,01-06-2025,2,Approved,Delivered,19666400.72
PO000881,09-01-2026,S0102,P0281,WH003,CT00131,Domestic,767,62047.35,47590317.45,843695.75,0,0,8718122.38,57152135.58,INR,1,Rail,15-02-2026,18-02-2026,3,Approved,Cancelled,47590317.45
PO000882,10-05-2025,S0076,P0104,WH001,CT00326,Domestic,217,23182.42,5030585.14,55817.84,0,0,915552.54,6001955.52,INR,1,Road,01-06-2025,02-06-2025,1,Approved,Delivered,5030585.14
PO000883,08-08-2025,S0099,P0179,WH001,CT00324,Domestic,586,7980.32,4676467.52,82490.96,0,0,856612.53,5615571.01,INR,1,Rail,15-08-2025,15-08-2025,0,Approved,Partially Delivered,4676467.52
PO000884,04-02-2026,S0095,P0182,WH003,CT00439,Domestic,928,23483.95,21793105.6,311249,0,0,3978783.83,26083138.43,INR,1,Air,04-03-2026,05-03-2026,1,Approved,Cancelled,21793105.6
PO000885,17-12-2025,S0109,P0229,WH003,CT00400,Domestic,756,7424.29,5612763.24,96881.82,0,0,1027736.11,6737381.17,INR,1,Road,07-01-2026,10-01-2026,3,Approved,Delivered,5612763.24
PO000886,01-11-2025,S0007,P0163,WH004,CT00103,Domestic,792,56889.1,45056167.2,870982.01,0,0,8266886.86,54194036.07,INR,1,Air,25-11-2025,25-11-2025,0,Approved,Delivered,45056167.2
PO000887,01-12-2025,S0063,P0242,WH003,CT00149,Domestic,526,11202.12,5892315.12,62114.4,0,0,1071797.31,7026226.83,INR,1,Rail,16-12-2025,21-12-2025,5,Approved,Delivered,5892315.12
PO000888,04-08-2026,S0056,P0276,WH002,CT00590,Domestic,999,87757.62,87669862.38,1029108.22,0,0,15965814.71,104664785.3,INR,1,Air,09-09-2026,09-09-2026,0,Approved,Delivered,87669862.38
PO000889,01-02-2025,S0120,P0003,WH004,CT00574,Domestic,43,85790.41,3688987.63,31487.84,0,0,669685.58,4390161.05,INR,1,Road,07-03-2025,12-03-2025,5,Approved,Delivered,3688987.63
PO000890,09-09-2025,S0019,P0266,WH002,CT00551,Domestic,256,73824.51,18899074.56,278408.35,0,0,3451946.92,22629429.83,INR,1,Air,15-10-2025,15-10-2025,0,Approved,Cancelled,18899074.56
PO000891,20-05-2025,S0028,P0294,WH003,CT00422,Domestic,130,49794.43,6473275.9,42241.65,0,0,1172793.16,7688310.71,INR,1,Road,24-05-2025,01-06-2025,8,Approved,Partially Delivered,6473275.9
PO000892,01-04-2025,S0012,P0121,WH002,CT00445,Domestic,173,15905.72,2751689.56,33890.49,0,0,501404.41,3286984.46,INR,1,Air,25-04-2025,25-04-2025,0,Approved,Delivered,2751689.56
PO000893,17-12-2025,S0088,P0129,WH001,CT00129,Domestic,534,18827.61,10053943.74,110508.57,0,0,1829601.42,11994053.73,INR,1,Road,22-01-2026,22-01-2026,0,Pending,Cancelled,10053943.74
PO000894,24-01-2026,S0035,P0126,WH004,CT00477,Domestic,790,65989.75,52131902.5,510906.3,0,0,9475705.58,62118514.38,INR,1,Road,04-02-2026,05-02-2026,1,Approved,Delivered,52131902.5
PO000895,09-04-2026,S0011,P0176,WH003,CT00403,Domestic,259,32287.48,8362457.32,160702.94,0,0,1534168.85,10057329.11,INR,1,Air,08-05-2026,08-05-2026,0,Approved,Delivered,8362457.32
PO000896,19-03-2025,S0063,P0156,WH004,CT00005,Domestic,708,59897.77,42407621.16,506119.87,0,0,7724473.39,50638214.42,INR,1,Air,26-03-2025,26-03-2025,0,Pending,Cancelled,42407621.16
PO000897,22-04-2026,S0073,P0039,WH003,CT00070,Domestic,75,17648.26,1323619.5,10844.01,0,0,240203.43,1574666.94,INR,1,Rail,24-04-2026,24-04-2026,0,Approved,Delivered,1323619.5
PO000898,20-03-2025,S0009,P0015,WH003,CT00097,Domestic,725,70541.83,51142826.75,751042.35,0,0,9340896.44,61234765.54,INR,1,Air,01-04-2025,02-04-2025,1,Approved,Delivered,51142826.75
PO000899,20-03-2025,S0095,P0206,WH004,CT00472,Domestic,507,80511.35,40819254.45,275242.97,0,0,7397009.54,48491506.96,INR,1,Rail,14-04-2025,16-04-2025,2,Approved,Delivered,40819254.45
PO000900,15-10-2025,S0084,P0045,WH002,CT00247,Domestic,822,48503.69,39870033.18,656422.8,0,0,7294762.08,47821218.06,INR,1,Air,16-11-2025,16-11-2025,0,Approved,Cancelled,39870033.18
PO000901,27-05-2025,S0066,P0201,WH002,CT00492,Domestic,877,74060.99,64951488.23,1183436.97,0,0,11904286.54,78039211.74,INR,1,Rail,20-06-2025,21-06-2025,1,Pending,Partially Delivered,64951488.23
PO000902,14-04-2026,S0011,P0130,WH004,CT00599,Domestic,592,26579.22,15734898.24,279209.48,0,0,2882539.39,18896647.11,INR,1,Road,10-05-2026,10-05-2026,0,Pending,Cancelled,15734898.24
PO000903,02-06-2026,S0118,P0176,WH003,CT00404,Domestic,97,35051.09,3399955.73,33380.07,0,0,618000.44,4051336.24,INR,1,Rail,07-07-2026,10-07-2026,3,Approved,Partially Delivered,3399955.73
PO000904,29-07-2025,S0105,P0171,WH003,CT00520,Domestic,863,40592.01,35030904.63,698347.82,0,0,6431265.44,42160517.89,INR,1,Rail,02-08-2025,02-08-2025,0,Pending,Delivered,35030904.63
PO000905,09-05-2025,S0070,P0207,WH002,CT00552,Domestic,731,32297.53,23609494.43,416537.01,0,0,4324685.66,28350717.1,INR,1,Rail,06-06-2025,08-06-2025,2,Approved,Partially Delivered,23609494.43
PO000906,01-12-2025,S0033,P0282,WH001,CT00001,Domestic,476,40962.18,19497997.68,284035.49,0,0,3560765.97,23342799.14,INR,1,Rail,05-12-2025,05-12-2025,0,Approved,Delivered,19497997.68
PO000907,12-01-2025,S0004,P0243,WH003,CT00152,Domestic,465,871.11,405066.15,2032.59,0,0,73277.77,480376.51,INR,1,Road,28-01-2025,28-01-2025,0,Approved,Partially Delivered,405066.15
PO000908,21-04-2025,S0053,P0226,WH003,CT00048,Domestic,471,10241.26,4823633.46,86208.86,0,0,883771.62,5793613.94,INR,1,Road,03-05-2025,03-05-2025,0,Approved,Cancelled,4823633.46
PO000909,17-02-2025,S0120,P0043,WH004,CT00574,Domestic,460,20410.37,9388770.2,161754.03,0,0,1719094.36,11269618.59,INR,1,Road,14-03-2025,14-03-2025,0,Approved,Cancelled,9388770.2
PO000910,11-01-2025,S0083,P0135,WH002,CT00515,Domestic,84,67744.16,5690509.44,102179.89,0,0,1042684.08,6835373.41,INR,1,Road,29-01-2025,29-01-2025,0,Approved,Cancelled,5690509.44
PO000911,29-03-2026,S0124,P0246,WH002,CT00444,Domestic,616,73707.71,45403949.36,691489.19,0,0,8297178.94,54392617.49,INR,1,Air,19-04-2026,19-04-2026,0,Approved,Delivered,45403949.36
PO000912,23-01-2025,S0094,P0055,WH001,CT00379,Domestic,29,28906.57,838290.53,5303.73,0,0,151846.97,995441.23,INR,1,Road,28-02-2025,28-02-2025,0,Approved,Delivered,838290.53
PO000913,07-04-2026,S0034,P0054,WH001,No Contract,Domestic,257,41570.57,10683636.49,65875.18,0,0,1934912.1,12684423.77,INR,1,Road,03-05-2026,08-05-2026,5,Approved,Partially Delivered,10683636.49
PO000914,28-01-2025,S0092,P0291,WH001,CT00183,Domestic,294,79632.55,23411969.7,330620.97,0,0,4273666.32,28016256.99,INR,1,Rail,17-02-2025,18-02-2025,1,Approved,Cancelled,23411969.7
PO000915,23-04-2025,S0016,P0192,WH002,CT00292,Domestic,278,49523.42,13767510.76,223254.42,0,0,2518337.73,16509102.91,INR,1,Air,24-05-2025,26-05-2025,2,Pending,Delivered,13767510.76
PO000916,16-07-2026,S0033,P0180,WH004,CT00317,Domestic,264,34496.09,9106967.76,156474.68,0,0,1667419.64,10930862.08,INR,1,Air,27-07-2026,29-07-2026,2,Approved,Cancelled,9106967.76
PO000917,23-07-2026,S0120,P0178,WH004,CT00574,Domestic,145,21950.64,3182842.8,40188.41,0,0,580145.62,3803176.83,INR,1,Road,19-08-2026,19-08-2026,0,Pending,Delivered,3182842.8
PO000918,24-03-2025,S0119,P0274,WH004,CT00530,Domestic,925,90381.96,83603313,951032.44,0,0,15219782.18,99774127.62,INR,1,Road,30-03-2025,04-04-2025,5,Approved,Delivered,83603313
PO000919,10-12-2025,S0031,P0291,WH002,CT00052,Domestic,673,81014.68,54522879.64,1071273.29,0,0,10006947.53,65601100.46,INR,1,Road,30-12-2025,02-01-2026,3,Pending,Partially Delivered,54522879.64
PO000920,01-02-2026,S0041,P0282,WH001,CT00490,Domestic,732,39089.34,28613396.88,419374.21,0,0,5225898.8,34258669.89,INR,1,Road,13-02-2026,13-02-2026,0,Approved,Delivered,28613396.88
PO000921,08-04-2025,S0004,P0290,WH003,CT00152,Domestic,742,75498.62,56019976.04,330415.7,0,0,10143070.51,66493462.25,INR,1,Air,28-04-2025,01-05-2025,3,Pending,Cancelled,56019976.04
PO000922,27-06-2025,S0066,P0267,WH001,CT00492,Domestic,738,11109.59,8198877.42,67119.15,0,0,1487879.38,9753875.95,INR,1,Air,25-07-2025,25-07-2025,0,Pending,Cancelled,8198877.42
PO000923,09-10-2025,S0115,P0119,WH001,CT00298,Domestic,740,2268.59,1678756.6,26222.39,0,0,306896.22,2011875.21,INR,1,Air,31-10-2025,31-10-2025,0,Pending,Cancelled,1678756.6
PO000924,18-07-2025,S0082,P0047,WH004,CT00096,Domestic,439,75869.09,33306530.51,188248.66,0,0,6029060.25,39523839.42,INR,1,Rail,01-08-2025,02-08-2025,1,Approved,Delivered,33306530.51
PO000925,08-10-2025,S0100,P0268,WH003,CT00227,Domestic,194,20577.09,3991955.46,22795.11,0,0,722655.1,4737405.67,INR,1,Rail,13-11-2025,14-11-2025,1,Approved,Delivered,3991955.46
PO000926,04-06-2025,S0091,P0154,WH001,CT00200,Domestic,248,29283.39,7262280.72,125553.22,0,0,1329810.11,8717644.05,INR,1,Road,24-06-2025,26-06-2025,2,Approved,Delivered,7262280.72
PO000927,09-07-2026,S0085,P0151,WH003,No Contract,Domestic,410,6943.42,2846802.2,22279.95,0,0,516434.79,3385516.94,INR,1,Road,16-07-2026,17-07-2026,1,Approved,Delivered,2846802.2
PO000928,23-02-2026,S0095,P0187,WH002,CT00472,Domestic,229,36592.65,8379716.85,70039.71,0,0,1520956.18,9970712.74,INR,1,Road,17-03-2026,29-03-2026,12,Approved,Partially Delivered,8379716.85
PO000929,14-07-2025,S0114,P0288,WH002,No Contract,Domestic,552,31181.32,17212088.64,233025.32,0,0,3140120.51,20585234.47,INR,1,Rail,09-08-2025,09-08-2025,0,Approved,Delivered,17212088.64
PO000930,05-04-2025,S0016,P0190,WH003,CT00175,Domestic,862,68686.04,59207366.48,974423.21,0,0,10832722.14,71014511.83,INR,1,Road,09-05-2025,09-05-2025,0,Approved,Delivered,59207366.48
PO000931,08-03-2026,S0045,P0004,WH002,CT00282,Domestic,763,70933.52,54122275.76,443256.32,0,0,9821795.77,64387327.85,INR,1,Rail,15-03-2026,15-03-2026,0,Approved,Partially Delivered,54122275.76
PO000932,30-07-2026,S0026,P0077,WH003,CT00140,Domestic,951,32258.37,30677709.87,290311.08,0,0,5574243.77,36542264.72,INR,1,Rail,16-08-2026,16-08-2026,0,Approved,Delivered,30677709.87
PO000933,12-11-2025,S0063,P0253,WH003,CT00005,Domestic,552,77592.06,42830817.12,593610.93,0,0,7816397.05,51240825.1,INR,1,Rail,21-11-2025,23-11-2025,2,Pending,Partially Delivered,42830817.12
PO000934,04-02-2026,S0017,P0185,WH003,No Contract,Domestic,921,51101.31,47064306.51,435661.09,0,0,8549994.17,56049961.77,INR,1,Rail,11-03-2026,11-03-2026,0,Pending,Cancelled,47064306.51
PO000935,20-03-2025,S0093,P0156,WH004,CT00117,Domestic,36,62676.51,2256354.36,27765.32,0,0,411141.54,2695261.22,INR,1,Road,30-03-2025,30-03-2025,0,Approved,Delivered,2256354.36
PO000936,21-06-2025,S0048,P0186,WH002,CT00423,Domestic,280,65188.09,18252665.2,186748.29,0,0,3319094.43,21758507.92,INR,1,Road,07-07-2025,07-07-2025,0,Pending,Partially Delivered,18252665.2
PO000937,28-05-2026,S0094,P0034,WH001,CT00164,Domestic,42,41043.05,1723808.1,22029.2,0,0,314250.71,2060088.01,INR,1,Road,26-06-2026,28-06-2026,2,Approved,Partially Delivered,1723808.1
PO000938,27-02-2026,S0073,P0031,WH004,CT00070,Domestic,213,13342.63,2841980.19,27995.49,0,0,516595.62,3386571.3,INR,1,Road,09-03-2026,09-03-2026,0,Approved,Delivered,2841980.19
PO000939,20-03-2026,S0049,P0131,WH002,No Contract,Domestic,869,22877.75,19880764.75,391679.74,0,0,3649040.01,23921484.5,INR,1,Road,23-03-2026,24-03-2026,1,Approved,Partially Delivered,19880764.75
PO000940,05-07-2025,S0049,P0099,WH004,No Contract,Domestic,51,55241.08,2817295.08,44467.67,0,0,515117.3,3376880.05,INR,1,Air,09-07-2025,11-07-2025,2,Approved,Partially Delivered,2817295.08
PO000941,09-04-2026,S0124,P0241,WH003,CT00371,Domestic,302,25978.69,7845564.38,52690.31,0,0,1421685.84,9319940.53,INR,1,Road,02-05-2026,03-05-2026,1,Approved,Delivered,7845564.38
PO000942,16-01-2026,S0079,P0080,WH004,CT00201,Domestic,982,36499.31,35842322.42,592034.78,0,0,6558184.3,42992541.5,INR,1,Air,15-02-2026,15-02-2026,0,Approved,Delivered,35842322.42
PO000943,12-07-2026,S0103,P0143,WH003,CT00064,Domestic,181,82673.22,14963852.82,109516.2,0,0,2713206.42,17786575.44,INR,1,Road,08-08-2026,10-08-2026,2,Approved,Delivered,14963852.82
PO000944,27-05-2026,S0101,P0212,WH004,CT00206,Domestic,911,72692.96,66223286.56,999836.03,0,0,12100162.07,79323284.66,INR,1,Road,05-06-2026,05-06-2026,0,Approved,Delivered,66223286.56
PO000945,22-10-2025,S0108,P0130,WH001,CT00108,Domestic,304,26796.01,8145987.04,63929.81,0,0,1477785.03,9687701.88,INR,1,Road,23-11-2025,24-11-2025,1,Approved,Cancelled,8145987.04
PO000946,07-11-2025,S0083,P0146,WH003,CT00515,Domestic,835,66180.07,55260358.45,722718.2,0,0,10076953.8,66060030.45,INR,1,Road,20-11-2025,23-11-2025,3,Approved,Cancelled,55260358.45
PO000947,09-06-2025,S0073,P0281,WH002,CT00027,Domestic,926,51172.53,47385762.78,406325.16,0,0,8602575.83,56394663.77,INR,1,Rail,19-06-2025,19-06-2025,0,Approved,Delivered,47385762.78
PO000948,23-05-2025,S0060,P0257,WH004,CT00158,Domestic,787,55513.19,43688880.53,394884.58,0,0,7935077.72,52018842.83,INR,1,Road,09-06-2025,10-06-2025,1,Approved,Delivered,43688880.53
PO000949,11-01-2026,S0050,P0190,WH002,CT00341,Domestic,542,69920.29,37896797.18,375754.63,0,0,6889059.33,45161611.14,INR,1,Road,23-01-2026,23-01-2026,0,Approved,Cancelled,37896797.18
PO000950,18-04-2026,S0115,P0177,WH002,CT00298,Domestic,147,60787.59,8935775.73,154813.11,0,0,1636305.99,10726894.83,INR,1,Air,19-05-2026,19-05-2026,0,Approved,Partially Delivered,8935775.73
PO000951,11-02-2026,S0055,P0183,WH004,CT00288,Domestic,724,61482.85,44513583.4,380428.22,0,0,8080922.09,52974933.71,INR,1,Rail,06-03-2026,07-03-2026,1,Approved,Delivered,44513583.4
PO000952,13-02-2025,S0092,P0109,WH003,CT00183,Domestic,636,65188.9,41460140.4,277108.13,0,0,7512704.74,49249953.27,INR,1,Rail,23-02-2025,28-02-2025,5,Approved,Cancelled,41460140.4
PO000953,27-02-2026,S0074,P0033,WH001,CT00128,Domestic,87,45488.65,3957512.55,35973.15,0,0,718827.43,4712313.13,INR,1,Rail,10-03-2026,10-03-2026,0,Approved,Cancelled,3957512.55
PO000954,14-01-2025,S0096,P0019,WH001,CT00511,Domestic,374,46403.4,17354871.6,234990.31,0,0,3166175.14,20756037.05,INR,1,Rail,16-02-2025,19-02-2025,3,Approved,Cancelled,17354871.6
PO000955,04-01-2026,S0050,P0182,WH001,CT00398,Domestic,109,20633.03,2249000.27,33999.1,0,0,410939.89,2693939.26,INR,1,Air,23-01-2026,26-01-2026,3,Approved,Delivered,2249000.27
PO000956,17-01-2026,S0081,P0233,WH004,CT00124,Domestic,989,40302.65,39859320.85,295318.35,0,0,7227835.06,47382474.26,INR,1,Rail,27-01-2026,27-01-2026,0,Approved,Partially Delivered,39859320.85
PO000957,10-02-2025,S0091,P0233,WH004,CT00200,Domestic,769,34530.86,26554231.34,168120.11,0,0,4810023.26,31532374.71,INR,1,Road,04-03-2025,04-03-2025,0,Approved,Delivered,26554231.34
PO000958,29-09-2025,S0007,P0274,WH003,CT00103,Domestic,935,87083.35,81422932.25,1155137.56,0,0,14864052.57,97442122.38,INR,1,Rail,26-10-2025,27-10-2025,1,Pending,Delivered,81422932.25
PO000959,24-02-2026,S0059,P0015,WH003,CT00600,Domestic,427,77911.68,33268287.36,280315.1,0,0,6038748.44,39587350.9,INR,1,Air,21-03-2026,22-03-2026,1,Approved,Delivered,33268287.36
PO000960,06-09-2025,S0049,P0075,WH002,No Contract,Domestic,637,21771.31,13868324.47,111167.75,0,0,2516308.6,16495800.82,INR,1,Road,09-09-2025,09-09-2025,0,Approved,Delivered,13868324.47
PO000961,13-02-2025,S0124,P0019,WH002,CT00444,Domestic,359,49097.8,17626110.2,94604.12,0,0,3189728.58,20910442.9,INR,1,Air,05-03-2025,05-03-2025,0,Approved,Cancelled,17626110.2
PO000962,07-05-2026,S0096,P0249,WH002,CT00389,Domestic,548,11335.24,6211711.52,41219.05,0,0,1125527.5,7378458.07,INR,1,Rail,10-06-2026,18-06-2026,8,Approved,Delivered,6211711.52
PO000963,06-06-2025,S0052,P0219,WH001,CT00593,Domestic,95,86194.28,8188456.6,139085.18,0,0,1498957.52,9826499.3,INR,1,Road,27-06-2025,27-06-2025,0,Approved,Delivered,8188456.6
PO000964,18-01-2025,S0024,P0215,WH002,CT00387,Domestic,556,34723.09,19306038.04,315640.1,0,0,3531902.07,23153580.21,INR,1,Road,16-02-2025,17-02-2025,1,Approved,Delivered,19306038.04
PO000965,03-07-2025,S0098,P0195,WH004,CT00242,Domestic,259,59408.8,15386879.2,206952.13,0,0,2806889.64,18400720.97,INR,1,Road,16-07-2025,18-07-2025,2,Approved,Delivered,15386879.2
PO000966,17-02-2025,S0099,P0132,WH004,CT00324,Domestic,473,28119.26,13300409.98,257864.1,0,0,2440489.33,15998763.41,INR,1,Air,04-03-2025,09-03-2025,5,Approved,Delivered,13300409.98
PO000967,28-05-2026,S0100,P0093,WH001,CT00227,Domestic,471,46363.53,21837222.63,143916.44,0,0,3956605.03,25937744.1,INR,1,Air,02-07-2026,04-07-2026,2,Pending,Cancelled,21837222.63
PO000968,29-12-2025,S0070,P0243,WH002,CT00234,Domestic,169,852.3,144038.7,760.27,0,0,26063.81,170862.78,INR,1,Air,01-02-2026,04-02-2026,3,Approved,Cancelled,144038.7
PO000969,29-09-2025,S0060,P0075,WH002,CT00470,Domestic,935,24107.18,22540213.3,436236.27,0,0,4135760.92,27112210.49,INR,1,Rail,23-10-2025,31-10-2025,8,Approved,Partially Delivered,22540213.3
PO000970,07-08-2025,S0033,P0257,WH001,CT00001,Domestic,818,63567.31,51998059.58,489101.78,0,0,9447689.04,61934850.4,INR,1,Air,13-08-2025,13-08-2025,0,Approved,Delivered,51998059.58
PO000971,22-03-2026,S0036,P0104,WH004,CT00390,Domestic,705,23869.7,16828138.5,183915.03,0,0,3062169.64,20074223.17,INR,1,Air,07-04-2026,07-04-2026,0,Pending,Delivered,16828138.5
PO000972,07-08-2025,S0009,P0088,WH001,CT00473,Domestic,546,22862.97,12483181.62,80088.75,0,0,2261388.67,14824659.04,INR,1,Rail,24-08-2025,24-08-2025,0,Approved,Delivered,12483181.62
PO000973,15-01-2025,S0050,P0242,WH002,CT00341,Domestic,375,12058.14,4521802.5,67683.25,0,0,826107.44,5415593.19,INR,1,Air,26-01-2025,27-01-2025,1,Approved,Delivered,4521802.5
PO000974,27-09-2025,S0100,P0051,WH002,CT00227,Domestic,256,4966.72,1271480.32,19605.16,0,0,232395.39,1523480.87,INR,1,Air,28-10-2025,29-10-2025,1,Approved,Cancelled,1271480.32
PO000975,15-07-2026,S0098,P0112,WH003,CT00242,Domestic,509,21471.58,10929034.22,180291.07,0,0,1999678.55,13109003.84,INR,1,Rail,01-08-2026,03-08-2026,2,Approved,Cancelled,10929034.22
PO000976,27-04-2026,S0014,P0019,WH003,CT00112,Domestic,319,42980.83,13710884.77,139425.81,0,0,2493055.9,16343366.48,INR,1,Air,17-05-2026,22-05-2026,5,Approved,Cancelled,13710884.77
PO000977,29-12-2025,S0072,P0044,WH004,CT00527,Domestic,569,50758.35,28881501.15,271831.11,0,0,5247599.81,34400932.07,INR,1,Rail,20-01-2026,20-01-2026,0,Approved,Delivered,28881501.15
PO000978,17-08-2025,S0095,P0027,WH003,CT00472,Domestic,742,55579.27,41239818.34,644677.13,0,0,7539209.18,49423704.65,INR,1,Rail,07-09-2025,07-09-2025,0,Approved,Partially Delivered,41239818.34
PO000979,15-06-2026,S0022,P0122,WH001,CT00561,Domestic,341,52948.7,18055506.7,145649.01,0,0,3276208.03,21477363.74,INR,1,Air,24-06-2026,25-06-2026,1,Approved,Delivered,18055506.7
PO000980,17-05-2025,S0035,P0006,WH004,CT00477,Domestic,991,75640.75,74959983.25,465859.2,0,0,13576651.64,89002494.09,INR,1,Road,27-05-2025,04-06-2025,8,Pending,Delivered,74959983.25
PO000981,26-11-2025,S0096,P0235,WH002,CT00511,Domestic,467,51844.36,24211316.12,293075.12,0,0,4410790.42,28915181.66,INR,1,Road,24-12-2025,05-01-2026,12,Approved,Delivered,24211316.12
PO000982,31-01-2026,S0112,P0100,WH002,CT00014,Domestic,361,729.97,263519.17,2344.41,0,0,47855.44,313719.02,INR,1,Rail,23-02-2026,23-02-2026,0,Approved,Partially Delivered,263519.17
PO000983,08-08-2025,S0059,P0261,WH004,CT00600,Domestic,458,6992.8,3202702.4,29903.23,0,0,581869.01,3814474.64,INR,1,Air,11-09-2025,14-09-2025,3,Approved,Cancelled,3202702.4
PO000984,25-03-2026,S0062,P0052,WH002,No Contract,Domestic,656,17269.85,11329021.6,138696.76,0,0,2064189.3,13531907.66,INR,1,Road,30-03-2026,02-04-2026,3,Pending,Cancelled,11329021.6
PO000985,18-09-2025,S0068,P0095,WH001,CT00100,Domestic,290,26395.33,7654645.7,62015.26,0,0,1388998.97,9105659.93,INR,1,Air,06-10-2025,06-10-2025,0,Approved,Delivered,7654645.7
PO000986,22-02-2025,S0018,P0177,WH003,CT00031,Domestic,780,57663.49,44977522.2,453783,0,0,8177634.94,53608940.14,INR,1,Road,07-03-2025,07-03-2025,0,Pending,Partially Delivered,44977522.2
PO000987,29-10-2025,S0022,P0188,WH004,CT00443,Domestic,152,1990.57,302566.64,4249.56,0,0,55226.92,362043.12,INR,1,Road,17-11-2025,17-11-2025,0,Approved,Delivered,302566.64
PO000988,11-08-2025,S0025,P0282,WH002,CT00271,Domestic,479,40250.46,19279970.34,370294.63,0,0,3537047.69,23187312.66,INR,1,Road,12-09-2025,12-09-2025,0,Approved,Delivered,19279970.34
PO000989,10-06-2026,S0005,P0056,WH001,CT00370,Domestic,400,44454.33,17781732,327889.47,0,0,3259731.86,21369353.33,INR,1,Rail,18-06-2026,19-06-2026,1,Pending,Delivered,17781732
PO000990,29-03-2025,S0098,P0032,WH002,CT00279,Domestic,193,16002.1,3088405.3,45442.57,0,0,564092.62,3697940.49,INR,1,Road,08-04-2025,13-04-2025,5,Approved,Cancelled,3088405.3
PO000991,28-04-2026,S0109,P0114,WH001,CT00555,Domestic,714,67736.51,48363868.14,269346.09,0,0,8753978.56,57387192.79,INR,1,Air,21-05-2026,23-05-2026,2,Approved,Delivered,48363868.14
PO000992,01-01-2025,S0125,P0034,WH002,CT00399,Domestic,282,45091.26,12715735.32,178399.51,0,0,2320944.27,15215079.1,INR,1,Rail,07-02-2025,07-02-2025,0,Approved,Partially Delivered,12715735.32
PO000993,08-10-2025,S0051,P0206,WH001,CT00339,Domestic,915,85413.08,78152968.2,942404.25,0,0,14237167.04,93332539.49,INR,1,Rail,19-10-2025,19-10-2025,0,Approved,Delivered,78152968.2
PO000994,10-04-2026,S0078,P0290,WH001,CT00169,Domestic,119,78403.49,9330015.31,73656.15,0,0,1692660.86,11096332.32,INR,1,Road,09-05-2026,09-05-2026,0,Approved,Delivered,9330015.31
PO000995,07-02-2025,S0113,P0288,WH003,No Contract,Domestic,920,37609.27,34600528.4,404442.92,0,0,6300894.84,41305866.16,INR,1,Air,12-02-2025,12-02-2025,0,Pending,Partially Delivered,34600528.4
PO000996,28-06-2025,S0021,P0173,WH004,CT00214,Domestic,452,32984.87,14909161.24,106216.05,0,0,2702767.91,17718145.2,INR,1,Road,11-07-2025,11-07-2025,0,Approved,Delivered,14909161.24
PO000997,21-07-2025,S0085,P0173,WH004,No Contract,Domestic,644,36532.13,23526691.72,354815.93,0,0,4298671.38,28180179.03,INR,1,Rail,02-08-2025,02-08-2025,0,Approved,Delivered,23526691.72
PO000998,06-08-2025,S0071,P0170,WH001,CT00309,Domestic,506,66232.83,33513811.98,367993.24,0,0,6098724.94,39980530.16,INR,1,Road,03-09-2025,06-09-2025,3,Approved,Partially Delivered,33513811.98
PO000999,09-03-2025,S0025,P0298,WH001,CT00271,Domestic,464,14689.28,6815825.92,118709.02,0,0,1248216.29,8182751.23,INR,1,Air,10-04-2025,10-04-2025,0,Approved,Delivered,6815825.92
PO001000,05-08-2025,S0096,P0240,WH001,CT00511,Domestic,86,78799.79,6776781.94,37713.82,0,0,1226609.24,8041105,INR,1,Rail,12-09-2025,12-09-2025,0,Approved,Partially Delivered,6776781.94
PO001001,21-05-2025,S0115,P0005,WH002,CT00298,Domestic,828,35534.9,29422897.2,340519.97,0,0,5357415.09,35120832.26,INR,1,Rail,15-06-2025,16-06-2025,1,Approved,Cancelled,29422897.2
PO001002,30-01-2025,S0122,P0101,WH001,CT00221,Domestic,362,55219.91,19989607.42,337104.51,0,0,3658808.15,23985520.08,INR,1,Rail,13-02-2025,13-02-2025,0,Approved,Partially Delivered,19989607.42
PO001003,20-11-2025,S0051,P0029,WH004,CT00339,Domestic,866,56571.66,48991057.56,621829.29,0,0,8930319.63,58543206.48,INR,1,Air,28-11-2025,29-11-2025,1,Pending,Delivered,48991057.56
PO001004,10-02-2025,S0098,P0084,WH003,CT00479,Domestic,265,37109.28,9833959.2,64983.61,0,0,1781809.71,11680752.52,INR,1,Rail,21-02-2025,23-02-2025,2,Pending,Delivered,9833959.2
PO001005,07-06-2026,S0064,P0025,WH002,CT00209,Domestic,427,15291.04,6529274.08,42701.61,0,0,1182955.62,7754931.31,INR,1,Road,24-06-2026,24-06-2026,0,Approved,Partially Delivered,6529274.08
PO001006,09-04-2025,S0083,P0225,WH002,CT00515,Domestic,666,75656.26,50387069.16,730676.65,0,0,9201194.25,60318940.06,INR,1,Road,01-05-2025,01-05-2025,0,Approved,Cancelled,50387069.16
PO001007,31-12-2025,S0042,P0010,WH003,CT00012,Domestic,733,9752.78,7148787.74,48561.41,0,0,1295522.85,8492872,INR,1,Rail,30-01-2026,30-01-2026,0,Approved,Delivered,7148787.74
PO001008,10-03-2025,S0095,P0021,WH004,CT00472,Domestic,793,27374.89,21708287.77,340373.14,0,0,3968758.96,26017419.87,INR,1,Road,07-04-2025,07-04-2025,0,Pending,Delivered,21708287.77
PO001009,14-07-2025,S0124,P0119,WH003,CT00083,Domestic,776,2526.96,1960920.96,10550.37,0,0,354864.84,2326336.17,INR,1,Rail,08-08-2025,13-08-2025,5,Approved,Delivered,1960920.96
PO001010,18-03-2025,S0001,P0111,WH002,CT00543,Domestic,657,12892.39,8470300.23,136709.81,0,0,1549261.81,10156271.85,INR,1,Rail,27-03-2025,27-03-2025,0,Pending,Delivered,8470300.23
PO001011,24-06-2026,S0065,P0240,WH003,CT00367,Domestic,639,80377.12,51360979.68,578489,0,0,9349104.36,61288573.04,INR,1,Air,07-07-2026,08-07-2026,1,Approved,Delivered,51360979.68
PO001012,23-11-2025,S0070,P0027,WH004,CT00552,Domestic,789,58486.09,46145525.01,574714.86,0,0,8409643.18,55129883.05,INR,1,Rail,29-12-2025,31-12-2025,2,Pending,Delivered,46145525.01
PO001013,05-10-2025,S0025,P0217,WH002,CT00271,Domestic,50,61615.58,3080779,48235.08,0,0,563222.53,3692236.61,INR,1,Rail,01-11-2025,02-11-2025,1,Approved,Delivered,3080779
PO001014,12-05-2025,S0105,P0136,WH003,CT00520,Domestic,925,38630.63,35733332.75,698018.52,0,0,6557643.23,42988994.5,INR,1,Rail,20-05-2025,20-05-2025,0,Approved,Delivered,35733332.75
PO001015,13-07-2025,S0039,P0173,WH004,CT00003,Domestic,492,31425.33,15461262.36,205901.18,0,0,2820089.44,18487252.98,INR,1,Air,30-07-2025,01-08-2025,2,Approved,Cancelled,15461262.36
PO001016,23-01-2025,S0051,P0250,WH004,CT00339,Domestic,547,61373.23,33571156.81,506868.72,0,0,6134044.6,40212070.13,INR,1,Rail,05-02-2025,05-02-2025,0,Approved,Delivered,33571156.81
PO001017,25-01-2025,S0123,P0084,WH003,CT00162,Domestic,968,39700.3,38429890.4,673316.54,0,0,7038577.25,46141784.19,INR,1,Road,26-02-2025,26-02-2025,0,Approved,Partially Delivered,38429890.4
PO001018,30-04-2025,S0062,P0285,WH004,No Contract,Domestic,217,62918.75,13653368.75,159725.74,0,0,2486357.01,16299451.5,INR,1,Air,05-05-2025,05-05-2025,0,Approved,Delivered,13653368.75
PO001019,23-09-2025,S0024,P0279,WH003,CT00228,Domestic,496,70126.2,34782595.2,270035.4,0,0,6309473.51,41362104.11,INR,1,Rail,16-10-2025,16-10-2025,0,Approved,Delivered,34782595.2
PO001020,18-02-2026,S0110,P0044,WH004,CT00142,Domestic,61,56685.38,3457808.18,51510.11,0,0,631677.29,4140995.58,INR,1,Road,03-03-2026,03-03-2026,0,Pending,Partially Delivered,3457808.18
PO001021,14-04-2025,S0022,P0065,WH001,CT00035,Domestic,68,43186.84,2936705.12,54279.24,0,0,538377.18,3529361.54,INR,1,Rail,01-05-2025,04-05-2025,3,Approved,Delivered,2936705.12
PO001022,09-01-2026,S0026,P0205,WH001,CT00135,Domestic,392,26841.3,10521789.6,104255.64,0,0,1912688.14,12538733.38,INR,1,Air,02-02-2026,02-02-2026,0,Pending,Delivered,10521789.6
PO001023,11-09-2025,S0043,P0051,WH002,No Contract,Domestic,140,5708.09,799132.6,12656.58,0,0,146122.05,957911.23,INR,1,Rail,01-10-2025,01-10-2025,0,Approved,Partially Delivered,799132.6
PO001024,15-04-2025,S0042,P0195,WH004,CT00509,Domestic,794,51132.62,40599300.28,265528.21,0,0,7355669.13,48220497.62,INR,1,Road,17-05-2025,19-05-2025,2,Approved,Delivered,40599300.28
PO001025,30-03-2025,S0002,P0196,WH004,CT00547,Domestic,851,70882.1,60320667.1,422635.1,0,0,10933794.4,71677096.6,INR,1,Rail,17-04-2025,17-04-2025,0,Approved,Delivered,60320667.1
PO001026,07-10-2025,S0092,P0178,WH003,CT00183,Domestic,196,22307.84,4372336.64,71886.38,0,0,799960.14,5244183.16,INR,1,Air,23-10-2025,23-10-2025,0,Approved,Delivered,4372336.64
PO001027,21-08-2025,S0081,P0088,WH004,CT00124,Domestic,903,21284.46,19219867.38,203777.42,0,0,3496256.06,22919900.86,INR,1,Rail,31-08-2025,02-09-2025,2,Approved,Partially Delivered,19219867.38
PO001028,03-01-2026,S0096,P0019,WH003,CT00511,Domestic,897,44051.01,39513755.97,636843.07,0,0,7227107.83,47377706.87,INR,1,Rail,07-02-2026,12-02-2026,5,Approved,Delivered,39513755.97
PO001029,19-10-2025,S0022,P0111,WH001,CT00561,Domestic,723,14062.3,10167042.9,145295.82,0,0,1856220.97,12168559.69,INR,1,Air,04-11-2025,04-11-2025,0,Approved,Cancelled,10167042.9
PO001030,27-10-2025,S0016,P0081,WH003,CT00175,Domestic,775,31090.69,24095284.75,266640.83,0,0,4385146.6,28747072.18,INR,1,Road,27-11-2025,27-11-2025,0,Pending,Delivered,24095284.75
PO001031,29-10-2025,S0063,P0015,WH002,CT00417,Domestic,560,85699.37,47991647.2,624087.52,0,0,8750832.25,57366566.97,INR,1,Road,13-11-2025,13-11-2025,0,Pending,Delivered,47991647.2
PO001032,27-01-2025,S0057,P0265,WH003,CT00484,Domestic,386,27124.92,10470219.12,169091.25,0,0,1915075.87,12554386.24,INR,1,Road,17-02-2025,17-02-2025,0,Pending,Cancelled,10470219.12
PO001033,11-05-2026,S0107,P0139,WH004,CT00189,Domestic,124,64658.73,8017682.52,63525.54,0,0,1454617.45,9535825.51,INR,1,Air,09-06-2026,09-06-2026,0,Approved,Cancelled,8017682.52
PO001034,18-02-2025,S0029,P0240,WH004,CT00410,Domestic,431,80525.03,34706287.93,400225.11,0,0,6319172.35,41425685.39,INR,1,Rail,26-03-2025,26-03-2025,0,Approved,Delivered,34706287.93
PO001035,04-09-2025,S0083,P0062,WH003,CT00515,Domestic,71,66193.37,4699729.27,35151.79,0,0,852278.59,5587159.65,INR,1,Air,23-09-2025,26-09-2025,3,Approved,Delivered,4699729.27
PO001036,11-04-2026,S0018,P0030,WH002,CT00031,Domestic,948,83971.32,79604811.36,1122120.84,0,0,14530847.8,95257780,INR,1,Road,22-04-2026,24-04-2026,2,Approved,Cancelled,79604811.36
PO001037,09-05-2025,S0058,P0227,WH004,CT00021,Domestic,825,29335.34,24201655.5,462066.59,0,0,4439469.98,29103192.07,INR,1,Road,09-06-2025,21-06-2025,12,Approved,Partially Delivered,24201655.5
PO001038,19-07-2026,S0121,P0208,WH002,CT00095,Domestic,231,29919.81,6911476.11,124662.71,0,0,1266504.99,8302643.81,INR,1,Rail,03-08-2026,03-08-2026,0,Approved,Delivered,6911476.11
PO001039,10-10-2025,S0040,P0015,WH004,CT00312,Domestic,286,84204.59,24082512.74,162169.37,0,0,4364042.78,28608724.89,INR,1,Air,26-10-2025,03-11-2025,8,Pending,Delivered,24082512.74
PO001040,30-03-2026,S0051,P0228,WH003,CT00339,Domestic,304,77068.34,23428775.36,427393.96,0,0,4294110.48,28150279.8,INR,1,Air,12-04-2026,12-04-2026,0,Approved,Partially Delivered,23428775.36
PO001041,11-01-2025,S0055,P0056,WH004,CT00288,Domestic,385,43104.55,16595251.75,169273.6,0,0,3017614.56,19782139.91,INR,1,Rail,02-02-2025,05-02-2025,3,Approved,Delivered,16595251.75
PO001042,01-11-2025,S0066,P0052,WH004,CT00492,Domestic,638,19011.44,12129298.72,164560.11,0,0,2212894.59,14506753.42,INR,1,Rail,25-11-2025,27-11-2025,2,Approved,Delivered,12129298.72
PO001043,13-05-2026,S0003,P0031,WH002,CT00199,Domestic,336,12656.26,4252503.36,43221.55,0,0,773230.48,5068955.39,INR,1,Rail,21-05-2026,26-05-2026,5,Pending,Delivered,4252503.36
PO001044,14-10-2025,S0086,P0286,WH003,CT00481,Domestic,863,54612.18,47130311.34,498769.48,0,0,8573234.55,56202315.37,INR,1,Air,03-11-2025,03-11-2025,0,Approved,Cancelled,47130311.34
PO001045,10-03-2026,S0087,P0142,WH002,CT00081,Domestic,871,52181.33,45449938.43,488037.73,0,0,8268835.71,54206811.87,INR,1,Air,30-03-2026,30-03-2026,0,Approved,Partially Delivered,45449938.43
PO001046,11-03-2026,S0097,P0241,WH001,CT00004,Domestic,927,27076.15,25099591.05,394733.74,0,0,4588978.46,30083303.25,INR,1,Road,28-03-2026,28-03-2026,0,Approved,Delivered,25099591.05
PO001047,09-04-2026,S0098,P0156,WH002,CT00107,Domestic,72,66343.35,4776721.2,89945.25,0,0,875999.96,5742666.41,INR,1,Air,20-04-2026,20-04-2026,0,Approved,Partially Delivered,4776721.2
PO001048,27-02-2026,S0069,P0123,WH004,CT00502,Domestic,203,42017.95,8529643.85,149230.75,0,0,1562197.43,10241072.03,INR,1,Road,08-03-2026,13-03-2026,5,Pending,Delivered,8529643.85
PO001049,22-02-2025,S0118,P0203,WH004,CT00404,Domestic,430,22078.01,9493544.3,56174.41,0,0,1718949.37,11268668.08,INR,1,Air,28-03-2025,29-03-2025,1,Approved,Delivered,9493544.3
PO001050,03-11-2025,S0014,P0146,WH003,CT00427,Domestic,726,64145.87,46569901.62,862557.71,0,0,8537842.68,55970302.01,INR,1,Rail,17-11-2025,19-11-2025,2,Approved,Cancelled,46569901.62
PO001051,23-04-2026,S0034,P0083,WH004,No Contract,Domestic,192,59871.96,11495416.32,222817.23,0,0,2109282.04,13827515.59,INR,1,Air,21-05-2026,23-05-2026,2,Approved,Cancelled,11495416.32
PO001052,24-08-2025,S0017,P0140,WH002,No Contract,Domestic,92,68411.32,6293841.44,104811.64,0,0,1151757.55,7550410.63,INR,1,Air,29-09-2025,29-09-2025,0,Approved,Delivered,6293841.44
PO001053,05-03-2025,S0124,P0080,WH003,CT00371,Domestic,878,41584.5,36511191,544729.73,0,0,6670065.73,43725986.46,INR,1,Road,25-03-2025,02-04-2025,8,Approved,Partially Delivered,36511191
PO001054,18-03-2025,S0082,P0179,WH001,CT00096,Domestic,735,7496.4,5509854,91817.87,0,0,1008300.94,6609972.81,INR,1,Air,23-03-2025,24-03-2025,1,Approved,Partially Delivered,5509854
PO001055,06-04-2025,S0122,P0075,WH003,CT00261,Domestic,83,21534.9,1787396.7,34192.28,0,0,327886.02,2149475,INR,1,Air,09-04-2025,09-04-2025,0,Approved,Delivered,1787396.7
PO001056,08-01-2025,S0021,P0177,WH002,CT00415,Domestic,563,57631.12,32446320.56,583887.14,0,0,5945437.39,38975645.09,INR,1,Road,15-01-2025,16-01-2025,1,Approved,Delivered,32446320.56
PO001057,28-01-2025,S0124,P0266,WH002,CT00371,Domestic,44,74134.03,3261897.32,52200.82,0,0,596537.67,3910635.81,INR,1,Rail,16-02-2025,16-02-2025,0,Approved,Partially Delivered,3261897.32
PO001058,25-06-2025,S0032,P0249,WH003,CT00185,Domestic,243,11628.11,2825630.73,17388.47,0,0,511743.46,3354762.66,INR,1,Rail,01-07-2025,02-07-2025,1,Approved,Delivered,2825630.73
PO001059,19-07-2026,S0064,P0113,WH004,CT00166,Domestic,802,59156.25,47443312.5,804819.58,0,0,8684663.77,56932795.85,INR,1,Rail,08-08-2026,08-08-2026,0,Pending,Delivered,47443312.5
PO001060,18-03-2026,S0086,P0141,WH001,CT00481,Domestic,587,25152.61,14764582.07,140759.09,0,0,2682961.41,17588302.57,INR,1,Road,16-04-2026,16-04-2026,0,Pending,Cancelled,14764582.07
PO001061,10-07-2025,S0055,P0267,WH004,CT00578,Domestic,302,10356.94,3127795.88,23230.25,0,0,567184.7,3718210.83,INR,1,Air,02-08-2025,02-08-2025,0,Approved,Delivered,3127795.88
PO001062,21-11-2025,S0040,P0287,WH004,CT00239,Domestic,644,75607.92,48691500.48,919093.8,0,0,8929906.97,58540501.25,INR,1,Air,03-12-2025,03-12-2025,0,Pending,Cancelled,48691500.48
PO001063,15-10-2025,S0061,P0246,WH004,CT00091,Domestic,692,77521.49,53644871.08,1036322.53,0,0,9842614.85,64523808.46,INR,1,Road,01-11-2025,06-11-2025,5,Approved,Delivered,53644871.08
PO001064,25-06-2025,S0117,P0107,WH004,No Contract,Domestic,757,33934.76,25688613.32,209313.53,0,0,4661626.83,30559553.68,INR,1,Rail,25-07-2025,26-07-2025,1,Approved,Cancelled,25688613.32
PO001065,28-10-2025,S0098,P0136,WH002,CT00242,Domestic,263,36575.08,9619246.04,94046.63,0,0,1748392.68,11461685.35,INR,1,Rail,05-11-2025,07-11-2025,2,Approved,Delivered,9619246.04
PO001066,11-07-2026,S0101,P0166,WH002,CT00206,Domestic,825,18302.87,15099867.75,230466.37,0,0,2759460.14,18089794.26,INR,1,Rail,15-07-2026,16-07-2026,1,Approved,Delivered,15099867.75
PO001067,25-02-2025,S0051,P0244,WH003,CT00339,Domestic,301,15307.09,4607434.09,78450.97,0,0,843459.31,5529344.37,INR,1,Rail,10-03-2025,18-03-2025,8,Approved,Partially Delivered,4607434.09
PO001068,15-02-2026,S0118,P0040,WH003,CT00404,Domestic,766,40331.09,30893614.94,505477.46,0,0,5651836.63,37050929.03,INR,1,Rail,13-03-2026,14-03-2026,1,Pending,Partially Delivered,30893614.94
PO001069,06-03-2025,S0076,P0120,WH001,CT00326,Domestic,642,84308.97,54126358.74,733150.67,0,0,9874711.69,64734221.1,INR,1,Rail,04-04-2025,07-04-2025,3,Approved,Cancelled,54126358.74
PO001070,23-03-2025,S0032,P0122,WH004,CT00185,Domestic,746,52212.55,38950562.3,213053.68,0,0,7049450.88,46213066.86,INR,1,Road,05-04-2025,05-04-2025,0,Approved,Delivered,38950562.3
PO001071,18-09-2025,S0020,P0157,WH004,CT00159,Domestic,228,19682.21,4487543.88,86293.48,0,0,823290.72,5397128.08,INR,1,Rail,09-10-2025,10-10-2025,1,Approved,Delivered,4487543.88
PO001072,01-12-2025,S0049,P0265,WH001,No Contract,Domestic,426,29706.99,12655177.74,87807.99,0,0,2293737.43,15036723.16,INR,1,Road,15-12-2025,27-12-2025,12,Approved,Delivered,12655177.74
PO001073,05-04-2026,S0052,P0150,WH001,CT00350,Domestic,339,62516.72,21193168.08,156113.04,0,0,3842870.6,25192151.72,INR,1,Air,04-05-2026,04-05-2026,0,Approved,Partially Delivered,21193168.08
PO001074,04-03-2026,S0023,P0194,WH001,CT00325,Domestic,576,76520.24,44075658.24,853551.06,0,0,8087257.67,53016466.97,INR,1,Rail,15-03-2026,18-03-2026,3,Approved,Delivered,44075658.24
PO001075,01-02-2025,S0105,P0103,WH003,CT00520,Domestic,893,21908.3,19564111.9,317307.73,0,0,3578655.53,23460075.16,INR,1,Air,09-02-2025,09-02-2025,0,Approved,Delivered,19564111.9
PO001076,24-09-2025,S0021,P0115,WH003,CT00214,Domestic,276,29945.76,8265029.76,55682.33,0,0,1497728.18,9818440.27,INR,1,Rail,01-10-2025,01-10-2025,0,Approved,Cancelled,8265029.76
PO001077,17-09-2025,S0024,P0002,WH004,CT00228,Domestic,439,84540.4,37113235.6,361677.96,0,0,6745484.44,44220398,INR,1,Air,09-10-2025,09-10-2025,0,Approved,Cancelled,37113235.6
PO001078,06-09-2025,S0070,P0169,WH001,CT00123,Domestic,649,76144.8,49417975.2,844937.14,0,0,9047324.22,59310236.56,INR,1,Air,06-10-2025,07-10-2025,1,Approved,Delivered,49417975.2
PO001079,25-02-2026,S0052,P0101,WH002,CT00350,Domestic,101,51656.6,5217316.6,91258.55,0,0,955543.53,6264118.68,INR,1,Road,26-03-2026,07-04-2026,12,Approved,Partially Delivered,5217316.6
PO001080,18-04-2026,S0042,P0028,WH002,CT00509,Domestic,89,13067.61,1163017.29,13117.82,0,0,211704.32,1387839.43,INR,1,Rail,13-05-2026,13-05-2026,0,Approved,Partially Delivered,1163017.29
PO001081,23-02-2026,S0099,P0173,WH001,CT00324,Domestic,491,34207.84,16796049.44,231891.75,0,0,3065029.41,20092970.6,INR,1,Road,07-03-2026,09-03-2026,2,Approved,Partially Delivered,16796049.44
PO001082,13-05-2026,S0003,P0129,WH003,CT00199,Domestic,967,17264.57,16694839.19,200728.35,0,0,3041202.16,19936769.7,INR,1,Air,27-05-2026,30-05-2026,3,Approved,Delivered,16694839.19
PO001083,21-04-2026,S0003,P0193,WH003,CT00311,Domestic,456,28731.18,13101418.08,83714.91,0,0,2373323.94,15558456.93,INR,1,Air,02-05-2026,02-05-2026,0,Approved,Partially Delivered,13101418.08
PO001084,05-07-2025,S0068,P0237,WH004,CT00276,Domestic,479,27758.59,13296364.61,80097.77,0,0,2407763.23,15784225.61,INR,1,Road,27-07-2025,27-07-2025,0,Approved,Partially Delivered,13296364.61
PO001085,09-04-2026,S0032,P0199,WH003,CT00185,Domestic,438,60685.88,26580415.44,258367.46,0,0,4830980.92,31669763.82,INR,1,Rail,20-04-2026,20-04-2026,0,Approved,Cancelled,26580415.44
PO001086,12-02-2025,S0035,P0093,WH004,CT00494,Domestic,912,43949.8,40082217.6,336267.69,0,0,7275327.35,47693812.64,INR,1,Rail,22-02-2025,23-02-2025,1,Approved,Delivered,40082217.6
PO001087,11-04-2025,S0024,P0175,WH001,CT00387,Domestic,935,7724.57,7222472.95,52286.3,0,0,1309456.66,8584215.91,INR,1,Rail,13-05-2025,13-05-2025,0,Pending,Delivered,7222472.95
PO001088,12-01-2026,S0115,P0210,WH004,CT00298,Domestic,411,80984.28,33284539.08,652754.24,0,0,6108712.8,40046006.12,INR,1,Air,03-02-2026,03-02-2026,0,Approved,Cancelled,33284539.08
PO001089,22-02-2025,S0010,P0051,WH004,No Contract,Domestic,827,5819.13,4812420.51,79167.71,0,0,880485.88,5772074.1,INR,1,Rail,20-03-2025,22-03-2025,2,Approved,Delivered,4812420.51
PO001090,20-03-2026,S0029,P0197,WH002,CT00157,Domestic,348,26047.3,9064460.4,65895.04,0,0,1643463.98,10773819.42,INR,1,Rail,15-04-2026,15-04-2026,0,Pending,Delivered,9064460.4
PO001091,20-03-2025,S0095,P0238,WH001,CT00472,Domestic,891,50437.59,44939892.69,319708.88,0,0,8146728.28,53406329.85,INR,1,Road,12-04-2025,12-04-2025,0,Approved,Delivered,44939892.69
PO001092,27-07-2025,S0041,P0258,WH003,CT00197,Domestic,288,26481.14,7626568.32,60924.87,0,0,1383748.77,9071241.96,INR,1,Air,12-08-2025,12-08-2025,0,Pending,Delivered,7626568.32
PO001093,03-07-2025,S0042,P0031,WH004,CT00509,Domestic,193,14649.54,2827361.22,30289.84,0,0,514377.19,3372028.25,INR,1,Rail,30-07-2025,31-07-2025,1,Approved,Delivered,2827361.22
PO001094,05-06-2025,S0072,P0080,WH003,CT00527,Domestic,325,40167.11,13054310.75,199441.94,0,0,2385675.48,15639428.17,INR,1,Road,03-07-2025,03-07-2025,0,Pending,Cancelled,13054310.75
PO001095,24-08-2025,S0121,P0123,WH001,CT00095,Domestic,684,49551.01,33892890.84,391689.71,0,0,6171224.5,40455805.05,INR,1,Air,10-09-2025,13-09-2025,3,Approved,Delivered,33892890.84
PO001096,20-04-2026,S0083,P0065,WH001,CT00515,Domestic,772,45648.11,35240340.92,265749.62,0,0,6391096.3,41897186.84,INR,1,Air,13-05-2026,25-05-2026,12,Approved,Delivered,35240340.92
PO001097,05-04-2025,S0024,P0071,WH003,CT00387,Domestic,859,38252.92,32859258.28,637166.16,0,0,6029356.4,39525780.84,INR,1,Road,29-04-2025,29-04-2025,0,Approved,Partially Delivered,32859258.28
PO001098,09-04-2025,S0034,P0271,WH001,No Contract,Domestic,626,12803.2,8014803.2,44895.12,0,0,1450745.7,9510444.02,INR,1,Rail,05-05-2025,10-05-2025,5,Approved,Cancelled,8014803.2
PO001099,22-12-2025,S0121,P0105,WH002,CT00095,Domestic,599,11251.32,6739540.68,129584.21,0,0,1236442.48,8105567.37,INR,1,Rail,13-01-2026,21-01-2026,8,Approved,Delivered,6739540.68
PO001100,25-02-2026,S0007,P0239,WH003,CT00233,Domestic,876,47964.43,42016840.68,834133.51,0,0,7713175.35,50564149.54,INR,1,Road,27-03-2026,27-03-2026,0,Approved,Delivered,42016840.68
PO001101,05-04-2026,S0091,P0224,WH003,CT00213,Domestic,962,35041.09,33709528.58,533003.4,0,0,6163655.76,40406187.74,INR,1,Air,22-04-2026,25-04-2026,3,Approved,Partially Delivered,33709528.58
PO001102,08-12-2025,S0096,P0137,WH001,CT00565,Domestic,722,18127.27,13087888.94,255668.51,0,0,2401840.34,15745397.79,INR,1,Air,10-01-2026,12-01-2026,2,Pending,Delivered,13087888.94
PO001103,29-05-2025,S0084,P0295,WH003,CT00247,Domestic,468,69755.39,32645522.52,580852.79,0,0,5980747.56,39207122.87,INR,1,Air,24-06-2025,25-06-2025,1,Approved,Delivered,32645522.52
PO001104,11-06-2025,S0089,P0196,WH002,CT00177,Domestic,179,62899.22,11258960.38,138159.16,0,0,2051481.52,13448601.06,INR,1,Air,03-07-2025,03-07-2025,0,Pending,Delivered,11258960.38
PO001105,27-04-2026,S0007,P0213,WH003,CT00103,Domestic,950,64913.86,61668167,985373.82,0,0,11277637.35,73931178.17,INR,1,Road,29-05-2026,29-05-2026,0,Approved,Cancelled,61668167
PO001106,13-11-2025,S0105,P0133,WH004,CT00520,Domestic,331,64174.51,21241762.81,186295.34,0,0,3857050.47,25285108.62,INR,1,Rail,16-11-2025,16-11-2025,0,Pending,Cancelled,21241762.81
PO001107,28-06-2025,S0066,P0205,WH004,CT00492,Domestic,838,26150.4,21914035.2,257395.68,0,0,3990857.56,26162288.44,INR,1,Road,31-07-2025,02-08-2025,2,Approved,Cancelled,21914035.2
PO001108,17-05-2026,S0027,P0117,WH004,CT00284,Domestic,561,48527.94,27224174.34,196992.2,0,0,4935809.98,32356976.52,INR,1,Road,06-06-2026,07-06-2026,1,Pending,Delivered,27224174.34
PO001109,15-06-2026,S0003,P0079,WH001,CT00199,Domestic,772,51336.47,39631754.84,269993.23,0,0,7182314.65,47084062.72,INR,1,Air,29-06-2026,30-06-2026,1,Approved,Cancelled,39631754.84
PO001110,08-01-2025,S0082,P0293,WH003,CT00096,Domestic,620,42248.17,26193865.4,198849.51,0,0,4750688.68,31143403.59,INR,1,Air,22-01-2025,23-01-2025,1,Approved,Delivered,26193865.4
PO001111,05-12-2025,S0108,P0066,WH001,CT00307,Domestic,844,50829.35,42899971.4,835644.84,0,0,7872410.92,51608027.16,INR,1,Rail,11-01-2026,14-01-2026,3,Approved,Delivered,42899971.4
PO001112,14-01-2025,S0042,P0137,WH003,CT00126,Domestic,588,16463.74,9680679.12,129304.32,0,0,1765797.02,11575780.46,INR,1,Air,06-02-2025,06-02-2025,0,Approved,Partially Delivered,9680679.12
PO001113,17-04-2026,S0120,P0168,WH004,CT00574,Domestic,416,77161.44,32099159.04,611512.59,0,0,5887920.89,38598592.52,INR,1,Air,15-05-2026,17-05-2026,2,Approved,Delivered,32099159.04
PO001114,16-10-2025,S0094,P0300,WH001,CT00379,Domestic,203,2532.36,514069.08,3960.42,0,0,93245.31,611274.81,INR,1,Road,12-11-2025,12-11-2025,0,Pending,Delivered,514069.08
PO001115,18-03-2025,S0060,P0072,WH004,CT00470,Domestic,762,6571.24,5007284.88,79014.81,0,0,915533.94,6001833.63,INR,1,Road,13-04-2025,15-04-2025,2,Approved,Partially Delivered,5007284.88
PO001116,23-07-2025,S0014,P0114,WH003,CT00427,Domestic,93,76583.58,7122272.94,53829.45,0,0,1291698.43,8467800.82,INR,1,Road,08-08-2025,16-08-2025,8,Approved,Partially Delivered,7122272.94
PO001117,08-03-2026,S0042,P0003,WH004,CT00509,Domestic,710,80315.43,57023955.3,445123.37,0,0,10344434.16,67813512.83,INR,1,Road,30-03-2026,02-04-2026,3,Approved,Delivered,57023955.3
PO001118,08-12-2025,S0003,P0088,WH003,CT00311,Domestic,376,22290.19,8381111.44,158792.78,0,0,1537182.76,10077086.98,INR,1,Air,21-12-2025,21-12-2025,0,Approved,Delivered,8381111.44
PO001119,21-07-2025,S0105,P0006,WH002,CT00520,Domestic,410,70745.6,29005696,330361.79,0,0,5280490.4,34616548.19,INR,1,Rail,31-07-2025,03-08-2025,3,Approved,Cancelled,29005696
PO001120,20-07-2025,S0054,P0188,WH004,CT00143,Domestic,462,2051.34,947719.08,8274.18,0,0,172078.79,1128072.05,INR,1,Road,08-08-2025,08-08-2025,0,Pending,Cancelled,947719.08
PO001121,04-04-2025,S0002,P0138,WH004,CT00504,Domestic,136,58917.82,8012823.52,46202.78,0,0,1450624.73,9509651.03,INR,1,Rail,23-04-2025,23-04-2025,0,Approved,Delivered,8012823.52
PO001122,24-02-2026,S0067,P0048,WH002,CT00429,Domestic,244,78175.63,19074853.72,173221.48,0,0,3464653.54,22712728.74,INR,1,Road,03-03-2026,03-03-2026,0,Pending,Delivered,19074853.72
PO001123,20-11-2025,S0026,P0275,WH003,CT00135,Domestic,551,40760.77,22459184.27,165878.71,0,0,4072511.34,26697574.32,INR,1,Road,12-12-2025,13-12-2025,1,Approved,Partially Delivered,22459184.27
PO001124,30-05-2025,S0097,P0087,WH004,CT00004,Domestic,431,74648.92,32173684.52,254470.58,0,0,5837067.92,38265223.02,INR,1,Road,19-06-2025,21-06-2025,2,Pending,Delivered,32173684.52
PO001125,19-08-2025,S0042,P0010,WH001,CT00012,Domestic,136,10162.3,1382072.8,18022.69,0,0,252017.19,1652112.68,INR,1,Road,10-09-2025,13-09-2025,3,Approved,Cancelled,1382072.8
PO001126,21-09-2025,S0056,P0127,WH002,CT00590,Domestic,971,78623.06,76342991.26,1309390.81,0,0,13977428.77,91629810.84,INR,1,Air,18-10-2025,19-10-2025,1,Approved,Partially Delivered,76342991.26
PO001127,05-02-2025,S0023,P0129,WH001,CT00368,Domestic,320,17823.9,5703648,113544.36,0,0,1047094.62,6864286.98,INR,1,Air,10-02-2025,10-02-2025,0,Approved,Partially Delivered,5703648
PO001128,26-02-2026,S0048,P0076,WH004,CT00524,Domestic,115,73302.47,8429784.05,92633.89,0,0,1534035.23,10056453.17,INR,1,Road,15-03-2026,16-03-2026,1,Approved,Partially Delivered,8429784.05
PO001129,04-09-2025,S0099,P0062,WH001,CT00324,Domestic,735,69027.25,50735028.75,760244.68,0,0,9269149.22,60764422.65,INR,1,Rail,18-09-2025,19-09-2025,1,Approved,Delivered,50735028.75
PO001130,09-07-2025,S0008,P0057,WH004,CT00510,Domestic,435,43525.31,18933509.85,341821.55,0,0,3469559.65,22744891.05,INR,1,Rail,16-07-2025,16-07-2025,0,Approved,Cancelled,18933509.85
PO001131,26-03-2026,S0020,P0104,WH002,CT00088,Domestic,749,25918.63,19413053.87,152615.65,0,0,3521820.51,23087490.03,INR,1,Air,25-04-2026,25-04-2026,0,Pending,Delivered,19413053.87
PO001132,28-06-2025,S0060,P0172,WH001,CT00217,Domestic,11,463.28,5096.08,38.31,0,0,924.19,6058.58,INR,1,Rail,22-07-2025,24-07-2025,2,Approved,Cancelled,5096.08
PO001133,12-04-2026,S0125,P0098,WH001,CT00044,Domestic,181,19627.46,3552570.26,61082.76,0,0,650457.54,4264110.56,INR,1,Air,11-05-2026,19-05-2026,8,Approved,Delivered,3552570.26
PO001134,26-03-2026,S0068,P0113,WH001,CT00100,Domestic,53,55608.46,2947248.38,28043.91,0,0,535552.61,3510844.9,INR,1,Road,15-04-2026,15-04-2026,0,Pending,Delivered,2947248.38
PO001135,07-02-2025,S0034,P0182,WH001,No Contract,Domestic,954,23580.57,22495863.78,198803.71,0,0,4085040.15,26779707.64,INR,1,Rail,04-03-2025,07-03-2025,3,Approved,Delivered,22495863.78
PO001136,05-05-2025,S0086,P0261,WH002,CT00481,Domestic,412,7354.86,3030202.32,48522.89,0,0,554170.54,3632895.75,INR,1,Rail,31-05-2025,01-06-2025,1,Approved,Partially Delivered,3030202.32
PO001137,22-03-2025,S0105,P0276,WH002,CT00520,Domestic,19,73588.79,1398187.01,11148.56,0,0,253680.4,1663015.97,INR,1,Road,25-03-2025,25-03-2025,0,Approved,Partially Delivered,1398187.01
PO001138,18-04-2026,S0080,P0298,WH003,CT00125,Domestic,359,15701.34,5636781.06,63608.08,0,0,1026070.05,6726459.19,INR,1,Air,15-05-2026,17-05-2026,2,Approved,Delivered,5636781.06
PO001139,20-03-2026,S0094,P0002,WH001,CT00164,Domestic,477,81298.26,38779270.02,614160.55,0,0,7090817.5,46484248.07,INR,1,Road,24-04-2026,25-04-2026,1,Approved,Partially Delivered,38779270.02
PO001140,11-07-2025,S0088,P0151,WH003,CT00480,Domestic,953,7140.54,6804934.62,131500.31,0,0,1248558.29,8184993.22,INR,1,Rail,07-08-2025,08-08-2025,1,Approved,Partially Delivered,6804934.62
PO001141,15-05-2026,S0105,P0250,WH003,CT00520,Domestic,701,60520.18,42424646.18,685161.16,0,0,7759765.32,50869572.66,INR,1,Rail,22-05-2026,22-05-2026,0,Pending,Partially Delivered,42424646.18
PO001142,12-01-2026,S0044,P0200,WH003,CT00513,Domestic,575,77860.72,44769914,850234.09,0,0,8211626.66,53831774.75,INR,1,Road,02-02-2026,03-02-2026,1,Approved,Cancelled,44769914
PO001143,22-12-2025,S0046,P0236,WH004,CT00069,Domestic,953,76323.79,72736571.87,935141,0,0,13260908.32,86932621.19,INR,1,Air,16-01-2026,16-01-2026,0,Approved,Delivered,72736571.87
PO001144,26-11-2025,S0101,P0192,WH001,CT00206,Domestic,160,46123.52,7379763.2,95379.04,0,0,1345525.6,8820667.84,INR,1,Road,11-12-2025,16-12-2025,5,Pending,Cancelled,7379763.2
PO001145,03-05-2026,S0083,P0296,WH003,CT00515,Domestic,703,36594.06,25725624.18,445825.37,0,0,4710860.92,30882310.47,INR,1,Rail,20-05-2026,21-05-2026,1,Pending,Delivered,25725624.18
PO001146,11-11-2025,S0094,P0119,WH002,CT00498,Domestic,319,2362.41,753608.79,11906.09,0,0,137792.68,903307.56,INR,1,Air,16-12-2025,17-12-2025,1,Approved,Delivered,753608.79
PO001147,24-09-2025,S0023,P0266,WH001,CT00325,Domestic,496,83833.56,41581445.76,592008.19,0,0,7591221.71,49764675.66,INR,1,Rail,27-09-2025,02-10-2025,5,Pending,Delivered,41581445.76
PO001148,15-01-2026,S0119,P0287,WH001,CT00530,Domestic,544,80813.97,43962799.68,637590.03,0,0,8028070.15,52628459.86,INR,1,Road,17-01-2026,17-01-2026,0,Approved,Partially Delivered,43962799.68
PO001149,02-05-2025,S0041,P0296,WH001,CT00258,Domestic,632,42803.33,27051704.56,358948.66,0,0,4933917.58,32344570.8,INR,1,Air,15-05-2025,17-05-2025,2,Approved,Delivered,27051704.56
PO001150,16-12-2025,S0043,P0063,WH003,No Contract,Domestic,830,29544.44,24521885.2,163949.58,0,0,4443450.26,29129285.04,INR,1,Road,03-01-2026,05-01-2026,2,Pending,Delivered,24521885.2
PO001151,16-02-2026,S0026,P0072,WH003,CT00140,Domestic,578,6814.92,3939023.76,46980.43,0,0,717480.75,4703484.94,INR,1,Road,08-03-2026,08-03-2026,0,Approved,Delivered,3939023.76
PO001152,05-06-2026,S0014,P0182,WH003,CT00427,Domestic,364,22307.94,8120090.16,87823.87,0,0,1477424.53,9685338.56,INR,1,Road,21-06-2026,24-06-2026,3,Approved,Partially Delivered,8120090.16
PO001153,14-07-2025,S0075,P0187,WH002,CT00163,Domestic,683,37224.87,25424586.21,222773.83,0,0,4616524.81,30263884.85,INR,1,Road,04-08-2025,12-08-2025,8,Approved,Delivered,25424586.21
PO001154,07-01-2026,S0066,P0214,WH003,CT00492,Domestic,706,23968.11,16921485.66,286754.19,0,0,3097483.17,20305723.02,INR,1,Road,06-02-2026,08-02-2026,2,Approved,Partially Delivered,16921485.66
PO001155,08-03-2026,S0089,P0016,WH001,CT00537,Domestic,879,85177.37,74870908.23,1204257.56,0,0,13693529.84,89768695.63,INR,1,Air,03-04-2026,03-04-2026,0,Pending,Partially Delivered,74870908.23
PO001156,22-01-2025,S0080,P0168,WH001,CT00034,Domestic,49,82458.32,4040457.68,62617.36,0,0,738553.51,4841628.55,INR,1,Road,11-02-2025,11-02-2025,0,Approved,Delivered,4040457.68
PO001157,05-01-2025,S0021,P0189,WH003,CT00214,Domestic,486,49776.77,24191510.22,353520.8,0,0,4418105.58,28963136.6,INR,1,Road,20-01-2025,20-01-2025,0,Approved,Cancelled,24191510.22
PO001158,28-08-2025,S0054,P0165,WH003,CT00143,Domestic,534,49917.56,26655977.04,304506.25,0,0,4852886.99,31813370.28,INR,1,Road,19-09-2025,19-09-2025,0,Approved,Delivered,26655977.04
PO001159,20-03-2025,S0087,P0124,WH003,CT00081,Domestic,111,68322.21,7583765.31,102397.29,0,0,1383509.27,9069671.87,INR,1,Air,06-04-2025,06-04-2025,0,Approved,Partially Delivered,7583765.31
PO001160,08-02-2026,S0073,P0043,WH002,CT00027,Domestic,419,21729.04,9104467.76,155409.17,0,0,1666777.85,10926654.78,INR,1,Road,12-02-2026,12-02-2026,0,Approved,Partially Delivered,9104467.76
PO001161,04-06-2026,S0113,P0050,WH003,No Contract,Domestic,880,37971.82,33415201.6,226109.1,0,0,6055435.93,39696746.63,INR,1,Road,12-06-2026,12-06-2026,0,Approved,Delivered,33415201.6
PO001162,01-08-2025,S0087,P0155,WH001,CT00081,Domestic,165,50544.57,8339854.05,166511.23,0,0,1531145.75,10037511.03,INR,1,Road,19-08-2025,19-08-2025,0,Approved,Cancelled,8339854.05
PO001163,18-05-2025,S0117,P0085,WH004,No Contract,Domestic,857,63707.64,54597447.48,439096.21,0,0,9906577.86,64943121.55,INR,1,Rail,09-06-2025,09-06-2025,0,Approved,Partially Delivered,54597447.48
PO001164,09-06-2025,S0031,P0241,WH001,CT00294,Domestic,352,25814.17,9086587.84,173269.74,0,0,1666774.36,10926631.94,INR,1,Road,02-07-2025,02-07-2025,0,Pending,Delivered,9086587.84
PO001165,25-04-2026,S0045,P0296,WH004,CT00282,Domestic,740,41889.87,30998503.8,535389.61,0,0,5676100.81,37209994.22,INR,1,Rail,06-05-2026,11-05-2026,5,Pending,Delivered,30998503.8
PO001166,09-06-2025,S0121,P0105,WH004,CT00095,Domestic,70,11124.87,778740.9,14087.73,0,0,142709.15,935537.78,INR,1,Rail,01-07-2025,02-07-2025,1,Pending,Partially Delivered,778740.9
PO001167,25-07-2026,S0093,P0257,WH004,CT00117,Domestic,52,60773.54,3160224.08,37237.72,0,0,575543.12,3773004.92,INR,1,Air,03-08-2026,03-08-2026,0,Pending,Delivered,3160224.08
PO001168,11-01-2026,S0083,P0240,WH003,CT00515,Domestic,836,83128.33,69495283.88,1316385.33,0,0,12746100.46,83557769.67,INR,1,Air,03-02-2026,05-02-2026,2,Approved,Partially Delivered,69495283.88
PO001169,21-07-2025,S0049,P0135,WH004,No Contract,Domestic,808,63050.01,50944408.08,281073.79,0,0,9220586.74,60446068.61,INR,1,Rail,28-07-2025,28-07-2025,0,Approved,Partially Delivered,50944408.08
PO001170,23-01-2026,S0102,P0255,WH003,CT00154,Domestic,573,45142.39,25866589.47,331711.08,0,0,4715694.1,30913994.65,INR,1,Road,26-02-2026,27-02-2026,1,Approved,Delivered,25866589.47
PO001171,31-03-2025,S0114,P0246,WH004,No Contract,Domestic,322,73881.33,23789788.26,297261.98,0,0,4335669.04,28422719.28,INR,1,Air,28-04-2025,29-04-2025,1,Approved,Partially Delivered,23789788.26
PO001172,25-11-2025,S0058,P0141,WH001,CT00021,Domestic,961,24761.81,23796099.41,272873.23,0,0,4332415.08,28401387.72,INR,1,Rail,30-12-2025,30-12-2025,0,Approved,Partially Delivered,23796099.41
PO001173,07-05-2026,S0028,P0156,WH003,CT00422,Domestic,911,65551.41,59717334.51,771709.88,0,0,10888027.99,71377072.38,INR,1,Road,15-05-2026,27-05-2026,12,Approved,Partially Delivered,59717334.51
PO001174,31-12-2025,S0066,P0270,WH002,CT00576,Domestic,807,66536.78,53695181.46,907102.19,0,0,9828411.06,64430694.71,INR,1,Air,26-01-2026,31-01-2026,5,Approved,Delivered,53695181.46
PO001175,11-01-2025,S0056,P0066,WH003,CT00590,Domestic,242,48487.11,11733880.62,183223.55,0,0,2145078.75,14062182.92,INR,1,Road,08-02-2025,09-02-2025,1,Pending,Delivered,11733880.62
PO001176,04-11-2025,S0080,P0030,WH002,CT00034,Domestic,283,88684.31,25097659.73,349624.87,0,0,4580511.23,30027795.83,INR,1,Road,24-11-2025,26-11-2025,2,Pending,Delivered,25097659.73
PO001177,08-02-2025,S0012,P0053,WH004,CT00445,Domestic,860,34509.65,29678299,391543.98,0,0,5412571.74,35482414.72,INR,1,Rail,05-03-2025,05-03-2025,0,Pending,Delivered,29678299
PO001178,13-09-2025,S0034,P0145,WH004,No Contract,Domestic,769,64846.54,49866989.26,910710.83,0,0,9139986.02,59917686.11,INR,1,Air,14-10-2025,14-10-2025,0,Approved,Cancelled,49866989.26
PO001179,30-03-2025,S0069,P0277,WH003,CT00502,Domestic,134,80078.28,10730489.52,190225.54,0,0,1965728.71,12886443.77,INR,1,Air,18-04-2025,19-04-2025,1,Pending,Delivered,10730489.52
PO001180,13-07-2026,S0055,P0265,WH001,CT00578,Domestic,902,27917.19,25181305.38,208472.03,0,0,4570159.93,29959937.34,INR,1,Road,07-08-2026,08-08-2026,1,Pending,Partially Delivered,25181305.38
PO001181,06-03-2025,S0007,P0285,WH004,CT00103,Domestic,854,69189.83,59088114.82,1014847.55,0,0,10818533.23,70921495.6,INR,1,Road,27-03-2025,27-03-2025,0,Approved,Cancelled,59088114.82
PO001182,09-08-2025,S0046,P0245,WH002,CT00069,Domestic,551,50424.78,27784053.78,455904.63,0,0,5083192.51,33323150.92,INR,1,Rail,10-09-2025,18-09-2025,8,Approved,Partially Delivered,27784053.78
PO001183,27-01-2026,S0023,P0269,WH001,CT00325,Domestic,125,86886.05,10860756.25,213892.97,0,0,1993436.86,13068086.08,INR,1,Rail,01-02-2026,01-02-2026,0,Pending,Delivered,10860756.25
PO001184,19-08-2025,S0097,P0080,WH003,CT00004,Domestic,93,36614.41,3405140.13,60993.96,0,0,623904.14,4090038.23,INR,1,Air,01-09-2025,02-09-2025,1,Pending,Delivered,3405140.13
PO001185,27-05-2025,S0066,P0076,WH001,CT00492,Domestic,963,73843.53,71111319.39,506130.46,0,0,12891140.97,84508590.82,INR,1,Rail,19-06-2025,19-06-2025,0,Pending,Partially Delivered,71111319.39
PO001186,22-02-2026,S0009,P0132,WH001,CT00017,Domestic,605,25641.16,15512901.8,199177.71,0,0,2828174.31,18540253.82,INR,1,Rail,08-03-2026,08-03-2026,0,Approved,Cancelled,15512901.8
PO001187,24-08-2025,S0062,P0081,WH001,No Contract,Domestic,510,29427.23,15007887.3,284958.87,0,0,2752712.31,18045558.48,INR,1,Air,04-09-2025,05-09-2025,1,Approved,Delivered,15007887.3
PO001188,12-01-2025,S0029,P0078,WH004,CT00410,Domestic,89,44577.85,3967428.65,62439.34,0,0,725376.24,4755244.23,INR,1,Air,17-02-2025,20-02-2025,3,Approved,Cancelled,3967428.65
PO001189,28-06-2025,S0013,P0145,WH002,CT00127,Domestic,347,63628.59,22079120.73,353307.7,0,0,4037837.12,26470265.55,INR,1,Air,28-07-2025,29-07-2025,1,Approved,Delivered,22079120.73
PO001190,26-07-2025,S0122,P0014,WH003,CT00261,Domestic,334,21753.69,7265732.46,135151.8,0,0,1332159.17,8733043.43,INR,1,Rail,30-07-2025,01-08-2025,2,Approved,Delivered,7265732.46
PO001191,13-03-2026,S0067,P0142,WH003,CT00595,Domestic,630,53997.33,34018317.9,217125.73,0,0,6162379.85,40397823.48,INR,1,Air,22-03-2026,24-03-2026,2,Approved,Delivered,34018317.9
PO001192,24-04-2026,S0013,P0264,WH002,CT00127,Domestic,551,13086.13,7210457.63,51343.94,0,0,1307124.28,8568925.85,INR,1,Road,21-05-2026,22-05-2026,1,Approved,Delivered,7210457.63
PO001193,29-03-2026,S0052,P0018,WH003,CT00350,Domestic,677,31841.58,21556749.66,217518.03,0,0,3919368.18,25693635.87,INR,1,Rail,22-04-2026,22-04-2026,0,Approved,Delivered,21556749.66
PO001194,03-01-2025,S0049,P0223,WH002,No Contract,Domestic,488,2397.23,1169848.24,21406.05,0,0,214425.77,1405680.06,INR,1,Road,11-01-2025,11-01-2025,0,Approved,Delivered,1169848.24
PO001195,15-01-2025,S0045,P0198,WH004,CT00282,Domestic,887,72167.48,64012554.76,578724.12,0,0,11626430.2,76217709.08,INR,1,Rail,30-01-2025,02-02-2025,3,Approved,Partially Delivered,64012554.76
PO001196,03-04-2026,S0022,P0298,WH003,CT00561,Domestic,915,13875.44,12696027.6,69028.71,0,0,2297710.14,15062766.45,INR,1,Road,12-04-2026,12-04-2026,0,Approved,Delivered,12696027.6
PO001197,13-04-2026,S0057,P0001,WH003,CT00597,Domestic,400,48164.27,19265708,208041.26,0,0,3505274.87,22979024.13,INR,1,Road,02-05-2026,05-05-2026,3,Pending,Delivered,19265708
PO001198,05-10-2025,S0075,P0083,WH001,CT00163,Domestic,396,50896.49,20155010.04,194957.82,0,0,3662994.21,24012962.07,INR,1,Air,28-10-2025,28-10-2025,0,Approved,Partially Delivered,20155010.04
PO001199,22-08-2025,S0123,P0132,WH002,CT00162,Domestic,459,25549.76,11727339.84,201908.98,0,0,2147264.79,14076513.61,INR,1,Rail,26-09-2025,26-09-2025,0,Approved,Delivered,11727339.84
PO001200,31-07-2026,S0066,P0151,WH002,CT00576,Domestic,862,6595.27,5685122.74,55643.62,0,0,1033337.94,6774104.3,INR,1,Air,22-08-2026,23-08-2026,1,Approved,Cancelled,5685122.74
PO001201,27-12-2025,S0109,P0227,WH001,CT00555,Domestic,904,28044.96,25352643.84,325181.24,0,0,4622008.51,30299833.59,INR,1,Road,16-01-2026,16-01-2026,0,Pending,Delivered,25352643.84
PO001202,22-05-2026,S0111,P0162,WH001,CT00019,Domestic,64,59852.8,3830579.2,71597.64,0,0,702391.83,4604568.67,INR,1,Road,09-06-2026,10-06-2026,1,Approved,Partially Delivered,3830579.2
PO001203,26-07-2026,S0060,P0015,WH002,CT00158,Domestic,173,74533.31,12894262.63,221850.28,0,0,2360900.32,15477013.23,INR,1,Rail,13-08-2026,13-08-2026,0,Pending,Delivered,12894262.63
PO001204,16-12-2025,S0074,P0076,WH003,CT00128,Domestic,542,73099.22,39619777.24,510209.66,0,0,7223397.64,47353384.54,INR,1,Rail,29-12-2025,29-12-2025,0,Approved,Cancelled,39619777.24
PO001205,08-09-2025,S0091,P0197,WH004,CT00200,Domestic,293,22883.8,6704953.4,107179.83,0,0,1226183.98,8038317.21,INR,1,Air,03-10-2025,05-10-2025,2,Approved,Delivered,6704953.4
PO001206,18-11-2025,S0045,P0002,WH003,CT00282,Domestic,590,76663.87,45231683.3,497505.22,0,0,8231253.93,53960442.45,INR,1,Rail,30-11-2025,30-11-2025,0,Approved,Delivered,45231683.3
PO001207,22-12-2025,S0108,P0145,WH002,CT00108,Domestic,993,64877.34,64423198.62,615156.83,0,0,11706903.98,76745259.43,INR,1,Road,17-01-2026,17-01-2026,0,Approved,Cancelled,64423198.62
PO001208,19-07-2025,S0054,P0268,WH004,CT00143,Domestic,635,24058.91,15277407.85,193531.59,0,0,2784769.1,18255708.54,INR,1,Rail,08-08-2025,08-08-2025,0,Approved,Partially Delivered,15277407.85
PO001209,26-01-2025,S0046,P0297,WH003,CT00069,Domestic,522,25237.33,13173886.26,144347.76,0,0,2397282.12,15715516.14,INR,1,Road,20-02-2025,28-02-2025,8,Approved,Partially Delivered,13173886.26
PO001210,14-01-2025,S0052,P0192,WH003,CT00350,Domestic,492,44587.06,21936833.52,398223.5,0,0,4020310.26,26355367.28,INR,1,Rail,15-02-2025,17-02-2025,2,Approved,Delivered,21936833.52
PO001211,21-11-2025,S0078,P0165,WH001,CT00085,Domestic,228,49628.95,11315400.6,69789,0,0,2049334.13,13434523.73,INR,1,Rail,17-12-2025,17-12-2025,0,Pending,Partially Delivered,11315400.6
PO001212,31-01-2025,S0084,P0192,WH001,CT00450,Domestic,139,42111.69,5853524.91,88322.12,0,0,1069532.47,7011379.5,INR,1,Road,01-03-2025,03-03-2025,2,Pending,Delivered,5853524.91
PO001213,12-02-2026,S0070,P0097,WH004,CT00234,Domestic,112,69554.96,7790155.52,50519.71,0,0,1411321.54,9251996.77,INR,1,Road,20-03-2026,20-03-2026,0,Approved,Cancelled,7790155.52
PO001214,24-09-2025,S0089,P0284,WH003,CT00177,Domestic,468,32510.37,15214853.16,293458.44,0,0,2791496.09,18299807.69,INR,1,Road,20-10-2025,25-10-2025,5,Approved,Delivered,15214853.16
PO001215,24-11-2025,S0067,P0208,WH003,CT00429,Domestic,830,33705.79,27975805.7,509627.79,0,0,5127378.03,33612811.52,INR,1,Road,04-12-2025,09-12-2025,5,Approved,Cancelled,27975805.7
PO001216,06-06-2026,S0019,P0258,WH004,CT00551,Domestic,396,27113.44,10736922.24,179583.75,0,0,1964971.08,12881477.07,INR,1,Air,12-07-2026,14-07-2026,2,Pending,Delivered,10736922.24
PO001217,15-07-2025,S0072,P0095,WH001,CT00187,Domestic,495,26220.36,12979078.2,158540.65,0,0,2364771.39,15502390.24,INR,1,Road,09-08-2025,09-08-2025,0,Pending,Delivered,12979078.2
PO001218,09-07-2026,S0004,P0260,WH003,CT00152,Domestic,162,30927.9,5010319.8,63427.4,0,0,913274.5,5987021.7,INR,1,Air,21-07-2026,21-07-2026,0,Approved,Delivered,5010319.8
PO001219,23-11-2025,S0111,P0213,WH004,CT00150,Domestic,313,60231.73,18852531.49,166405.48,0,0,3423408.65,22442345.62,INR,1,Road,07-12-2025,07-12-2025,0,Approved,Cancelled,18852531.49
PO001220,20-11-2025,S0026,P0221,WH002,CT00135,Domestic,127,48847.83,6203674.41,51639.85,0,0,1125956.57,7381270.83,INR,1,Road,15-12-2025,18-12-2025,3,Approved,Delivered,6203674.41
PO001221,02-09-2025,S0011,P0053,WH003,CT00403,Domestic,746,33361.2,24887455.2,158161.7,0,0,4508211.04,29553827.94,INR,1,Road,06-10-2025,07-10-2025,1,Approved,Cancelled,24887455.2
PO001222,17-12-2025,S0092,P0059,WH002,CT00183,Domestic,918,57668.69,52939857.42,320051.26,0,0,9586783.56,62846692.24,INR,1,Rail,30-12-2025,30-12-2025,0,Approved,Partially Delivered,52939857.42
PO001223,15-11-2025,S0046,P0014,WH004,CT00069,Domestic,824,23214.32,19128599.68,284727.19,0,0,3494398.84,22907725.71,INR,1,Air,17-12-2025,17-12-2025,0,Approved,Delivered,19128599.68
PO001224,06-08-2025,S0114,P0039,WH001,No Contract,Domestic,655,16691.94,10933220.7,114047.04,0,0,1988508.19,13035775.93,INR,1,Rail,25-08-2025,25-08-2025,0,Approved,Delivered,10933220.7
PO001225,14-09-2025,S0015,P0024,WH002,CT00076,Domestic,990,27278.23,27005447.7,404113.79,0,0,4933721.07,32343282.56,INR,1,Air,23-09-2025,23-09-2025,0,Approved,Delivered,27005447.7
PO001226,06-10-2025,S0104,P0022,WH002,CT00102,Domestic,27,59515.25,1606911.75,14356.21,0,0,291828.23,1913096.19,INR,1,Air,31-10-2025,31-10-2025,0,Approved,Partially Delivered,1606911.75
PO001227,03-07-2025,S0106,P0006,WH003,CT00075,Domestic,952,65158.74,62031120.48,756996.27,0,0,11301861.01,74089977.76,INR,1,Rail,19-07-2025,19-07-2025,0,Approved,Delivered,62031120.48
PO001228,26-07-2026,S0103,P0064,WH003,CT00064,Domestic,573,86477.81,49551785.13,767595.88,0,0,9057488.58,59376869.59,INR,1,Air,15-08-2026,15-08-2026,0,Pending,Delivered,49551785.13
PO001229,31-01-2026,S0070,P0141,WH002,CT00234,Domestic,281,22970.68,6454761.08,37010.02,0,0,1168518.8,7660289.9,INR,1,Road,01-03-2026,01-03-2026,0,Approved,Cancelled,6454761.08
PO001230,26-10-2025,S0002,P0261,WH004,CT00202,Domestic,232,7024.11,1629593.52,11070.65,0,0,295319.55,1935983.72,INR,1,Air,06-11-2025,07-11-2025,1,Pending,Delivered,1629593.52
PO001231,25-12-2025,S0061,P0205,WH001,CT00091,Domestic,917,24171.98,22165705.66,375664.69,0,0,4057446.66,26598817.01,INR,1,Road,01-01-2026,01-01-2026,0,Pending,Cancelled,22165705.66
PO001232,05-03-2026,S0098,P0021,WH004,CT00583,Domestic,183,27563.98,5044208.34,72575.6,0,0,921021.11,6037805.05,INR,1,Road,22-03-2026,22-03-2026,0,Pending,Delivered,5044208.34
PO001233,01-05-2026,S0033,P0169,WH001,CT00130,Domestic,843,83748.89,70600314.27,603032.84,0,0,12816602.48,84019949.59,INR,1,Air,07-05-2026,08-05-2026,1,Approved,Cancelled,70600314.27
PO001234,05-07-2026,S0002,P0082,WH003,CT00202,Domestic,524,50898.89,26671018.36,475926.61,0,0,4886450.09,32033395.06,INR,1,Rail,19-07-2026,20-07-2026,1,Approved,Partially Delivered,26671018.36
PO001235,09-06-2026,S0044,P0143,WH002,CT00046,Domestic,327,82980.99,27134783.73,263384.11,0,0,4931670.21,32329838.05,INR,1,Air,25-06-2026,25-06-2026,0,Approved,Delivered,27134783.73
PO001236,12-01-2026,S0086,P0254,WH003,CT00481,Domestic,829,74233.32,61539422.28,720692.76,0,0,11206820.71,73466935.75,INR,1,Air,31-01-2026,31-01-2026,0,Approved,Delivered,61539422.28
PO001237,05-07-2026,S0001,P0298,WH004,CT00328,Domestic,612,14830.2,9076082.4,68773.87,0,0,1646074.13,10790930.4,INR,1,Road,15-07-2026,15-07-2026,0,Approved,Delivered,9076082.4
PO001238,27-07-2025,S0065,P0268,WH003,CT00367,Domestic,970,21837.1,21181987,198703.78,0,0,3848524.34,25229215.12,INR,1,Rail,08-08-2025,09-08-2025,1,Pending,Cancelled,21181987
PO001239,16-09-2025,S0077,P0107,WH004,CT00408,Domestic,790,31887.94,25191472.6,497997.67,0,0,4624104.65,30313574.92,INR,1,Air,08-10-2025,09-10-2025,1,Approved,Delivered,25191472.6
PO001240,28-02-2026,S0038,P0040,WH002,CT00203,Domestic,469,39193.84,18381910.96,307159.59,0,0,3364032.7,22053103.25,INR,1,Air,13-03-2026,15-03-2026,2,Approved,Delivered,18381910.96
PO001241,10-07-2025,S0006,P0165,WH002,CT00160,Domestic,492,53864.71,26501437.32,176398.81,0,0,4802010.5,31479846.63,INR,1,Rail,14-07-2025,14-07-2025,0,Approved,Cancelled,26501437.32
PO001242,05-11-2025,S0064,P0135,WH004,CT00553,Domestic,626,71862.51,44985931.26,798136.94,0,0,8241132.28,54025200.48,INR,1,Rail,26-11-2025,26-11-2025,0,Pending,Delivered,44985931.26
PO001243,24-12-2025,S0012,P0186,WH002,CT00320,Domestic,859,66969.87,57527118.33,1110072.3,0,0,10554694.31,69191884.94,INR,1,Road,26-01-2026,26-01-2026,0,Approved,Delivered,57527118.33
PO001244,08-08-2025,S0082,P0090,WH004,CT00096,Domestic,787,75179.64,59166376.68,537823.99,0,0,10746756.12,70450956.79,INR,1,Air,15-08-2025,15-08-2025,0,Pending,Cancelled,59166376.68
PO001245,09-02-2026,S0114,P0247,WH002,No Contract,Domestic,203,31743.5,6443930.5,71639.66,0,0,1172802.63,7688372.79,INR,1,Rail,06-03-2026,06-03-2026,0,Approved,Delivered,6443930.5
PO001246,25-03-2025,S0040,P0300,WH004,CT00239,Domestic,293,2686.18,787050.74,11913.68,0,0,143813.6,942778.02,INR,1,Rail,30-03-2025,30-03-2025,0,Approved,Delivered,787050.74
PO001247,29-06-2026,S0057,P0224,WH001,CT00597,Domestic,939,36755.57,34513480.23,651043.63,0,0,6329614.29,41494138.15,INR,1,Air,18-07-2026,18-07-2026,0,Pending,Partially Delivered,34513480.23
PO001248,08-01-2026,S0008,P0140,WH004,CT00510,Domestic,744,67235.02,50022854.88,536966.79,0,0,9100767.9,59660589.57,INR,1,Rail,21-01-2026,23-01-2026,2,Pending,Delivered,50022854.88
PO001249,18-03-2026,S0034,P0187,WH002,No Contract,Domestic,54,35720.56,1928910.24,26781.75,0,0,352024.56,2307716.55,INR,1,Rail,16-04-2026,18-04-2026,2,Pending,Delivered,1928910.24
PO001250,04-03-2026,S0040,P0033,WH001,CT00239,Domestic,921,42421.85,39070523.85,234583.1,0,0,7074919.25,46380026.2,INR,1,Road,18-03-2026,18-03-2026,0,Approved,Delivered,39070523.85
PO001251,24-05-2025,S0034,P0194,WH002,No Contract,Domestic,383,68866.2,26375754.6,190024.86,0,0,4781840.3,31347619.76,INR,1,Road,19-06-2025,19-06-2025,0,Approved,Partially Delivered,26375754.6
PO001252,08-05-2025,S0030,P0265,WH002,CT00521,Domestic,762,28267.13,21539553.06,122474.07,0,0,3899164.88,25561192.01,INR,1,Rail,17-05-2025,18-05-2025,1,Approved,Delivered,21539553.06
PO001253,13-04-2025,S0036,P0012,WH003,CT00390,Domestic,812,81927.37,66525024.44,1254301.46,0,0,12200278.66,79979604.56,INR,1,Air,30-04-2025,30-04-2025,0,Approved,Partially Delivered,66525024.44
PO001254,06-07-2026,S0088,P0234,WH004,CT00129,Domestic,113,23116.17,2612127.21,14705.72,0,0,472829.93,3099662.86,INR,1,Air,07-08-2026,07-08-2026,0,Approved,Partially Delivered,2612127.21
PO001255,31-03-2026,S0091,P0277,WH002,CT00200,Domestic,542,72034.08,39042471.36,661797.63,0,0,7146768.42,46851037.41,INR,1,Air,22-04-2026,22-04-2026,0,Approved,Partially Delivered,39042471.36
PO001256,03-06-2026,S0015,P0126,WH004,CT00514,Domestic,690,55158.33,38059247.7,691413.59,0,0,6975119.03,45725780.32,INR,1,Rail,17-06-2026,17-06-2026,0,Approved,Delivered,38059247.7
PO001257,02-04-2026,S0121,P0165,WH004,CT00095,Domestic,460,50182.5,23083950,215933.23,0,0,4193978.98,27493862.21,INR,1,Road,21-04-2026,21-04-2026,0,Approved,Delivered,23083950
PO001258,05-04-2025,S0011,P0073,WH003,CT00584,Domestic,875,32261.53,28228838.75,401306.63,0,0,5153426.17,33783571.55,INR,1,Rail,07-05-2025,07-05-2025,0,Pending,Delivered,28228838.75
PO001259,11-05-2026,S0121,P0098,WH001,CT00095,Domestic,130,21934.15,2851439.5,31091.65,0,0,518855.61,3401386.76,INR,1,Road,27-05-2026,27-05-2026,0,Approved,Delivered,2851439.5
PO001260,11-06-2026,S0020,P0209,WH004,CT00582,Domestic,271,86382.81,23409741.51,429610.32,0,0,4291083.33,28130435.16,INR,1,Air,03-07-2026,15-07-2026,12,Approved,Cancelled,23409741.51
PO001261,04-01-2026,S0063,P0121,WH004,CT00101,Domestic,151,15980.38,2413037.38,40259.44,0,0,441593.43,2894890.25,INR,1,Air,20-01-2026,25-01-2026,5,Approved,Cancelled,2413037.38
PO001262,01-11-2025,S0034,P0161,WH004,No Contract,Domestic,796,49612.84,39491820.64,210832.99,0,0,7146477.65,46849131.28,INR,1,Rail,01-12-2025,06-12-2025,5,Approved,Delivered,39491820.64
PO001263,04-10-2025,S0003,P0142,WH004,CT00311,Domestic,685,56569.18,38749888.3,564502.92,0,0,7076590.42,46390981.64,INR,1,Road,20-10-2025,22-10-2025,2,Pending,Delivered,38749888.3
PO001264,07-01-2026,S0026,P0140,WH003,CT00109,Domestic,470,70591.82,33178155.4,224866.23,0,0,6012543.89,39415565.52,INR,1,Air,01-02-2026,01-02-2026,0,Approved,Delivered,33178155.4
PO001265,09-03-2026,S0110,P0285,WH004,CT00142,Domestic,436,66504.52,28995970.72,390614.72,0,0,5289585.38,34676170.82,INR,1,Rail,21-03-2026,21-03-2026,0,Approved,Delivered,28995970.72
PO001266,20-04-2026,S0043,P0288,WH001,No Contract,Domestic,492,33367.13,16416627.96,158411.74,0,0,2983507.15,19558546.85,INR,1,Air,04-05-2026,05-05-2026,1,Approved,Partially Delivered,16416627.96
PO001267,21-07-2026,S0004,P0299,WH001,CT00152,Domestic,860,6578.43,5657449.8,87052.34,0,0,1034010.39,6778512.53,INR,1,Road,01-08-2026,01-08-2026,0,Pending,Cancelled,5657449.8
PO001268,22-07-2026,S0037,P0248,WH001,CT00549,Domestic,62,80257.08,4975938.96,52472.56,0,0,905114.07,5933525.59,INR,1,Rail,26-08-2026,27-08-2026,1,Approved,Delivered,4975938.96
PO001269,30-06-2026,S0059,P0184,WH003,CT00600,Domestic,496,76938.47,38161481.12,548279.57,0,0,6967756.92,45677517.61,INR,1,Road,27-07-2026,27-07-2026,0,Pending,Delivered,38161481.12
PO001270,24-06-2026,S0051,P0096,WH001,CT00339,Domestic,630,37758.72,23787993.6,462309.45,0,0,4365054.55,28615357.6,INR,1,Air,05-07-2026,05-07-2026,0,Approved,Cancelled,23787993.6
PO001271,28-05-2025,S0061,P0263,WH002,CT00091,Domestic,664,71053.58,47179577.12,642580.14,0,0,8607988.31,56430145.57,INR,1,Rail,13-06-2025,16-06-2025,3,Approved,Cancelled,47179577.12
PO001272,30-05-2025,S0038,P0025,WH003,CT00203,Domestic,401,14308.98,5737900.98,35930.34,0,0,1039289.64,6813120.96,INR,1,Air,05-06-2025,05-06-2025,0,Approved,Partially Delivered,5737900.98
PO001273,03-12-2025,S0040,P0008,WH002,CT00239,Domestic,956,64611.14,61768249.84,795578.75,0,0,11261489.15,73825317.74,INR,1,Road,16-12-2025,16-12-2025,0,Approved,Partially Delivered,61768249.84
PO001274,29-06-2025,S0075,P0213,WH002,CT00163,Domestic,94,66054.01,6209076.94,39529.74,0,0,1124749.2,7373355.88,INR,1,Road,25-07-2025,25-07-2025,0,Approved,Partially Delivered,6209076.94
PO001275,27-07-2026,S0097,P0238,WH003,CT00004,Domestic,749,51315.5,38435309.5,569571.05,0,0,7020878.5,46025759.05,INR,1,Road,18-08-2026,18-08-2026,0,Pending,Delivered,38435309.5
PO001276,06-03-2025,S0120,P0045,WH002,CT00574,Domestic,450,44907.47,20208361.5,141696.92,0,0,3663010.52,24013068.94,INR,1,Road,01-04-2025,02-04-2025,1,Approved,Cancelled,20208361.5
PO001277,06-07-2025,S0007,P0094,WH004,CT00103,Domestic,909,23706.33,21549053.97,422875.75,0,0,3954947.35,25926877.07,INR,1,Rail,06-08-2025,07-08-2025,1,Approved,Partially Delivered,21549053.97
PO001278,23-10-2025,S0063,P0225,WH004,CT00101,Domestic,21,67607.3,1419753.3,9298.26,0,0,257229.28,1686280.84,INR,1,Road,04-11-2025,04-11-2025,0,Approved,Cancelled,1419753.3
PO001279,01-03-2025,S0051,P0271,WH004,CT00339,Domestic,43,12673.46,544958.78,6453.64,0,0,99254.24,650666.66,INR,1,Rail,20-03-2025,20-03-2025,0,Pending,Delivered,544958.78
PO001280,22-05-2026,S0098,P0100,WH004,CT00583,Domestic,168,779.42,130942.56,2612.72,0,0,24039.95,157595.23,INR,1,Air,01-06-2026,02-06-2026,1,Approved,Delivered,130942.56
PO001281,06-02-2026,S0072,P0300,WH002,CT00187,Domestic,240,2572.02,617284.8,10659.97,0,0,113030.06,740974.83,INR,1,Rail,03-03-2026,03-03-2026,0,Approved,Delivered,617284.8
PO001282,29-01-2026,S0047,P0069,WH002,CT00111,Domestic,77,42219.64,3250912.28,39040.28,0,0,592191.46,3882144.02,INR,1,Road,25-02-2026,25-02-2026,0,Pending,Partially Delivered,3250912.28
PO001283,01-01-2026,S0005,P0279,WH004,CT00370,Domestic,177,74324.64,13155461.28,206855.98,0,0,2405217.11,15767534.37,INR,1,Road,05-01-2026,05-01-2026,0,Approved,Delivered,13155461.28
PO001284,30-07-2025,S0071,P0202,WH004,CT00278,Domestic,630,30282.76,19078138.8,274147.19,0,0,3483411.48,22835697.47,INR,1,Rail,27-08-2025,29-08-2025,2,Approved,Delivered,19078138.8
PO001285,18-12-2025,S0022,P0174,WH003,CT00561,Domestic,577,74289.16,42864845.32,254966.41,0,0,7761566.11,50881377.84,INR,1,Air,06-01-2026,06-01-2026,0,Approved,Cancelled,42864845.32
PO001286,20-01-2026,S0013,P0012,WH002,CT00127,Domestic,725,89964,65223900,454853.73,0,0,11822175.67,77500929.4,INR,1,Road,11-02-2026,14-02-2026,3,Approved,Delivered,65223900
PO001287,04-05-2026,S0099,P0230,WH001,CT00324,Domestic,193,54747.5,10566267.5,91475.33,0,0,1918393.71,12576136.54,INR,1,Road,21-05-2026,21-05-2026,0,Approved,Delivered,10566267.5
PO001288,20-09-2025,S0057,P0068,WH003,CT00597,Domestic,756,5202.81,3933324.36,25571.9,0,0,712601.33,4671497.59,INR,1,Air,11-10-2025,11-10-2025,0,Pending,Delivered,3933324.36
PO001289,26-02-2026,S0056,P0066,WH004,CT00590,Domestic,839,42695.95,35821902.05,253342.83,0,0,6493544.08,42568788.96,INR,1,Road,27-03-2026,27-03-2026,0,Approved,Partially Delivered,35821902.05
PO001290,16-06-2026,S0092,P0209,WH004,CT00183,Domestic,792,80123.01,63457423.92,886364.8,0,0,11581881.97,75925670.69,INR,1,Road,03-07-2026,03-07-2026,0,Approved,Cancelled,63457423.92
PO001291,25-05-2025,S0099,P0217,WH004,CT00324,Domestic,320,70687.91,22620131.2,141393.7,0,0,4097074.48,26858599.38,INR,1,Rail,06-06-2025,07-06-2025,1,Approved,Partially Delivered,22620131.2
PO001292,02-08-2025,S0009,P0078,WH003,CT00097,Domestic,270,46184.51,12469817.7,208908.02,0,0,2282170.63,14960896.35,INR,1,Road,11-08-2025,13-08-2025,2,Approved,Delivered,12469817.7
PO001293,27-01-2025,S0012,P0054,WH003,CT00445,Domestic,488,49665.22,24236627.36,293320.5,0,0,4415390.61,28945338.47,INR,1,Rail,28-02-2025,01-03-2025,1,Approved,Partially Delivered,24236627.36
PO001294,10-12-2025,S0075,P0023,WH003,CT00059,Domestic,259,19497.02,5049728.18,47000.83,0,0,917411.22,6014140.23,INR,1,Road,03-01-2026,03-01-2026,0,Approved,Delivered,5049728.18
PO001295,19-07-2026,S0046,P0077,WH004,CT00069,Domestic,512,36602.54,18740500.48,360338.63,0,0,3438151.04,22538990.15,INR,1,Air,24-08-2026,27-08-2026,3,Approved,Delivered,18740500.48
PO001296,08-12-2025,S0125,P0161,WH003,CT00144,Domestic,596,47732.32,28448462.72,297909.5,0,0,5174347,33920719.22,INR,1,Road,12-01-2026,12-01-2026,0,Pending,Delivered,28448462.72
PO001297,11-01-2025,S0085,P0292,WH004,No Contract,Domestic,663,69283.06,45934668.78,579950.82,0,0,8372631.53,54887251.13,INR,1,Air,13-01-2025,13-01-2025,0,Approved,Delivered,45934668.78
PO001298,15-01-2025,S0084,P0267,WH001,CT00450,Domestic,657,12335.34,8104318.38,157692.39,0,0,1487161.94,9749172.71,INR,1,Air,14-02-2025,14-02-2025,0,Approved,Cancelled,8104318.38
PO001299,28-05-2025,S0001,P0025,WH004,CT00328,Domestic,479,15053.4,7210578.6,120445.23,0,0,1319584.29,8650608.12,INR,1,Road,16-06-2025,19-06-2025,3,Approved,Partially Delivered,7210578.6
PO001300,29-10-2025,S0033,P0031,WH001,CT00001,Domestic,89,12471.12,1109929.68,19396.73,0,0,203278.75,1332605.16,INR,1,Road,09-11-2025,09-11-2025,0,Approved,Partially Delivered,1109929.68
PO001301,09-09-2025,S0034,P0291,WH003,No Contract,Domestic,948,83240.09,78911605.32,737258.59,0,0,14336795.5,93985659.41,INR,1,Road,12-10-2025,12-10-2025,0,Approved,Delivered,78911605.32
PO001302,10-04-2025,S0055,P0025,WH003,CT00495,Domestic,976,14143.86,13804407.36,115075.82,0,0,2505506.97,16424990.15,INR,1,Road,02-05-2025,05-05-2025,3,Approved,Delivered,13804407.36
PO001303,02-07-2026,S0010,P0240,WH002,No Contract,Domestic,143,80167.57,11463962.51,174892.25,0,0,2094993.86,13733848.62,INR,1,Road,24-07-2026,24-07-2026,0,Approved,Delivered,11463962.51
PO001304,10-10-2025,S0035,P0125,WH003,CT00477,Domestic,629,12027.59,7565354.11,151213.81,0,0,1388982.23,9105550.15,INR,1,Air,17-10-2025,17-10-2025,0,Pending,Partially Delivered,7565354.11
PO001305,23-04-2026,S0091,P0129,WH003,CT00213,Domestic,809,19502.27,15777336.43,185877.45,0,0,2873378.5,18836592.38,INR,1,Rail,11-05-2026,11-05-2026,0,Approved,Cancelled,15777336.43
PO001306,06-09-2025,S0070,P0156,WH003,CT00552,Domestic,892,72379.15,64562201.8,940227.13,0,0,11790437.21,77292866.14,INR,1,Rail,14-10-2025,14-10-2025,0,Pending,Delivered,64562201.8
PO001307,08-05-2025,S0096,P0265,WH004,CT00565,Domestic,192,30924.9,5937580.8,63685.2,0,0,1080227.88,7081493.88,INR,1,Air,10-06-2025,10-06-2025,0,Approved,Partially Delivered,5937580.8
PO001308,10-06-2025,S0088,P0072,WH004,CT00480,Domestic,933,6873.27,6412760.91,59945.5,0,0,1165087.15,7637793.56,INR,1,Air,06-07-2025,06-07-2025,0,Approved,Partially Delivered,6412760.91
PO001309,14-06-2025,S0059,P0193,WH004,CT00600,Domestic,543,25846.02,14034388.86,125330.58,0,0,2548749.5,16708468.94,INR,1,Rail,13-07-2025,13-07-2025,0,Approved,Delivered,14034388.86
PO001310,10-12-2025,S0014,P0064,WH004,CT00112,Domestic,964,77690.45,74893593.8,392614.81,0,0,13551517.55,88837726.16,INR,1,Road,28-12-2025,28-12-2025,0,Pending,Delivered,74893593.8
PO001311,09-08-2025,S0050,P0024,WH004,CT00341,Domestic,805,30551.41,24593885.05,211534.51,0,0,4464975.52,29270395.08,INR,1,Rail,18-08-2025,19-08-2025,1,Approved,Delivered,24593885.05
PO001312,08-09-2025,S0081,P0011,WH001,CT00124,Domestic,504,57404.09,28931661.36,224576.77,0,0,5248122.86,34404360.99,INR,1,Air,27-09-2025,02-10-2025,5,Approved,Partially Delivered,28931661.36
PO001313,29-06-2025,S0003,P0199,WH003,CT00311,Domestic,860,55729.59,47927447.4,420734.57,0,0,8702672.75,57050854.72,INR,1,Air,17-07-2025,25-07-2025,8,Approved,Delivered,47927447.4
PO001314,02-12-2025,S0123,P0060,WH001,CT00162,Domestic,256,5399.35,1382233.6,18024.78,0,0,252046.51,1652304.89,INR,1,Air,07-01-2026,07-01-2026,0,Approved,Delivered,1382233.6
PO001315,06-05-2026,S0102,P0170,WH004,CT00231,Domestic,370,70045.87,25916971.9,209781.13,0,0,4702815.55,30829568.58,INR,1,Road,08-06-2026,10-06-2026,2,Pending,Delivered,25916971.9
PO001316,18-11-2025,S0007,P0264,WH003,CT00233,Domestic,252,13319.42,3356493.84,33771.96,0,0,610247.84,4000513.64,INR,1,Road,17-12-2025,18-12-2025,1,Pending,Partially Delivered,3356493.84
PO001317,10-01-2025,S0035,P0014,WH004,CT00494,Domestic,409,23036.47,9421916.23,52631.34,0,0,1705418.56,11179966.13,INR,1,Road,22-01-2025,27-01-2025,5,Approved,Cancelled,9421916.23
PO001318,27-03-2026,S0037,P0106,WH001,CT00549,Domestic,63,18373.81,1157550.03,17323.57,0,0,211477.25,1386350.85,INR,1,Air,03-05-2026,03-05-2026,0,Approved,Delivered,1157550.03
PO001319,08-03-2025,S0114,P0254,WH001,No Contract,Domestic,912,65300.02,59553618.24,1115700.39,0,0,10920477.35,71589795.98,INR,1,Road,30-03-2025,31-03-2025,1,Pending,Delivered,59553618.24
PO001320,25-04-2025,S0026,P0062,WH004,CT00109,Domestic,627,66179.49,41494540.23,599279.34,0,0,7576887.52,49670707.09,INR,1,Rail,18-05-2025,21-05-2025,3,Pending,Delivered,41494540.23
PO001321,11-10-2025,S0018,P0262,WH002,CT00290,Domestic,451,76174.86,34354861.86,588390.23,0,0,6289785.38,41233037.47,INR,1,Air,30-10-2025,30-10-2025,0,Approved,Delivered,34354861.86
PO001322,01-08-2025,S0018,P0241,WH003,CT00031,Domestic,19,28316.69,538017.11,9028.38,0,0,98468.19,645513.68,INR,1,Air,22-08-2025,23-08-2025,1,Approved,Delivered,538017.11
PO001323,28-09-2025,S0016,P0005,WH002,CT00292,Domestic,134,36391.14,4876412.76,77046.31,0,0,891622.63,5845081.7,INR,1,Rail,01-11-2025,01-11-2025,0,Approved,Delivered,4876412.76
PO001324,09-05-2025,S0013,P0258,WH002,CT00127,Domestic,871,26300.28,22907543.88,123097.02,0,0,4145515.36,27176156.26,INR,1,Road,01-06-2025,02-06-2025,1,Pending,Delivered,22907543.88
PO001325,21-03-2026,S0017,P0014,WH002,No Contract,Domestic,473,22662.36,10719296.28,96295.89,0,0,1946806.59,12762398.76,INR,1,Road,20-04-2026,20-04-2026,0,Approved,Delivered,10719296.28
PO001326,15-04-2025,S0090,P0223,WH001,CT00155,Domestic,817,2339.58,1911436.86,35847.43,0,0,350511.17,2297795.46,INR,1,Road,04-05-2025,06-05-2025,2,Approved,Delivered,1911436.86
PO001327,20-03-2026,S0094,P0276,WH004,CT00498,Domestic,679,86404.22,58668465.38,999843.17,0,0,10740295.54,70408604.09,INR,1,Road,24-04-2026,24-04-2026,0,Approved,Partially Delivered,58668465.38
PO001328,02-04-2026,S0089,P0006,WH001,CT00177,Domestic,987,64156.31,63322277.97,477133.89,0,0,11483894.13,75283305.99,INR,1,Rail,24-04-2026,24-04-2026,0,Approved,Partially Delivered,63322277.97
PO001329,02-06-2025,S0122,P0092,WH004,CT00261,Domestic,863,18040.12,15568623.56,157430.69,0,0,2830689.76,18556744.01,INR,1,Air,08-06-2025,20-06-2025,12,Pending,Cancelled,15568623.56
PO001330,06-11-2025,S0049,P0172,WH002,No Contract,Domestic,114,432.41,49294.74,470.7,0,0,8957.78,58723.22,INR,1,Air,11-11-2025,11-11-2025,0,Approved,Cancelled,49294.74
PO001331,18-05-2025,S0037,P0016,WH004,CT00557,Domestic,582,89380.54,52019474.28,954567.21,0,0,9535327.47,62509368.96,INR,1,Air,14-06-2025,14-06-2025,0,Pending,Delivered,52019474.28
PO001332,01-04-2025,S0110,P0066,WH002,CT00142,Domestic,52,44016.29,2288847.08,42305.04,0,0,419607.38,2750759.5,INR,1,Road,12-04-2025,12-04-2025,0,Approved,Delivered,2288847.08
PO001333,25-06-2026,S0119,P0093,WH004,CT00009,Domestic,565,41904.65,23676127.25,283742.54,0,0,4312776.56,28272646.35,INR,1,Air,03-07-2026,03-07-2026,0,Approved,Cancelled,23676127.25
PO001334,01-02-2025,S0112,P0085,WH004,CT00014,Domestic,754,69260.29,52222258.66,655641.62,0,0,9518022.05,62395922.33,INR,1,Road,05-03-2025,05-03-2025,0,Approved,Cancelled,52222258.66
PO001335,27-12-2025,S0013,P0007,WH001,CT00127,Domestic,100,65246.24,6524624,83468.99,0,0,1189456.74,7797549.73,INR,1,Road,20-01-2026,20-01-2026,0,Approved,Delivered,6524624
PO001336,16-05-2025,S0088,P0231,WH001,CT00460,Domestic,940,46953.09,44135904.6,536917.54,0,0,8041107.99,52713930.13,INR,1,Air,17-06-2025,18-06-2025,1,Pending,Partially Delivered,44135904.6
PO001337,21-02-2026,S0080,P0105,WH004,CT00125,Domestic,809,12373.78,10010388.02,126238.77,0,0,1824592.82,11961219.61,INR,1,Rail,21-03-2026,21-03-2026,0,Approved,Delivered,10010388.02
PO001338,12-03-2026,S0094,P0265,WH003,CT00498,Domestic,115,28339.62,3259056.3,29244.15,0,0,591894.08,3880194.53,INR,1,Road,13-04-2026,13-04-2026,0,Approved,Delivered,3259056.3
PO001339,17-05-2025,S0076,P0167,WH002,CT00326,Domestic,938,16300.13,15289521.94,105961.91,0,0,2771187.09,18166670.94,INR,1,Road,18-06-2025,23-06-2025,5,Pending,Cancelled,15289521.94
PO001340,13-05-2025,S0029,P0027,WH001,CT00157,Domestic,678,63675.45,43171955.1,388440.93,0,0,7840871.29,51401267.32,INR,1,Air,09-06-2025,11-06-2025,2,Pending,Partially Delivered,43171955.1
PO001341,16-08-2025,S0032,P0203,WH001,CT00185,Domestic,597,23832.79,14228175.63,71637.49,0,0,2573966.36,16873779.48,INR,1,Air,22-08-2025,27-08-2025,5,Pending,Partially Delivered,14228175.63
PO001342,14-03-2025,S0118,P0035,WH001,CT00404,Domestic,882,51826.55,45711017.1,532768.46,0,0,8323881.4,54567666.96,INR,1,Rail,14-04-2025,14-04-2025,0,Approved,Partially Delivered,45711017.1
PO001343,06-09-2025,S0052,P0139,WH004,CT00593,Domestic,341,63175.58,21542872.78,192829.95,0,0,3912426.49,25648129.22,INR,1,Road,06-10-2025,06-10-2025,0,Pending,Partially Delivered,21542872.78
PO001344,19-11-2025,S0116,P0246,WH003,CT00392,Domestic,898,69305.13,62236006.74,415208.38,0,0,11277218.72,73928433.84,INR,1,Air,21-12-2025,21-12-2025,0,Approved,Delivered,62236006.74
PO001345,02-02-2026,S0066,P0280,WH003,CT00576,Domestic,574,35076.45,20133882.3,116049.27,0,0,3644987.68,23894919.25,INR,1,Road,28-02-2026,03-03-2026,3,Approved,Delivered,20133882.3
PO001346,05-05-2025,S0093,P0300,WH004,CT00117,Domestic,741,2820.43,2089938.63,19383.62,0,0,379678,2489000.25,INR,1,Road,16-05-2025,16-05-2025,0,Approved,Cancelled,2089938.63
PO001347,26-10-2025,S0060,P0185,WH003,CT00217,Domestic,610,47637.19,29058685.9,483036,0,0,5317509.94,34859231.84,INR,1,Air,13-11-2025,16-11-2025,3,Approved,Delivered,29058685.9
PO001348,26-03-2026,S0022,P0132,WH004,CT00443,Domestic,68,29942.58,2036095.44,19072.5,0,0,369930.23,2425098.17,INR,1,Air,13-04-2026,13-04-2026,0,Approved,Delivered,2036095.44
PO001349,25-07-2026,S0061,P0150,WH004,CT00091,Domestic,610,72503.04,44226854.4,286653.34,0,0,8012431.39,52525939.13,INR,1,Rail,05-08-2026,06-08-2026,1,Approved,Delivered,44226854.4
PO001350,21-11-2025,S0125,P0225,WH003,CT00399,Domestic,106,73741.53,7816602.18,82412.84,0,0,1421822.7,9320837.72,INR,1,Rail,25-12-2025,25-12-2025,0,Approved,Delivered,7816602.18
PO001351,01-08-2025,S0040,P0286,WH003,CT00312,Domestic,873,60664.21,52959855.33,601486.99,0,0,9641041.62,63202383.94,INR,1,Road,17-08-2025,17-08-2025,0,Approved,Delivered,52959855.33
PO001352,30-08-2025,S0050,P0146,WH002,CT00341,Domestic,908,62305.96,56573811.68,428879.87,0,0,10260484.48,67263176.03,INR,1,Rail,16-09-2025,19-09-2025,3,Pending,Delivered,56573811.68
PO001353,19-02-2025,S0065,P0141,WH004,CT00587,Domestic,693,25528.32,17691125.76,102839.72,0,0,3202913.79,20996879.27,INR,1,Air,26-02-2025,27-02-2025,1,Approved,Cancelled,17691125.76
PO001354,04-02-2025,S0114,P0098,WH003,No Contract,Domestic,188,18821.22,3538389.36,52653.36,0,0,646387.69,4237430.41,INR,1,Air,03-03-2025,03-03-2025,0,Approved,Delivered,3538389.36
PO001355,29-03-2025,S0050,P0297,WH002,CT00398,Domestic,956,22839.63,21834686.28,181559.86,0,0,3962924.31,25979170.45,INR,1,Rail,15-04-2025,15-04-2025,0,Approved,Delivered,21834686.28
PO001356,03-01-2025,S0104,P0195,WH002,CT00102,Domestic,808,50634.94,40913031.52,497059.38,0,0,7453816.36,48863907.26,INR,1,Rail,28-01-2025,31-01-2025,3,Approved,Partially Delivered,40913031.52
PO001357,21-11-2025,S0001,P0086,WH002,CT00543,Domestic,79,42573.62,3363315.98,45036.25,0,0,613503.4,4021855.63,INR,1,Road,06-12-2025,06-12-2025,0,Approved,Delivered,3363315.98
PO001358,03-04-2025,S0008,P0188,WH004,CT00510,Domestic,523,1767.44,924371.12,17426.45,0,0,169523.56,1111321.13,INR,1,Road,16-04-2025,16-04-2025,0,Approved,Cancelled,924371.12
PO001359,17-01-2026,S0079,P0273,WH001,CT00201,Domestic,295,74238.97,21900496.15,296173.68,0,0,3995400.57,26192070.4,INR,1,Rail,14-02-2026,14-02-2026,0,Pending,Delivered,21900496.15
PO001360,17-03-2026,S0097,P0140,WH002,CT00004,Domestic,456,63033.85,28743435.6,434330.67,0,0,5251997.93,34429764.2,INR,1,Road,01-04-2026,03-04-2026,2,Approved,Delivered,28743435.6
PO001361,08-02-2025,S0012,P0267,WH004,CT00320,Domestic,89,11795.3,1049781.7,17402.66,0,0,192093.18,1259277.54,INR,1,Rail,06-03-2025,06-03-2025,0,Approved,Cancelled,1049781.7
PO001362,19-07-2025,S0008,P0275,WH004,CT00510,Domestic,728,40794.5,29698396,431502.6,0,0,5423381.75,35553280.35,INR,1,Air,03-08-2025,03-08-2025,0,Approved,Delivered,29698396
PO001363,25-03-2025,S0106,P0199,WH001,CT00075,Domestic,190,59925.51,11385846.9,183440.68,0,0,2082471.76,13651759.34,INR,1,Air,03-04-2025,11-04-2025,8,Approved,Delivered,11385846.9
PO001364,04-09-2025,S0060,P0031,WH003,CT00470,Domestic,113,12883.45,1455829.85,22221.44,0,0,266049.23,1744100.52,INR,1,Rail,24-09-2025,02-10-2025,8,Approved,Delivered,1455829.85
PO001365,18-12-2025,S0085,P0008,WH003,No Contract,Domestic,909,57008.24,51820490.16,482043.46,0,0,9414456.05,61716989.67,INR,1,Air,25-12-2025,26-12-2025,1,Approved,Delivered,51820490.16
PO001366,22-10-2025,S0032,P0136,WH004,CT00185,Domestic,898,38136.97,34246999.06,218476.4,0,0,6203785.58,40669261.04,INR,1,Air,30-10-2025,31-10-2025,1,Approved,Partially Delivered,34246999.06
PO001367,31-05-2025,S0080,P0238,WH001,CT00125,Domestic,515,48090.09,24766396.35,407932.87,0,0,4531379.26,29705708.48,INR,1,Rail,28-06-2025,28-06-2025,0,Approved,Cancelled,24766396.35
PO001368,07-06-2026,S0073,P0151,WH003,CT00027,Domestic,520,6032.94,3137128.8,20605.71,0,0,568392.21,3726126.72,INR,1,Air,20-06-2026,20-06-2026,0,Pending,Delivered,3137128.8
PO001369,18-04-2026,S0095,P0127,WH004,CT00439,Domestic,126,72385.08,9120520.08,144458.14,0,0,1667696.08,10932674.3,INR,1,Rail,11-05-2026,14-05-2026,3,Approved,Delivered,9120520.08
PO001370,28-02-2026,S0025,P0192,WH002,CT00271,Domestic,477,41328.57,19713727.89,364009.7,0,0,3613992.77,23691730.36,INR,1,Air,31-03-2026,01-04-2026,1,Approved,Cancelled,19713727.89
PO001371,06-08-2025,S0039,P0192,WH002,CT00493,Domestic,952,49419.71,47047563.92,555431.97,0,0,8568539.26,56171535.15,INR,1,Road,01-09-2025,01-09-2025,0,Approved,Delivered,47047563.92
PO001372,24-11-2025,S0057,P0013,WH001,CT00597,Domestic,362,15288.28,5534357.36,36599.44,0,0,1002772.22,6573729.02,INR,1,Rail,04-12-2025,06-12-2025,2,Approved,Delivered,5534357.36
PO001373,24-02-2025,S0020,P0094,WH002,CT00159,Domestic,489,24529.27,11994813.03,152056.72,0,0,2186436.55,14333306.3,INR,1,Road,19-03-2025,19-03-2025,0,Pending,Delivered,11994813.03
PO001374,11-04-2025,S0047,P0188,WH002,CT00506,Domestic,825,1901.62,1568836.5,22130.68,0,0,286374.09,1877341.27,INR,1,Road,07-05-2025,08-05-2025,1,Approved,Cancelled,1568836.5
PO001375,11-11-2025,S0031,P0251,WH001,CT00294,Domestic,70,42107.32,2947512.4,29696.43,0,0,535897.59,3513106.42,INR,1,Road,29-11-2025,29-11-2025,0,Pending,Partially Delivered,2947512.4
PO001376,11-07-2026,S0107,P0276,WH002,CT00020,Domestic,740,76437.28,56563587.2,895630.11,0,0,10342659.12,67801876.43,INR,1,Air,12-08-2026,13-08-2026,1,Approved,Cancelled,56563587.2
PO001377,06-07-2025,S0078,P0268,WH003,CT00267,Domestic,181,23216.5,4202186.5,56844.67,0,0,766625.61,5025656.78,INR,1,Rail,05-08-2025,05-08-2025,0,Approved,Cancelled,4202186.5
PO001378,07-02-2026,S0097,P0213,WH001,CT00004,Domestic,163,63484.39,10347955.57,112901.84,0,0,1882954.33,12343811.74,INR,1,Rail,02-03-2026,02-03-2026,0,Pending,Partially Delivered,10347955.57
PO001379,08-03-2025,S0051,P0118,WH001,CT00339,Domestic,598,72369.65,43277050.7,567381.06,0,0,7891997.72,51736429.48,INR,1,Air,16-03-2025,16-03-2025,0,Approved,Delivered,43277050.7
PO001380,01-03-2026,S0111,P0074,WH001,CT00150,Domestic,843,50055.16,42196499.88,591256.38,0,0,7701796.13,50489552.39,INR,1,Rail,18-03-2026,18-03-2026,0,Approved,Delivered,42196499.88
PO001381,15-07-2025,S0041,P0250,WH004,CT00563,Domestic,587,56634.88,33244674.56,614629.19,0,0,6094674.68,39953978.43,INR,1,Air,05-08-2025,06-08-2025,1,Approved,Delivered,33244674.56
PO001382,24-06-2025,S0070,P0163,WH004,CT00552,Domestic,972,48769.26,47403720.72,699538.85,0,0,8658586.72,56761846.29,INR,1,Road,30-07-2025,07-08-2025,8,Pending,Cancelled,47403720.72
PO001383,26-07-2026,S0082,P0088,WH003,CT00096,Domestic,108,22501.13,2430122.04,29153.01,0,0,442669.51,2901944.56,INR,1,Rail,31-07-2026,03-08-2026,3,Approved,Delivered,2430122.04
PO001384,10-01-2026,S0106,P0282,WH001,CT00075,Domestic,548,42188.48,23119287.04,325152.75,0,0,4219999.16,27664438.95,INR,1,Rail,21-01-2026,21-01-2026,0,Pending,Delivered,23119287.04
PO001385,22-07-2025,S0058,P0291,WH004,CT00329,Domestic,851,72356.32,61575228.32,1160693.3,0,0,11292465.89,74028387.51,INR,1,Road,25-08-2025,30-08-2025,5,Approved,Cancelled,61575228.32
PO001386,12-06-2025,S0090,P0236,WH001,CT00155,Domestic,376,72956.7,27431719.2,185987.62,0,0,4971187.23,32588894.05,INR,1,Rail,30-06-2025,02-07-2025,2,Pending,Partially Delivered,27431719.2
PO001387,12-07-2026,S0039,P0243,WH001,CT00493,Domestic,110,763.81,84019.1,556.36,0,0,15223.58,99799.04,INR,1,Air,02-08-2026,02-08-2026,0,Pending,Delivered,84019.1
PO001388,06-12-2025,S0094,P0166,WH003,CT00498,Domestic,74,19905.22,1472986.28,20659.37,0,0,268856.22,1762501.87,INR,1,Rail,04-01-2026,04-01-2026,0,Approved,Delivered,1472986.28
PO001389,16-07-2025,S0021,P0215,WH001,CT00415,Domestic,581,32554.73,18914298.13,119939,0,0,3426162.68,22460399.81,INR,1,Air,26-07-2025,31-07-2025,5,Pending,Partially Delivered,18914298.13
PO001390,30-06-2025,S0101,P0238,WH003,CT00206,Domestic,656,44564.12,29234062.72,390716.16,0,0,5332460.2,34957239.08,INR,1,Road,10-07-2025,10-07-2025,0,Pending,Partially Delivered,29234062.72
PO001391,29-07-2025,S0080,P0112,WH002,CT00034,Domestic,418,22954.33,9594909.94,108327.98,0,0,1746582.83,11449820.75,INR,1,Air,26-08-2025,28-08-2025,2,Pending,Delivered,9594909.94
PO001392,07-05-2026,S0100,P0154,WH002,CT00227,Domestic,121,31974.51,3868915.71,46481.02,0,0,704771.41,4620168.14,INR,1,Air,09-06-2026,12-06-2026,3,Approved,Delivered,3868915.71
PO001393,23-07-2025,S0058,P0269,WH002,CT00021,Domestic,446,89451.7,39895458.2,337049.8,0,0,7241851.44,47474359.44,INR,1,Air,29-08-2025,10-09-2025,12,Approved,Delivered,39895458.2
PO001394,02-11-2025,S0057,P0053,WH004,CT00597,Domestic,795,37570.66,29868674.7,198647.06,0,0,5412117.92,35479439.68,INR,1,Road,19-11-2025,22-11-2025,3,Approved,Partially Delivered,29868674.7
PO001395,16-02-2025,S0096,P0091,WH003,CT00565,Domestic,538,31535.32,16966002.16,86316.41,0,0,3069417.34,20121735.91,INR,1,Air,15-03-2025,16-03-2025,1,Approved,Cancelled,16966002.16
PO001396,05-03-2026,S0074,P0038,WH001,CT00128,Domestic,836,33217.7,27769997.2,256640.05,0,0,5044794.7,33071431.95,INR,1,Road,21-03-2026,21-03-2026,0,Approved,Delivered,27769997.2
PO001397,29-04-2025,S0058,P0016,WH003,CT00021,Domestic,99,83359.72,8252612.28,133313.37,0,0,1509466.62,9895392.27,INR,1,Rail,28-05-2025,28-05-2025,0,Approved,Cancelled,8252612.28
PO001398,18-07-2025,S0099,P0075,WH004,CT00324,Domestic,148,22196.4,3285067.2,23464.64,0,0,595535.73,3904067.57,INR,1,Air,30-07-2025,31-07-2025,1,Approved,Delivered,3285067.2
PO001399,22-05-2026,S0029,P0132,WH002,CT00366,Domestic,205,30909.77,6336502.85,103512.84,0,0,1159202.82,7599218.51,INR,1,Air,26-06-2026,27-06-2026,1,Pending,Delivered,6336502.85
PO001400,24-04-2025,S0012,P0201,WH002,CT00320,Domestic,853,84315.4,71921036.2,438519.01,0,0,13024719.94,85384275.15,INR,1,Air,23-05-2025,24-05-2025,1,Approved,Delivered,71921036.2
PO001401,20-02-2025,S0024,P0173,WH001,CT00387,Domestic,529,34748.99,18382215.71,230837.87,0,0,3350349.64,21963403.22,INR,1,Rail,13-03-2025,13-03-2025,0,Approved,Delivered,18382215.71
PO001402,27-02-2025,S0034,P0002,WH003,No Contract,Domestic,772,84021.21,64864374.12,750291.02,0,0,11810639.73,77425304.87,INR,1,Air,30-03-2025,30-03-2025,0,Approved,Delivered,64864374.12
PO001403,14-06-2026,S0043,P0138,WH004,No Contract,Domestic,647,60066.4,38862960.8,327939.25,0,0,7054362.01,46245262.06,INR,1,Air,27-06-2026,27-06-2026,0,Pending,Delivered,38862960.8
PO001404,14-04-2026,S0103,P0233,WH004,CT00064,Domestic,558,40110.9,22381882.2,173829.43,0,0,4060028.09,26615739.72,INR,1,Air,13-05-2026,13-05-2026,0,Pending,Delivered,22381882.2
PO001405,17-01-2026,S0039,P0192,WH002,CT00170,Domestic,199,44359.42,8827524.58,145163.24,0,0,1615083.81,10587771.63,INR,1,Air,04-02-2026,05-02-2026,1,Approved,Partially Delivered,8827524.58
PO001406,07-01-2025,S0094,P0050,WH001,CT00164,Domestic,977,40813.72,39875004.44,335068.39,0,0,7237813.11,47447885.94,INR,1,Rail,13-02-2025,13-02-2025,0,Approved,Delivered,39875004.44
PO001407,10-02-2025,S0113,P0225,WH003,No Contract,Domestic,915,71156.64,65108325.6,780773,0,0,11860037.75,77749136.35,INR,1,Rail,15-02-2025,15-02-2025,0,Approved,Delivered,65108325.6
PO001408,10-05-2025,S0076,P0178,WH003,CT00326,Domestic,983,22767.21,22380167.43,284187.22,0,0,4079583.84,26743938.49,INR,1,Rail,03-06-2025,04-06-2025,1,Approved,Delivered,22380167.43
PO001409,11-03-2025,S0028,P0003,WH003,CT00422,Domestic,673,76487.03,51475771.19,636340.31,0,0,9380180.07,61492291.57,INR,1,Rail,25-03-2025,27-03-2025,2,Pending,Delivered,51475771.19
PO001410,29-04-2026,S0093,P0263,WH001,CT00117,Domestic,886,71860.14,63668084.04,989902.73,0,0,11638437.62,76296424.39,INR,1,Rail,08-05-2026,08-05-2026,0,Approved,Delivered,63668084.04
PO001411,29-07-2026,S0017,P0218,WH001,No Contract,Domestic,542,46860.78,25398542.76,462014.47,0,0,4654900.3,30515457.53,INR,1,Rail,27-08-2026,27-08-2026,0,Pending,Partially Delivered,25398542.76
PO001412,23-07-2025,S0053,P0208,WH001,CT00361,Domestic,147,32781.54,4818886.38,67263.86,0,0,879507.04,5765657.28,INR,1,Rail,04-08-2025,09-08-2025,5,Approved,Delivered,4818886.38
PO001413,01-02-2026,S0039,P0295,WH002,CT00372,Domestic,644,71374.51,45965184.44,740901.51,0,0,8407095.47,55113181.42,INR,1,Air,25-02-2026,28-02-2026,3,Approved,Cancelled,45965184.44
PO001414,25-04-2026,S0057,P0281,WH003,CT00484,Domestic,616,52694.43,32459768.88,444857.23,0,0,5922832.7,38827458.81,INR,1,Road,14-05-2026,19-05-2026,5,Pending,Delivered,32459768.88
PO001415,01-04-2026,S0094,P0297,WH004,CT00498,Domestic,949,24102.47,22873244.03,411812.01,0,0,4191310.09,27476366.13,INR,1,Road,29-04-2026,01-05-2026,2,Approved,Cancelled,22873244.03
PO001416,15-06-2025,S0114,P0067,WH002,No Contract,Domestic,821,51541.88,42315883.48,702994.51,0,0,7743398.04,50762276.03,INR,1,Road,09-07-2025,12-07-2025,3,Approved,Delivered,42315883.48
PO001417,01-04-2026,S0062,P0004,WH004,No Contract,Domestic,86,66569.75,5724998.5,89317.62,0,0,1046576.9,6860893.02,INR,1,Air,05-04-2026,05-04-2026,0,Pending,Cancelled,5724998.5
PO001418,26-10-2025,S0059,P0181,WH003,CT00600,Domestic,840,3160.15,2654526,18113.96,0,0,481075.19,3153715.15,INR,1,Rail,26-11-2025,26-11-2025,0,Approved,Delivered,2654526
PO001419,01-04-2026,S0074,P0212,WH001,CT00128,Domestic,653,76296.76,49821784.28,812261.29,0,0,9114128.2,59748173.77,INR,1,Air,17-04-2026,17-04-2026,0,Approved,Delivered,49821784.28
PO001420,06-08-2025,S0124,P0165,WH003,CT00444,Domestic,780,47587.57,37118304.6,553497.54,0,0,6780924.39,44452726.53,INR,1,Road,03-09-2025,03-09-2025,0,Approved,Partially Delivered,37118304.6
PO001421,09-02-2026,S0081,P0014,WH002,CT00124,Domestic,134,21327.64,2857903.76,18918.73,0,0,517828.05,3394650.54,INR,1,Road,23-02-2026,24-02-2026,1,Approved,Cancelled,2857903.76
PO001422,21-12-2025,S0106,P0155,WH002,CT00043,Domestic,391,46298.19,18102592.29,261703,0,0,3305573.15,21669868.44,INR,1,Rail,04-01-2026,04-01-2026,0,Approved,Partially Delivered,18102592.29
PO001423,28-01-2025,S0092,P0201,WH002,CT00183,Domestic,873,86525.69,75536927.37,1128410.53,0,0,13799760.82,90465098.72,INR,1,Air,11-02-2025,11-02-2025,0,Approved,Delivered,75536927.37
PO001424,03-08-2025,S0011,P0190,WH004,CT00599,Domestic,715,66404.25,47479038.75,795003.6,0,0,8689327.62,56963369.97,INR,1,Air,02-09-2025,04-09-2025,2,Approved,Cancelled,47479038.75
PO001425,14-03-2025,S0067,P0173,WH001,CT00529,Domestic,32,35983.95,1151486.4,16569.78,0,0,210250.11,1378306.29,INR,1,Road,19-03-2025,19-03-2025,0,Pending,Delivered,1151486.4
PO001426,27-02-2025,S0037,P0258,WH003,CT00549,Domestic,35,30234.71,1058214.85,20099.92,0,0,194096.66,1272411.43,INR,1,Road,30-03-2025,30-03-2025,0,Pending,Cancelled,1058214.85
PO001427,23-01-2025,S0115,P0173,WH004,CT00298,Domestic,738,30048.3,22175645.4,251215.8,0,0,4036835.02,26463696.22,INR,1,Rail,16-02-2025,16-02-2025,0,Approved,Partially Delivered,22175645.4
PO001428,03-08-2026,S0001,P0117,WH002,CT00328,Domestic,850,49971.55,42475817.5,479712.1,0,0,7731995.33,50687524.93,INR,1,Air,20-08-2026,20-08-2026,0,Approved,Cancelled,42475817.5
PO001429,13-12-2025,S0040,P0224,WH001,CT00239,Domestic,897,34416.71,30871788.87,479960.24,0,0,5643314.84,36995063.95,INR,1,Air,28-12-2025,28-12-2025,0,Approved,Delivered,30871788.87
PO001430,09-04-2026,S0005,P0191,WH004,CT00116,Domestic,169,80220.49,13557262.81,258916.01,0,0,2486912.19,16303091.01,INR,1,Rail,20-04-2026,20-04-2026,0,Approved,Partially Delivered,13557262.81
PO001431,28-10-2025,S0019,P0241,WH002,CT00551,Domestic,647,26889.99,17397823.53,215976.67,0,0,3170484.04,20784284.24,INR,1,Rail,24-11-2025,24-11-2025,0,Approved,Partially Delivered,17397823.53
PO001432,07-07-2026,S0070,P0176,WH001,CT00552,Domestic,659,31006.53,20433303.27,280066.21,0,0,3728406.51,24441775.99,INR,1,Rail,04-08-2026,04-08-2026,0,Approved,Delivered,20433303.27
PO001433,22-08-2025,S0110,P0007,WH003,CT00142,Domestic,867,60930.15,52826440.05,518315.5,0,0,9602056,62946811.55,INR,1,Air,03-09-2025,03-09-2025,0,Pending,Cancelled,52826440.05
PO001434,19-04-2025,S0011,P0248,WH003,CT00057,Domestic,434,77621.22,33687609.48,394002.4,0,0,6134690.14,40216302.02,INR,1,Rail,21-05-2025,21-05-2025,0,Pending,Cancelled,33687609.48
PO001435,14-02-2025,S0104,P0094,WH001,CT00102,Domestic,778,26981.04,20991249.12,188649.33,0,0,3812381.72,24992280.17,INR,1,Road,10-03-2025,11-03-2025,1,Approved,Cancelled,20991249.12
PO001436,09-11-2025,S0065,P0278,WH002,CT00367,Domestic,285,19086.81,5439740.85,66853.75,0,0,991187.03,6497781.63,INR,1,Road,21-11-2025,21-11-2025,0,Pending,Delivered,5439740.85
PO001437,11-10-2025,S0093,P0267,WH004,CT00117,Domestic,524,12556.8,6579763.2,119312.18,0,0,1205833.57,7904908.95,INR,1,Air,28-10-2025,31-10-2025,3,Pending,Partially Delivered,6579763.2
PO001438,12-06-2026,S0035,P0132,WH001,CT00494,Domestic,879,26906.7,23650989.3,382148.09,0,0,4325964.73,28359102.12,INR,1,Air,22-06-2026,22-06-2026,0,Approved,Cancelled,23650989.3
PO001439,03-05-2025,S0125,P0116,WH003,CT00044,Domestic,673,75068.94,50521396.62,978617.15,0,0,9270002.48,60770016.25,INR,1,Air,03-06-2025,03-06-2025,0,Approved,Delivered,50521396.62
PO001440,10-03-2026,S0054,P0143,WH003,CT00143,Domestic,220,89169.23,19617230.6,192098.56,0,0,3565679.25,23375008.41,INR,1,Rail,03-04-2026,06-04-2026,3,Approved,Cancelled,19617230.6
PO001441,29-10-2025,S0004,P0072,WH004,CT00152,Domestic,738,6525.72,4815981.36,24366.54,0,0,871262.62,5711610.52,INR,1,Rail,11-11-2025,13-11-2025,2,Approved,Delivered,4815981.36
PO001442,10-11-2025,S0116,P0211,WH004,CT00482,Domestic,513,39974.69,20507015.97,129184.25,0,0,3714516.04,24350716.26,INR,1,Rail,14-12-2025,16-12-2025,2,Approved,Delivered,20507015.97
PO001443,15-10-2025,S0035,P0151,WH002,CT00477,Domestic,32,6752.42,216077.44,3992.31,0,0,39612.56,259682.31,INR,1,Rail,29-10-2025,31-10-2025,2,Pending,Delivered,216077.44
PO001444,25-03-2026,S0117,P0086,WH003,No Contract,Domestic,368,47746.75,17570804,162489.41,0,0,3191992.81,20925286.22,INR,1,Air,22-04-2026,22-04-2026,0,Approved,Delivered,17570804
PO001445,02-08-2025,S0086,P0265,WH001,CT00481,Domestic,644,31200.67,20093231.48,309137.94,0,0,3672426.5,24074795.92,INR,1,Rail,29-08-2025,29-08-2025,0,Approved,Delivered,20093231.48
PO001446,01-01-2026,S0028,P0288,WH002,CT00422,Domestic,605,32794.71,19840799.55,323033.42,0,0,3629489.93,23793322.9,INR,1,Rail,11-01-2026,11-01-2026,0,Pending,Delivered,19840799.55
PO001447,04-07-2025,S0072,P0205,WH001,CT00527,Domestic,803,24173.42,19411256.26,183827.1,0,0,3527115,23122198.36,INR,1,Road,01-08-2025,01-08-2025,0,Approved,Delivered,19411256.26
PO001448,22-06-2026,S0076,P0157,WH004,CT00326,Domestic,827,19568.19,16182893.13,318491.31,0,0,2970249.2,19471633.64,INR,1,Rail,24-07-2026,27-07-2026,3,Approved,Cancelled,16182893.13
PO001449,09-07-2026,S0062,P0247,WH002,No Contract,Domestic,382,29078.71,11108067.22,169701,0,0,2029998.28,13307766.5,INR,1,Rail,15-07-2026,16-07-2026,1,Pending,Cancelled,11108067.22
PO001450,15-02-2025,S0114,P0281,WH002,No Contract,Domestic,80,56684.3,4534744,76766.37,0,0,830071.87,5441582.24,INR,1,Air,08-03-2025,08-03-2025,0,Approved,Cancelled,4534744
PO001451,22-05-2025,S0062,P0018,WH004,No Contract,Domestic,249,28292.5,7044832.5,46792.75,0,0,1276492.54,8368117.79,INR,1,Road,01-06-2025,01-06-2025,0,Pending,Partially Delivered,7044832.5
PO001452,27-08-2025,S0066,P0131,WH002,CT00576,Domestic,297,27164.02,8067713.94,140963.27,0,0,1477561.9,9686239.11,INR,1,Air,19-09-2025,22-09-2025,3,Pending,Partially Delivered,8067713.94
PO001453,07-10-2025,S0065,P0257,WH001,CT00367,Domestic,891,67199.95,59875155.45,892802.13,0,0,10938232.36,71706189.94,INR,1,Road,10-10-2025,10-10-2025,0,Pending,Partially Delivered,59875155.45
PO001454,09-08-2025,S0107,P0217,WH003,CT00147,Domestic,585,71546.48,41854690.8,646775.11,0,0,7650263.86,50151729.77,INR,1,Rail,06-09-2025,06-09-2025,0,Approved,Cancelled,41854690.8
PO001455,26-08-2025,S0094,P0086,WH001,CT00379,Domestic,189,43809.83,8280057.87,137728.81,0,0,1515201.6,9932988.28,INR,1,Road,01-10-2025,01-10-2025,0,Pending,Delivered,8280057.87
PO001456,11-07-2025,S0067,P0015,WH004,CT00529,Domestic,309,77790.48,24037258.32,448330.38,0,0,4407405.97,28892994.67,INR,1,Road,20-07-2025,20-07-2025,0,Approved,Delivered,24037258.32
PO001457,13-11-2025,S0055,P0265,WH004,CT00288,Domestic,836,30986.17,25904438.12,302523.61,0,0,4717253.11,30924214.84,INR,1,Road,30-11-2025,30-11-2025,0,Approved,Delivered,25904438.12
PO001458,27-09-2025,S0018,P0165,WH004,CT00290,Domestic,602,46624.13,28067726.26,322041.51,0,0,5110158.2,33499925.97,INR,1,Rail,09-10-2025,09-10-2025,0,Approved,Partially Delivered,28067726.26
PO001459,08-03-2025,S0002,P0051,WH001,CT00504,Domestic,857,5197.83,4454540.31,45855.49,0,0,810071.24,5310467.04,INR,1,Air,22-03-2025,23-03-2025,1,Approved,Partially Delivered,4454540.31
PO001460,19-10-2025,S0024,P0031,WH004,CT00387,Domestic,573,12942.1,7415823.3,133757.77,0,0,1358924.59,8908505.66,INR,1,Air,10-11-2025,13-11-2025,3,Approved,Delivered,7415823.3
PO001461,15-04-2026,S0089,P0287,WH002,CT00177,Domestic,539,74276.68,40035130.52,429605.07,0,0,7283652.41,47748388,INR,1,Air,05-05-2026,08-05-2026,3,Pending,Delivered,40035130.52
PO001462,14-02-2026,S0089,P0220,WH003,CT00177,Domestic,565,89937.7,50814800.5,846116.16,0,0,9298965,60959881.66,INR,1,Road,06-03-2026,06-03-2026,0,Approved,Cancelled,50814800.5
PO001463,21-11-2025,S0044,P0075,WH004,CT00513,Domestic,458,21547.98,9868974.84,100692.36,0,0,1794540.1,11764207.3,INR,1,Air,14-12-2025,15-12-2025,1,Approved,Delivered,9868974.84
PO001464,11-05-2026,S0004,P0183,WH002,CT00152,Domestic,201,58042.02,11666446.02,165345.71,0,0,2129722.51,13961514.24,INR,1,Air,01-06-2026,04-06-2026,3,Approved,Delivered,11666446.02
PO001465,01-01-2026,S0116,P0205,WH002,CT00482,Domestic,563,26610.39,14981649.57,287863.6,0,0,2748512.37,18018025.54,INR,1,Rail,27-01-2026,28-01-2026,1,Pending,Partially Delivered,14981649.57
PO001466,23-06-2025,S0036,P0188,WH001,CT00241,Domestic,715,1772.25,1267158.75,20523.34,0,0,231782.78,1519464.87,INR,1,Air,10-07-2025,11-07-2025,1,Pending,Delivered,1267158.75
PO001467,25-01-2025,S0015,P0134,WH001,CT00330,Domestic,845,14094.25,11909641.25,107239.62,0,0,2163038.56,14179919.43,INR,1,Rail,03-02-2025,03-02-2025,0,Approved,Cancelled,11909641.25
PO001468,28-03-2026,S0116,P0094,WH003,CT00392,Domestic,685,28066.67,19225668.95,184085.18,0,0,3493755.74,22903509.87,INR,1,Air,01-05-2026,03-05-2026,2,Approved,Delivered,19225668.95
PO001469,13-06-2025,S0117,P0096,WH001,No Contract,Domestic,685,39095.64,26780513.4,409647.7,0,0,4894229,32084390.1,INR,1,Rail,09-07-2025,10-07-2025,1,Approved,Delivered,26780513.4
PO001470,15-07-2025,S0056,P0211,WH004,CT00590,Domestic,340,43486.49,14785406.6,98457.24,0,0,2679095.49,17562959.33,INR,1,Road,19-08-2025,21-08-2025,2,Approved,Delivered,14785406.6
PO001471,22-01-2026,S0047,P0284,WH002,CT00111,Domestic,483,35196.64,16999977.12,148418.25,0,0,3086711.17,20235106.54,INR,1,Air,25-02-2026,26-02-2026,1,Approved,Delivered,16999977.12
PO001472,07-03-2025,S0005,P0006,WH002,CT00114,Domestic,488,78027.31,38077327.28,719287.24,0,0,6983390.61,45780005.13,INR,1,Road,13-03-2025,14-03-2025,1,Approved,Partially Delivered,38077327.28
PO001473,15-01-2025,S0125,P0068,WH004,CT00044,Domestic,688,4725.46,3251116.48,55001.65,0,0,595101.26,3901219.39,INR,1,Road,11-02-2025,11-02-2025,0,Approved,Cancelled,3251116.48
PO001474,14-01-2026,S0115,P0186,WH004,CT00298,Domestic,770,63600.06,48972046.2,830263.46,0,0,8964415.74,58766725.4,INR,1,Road,08-02-2026,08-02-2026,0,Approved,Cancelled,48972046.2
PO001475,15-01-2025,S0082,P0264,WH003,CT00581,Domestic,820,14506.24,11895116.8,171764.8,0,0,2172038.69,14238920.29,INR,1,Rail,27-01-2025,27-01-2025,0,Approved,Delivered,11895116.8
PO001476,17-10-2025,S0036,P0101,WH001,CT00241,Domestic,970,53200.98,51604950.6,884294.43,0,0,9448064.11,61937309.14,INR,1,Rail,03-11-2025,04-11-2025,1,Pending,Delivered,51604950.6
PO001477,29-04-2026,S0090,P0164,WH002,CT00155,Domestic,337,79399.05,26757479.85,170331.23,0,0,4847005.99,31774817.07,INR,1,Road,13-05-2026,14-05-2026,1,Approved,Delivered,26757479.85
PO001478,03-02-2025,S0112,P0147,WH004,CT00014,Domestic,942,83915.76,79048645.92,610649.48,0,0,14338673.17,93997968.57,INR,1,Air,04-03-2025,04-03-2025,0,Approved,Cancelled,79048645.92
PO001479,15-02-2026,S0109,P0298,WH002,CT00400,Domestic,220,16214.37,3567161.4,22967.82,0,0,646223.26,4236352.48,INR,1,Air,08-03-2026,11-03-2026,3,Approved,Delivered,3567161.4
PO001480,14-01-2025,S0048,P0256,WH004,CT00423,Domestic,629,53293.37,33521529.73,649944.07,0,0,6150865.28,40322339.08,INR,1,Rail,31-01-2025,02-02-2025,2,Approved,Cancelled,33521529.73
PO001481,01-05-2026,S0019,P0272,WH001,CT00551,Domestic,746,67457.13,50323018.98,899735.94,0,0,9220095.89,60442850.81,INR,1,Road,28-05-2026,29-05-2026,1,Approved,Cancelled,50323018.98
PO001482,05-11-2025,S0027,P0062,WH001,CT00284,Domestic,760,69799.38,53047528.8,953539.41,0,0,9720192.28,63721260.49,INR,1,Road,18-11-2025,18-11-2025,0,Pending,Cancelled,53047528.8
PO001483,16-10-2025,S0087,P0126,WH003,CT00554,Domestic,198,58858.87,11654056.26,78713.65,0,0,2111898.58,13844668.49,INR,1,Rail,06-11-2025,06-11-2025,0,Approved,Cancelled,11654056.26
PO001484,20-03-2026,S0083,P0199,WH002,CT00515,Domestic,706,59128.67,41744841.02,656681.46,0,0,7632274.05,50033796.53,INR,1,Road,12-04-2026,12-04-2026,0,Approved,Partially Delivered,41744841.02
PO001485,03-08-2025,S0008,P0181,WH003,CT00589,Domestic,170,3168.97,538724.9,5577.63,0,0,97974.46,642276.99,INR,1,Air,18-08-2025,18-08-2025,0,Approved,Delivered,538724.9
PO001486,04-05-2026,S0078,P0164,WH003,CT00169,Domestic,912,75518.12,68872525.44,704319.26,0,0,12523832.05,82100676.75,INR,1,Road,04-06-2026,04-06-2026,0,Approved,Cancelled,68872525.44
PO001487,24-02-2026,S0028,P0231,WH002,CT00422,Domestic,978,47995.47,46939569.66,781078.04,0,0,8589716.59,56310364.29,INR,1,Rail,08-03-2026,09-03-2026,1,Approved,Partially Delivered,46939569.66
PO001488,11-12-2025,S0096,P0238,WH004,CT00511,Domestic,779,48017.92,37405959.68,507331.84,0,0,6824392.47,44737683.99,INR,1,Rail,15-01-2026,18-01-2026,3,Approved,Cancelled,37405959.68
PO001489,26-01-2026,S0052,P0256,WH004,CT00593,Domestic,92,45717.33,4205994.36,44087.75,0,0,765014.78,5015096.89,INR,1,Road,22-02-2026,23-02-2026,1,Approved,Delivered,4205994.36
PO001490,26-09-2025,S0051,P0147,WH004,CT00339,Domestic,717,80386.96,57637450.32,591741.12,0,0,10481254.46,68710445.9,INR,1,Air,12-10-2025,12-10-2025,0,Approved,Delivered,57637450.32
PO001491,22-05-2026,S0098,P0148,WH003,CT00279,Domestic,221,49457.09,10930016.89,167224.81,0,0,1997503.51,13094745.21,INR,1,Road,04-06-2026,04-06-2026,0,Approved,Partially Delivered,10930016.89
PO001492,12-03-2026,S0067,P0176,WH002,CT00529,Domestic,223,33631.65,7499857.95,67375.48,0,0,1362102.02,8929335.45,INR,1,Road,25-03-2026,25-03-2026,0,Approved,Partially Delivered,7499857.95
PO001493,28-06-2025,S0053,P0148,WH004,CT00048,Domestic,178,46397.24,8258708.72,148487.62,0,0,1513295.34,9920491.68,INR,1,Road,04-07-2025,04-07-2025,0,Pending,Partially Delivered,8258708.72
PO001494,01-04-2025,S0077,P0260,WH001,CT00229,Domestic,67,30312.55,2030940.85,33824.19,0,0,371657.71,2436422.75,INR,1,Road,27-04-2025,27-04-2025,0,Approved,Partially Delivered,2030940.85
PO001495,09-07-2026,S0109,P0037,WH004,CT00555,Domestic,742,32956,24453352,343413.25,0,0,4463417.74,29260182.99,INR,1,Rail,30-07-2026,02-08-2026,3,Approved,Partially Delivered,24453352
PO001496,05-12-2025,S0056,P0044,WH003,CT00590,Domestic,486,57185.64,27792221.04,360540.71,0,0,5067497.12,33220258.87,INR,1,Road,06-01-2026,07-01-2026,1,Approved,Delivered,27792221.04
PO001497,23-08-2025,S0069,P0178,WH002,CT00502,Domestic,326,22371.68,7293167.68,133858.91,0,0,1336864.79,8763891.38,INR,1,Air,09-09-2025,10-09-2025,1,Pending,Delivered,7293167.68
PO001498,20-05-2025,S0008,P0063,WH003,CT00589,Domestic,601,32409.98,19478397.98,193460,0,0,3540934.44,23212792.42,INR,1,Road,31-05-2025,02-06-2025,2,Pending,Delivered,19478397.98
PO001499,23-07-2026,S0048,P0010,WH002,CT00153,Domestic,205,9540.42,1955786.1,18672.21,0,0,355402.5,2329860.81,INR,1,Air,08-08-2026,09-08-2026,1,Approved,Delivered,1955786.1
PO001500,03-01-2025,S0024,P0049,WH001,CT00387,Domestic,182,30691.72,5585893.04,47735.45,0,0,1014053.13,6647681.62,INR,1,Air,04-02-2025,04-02-2025,0,Approved,Delivered,5585893.04
PO001501,12-04-2025,S0054,P0021,WH004,CT00143,Domestic,572,26533.37,15177087.64,283475.9,0,0,2782901.44,18243464.98,INR,1,Air,26-04-2025,27-04-2025,1,Approved,Delivered,15177087.64
PO001502,24-06-2026,S0067,P0159,WH003,CT00595,Domestic,286,30192.86,8635157.96,55265.9,0,0,1564276.29,10254700.15,INR,1,Air,29-06-2026,30-06-2026,1,Pending,Delivered,8635157.96
PO001503,21-06-2025,S0109,P0269,WH003,CT00555,Domestic,886,86097.96,76282792.56,806397.38,0,0,13876054.19,90965244.13,INR,1,Air,18-07-2025,18-07-2025,0,Approved,Delivered,76282792.56
PO001504,19-08-2025,S0089,P0254,WH004,CT00537,Domestic,848,79288.3,67236478.4,862781.72,0,0,12257866.82,80357126.94,INR,1,Road,10-09-2025,10-09-2025,0,Approved,Delivered,67236478.4
PO001505,19-07-2025,S0053,P0260,WH001,CT00048,Domestic,995,31681.36,31522953.2,280761.55,0,0,5724668.65,37528383.4,INR,1,Air,25-07-2025,26-07-2025,1,Approved,Delivered,31522953.2
PO001506,26-01-2025,S0083,P0248,WH003,CT00515,Domestic,330,81183.02,26790396.6,178990.95,0,0,4854489.76,31823877.31,INR,1,Rail,08-02-2025,08-02-2025,0,Approved,Cancelled,26790396.6
PO001507,20-06-2025,S0100,P0064,WH003,CT00227,Domestic,586,74855.29,43865199.94,388199.97,0,0,7965611.98,52219011.89,INR,1,Road,22-07-2025,22-07-2025,0,Approved,Cancelled,43865199.94
PO001508,02-08-2025,S0072,P0109,WH003,CT00527,Domestic,233,60520.33,14101236.89,257434.57,0,0,2584560.86,16943232.32,INR,1,Air,30-08-2025,01-09-2025,2,Approved,Cancelled,14101236.89
PO001509,21-09-2025,S0117,P0238,WH003,No Contract,Domestic,499,46614.63,23260700.37,146623.14,0,0,4213318.23,27620641.74,INR,1,Rail,21-10-2025,21-10-2025,0,Approved,Partially Delivered,23260700.37
PO001510,08-03-2025,S0074,P0045,WH001,CT00128,Domestic,436,47739,20814204,295939.56,0,0,3799825.84,24909969.4,INR,1,Rail,28-03-2025,28-03-2025,0,Approved,Delivered,20814204
PO001511,22-01-2026,S0042,P0175,WH003,CT00126,Domestic,676,7042.1,4760459.6,26261.98,0,0,861609.88,5648331.46,INR,1,Rail,18-02-2026,19-02-2026,1,Approved,Cancelled,4760459.6
PO001512,16-04-2025,S0112,P0127,WH001,CT00014,Domestic,127,74383.7,9446729.9,159397.13,0,0,1729102.87,11335229.9,INR,1,Road,19-05-2025,19-05-2025,0,Pending,Cancelled,9446729.9
PO001513,06-03-2026,S0077,P0045,WH002,CT00408,Domestic,289,46362.64,13398802.96,72525.35,0,0,2424839.1,15896167.41,INR,1,Road,07-04-2026,07-04-2026,0,Approved,Delivered,13398802.96
PO001514,21-06-2026,S0070,P0251,WH004,CT00573,Domestic,311,36994.74,11505364.14,193223.01,0,0,2105745.69,13804332.84,INR,1,Road,27-07-2026,27-07-2026,0,Approved,Delivered,11505364.14
PO001515,01-07-2025,S0089,P0080,WH001,CT00177,Domestic,426,40559.81,17278479.06,110154.53,0,0,3129954.05,20518587.64,INR,1,Road,21-07-2025,21-07-2025,0,Approved,Cancelled,17278479.06
PO001516,08-03-2026,S0113,P0092,WH003,No Contract,Domestic,77,20073.38,1545650.26,29785.22,0,0,283578.39,1859013.87,INR,1,Road,10-03-2026,10-03-2026,0,Approved,Partially Delivered,1545650.26
PO001517,26-02-2025,S0099,P0149,WH001,CT00324,Domestic,790,51082.27,40354993.3,763210,0,0,7401276.59,48519479.89,INR,1,Air,05-03-2025,05-03-2025,0,Approved,Partially Delivered,40354993.3
PO001518,04-01-2025,S0049,P0099,WH002,No Contract,Domestic,532,54938.89,29227489.48,175474.87,0,0,5292533.58,34695497.93,INR,1,Air,18-01-2025,18-01-2025,0,Approved,Cancelled,29227489.48
PO001519,11-10-2025,S0010,P0017,WH002,No Contract,Domestic,997,69427.12,69218838.64,364767.26,0,0,12525049.06,82108654.96,INR,1,Air,11-11-2025,14-11-2025,3,Approved,Delivered,69218838.64
PO001520,13-11-2025,S0058,P0031,WH002,CT00021,Domestic,196,13668.3,2678986.8,36943.89,0,0,488867.52,3204798.21,INR,1,Air,17-12-2025,17-12-2025,0,Pending,Cancelled,2678986.8
PO001521,07-07-2026,S0124,P0172,WH002,CT00444,Domestic,77,385.22,29661.94,218.18,0,0,5378.42,35258.54,INR,1,Rail,28-07-2026,28-07-2026,0,Approved,Delivered,29661.94
PO001522,02-04-2025,S0063,P0150,WH003,CT00101,Domestic,627,60335.07,37830088.89,537009.12,0,0,6906077.64,45273175.65,INR,1,Air,17-04-2025,18-04-2025,1,Approved,Delivered,37830088.89
PO001523,06-08-2025,S0009,P0153,WH004,CT00473,Domestic,204,32343.46,6598065.84,61498.49,0,0,1198721.58,7858285.91,INR,1,Road,15-08-2025,17-08-2025,2,Approved,Cancelled,6598065.84
PO001524,02-06-2026,S0021,P0026,WH004,CT00214,Domestic,555,77890.11,43229011.05,670429.44,0,0,7901899.29,51801339.78,INR,1,Air,13-06-2026,15-06-2026,2,Approved,Partially Delivered,43229011.05
PO001525,07-04-2025,S0053,P0245,WH003,CT00577,Domestic,34,51756.69,1759727.46,21835.87,0,0,320681.4,2102244.73,INR,1,Road,21-04-2025,21-04-2025,0,Approved,Delivered,1759727.46
PO001526,28-08-2025,S0009,P0001,WH003,CT00473,Domestic,601,49894.2,29986414.2,466509.83,0,0,5481526.33,35934450.36,INR,1,Rail,13-09-2025,13-09-2025,0,Approved,Partially Delivered,29986414.2
PO001527,05-02-2026,S0024,P0170,WH002,CT00228,Domestic,201,71589.39,14389467.39,137355.52,0,0,2614828.12,17141651.03,INR,1,Rail,05-03-2026,05-03-2026,0,Approved,Delivered,14389467.39
PO001528,19-04-2026,S0110,P0252,WH004,CT00142,Domestic,648,1144.19,741435.12,6982.56,0,0,134715.18,883132.86,INR,1,Air,03-05-2026,04-05-2026,1,Approved,Partially Delivered,741435.12
PO001529,25-06-2025,S0089,P0239,WH002,CT00177,Domestic,229,55941.14,12810521.06,192295.37,0,0,2340506.96,15343323.39,INR,1,Air,21-07-2025,21-07-2025,0,Approved,Cancelled,12810521.06
PO001530,30-11-2025,S0111,P0272,WH002,CT00019,Domestic,962,66174.32,63659695.84,946032.56,0,0,11629031.11,76234759.51,INR,1,Rail,12-12-2025,24-12-2025,12,Approved,Partially Delivered,63659695.84
PO001531,27-04-2025,S0106,P0067,WH002,CT00043,Domestic,847,49606.3,42016536.1,810669.25,0,0,7708896.96,50536102.31,INR,1,Rail,13-05-2025,16-05-2025,3,Approved,Partially Delivered,42016536.1
PO001532,21-12-2025,S0044,P0281,WH003,CT00513,Domestic,957,52739.25,50471462.25,465031.26,0,0,9168568.83,60105062.34,INR,1,Rail,06-01-2026,06-01-2026,0,Approved,Cancelled,50471462.25
PO001533,19-01-2025,S0035,P0051,WH001,CT00477,Domestic,506,5250.76,2656884.56,22834.59,0,0,482349.45,3162068.6,INR,1,Road,01-02-2025,03-02-2025,2,Approved,Cancelled,2656884.56
PO001534,25-08-2025,S0096,P0026,WH002,CT00565,Domestic,581,72273.67,41991002.27,223594.39,0,0,7598627.4,49813224.06,INR,1,Road,21-09-2025,22-09-2025,1,Approved,Delivered,41991002.27
PO001535,20-07-2025,S0074,P0250,WH003,CT00128,Domestic,478,54193.77,25904622.06,509955.39,0,0,4754623.94,31169201.39,INR,1,Air,08-08-2025,08-08-2025,0,Approved,Partially Delivered,25904622.06
PO001536,17-03-2026,S0100,P0200,WH003,CT00227,Domestic,718,88547.57,63577155.26,884223.73,0,0,11603048.22,76064427.21,INR,1,Rail,15-04-2026,15-04-2026,0,Approved,Cancelled,63577155.26
PO001537,01-03-2025,S0023,P0156,WH001,CT00325,Domestic,922,68795.4,63429358.8,1157167.8,0,0,11625574.79,76212101.39,INR,1,Road,10-03-2025,10-03-2025,0,Approved,Cancelled,63429358.8
PO001538,26-05-2026,S0093,P0249,WH002,CT00117,Domestic,725,10497.41,7610622.25,47714.52,0,0,1378500.62,9036837.39,INR,1,Rail,05-06-2026,07-06-2026,2,Approved,Delivered,7610622.25
PO001539,15-06-2025,S0101,P0183,WH003,CT00206,Domestic,619,64053.02,39648819.38,672753.53,0,0,7257883.12,47579456.03,INR,1,Air,28-06-2025,01-07-2025,3,Approved,Cancelled,39648819.38
PO001540,15-06-2025,S0010,P0080,WH001,No Contract,Domestic,736,39557.86,29114584.96,507698.04,0,0,5332010.94,34954293.94,INR,1,Road,06-07-2025,06-07-2025,0,Approved,Delivered,29114584.96
PO001541,01-01-2026,S0016,P0090,WH003,CT00292,Domestic,219,75280.62,16486455.78,99147.2,0,0,2985408.54,19571011.52,INR,1,Rail,02-02-2026,04-02-2026,2,Approved,Partially Delivered,16486455.78
PO001542,02-04-2025,S0102,P0060,WH004,CT00468,Domestic,222,5185.73,1151232.06,14372.63,0,0,209808.84,1375413.53,INR,1,Road,08-05-2025,16-05-2025,8,Pending,Partially Delivered,1151232.06
PO001543,16-09-2025,S0098,P0020,WH004,CT00242,Domestic,119,74759.13,8896336.47,139788.26,0,0,1626502.45,10662627.18,INR,1,Road,02-10-2025,02-10-2025,0,Approved,Cancelled,8896336.47
PO001544,14-03-2026,S0043,P0034,WH002,No Contract,Domestic,875,44241.15,38711006.25,687497.21,0,0,7091730.62,46490234.08,INR,1,Rail,25-03-2026,02-04-2026,8,Approved,Delivered,38711006.25
PO001545,01-01-2025,S0076,P0108,WH001,CT00326,Domestic,224,40409.28,9051678.72,113806.68,0,0,1649787.37,10815272.77,INR,1,Rail,02-02-2025,02-02-2025,0,Approved,Delivered,9051678.72
PO001546,03-06-2025,S0039,P0013,WH003,CT00003,Domestic,728,15655.74,11397378.72,124501.94,0,0,2073938.52,13595819.18,INR,1,Road,19-06-2025,21-06-2025,2,Pending,Delivered,11397378.72
PO001547,02-04-2026,S0120,P0179,WH002,CT00574,Domestic,218,7208.34,1571418.12,11473.25,0,0,284920.45,1867811.82,INR,1,Air,06-05-2026,07-05-2026,1,Pending,Delivered,1571418.12
PO001548,24-03-2026,S0038,P0141,WH001,CT00203,Domestic,409,22189.59,9075542.31,148437.91,0,0,1660316.44,10884296.66,INR,1,Road,30-03-2026,30-03-2026,0,Approved,Delivered,9075542.31
PO001549,05-08-2025,S0066,P0291,WH004,CT00576,Domestic,797,76869.35,61264871.95,736707.87,0,0,11160284.37,73161864.19,INR,1,Rail,06-09-2025,07-09-2025,1,Approved,Delivered,61264871.95
PO001550,17-06-2025,S0103,P0124,WH003,CT00064,Domestic,335,77033.9,25806356.5,282654.96,0,0,4696022.06,30785033.52,INR,1,Rail,15-07-2025,27-07-2025,12,Approved,Delivered,25806356.5
PO001551,03-10-2025,S0079,P0003,WH002,CT00523,Domestic,633,82854.55,52446930.15,806601.9,0,0,9585635.77,62839167.82,INR,1,Rail,03-11-2025,11-11-2025,8,Approved,Cancelled,52446930.15
PO001552,14-10-2025,S0040,P0063,WH001,CT00239,Domestic,608,29952.6,18211180.8,93491.74,0,0,3294841.06,21599513.6,INR,1,Rail,19-10-2025,19-10-2025,0,Pending,Cancelled,18211180.8
PO001553,04-08-2025,S0014,P0292,WH003,CT00112,Domestic,37,67613.32,2501692.84,48816.49,0,0,459091.68,3009601.01,INR,1,Rail,19-08-2025,22-08-2025,3,Approved,Cancelled,2501692.84
PO001554,05-04-2025,S0068,P0010,WH003,CT00100,Domestic,995,9867.8,9818461,111917.64,0,0,1787468.16,11717846.8,INR,1,Air,27-04-2025,27-04-2025,0,Pending,Delivered,9818461
PO001555,09-05-2026,S0015,P0204,WH003,CT00076,Domestic,579,72938.07,42231142.53,340039.73,0,0,7662812.81,50233995.07,INR,1,Road,12-05-2026,12-05-2026,0,Pending,Cancelled,42231142.53
PO001556,13-08-2025,S0005,P0193,WH002,CT00370,Domestic,304,28969.94,8806861.76,86615.07,0,0,1600825.83,10494302.66,INR,1,Road,27-08-2025,27-08-2025,0,Approved,Partially Delivered,8806861.76
PO001557,24-01-2025,S0099,P0029,WH004,CT00324,Domestic,492,55061.7,27090356.4,191147.7,0,0,4910670.74,32192174.84,INR,1,Rail,03-02-2025,03-02-2025,0,Approved,Delivered,27090356.4
PO001558,24-11-2025,S0102,P0076,WH002,CT00131,Domestic,259,65347.83,16925087.97,118809.42,0,0,3067901.53,20111798.92,INR,1,Air,29-12-2025,03-01-2026,5,Approved,Delivered,16925087.97
PO001559,20-07-2026,S0021,P0078,WH001,CT00415,Domestic,792,49410.52,39133131.84,483962.32,0,0,7131076.95,46748171.11,INR,1,Road,30-07-2026,01-08-2026,2,Approved,Delivered,39133131.84
PO001560,03-03-2025,S0002,P0021,WH004,CT00504,Domestic,928,26661.58,24741946.24,191648.57,0,0,4488047.07,29421641.88,INR,1,Rail,19-03-2025,22-03-2025,3,Pending,Delivered,24741946.24
PO001561,07-04-2026,S0100,P0104,WH004,CT00227,Domestic,89,25523.07,2271553.23,35750.54,0,0,415314.68,2722618.45,INR,1,Rail,10-05-2026,10-05-2026,0,Pending,Cancelled,2271553.23
PO001562,28-09-2025,S0034,P0080,WH001,No Contract,Domestic,895,41677.45,37301317.75,246203.41,0,0,6758553.81,44306074.97,INR,1,Road,28-10-2025,29-10-2025,1,Pending,Cancelled,37301317.75
PO001563,09-09-2025,S0102,P0038,WH002,CT00154,Domestic,937,33392.54,31288809.98,215326.1,0,0,5670744.49,37174880.57,INR,1,Air,11-10-2025,11-10-2025,0,Approved,Delivered,31288809.98
PO001564,24-09-2025,S0105,P0235,WH004,CT00520,Domestic,242,48883.59,11829828.78,128244.46,0,0,2152453.18,14110526.42,INR,1,Rail,28-09-2025,28-09-2025,0,Pending,Partially Delivered,11829828.78
PO001565,27-01-2025,S0026,P0228,WH003,CT00140,Domestic,93,88255.77,8207786.61,139657.59,0,0,1502539.96,9849984.16,INR,1,Air,17-02-2025,18-02-2025,1,Pending,Partially Delivered,8207786.61
PO001566,22-12-2025,S0050,P0179,WH001,CT00341,Domestic,641,7192.2,4610200.2,76065.23,0,0,843527.78,5529793.21,INR,1,Air,10-01-2026,12-01-2026,2,Approved,Cancelled,4610200.2
PO001567,26-03-2026,S0029,P0265,WH002,CT00180,Domestic,180,28330.24,5099443.2,42972.49,0,0,925634.82,6068050.51,INR,1,Rail,21-04-2026,21-04-2026,0,Approved,Cancelled,5099443.2
PO001568,03-02-2026,S0034,P0136,WH001,No Contract,Domestic,745,36447.68,27153521.6,447807.85,0,0,4968239.3,32569568.75,INR,1,Rail,04-03-2026,06-03-2026,2,Approved,Delivered,27153521.6
PO001569,10-12-2025,S0018,P0005,WH001,CT00290,Domestic,305,35934.22,10959937.1,77111.09,0,0,1986668.67,13023716.86,INR,1,Road,29-12-2025,29-12-2025,0,Approved,Partially Delivered,10959937.1
PO001570,16-01-2025,S0096,P0259,WH001,CT00511,Domestic,145,79984.18,11597706.1,143809.13,0,0,2113472.74,13854987.97,INR,1,Rail,16-02-2025,16-02-2025,0,Pending,Cancelled,11597706.1
PO001571,15-03-2026,S0115,P0231,WH003,CT00298,Domestic,495,45613.73,22578796.35,370199.56,0,0,4130819.26,27079815.17,INR,1,Road,09-04-2026,09-04-2026,0,Approved,Cancelled,22578796.35
PO001572,20-12-2025,S0064,P0105,WH003,CT00166,Domestic,110,10894.19,1198360.9,8676,0,0,217266.64,1424303.54,INR,1,Road,06-01-2026,11-01-2026,5,Approved,Delivered,1198360.9
PO001573,07-02-2025,S0091,P0242,WH002,CT00213,Domestic,135,12161.42,1641791.7,19059.28,0,0,298953.18,1959804.16,INR,1,Rail,03-03-2025,08-03-2025,5,Pending,Cancelled,1641791.7
PO001574,03-04-2025,S0003,P0296,WH003,CT00199,Domestic,863,37503.13,32365201.19,242945.97,0,0,5869466.49,38477613.65,INR,1,Air,16-04-2025,16-04-2025,0,Pending,Partially Delivered,32365201.19
PO001575,29-01-2026,S0104,P0069,WH004,CT00102,Domestic,457,39517.44,18059470.08,330126.47,0,0,3310127.38,21699723.93,INR,1,Air,27-02-2026,28-02-2026,1,Approved,Delivered,18059470.08
PO001576,10-07-2026,S0015,P0065,WH002,CT00330,Domestic,173,45510.29,7873280.17,69271.91,0,0,1429659.37,9372211.45,INR,1,Rail,18-07-2026,18-07-2026,0,Approved,Delivered,7873280.17
PO001577,27-01-2026,S0089,P0268,WH004,CT00537,Domestic,155,21704.1,3364135.5,55467.73,0,0,615528.58,4035131.81,INR,1,Air,24-02-2026,25-02-2026,1,Approved,Cancelled,3364135.5
PO001578,02-09-2025,S0005,P0286,WH002,CT00116,Domestic,858,60764.41,52135863.78,410791.1,0,0,9458397.88,62005052.76,INR,1,Road,12-09-2025,13-09-2025,1,Pending,Delivered,52135863.78
PO001579,02-03-2025,S0111,P0037,WH004,CT00019,Domestic,535,31775.69,16999994.15,197355.61,0,0,3095522.96,20292872.72,INR,1,Road,15-03-2025,15-03-2025,0,Approved,Partially Delivered,16999994.15
PO001580,01-10-2025,S0043,P0140,WH004,No Contract,Domestic,826,63459.54,52417580.04,425579.75,0,0,9511768.76,62354928.55,INR,1,Road,18-10-2025,19-10-2025,1,Approved,Delivered,52417580.04
PO001581,21-01-2026,S0072,P0009,WH004,CT00187,Domestic,116,43184.45,5009396.2,85077.13,0,0,917005.2,6011478.53,INR,1,Rail,21-02-2026,21-02-2026,0,Approved,Delivered,5009396.2
PO001582,04-01-2025,S0059,P0153,WH002,CT00600,Domestic,428,30594.55,13094467.4,95912.97,0,0,2374268.47,15564648.84,INR,1,Road,07-02-2025,08-02-2025,1,Pending,Delivered,13094467.4
PO001583,25-02-2026,S0023,P0027,WH004,CT00368,Domestic,507,55570.33,28174157.31,200933.53,0,0,5107516.35,33482607.19,INR,1,Rail,09-03-2026,09-03-2026,0,Approved,Partially Delivered,28174157.31
PO001584,02-11-2025,S0085,P0046,WH002,No Contract,Domestic,600,42886.2,25731720,350036.25,0,0,4694716.12,30776472.37,INR,1,Road,14-11-2025,14-11-2025,0,Approved,Cancelled,25731720
PO001585,10-11-2025,S0047,P0093,WH004,CT00111,Domestic,328,44636.65,14640821.2,80604.54,0,0,2649856.63,17371282.37,INR,1,Air,12-12-2025,12-12-2025,0,Approved,Partially Delivered,14640821.2
PO001586,11-02-2026,S0066,P0222,WH003,CT00576,Domestic,892,83368.51,74364710.92,935443.05,0,0,13554027.71,88854181.68,INR,1,Rail,15-03-2026,15-03-2026,0,Approved,Cancelled,74364710.92
PO001587,30-03-2025,S0080,P0107,WH003,CT00125,Domestic,906,32786.26,29704351.56,291591.12,0,0,5399269.68,35395212.36,INR,1,Air,23-04-2025,24-04-2025,1,Approved,Partially Delivered,29704351.56
PO001588,09-04-2025,S0088,P0125,WH001,CT00480,Domestic,294,12322.3,3622756.2,40005.65,0,0,659297.13,4322058.98,INR,1,Air,14-05-2025,22-05-2025,8,Approved,Cancelled,3622756.2
PO001589,22-08-2025,S0065,P0224,WH002,CT00367,Domestic,754,36758.68,27716044.72,533901.24,0,0,5084990.27,33334936.23,INR,1,Rail,04-09-2025,07-09-2025,3,Approved,Cancelled,27716044.72
PO001590,11-09-2025,S0104,P0150,WH002,CT00102,Domestic,536,61724.27,33084208.72,643265.12,0,0,6070945.29,39798419.13,INR,1,Road,06-10-2025,14-10-2025,8,Pending,Partially Delivered,33084208.72
PO001591,22-01-2026,S0030,P0114,WH003,CT00521,Domestic,784,78323.21,61405396.64,332783.54,0,0,11112872.43,72851052.61,INR,1,Air,06-02-2026,06-02-2026,0,Approved,Delivered,61405396.64
PO001592,17-05-2025,S0034,P0031,WH004,No Contract,Domestic,101,14541.55,1468696.55,25188.24,0,0,268899.26,1762784.05,INR,1,Road,12-06-2025,12-06-2025,0,Approved,Cancelled,1468696.55
PO001593,13-06-2025,S0026,P0172,WH003,CT00140,Domestic,569,406.96,231560.24,1620.19,0,0,41972.48,275152.91,INR,1,Rail,03-07-2025,05-07-2025,2,Approved,Partially Delivered,231560.24
PO001594,27-02-2025,S0090,P0113,WH002,CT00155,Domestic,139,54737.84,7608559.76,102237.43,0,0,1387943.49,9098740.68,INR,1,Rail,12-03-2025,12-03-2025,0,Approved,Delivered,7608559.76
PO001595,28-09-2025,S0026,P0001,WH002,CT00140,Domestic,43,45453.14,1954485.02,38196.84,0,0,358682.73,2351364.59,INR,1,Rail,25-10-2025,25-10-2025,0,Pending,Delivered,1954485.02
PO001596,15-06-2026,S0057,P0037,WH001,CT00484,Domestic,652,35750.48,23309312.96,398971.7,0,0,4267491.24,27975775.9,INR,1,Road,29-06-2026,29-06-2026,0,Approved,Cancelled,23309312.96
PO001597,03-06-2025,S0076,P0019,WH004,CT00326,Domestic,619,44693.5,27665276.5,472542.26,0,0,5064807.38,33202626.14,INR,1,Road,25-06-2025,25-06-2025,0,Approved,Delivered,27665276.5
PO001598,04-10-2025,S0038,P0244,WH001,CT00203,Domestic,21,13088.51,274858.71,2269.9,0,0,49883.15,327011.76,INR,1,Rail,09-10-2025,09-10-2025,0,Approved,Delivered,274858.71
PO001599,09-05-2025,S0008,P0155,WH003,CT00510,Domestic,821,43305.72,35553996.12,187925.07,0,0,6433545.81,42175467,INR,1,Air,22-05-2025,27-05-2025,5,Pending,Cancelled,35553996.12
PO001600,17-06-2026,S0117,P0257,WH004,No Contract,Domestic,49,55704.65,2729527.85,26002.78,0,0,495995.51,3251526.14,INR,1,Rail,18-07-2026,19-07-2026,1,Approved,Delivered,2729527.85
PO001601,19-04-2026,S0025,P0250,WH002,CT00271,Domestic,884,55453.31,49020726.04,717411.03,0,0,8952864.67,58691001.74,INR,1,Rail,25-05-2026,25-05-2026,0,Approved,Delivered,49020726.04
PO001602,17-06-2025,S0003,P0061,WH003,CT00311,Domestic,985,38383.56,37807806.6,411933.3,0,0,6879553.18,45099293.08,INR,1,Air,24-06-2025,24-06-2025,0,Approved,Partially Delivered,37807806.6
PO001603,31-03-2025,S0042,P0042,WH004,CT00509,Domestic,377,70964.11,26753469.47,426428.35,0,0,4892381.61,32072279.43,INR,1,Air,25-04-2025,25-04-2025,0,Approved,Delivered,26753469.47
PO001604,28-08-2025,S0122,P0221,WH001,CT00308,Domestic,403,47250.31,19041874.93,120816.75,0,0,3449284.5,22611976.18,INR,1,Road,09-09-2025,09-09-2025,0,Approved,Delivered,19041874.93
PO001605,22-09-2025,S0040,P0094,WH001,CT00239,Domestic,733,27253.09,19976514.97,151206.83,0,0,3622989.92,23750711.72,INR,1,Rail,29-09-2025,29-09-2025,0,Pending,Delivered,19976514.97
PO001606,03-05-2026,S0124,P0024,WH004,CT00083,Domestic,427,26616.5,11365245.5,65593.21,0,0,2057550.97,13488389.68,INR,1,Rail,01-06-2026,01-06-2026,0,Pending,Delivered,11365245.5
PO001607,06-01-2025,S0017,P0014,WH004,No Contract,Domestic,154,22246.77,3426002.58,31756.54,0,0,622396.64,4080155.76,INR,1,Road,02-02-2025,10-02-2025,8,Approved,Delivered,3426002.58
PO001608,04-07-2025,S0121,P0096,WH004,CT00095,Domestic,655,38538.04,25242416.2,379719.31,0,0,4611984.39,30234119.9,INR,1,Air,26-07-2025,26-07-2025,0,Approved,Delivered,25242416.2
PO001609,24-02-2026,S0068,P0089,WH004,CT00100,Domestic,107,34951.77,3739839.39,41180.28,0,0,680583.54,4461603.21,INR,1,Air,21-03-2026,29-03-2026,8,Approved,Cancelled,3739839.39
PO001610,08-01-2026,S0090,P0148,WH004,CT00155,Domestic,263,51753.21,13611094.23,242143.77,0,0,2493582.84,16346820.84,INR,1,Rail,28-01-2026,28-01-2026,0,Approved,Delivered,13611094.23
PO001611,05-04-2025,S0081,P0116,WH001,CT00124,Domestic,956,78603.36,75144812.16,382444.73,0,0,13594906.24,89122163.13,INR,1,Air,17-04-2025,17-04-2025,0,Pending,Delivered,75144812.16
PO001612,20-07-2026,S0049,P0051,WH004,No Contract,Domestic,732,5375.71,3935019.72,65051.9,0,0,720012.89,4720084.51,INR,1,Air,26-07-2026,27-07-2026,1,Approved,Partially Delivered,3935019.72
PO001613,06-01-2025,S0108,P0289,WH001,CT00307,Domestic,241,35851.77,8640276.57,143385.13,0,0,1581059.11,10364720.81,INR,1,Road,10-02-2025,10-02-2025,0,Approved,Partially Delivered,8640276.57
PO001614,20-04-2026,S0120,P0229,WH004,CT00574,Domestic,755,6934.51,5235555.05,72493.71,0,0,955448.78,6263497.54,INR,1,Air,18-05-2026,20-05-2026,2,Approved,Delivered,5235555.05
PO001615,10-07-2025,S0122,P0110,WH003,CT00261,Domestic,269,20228.84,5441557.96,103190.98,0,0,998054.81,6542803.75,INR,1,Air,20-07-2025,20-07-2025,0,Pending,Delivered,5441557.96
PO001616,01-05-2026,S0095,P0143,WH004,CT00439,Domestic,314,80751.82,25356071.48,219655.46,0,0,4603630.85,30179357.79,INR,1,Rail,25-05-2026,25-05-2026,0,Pending,Cancelled,25356071.48
PO001617,29-05-2025,S0092,P0075,WH001,CT00183,Domestic,656,24139.14,15835275.84,121885.27,0,0,2872289,18829450.11,INR,1,Air,18-06-2025,18-06-2025,0,Approved,Partially Delivered,15835275.84
PO001618,15-05-2026,S0119,P0174,WH003,CT00530,Domestic,463,83246.4,38543083.2,720609.33,0,0,7067464.66,46331157.19,INR,1,Air,20-05-2026,20-05-2026,0,Pending,Delivered,38543083.2
PO001619,19-06-2025,S0121,P0298,WH001,CT00095,Domestic,23,14467.25,332746.75,3802.46,0,0,60578.86,397128.07,INR,1,Road,08-07-2025,08-07-2025,0,Approved,Cancelled,332746.75
PO001620,25-06-2026,S0082,P0241,WH003,CT00096,Domestic,477,26138.88,12468245.76,116915.68,0,0,2265329.06,14850490.5,INR,1,Rail,06-07-2026,11-07-2026,5,Approved,Partially Delivered,12468245.76
PO001621,10-05-2026,S0004,P0285,WH004,CT00152,Domestic,49,65605.09,3214649.41,61064.74,0,0,589628.55,3865342.7,INR,1,Rail,31-05-2026,31-05-2026,0,Pending,Partially Delivered,3214649.41
PO001622,22-03-2026,S0058,P0194,WH003,CT00021,Domestic,822,77697.65,63867468.3,550250.41,0,0,11595189.37,76012908.08,INR,1,Road,28-04-2026,30-04-2026,2,Pending,Cancelled,63867468.3
PO001623,24-04-2025,S0097,P0069,WH003,CT00004,Domestic,794,46698.46,37078577.24,546369.77,0,0,6772490.46,44397437.47,INR,1,Air,07-05-2025,07-05-2025,0,Approved,Delivered,37078577.24
PO001624,02-02-2025,S0070,P0230,WH001,CT00573,Domestic,619,53000.86,32807532.34,570803.79,0,0,6008100.5,39386436.63,INR,1,Rail,03-03-2025,08-03-2025,5,Pending,Partially Delivered,32807532.34
PO001625,29-04-2025,S0074,P0281,WH004,CT00128,Domestic,490,56028.3,27453867,205657.94,0,0,4978714.49,32638239.43,INR,1,Air,20-05-2025,25-05-2025,5,Approved,Delivered,27453867
PO001626,16-09-2025,S0051,P0173,WH001,CT00339,Domestic,526,35084.91,18454662.66,322867.36,0,0,3379955.4,22157485.42,INR,1,Road,05-10-2025,05-10-2025,0,Approved,Delivered,18454662.66
PO001627,06-11-2025,S0006,P0018,WH004,CT00160,Domestic,716,28732.84,20572713.44,233877.51,0,0,3745186.37,24551777.32,INR,1,Road,11-11-2025,14-11-2025,3,Pending,Delivered,20572713.44
PO001628,04-05-2026,S0102,P0288,WH004,CT00538,Domestic,962,31077.19,29896256.78,550039.81,0,0,5480333.39,35926629.98,INR,1,Air,02-06-2026,10-06-2026,8,Approved,Delivered,29896256.78
PO001629,29-06-2026,S0071,P0245,WH001,CT00487,Domestic,741,56169.4,41621525.4,781750.19,0,0,7632589.61,50035865.2,INR,1,Rail,03-08-2026,15-08-2026,12,Approved,Partially Delivered,41621525.4
PO001630,30-07-2026,S0107,P0166,WH004,CT00189,Domestic,294,20119.49,5915130.06,54444.14,0,0,1074523.36,7044097.56,INR,1,Road,27-08-2026,27-08-2026,0,Approved,Delivered,5915130.06
PO001631,29-04-2025,S0095,P0287,WH002,CT00472,Domestic,519,72751.38,37757966.22,669378.91,0,0,6916922.12,45344267.25,INR,1,Air,22-05-2025,23-05-2025,1,Approved,Delivered,37757966.22
PO001632,19-02-2026,S0103,P0115,WH003,CT00064,Domestic,262,32473.55,8508070.1,106512.87,0,0,1550624.93,10165207.9,INR,1,Air,21-03-2026,22-03-2026,1,Approved,Partially Delivered,8508070.1
PO001633,01-10-2025,S0022,P0018,WH001,CT00035,Domestic,733,32750.84,24006365.72,346248.97,0,0,4383470.64,28736085.33,INR,1,Road,11-10-2025,11-10-2025,0,Approved,Delivered,24006365.72
PO001634,06-01-2026,S0005,P0259,WH002,CT00370,Domestic,906,81247.61,73610334.66,725027.77,0,0,13380365.24,87715727.67,INR,1,Air,19-01-2026,19-01-2026,0,Pending,Delivered,73610334.66
PO001635,03-02-2026,S0109,P0121,WH003,CT00555,Domestic,373,15176.4,5660797.2,31469.92,0,0,1024608.08,6716875.2,INR,1,Road,02-03-2026,03-03-2026,1,Approved,Delivered,5660797.2
PO001636,05-03-2026,S0074,P0014,WH001,CT00465,Domestic,840,22320.49,18749211.6,320628.25,0,0,3432571.17,22502411.02,INR,1,Road,16-03-2026,19-03-2026,3,Approved,Partially Delivered,18749211.6
PO001637,02-12-2025,S0055,P0137,WH001,CT00495,Domestic,746,16288.34,12151101.64,178963.49,0,0,2219411.72,14549476.85,INR,1,Air,21-12-2025,26-12-2025,5,Approved,Delivered,12151101.64
PO001638,06-11-2025,S0113,P0267,WH003,No Contract,Domestic,21,10665.4,223973.4,2652.29,0,0,40792.62,267418.31,INR,1,Rail,11-11-2025,16-11-2025,5,Approved,Delivered,223973.4
PO001639,28-08-2025,S0012,P0138,WH004,CT00445,Domestic,904,65128.18,58875874.72,381170.66,0,0,10666268.17,69923313.55,INR,1,Road,21-09-2025,21-09-2025,0,Approved,Cancelled,58875874.72
PO001640,27-07-2025,S0085,P0272,WH002,No Contract,Domestic,755,75917.69,57317855.95,804899.42,0,0,10462095.97,68584851.34,INR,1,Rail,29-07-2025,31-07-2025,2,Approved,Delivered,57317855.95
PO001641,10-02-2026,S0072,P0270,WH003,CT00187,Domestic,162,75982.89,12309228.18,82545.05,0,0,2230519.18,14622292.41,INR,1,Rail,10-03-2026,18-03-2026,8,Approved,Delivered,12309228.18
PO001642,05-06-2026,S0027,P0169,WH004,CT00284,Domestic,576,82560.02,47554571.52,625377.54,0,0,8672390.83,56852339.89,INR,1,Rail,15-06-2026,16-06-2026,1,Approved,Delivered,47554571.52
PO001643,16-03-2025,S0059,P0016,WH003,CT00600,Domestic,904,93178.59,84233445.36,1196156.61,0,0,15377328.35,100806930.3,INR,1,Rail,11-04-2025,11-04-2025,0,Pending,Delivered,84233445.36
PO001644,03-12-2025,S0064,P0126,WH001,CT00553,Domestic,538,54720.5,29439629,233857.28,0,0,5341227.53,35014713.81,INR,1,Air,27-12-2025,27-12-2025,0,Approved,Delivered,29439629
PO001645,12-11-2025,S0118,P0018,WH003,CT00179,Domestic,322,30228.47,9733567.34,54127.81,0,0,1761785.13,11549480.28,INR,1,Road,08-12-2025,08-12-2025,0,Pending,Partially Delivered,9733567.34
PO001646,25-09-2025,S0070,P0004,WH004,CT00123,Domestic,648,63266.44,40996653.12,614158.27,0,0,7489946.05,49100757.44,INR,1,Air,30-10-2025,01-11-2025,2,Pending,Cancelled,40996653.12
PO001647,08-05-2025,S0045,P0239,WH004,CT00282,Domestic,967,51349.67,49655130.89,873946.97,0,0,9095234.01,59624311.87,INR,1,Air,20-05-2025,20-05-2025,0,Pending,Cancelled,49655130.89
PO001648,26-02-2026,S0027,P0003,WH002,CT00550,Domestic,197,85052.12,16755267.64,299867.17,0,0,3069924.27,20125059.08,INR,1,Rail,12-03-2026,14-03-2026,2,Approved,Delivered,16755267.64
PO001649,09-11-2025,S0057,P0136,WH003,CT00455,Domestic,649,36362,23598938,337480.55,0,0,4308555.34,28244973.89,INR,1,Rail,24-11-2025,25-11-2025,1,Pending,Delivered,23598938
PO001650,26-04-2026,S0023,P0272,WH001,CT00368,Domestic,992,64057.75,63545288,628590.39,0,0,11551298.11,75725176.5,INR,1,Road,01-05-2026,02-05-2026,1,Pending,Delivered,63545288
PO001651,07-11-2025,S0106,P0236,WH004,CT00043,Domestic,312,77505.94,24181853.28,326968.23,0,0,4411587.87,28920409.38,INR,1,Air,18-11-2025,20-11-2025,2,Approved,Delivered,24181853.28
PO001652,15-01-2026,S0009,P0257,WH003,CT00473,Domestic,658,59072.21,38869514.18,419687.73,0,0,7072056.34,46361258.25,INR,1,Rail,28-01-2026,28-01-2026,0,Approved,Delivered,38869514.18
PO001653,24-01-2026,S0103,P0162,WH003,CT00064,Domestic,548,59639.31,32682341.88,501856.87,0,0,5973155.78,39157354.53,INR,1,Rail,23-02-2026,23-02-2026,0,Approved,Delivered,32682341.88
PO001654,15-10-2025,S0098,P0278,WH002,CT00242,Domestic,337,19651.38,6622515.06,75083.08,0,0,1205567.67,7903165.81,INR,1,Rail,31-10-2025,31-10-2025,0,Pending,Delivered,6622515.06
PO001655,31-08-2025,S0015,P0291,WH001,CT00514,Domestic,990,82307.37,81484296.3,1551067.43,0,0,14946365.47,97981729.2,INR,1,Air,08-09-2025,08-09-2025,0,Approved,Delivered,81484296.3
PO001656,26-01-2026,S0024,P0199,WH004,CT00387,Domestic,968,61136.92,59180538.56,1042915.65,0,0,10840221.76,71063675.97,INR,1,Air,27-02-2026,27-02-2026,0,Approved,Delivered,59180538.56
PO001657,17-05-2026,S0009,P0230,WH002,CT00017,Domestic,138,48961.81,6756729.78,43906.25,0,0,1224114.49,8024750.52,INR,1,Air,03-06-2026,06-06-2026,3,Pending,Delivered,6756729.78
PO001658,14-01-2026,S0007,P0226,WH003,CT00233,Domestic,755,9889.61,7466655.55,97007.25,0,0,1361459.3,8925122.1,INR,1,Road,12-02-2026,12-02-2026,0,Pending,Partially Delivered,7466655.55
PO001659,06-07-2026,S0110,P0128,WH003,CT00142,Domestic,597,32459.82,19378512.54,273890.31,0,0,3537432.51,23189835.36,INR,1,Road,14-07-2026,14-07-2026,0,Approved,Delivered,19378512.54
PO001660,01-06-2025,S0084,P0095,WH002,CT00450,Domestic,311,24686.5,7677501.5,119759.29,0,0,1403506.94,9200767.73,INR,1,Rail,03-07-2025,05-07-2025,2,Pending,Partially Delivered,7677501.5
PO001661,07-04-2026,S0087,P0287,WH004,CT00391,Domestic,712,80529.29,57336854.48,573662.27,0,0,10423893.01,68334409.76,INR,1,Road,23-04-2026,25-04-2026,2,Pending,Delivered,57336854.48
PO001662,17-05-2025,S0019,P0293,WH001,CT00551,Domestic,786,50897.64,40005545.04,396095.83,0,0,7272295.36,47673936.23,INR,1,Air,21-06-2025,21-06-2025,0,Approved,Delivered,40005545.04
PO001663,13-02-2025,S0064,P0208,WH001,CT00553,Domestic,935,30056.67,28102986.45,348562.13,0,0,5121278.74,33572827.32,INR,1,Air,04-03-2025,05-03-2025,1,Approved,Partially Delivered,28102986.45
PO001664,09-02-2025,S0012,P0287,WH004,CT00320,Domestic,158,80973.04,12793740.32,218375.25,0,0,2342180.8,15354296.37,INR,1,Rail,06-03-2025,06-03-2025,0,Approved,Cancelled,12793740.32
PO001665,19-04-2025,S0064,P0210,WH003,CT00166,Domestic,300,73724.37,22117311,254082.88,0,0,4026850.9,26398244.78,INR,1,Air,10-05-2025,10-05-2025,0,Approved,Cancelled,22117311
PO001666,08-05-2026,S0024,P0289,WH002,CT00228,Domestic,710,33461.45,23757629.5,264972.55,0,0,4324068.37,28346670.42,INR,1,Road,29-05-2026,29-05-2026,0,Pending,Partially Delivered,23757629.5
PO001667,07-04-2026,S0074,P0074,WH004,CT00128,Domestic,880,55007.55,48406644,830949.68,0,0,8862766.86,58100360.54,INR,1,Rail,23-04-2026,23-04-2026,0,Pending,Delivered,48406644
PO001668,04-02-2026,S0053,P0131,WH004,CT00361,Domestic,417,22884.84,9542978.28,122489.8,0,0,1739784.25,11405252.33,INR,1,Rail,16-02-2026,24-02-2026,8,Approved,Cancelled,9542978.28
PO001669,20-09-2025,S0085,P0256,WH004,No Contract,Domestic,746,49919.87,37240223.02,289989.73,0,0,6755438.3,44285651.05,INR,1,Air,24-09-2025,24-09-2025,0,Approved,Delivered,37240223.02
PO001670,25-09-2025,S0062,P0056,WH003,No Contract,Domestic,324,40445.89,13104468.36,191071.56,0,0,2393197.19,15688737.11,INR,1,Road,29-09-2025,29-09-2025,0,Approved,Cancelled,13104468.36
PO001671,16-06-2026,S0036,P0102,WH001,CT00241,Domestic,40,52116.16,2084646.4,26349.76,0,0,379979.31,2490975.47,INR,1,Road,02-07-2026,02-07-2026,0,Approved,Delivered,2084646.4
PO001672,22-04-2025,S0076,P0102,WH003,CT00326,Domestic,790,56381.93,44541724.7,671969.02,0,0,8138464.87,53352158.59,INR,1,Road,25-05-2025,28-05-2025,3,Approved,Partially Delivered,44541724.7
PO001673,22-06-2026,S0010,P0119,WH004,No Contract,Domestic,58,2510.44,145605.52,1972.1,0,0,26563.97,174141.59,INR,1,Road,16-07-2026,21-07-2026,5,Approved,Partially Delivered,145605.52
PO001674,05-10-2025,S0057,P0012,WH003,CT00484,Domestic,917,87432.86,80175932.62,1403655.41,0,0,14684325.85,96263913.88,INR,1,Air,18-10-2025,18-10-2025,0,Approved,Cancelled,80175932.62
PO001675,07-06-2025,S0016,P0190,WH004,CT00292,Domestic,174,72457.19,12607551.06,210493.06,0,0,2307247.94,15125292.06,INR,1,Air,14-07-2025,15-07-2025,1,Approved,Partially Delivered,12607551.06
PO001676,28-09-2025,S0012,P0172,WH003,CT00320,Domestic,226,451.43,102023.18,1780.84,0,0,18684.72,122488.74,INR,1,Rail,20-10-2025,20-10-2025,0,Approved,Delivered,102023.18
PO001677,04-01-2026,S0027,P0238,WH002,CT00550,Domestic,667,50732.68,33838697.56,202413.36,0,0,6127399.97,40168510.89,INR,1,Air,14-01-2026,15-01-2026,1,Approved,Cancelled,33838697.56
PO001678,08-07-2026,S0033,P0226,WH003,CT00041,Domestic,577,9074.81,5236165.37,79756.02,0,0,956865.85,6272787.24,INR,1,Road,20-07-2026,22-07-2026,2,Approved,Delivered,5236165.37
PO001679,24-06-2025,S0033,P0008,WH004,CT00317,Domestic,444,65039.28,28877440.32,400174.5,0,0,5269970.67,34547585.49,INR,1,Road,01-07-2025,01-07-2025,0,Approved,Partially Delivered,28877440.32
PO001680,03-03-2026,S0116,P0103,WH004,CT00392,Domestic,771,24556.31,18932915.01,338295.96,0,0,3468817.97,22740028.94,INR,1,Rail,04-04-2026,07-04-2026,3,Approved,Delivered,18932915.01
PO001681,17-07-2026,S0036,P0210,WH004,CT00241,Domestic,510,79451.94,40520489.4,287844.6,0,0,7345500.12,48153834.12,INR,1,Rail,05-08-2026,06-08-2026,1,Approved,Cancelled,40520489.4
PO001682,28-11-2025,S0055,P0182,WH002,CT00495,Domestic,539,22981.84,12387211.76,84219.8,0,0,2244857.68,14716289.24,INR,1,Rail,23-12-2025,23-12-2025,0,Approved,Cancelled,12387211.76
PO001683,18-10-2025,S0014,P0053,WH004,CT00112,Domestic,282,38752.56,10928221.92,193911.14,0,0,2001983.95,13124117.01,INR,1,Air,04-11-2025,05-11-2025,1,Approved,Cancelled,10928221.92
PO001684,19-03-2026,S0090,P0032,WH001,CT00155,Domestic,116,18410.85,2135658.6,33754.68,0,0,390494.39,2559907.67,INR,1,Road,04-04-2026,12-04-2026,8,Approved,Partially Delivered,2135658.6
PO001685,20-01-2025,S0044,P0117,WH001,CT00513,Domestic,419,55108.72,23090553.68,299041.01,0,0,4210127.04,27599721.73,INR,1,Road,07-02-2025,07-02-2025,0,Approved,Delivered,23090553.68
PO001686,21-03-2025,S0078,P0088,WH004,CT00386,Domestic,727,21296.95,15482882.65,278974.66,0,0,2837134.32,18598991.63,INR,1,Rail,16-04-2025,21-04-2025,5,Approved,Delivered,15482882.65
PO001687,02-02-2025,S0042,P0223,WH001,CT00012,Domestic,839,2524.03,2117661.17,33641.78,0,0,387234.53,2538537.48,INR,1,Road,01-03-2025,03-03-2025,2,Pending,Delivered,2117661.17
PO001688,23-05-2026,S0086,P0218,WH001,CT00481,Domestic,551,50384.64,27761936.64,316226.37,0,0,5054069.34,33132232.35,INR,1,Road,12-06-2026,12-06-2026,0,Approved,Delivered,27761936.64
PO001689,09-06-2025,S0069,P0003,WH004,CT00502,Domestic,30,74205.9,2226177,11814.95,0,0,402838.55,2640830.5,INR,1,Rail,26-06-2025,29-06-2025,3,Approved,Delivered,2226177
PO001690,18-05-2026,S0068,P0215,WH001,CT00100,Domestic,991,34643.02,34331232.82,286808.72,0,0,6231247.48,40849289.02,INR,1,Air,07-06-2026,09-06-2026,2,Pending,Partially Delivered,34331232.82
PO001691,12-04-2025,S0070,P0108,WH003,CT00573,Domestic,773,39804.45,30768839.85,181599.18,0,0,5571079.03,36521518.06,INR,1,Rail,11-05-2025,11-05-2025,0,Pending,Delivered,30768839.85
PO001692,20-10-2025,S0015,P0063,WH002,CT00216,Domestic,512,29477.52,15092490.24,109543.56,0,0,2736366.08,17938399.88,INR,1,Rail,31-10-2025,31-10-2025,0,Pending,Delivered,15092490.24
PO001693,16-02-2026,S0097,P0272,WH001,CT00004,Domestic,904,65808.7,59491064.8,925920.75,0,0,10875057.4,71292042.95,INR,1,Road,06-03-2026,06-03-2026,0,Pending,Partially Delivered,59491064.8
PO001694,03-02-2025,S0052,P0105,WH001,CT00350,Domestic,706,11959.89,8443682.34,63369.45,0,0,1531269.32,10038321.11,INR,1,Air,28-02-2025,28-02-2025,0,Pending,Partially Delivered,8443682.34
PO001695,26-04-2026,S0095,P0154,WH004,CT00472,Domestic,599,34068.52,20407043.48,344394.1,0,0,3735258.76,24486696.34,INR,1,Rail,23-05-2026,23-05-2026,0,Pending,Delivered,20407043.48
PO001696,29-09-2025,S0049,P0015,WH004,No Contract,Domestic,635,78202.18,49658384.3,827456.97,0,0,9087451.43,59573292.7,INR,1,Rail,13-10-2025,15-10-2025,2,Pending,Delivered,49658384.3
PO001697,03-11-2025,S0104,P0019,WH001,CT00102,Domestic,490,45580.81,22334596.9,131458.34,0,0,4043889.94,26509945.18,INR,1,Road,29-11-2025,30-11-2025,1,Approved,Delivered,22334596.9
PO001698,07-12-2025,S0103,P0011,WH002,CT00064,Domestic,207,63231.3,13088879.1,165108.98,0,0,2385717.85,15639705.93,INR,1,Road,29-12-2025,29-12-2025,0,Approved,Delivered,13088879.1
PO001699,04-07-2025,S0116,P0187,WH003,CT00392,Domestic,851,35454.93,30172145.43,472766.85,0,0,5516084.21,36160996.49,INR,1,Road,28-07-2025,28-07-2025,0,Approved,Delivered,30172145.43
PO001700,20-02-2026,S0050,P0230,WH002,CT00398,Domestic,226,57198.96,12926964.96,201292.71,0,0,2363086.38,15491344.05,INR,1,Road,04-03-2026,06-03-2026,2,Approved,Delivered,12926964.96
PO001701,28-01-2026,S0079,P0042,WH001,CT00165,Domestic,276,72136.26,19909607.76,129852.21,0,0,3607102.79,23646562.76,INR,1,Rail,26-02-2026,26-02-2026,0,Approved,Delivered,19909607.76
PO001702,31-03-2026,S0064,P0048,WH001,CT00166,Domestic,182,86291.99,15705142.18,255455.48,0,0,2872907.58,18833505.24,INR,1,Air,28-04-2026,10-05-2026,12,Approved,Delivered,15705142.18
PO001703,13-01-2025,S0090,P0153,WH003,CT00155,Domestic,957,29561.26,28290125.82,312991.55,0,0,5148561.13,33751678.5,INR,1,Air,26-01-2025,27-01-2025,1,Pending,Cancelled,28290125.82
PO001704,01-06-2026,S0073,P0042,WH001,CT00027,Domestic,801,76956.39,61642068.39,749414.56,0,0,11230466.93,73621949.88,INR,1,Road,13-06-2026,13-06-2026,0,Approved,Delivered,61642068.39
PO001705,20-01-2026,S0086,P0041,WH003,CT00481,Domestic,413,39876.61,16469039.93,199746.47,0,0,3000381.55,19669167.95,INR,1,Road,18-02-2026,20-02-2026,2,Approved,Partially Delivered,16469039.93
PO001706,17-04-2025,S0063,P0114,WH004,CT00101,Domestic,572,75946.79,43441563.88,849665.55,0,0,7972421.3,52263650.73,INR,1,Road,29-04-2025,29-04-2025,0,Approved,Cancelled,43441563.88
PO001707,29-11-2025,S0045,P0127,WH003,CT00282,Domestic,907,73473.4,66640373.8,867788.96,0,0,12151469.3,79659632.06,INR,1,Air,10-12-2025,15-12-2025,5,Pending,Delivered,66640373.8
PO001708,16-04-2026,S0107,P0001,WH003,CT00020,Domestic,173,42139.46,7290126.58,120918.2,0,0,1333988.06,8745032.84,INR,1,Road,16-05-2026,16-05-2026,0,Pending,Cancelled,7290126.58
PO001709,02-02-2025,S0117,P0218,WH004,No Contract,Domestic,709,51121.7,36245285.3,448613.86,0,0,6604901.85,43298801.01,INR,1,Road,23-02-2025,23-02-2025,0,Approved,Delivered,36245285.3
PO001710,31-10-2025,S0076,P0064,WH004,CT00326,Domestic,607,85950.19,52171765.33,884205.49,0,0,9550074.75,62606045.57,INR,1,Air,25-11-2025,25-11-2025,0,Approved,Partially Delivered,52171765.33
PO001711,01-12-2025,S0021,P0044,WH002,CT00214,Domestic,429,58891.58,25264487.82,287324.38,0,0,4599326.2,30151138.4,INR,1,Road,16-12-2025,18-12-2025,2,Approved,Cancelled,25264487.82
PO001712,16-11-2025,S0123,P0258,WH003,CT00453,Domestic,794,25820.24,20501270.56,104193.97,0,0,3708983.62,24314448.15,INR,1,Air,12-12-2025,12-12-2025,0,Approved,Delivered,20501270.56
PO001713,03-08-2026,S0062,P0071,WH002,No Contract,Domestic,956,33387.95,31918880.2,598900.15,0,0,5853200.46,38370980.81,INR,1,Road,15-08-2026,15-08-2026,0,Approved,Partially Delivered,31918880.2
PO001714,30-01-2026,S0061,P0212,WH004,CT00091,Domestic,984,77533.19,76292658.96,1236700.05,0,0,13955284.62,91484643.63,INR,1,Air,16-02-2026,24-02-2026,8,Approved,Delivered,76292658.96
PO001715,05-10-2025,S0027,P0288,WH001,CT00284,Domestic,608,36846.21,22402495.68,373127.99,0,0,4099612.26,26875235.93,INR,1,Rail,19-10-2025,27-10-2025,8,Approved,Partially Delivered,22402495.68
PO001716,03-02-2026,S0033,P0054,WH002,CT00317,Domestic,308,42968.62,13234334.96,70231.46,0,0,2394821.96,15699388.38,INR,1,Rail,14-02-2026,16-02-2026,2,Approved,Cancelled,13234334.96
PO001717,18-10-2025,S0057,P0291,WH003,CT00484,Domestic,713,75252.55,53655068.15,901370.98,0,0,9820159.04,64376598.17,INR,1,Road,29-10-2025,31-10-2025,2,Approved,Cancelled,53655068.15
PO001718,11-01-2025,S0090,P0289,WH002,CT00155,Domestic,228,35144.98,8013055.44,127612.85,0,0,1465320.29,9605988.58,INR,1,Road,02-02-2025,02-02-2025,0,Pending,Partially Delivered,8013055.44
PO001719,28-09-2025,S0015,P0050,WH003,CT00216,Domestic,772,43009.4,33203256.8,370623.28,0,0,6043298.41,39617178.49,INR,1,Rail,12-10-2025,13-10-2025,1,Approved,Delivered,33203256.8
PO001720,04-08-2025,S0006,P0240,WH004,CT00160,Domestic,343,76038.41,26081174.63,459198.11,0,0,4777267.09,31317639.83,INR,1,Road,11-08-2025,14-08-2025,3,Approved,Partially Delivered,26081174.63
PO001721,31-01-2025,S0120,P0193,WH003,CT00574,Domestic,754,28599.95,21564362.3,349646.89,0,0,3944521.65,25858530.84,INR,1,Air,01-03-2025,02-03-2025,1,Pending,Partially Delivered,21564362.3
PO001722,27-03-2026,S0103,P0262,WH001,CT00064,Domestic,571,73185.85,41789120.35,299004.7,0,0,7575862.51,49663987.56,INR,1,Rail,20-04-2026,20-04-2026,0,Pending,Partially Delivered,41789120.35
PO001723,01-04-2025,S0059,P0290,WH004,CT00600,Domestic,271,77551.79,21016535.09,105831.52,0,0,3802025.99,24924392.6,INR,1,Air,30-04-2025,01-05-2025,1,Approved,Cancelled,21016535.09
PO001724,10-09-2025,S0091,P0001,WH003,CT00355,Domestic,358,41386.58,14816395.64,232064.46,0,0,2708722.82,17757182.92,INR,1,Air,27-09-2025,02-10-2025,5,Approved,Partially Delivered,14816395.64
PO001725,30-01-2025,S0039,P0204,WH002,CT00493,Domestic,805,67871.11,54636243.55,646141.51,0,0,9950829.31,65233214.37,INR,1,Rail,23-02-2025,24-02-2025,1,Pending,Partially Delivered,54636243.55
PO001726,27-12-2025,S0064,P0195,WH004,CT00553,Domestic,476,58112.01,27661316.76,179394.3,0,0,5011327.99,32852039.05,INR,1,Rail,18-01-2026,20-01-2026,2,Approved,Cancelled,27661316.76
PO001727,29-05-2025,S0082,P0107,WH004,CT00581,Domestic,139,36742.46,5107201.94,60060.49,0,0,930107.24,6097369.67,INR,1,Air,05-06-2025,05-06-2025,0,Approved,Partially Delivered,5107201.94
PO001728,01-09-2025,S0113,P0089,WH004,No Contract,Domestic,296,31466.49,9314081.04,74387.3,0,0,1689924.3,11078392.64,INR,1,Rail,12-09-2025,12-09-2025,0,Approved,Delivered,9314081.04
PO001729,26-04-2026,S0017,P0061,WH001,No Contract,Domestic,784,43622.73,34200220.32,409374.77,0,0,6229727.12,40839322.21,INR,1,Road,26-05-2026,26-05-2026,0,Pending,Cancelled,34200220.32
PO001730,21-06-2025,S0064,P0035,WH001,CT00166,Domestic,694,55779.95,38711285.3,724990.75,0,0,7098529.69,46534805.74,INR,1,Road,10-07-2025,10-07-2025,0,Approved,Delivered,38711285.3
PO001731,04-03-2025,S0058,P0086,WH004,CT00021,Domestic,459,42202.71,19371043.89,147188.23,0,0,3513281.78,23031513.9,INR,1,Rail,04-04-2025,04-04-2025,0,Approved,Delivered,19371043.89
PO001732,16-04-2026,S0070,P0266,WH003,CT00573,Domestic,506,70645.32,35746531.92,496267.98,0,0,6523703.98,42766503.88,INR,1,Rail,17-05-2026,18-05-2026,1,Approved,Delivered,35746531.92
PO001733,01-06-2025,S0053,P0278,WH003,CT00577,Domestic,559,20584.04,11506478.36,63695.34,0,0,2082631.27,13652804.97,INR,1,Rail,12-06-2025,12-06-2025,0,Approved,Delivered,11506478.36
PO001734,01-07-2026,S0044,P0290,WH003,CT00046,Domestic,769,71816.77,55227096.13,319335,0,0,9998357.6,65544788.73,INR,1,Road,15-07-2026,18-07-2026,3,Approved,Cancelled,55227096.13
PO001735,26-06-2025,S0089,P0020,WH002,CT00177,Domestic,80,64507.02,5160561.6,46748.23,0,0,937315.77,6144625.6,INR,1,Road,21-07-2025,21-07-2025,0,Pending,Delivered,5160561.6
PO001736,15-03-2026,S0013,P0294,WH004,CT00127,Domestic,583,44850.13,26147625.79,441157.74,0,0,4785981.04,31374764.57,INR,1,Air,10-04-2026,10-04-2026,0,Approved,Delivered,26147625.79
PO001737,15-04-2026,S0001,P0111,WH002,CT00543,Domestic,17,13511.06,229688.02,3716.3,0,0,42012.78,275417.1,INR,1,Air,04-05-2026,07-05-2026,3,Approved,Delivered,229688.02
PO001738,11-12-2025,S0060,P0291,WH004,CT00217,Domestic,301,72238.21,21743701.21,332888.19,0,0,3973786.09,26050375.49,INR,1,Road,04-01-2026,16-01-2026,12,Pending,Partially Delivered,21743701.21
PO001739,01-07-2025,S0037,P0135,WH003,CT00549,Domestic,589,67939.87,40016583.43,494697.18,0,0,7292030.51,47803311.12,INR,1,Rail,30-07-2025,30-07-2025,0,Approved,Partially Delivered,40016583.43
PO001740,03-06-2026,S0037,P0090,WH001,CT00469,Domestic,849,87300.71,74118302.79,1267971.52,0,0,13569529.38,88955803.69,INR,1,Road,09-07-2026,09-07-2026,0,Approved,Cancelled,74118302.79
PO001741,19-02-2026,S0110,P0202,WH002,CT00142,Domestic,224,34805.91,7796523.84,149987.15,0,0,1430371.98,9376882.97,INR,1,Air,03-03-2026,04-03-2026,1,Pending,Cancelled,7796523.84
PO001742,29-03-2025,S0008,P0061,WH001,CT00510,Domestic,523,43342.03,22667881.69,384960.28,0,0,4149511.55,27202353.52,INR,1,Air,08-04-2025,20-04-2025,12,Pending,Delivered,22667881.69
PO001743,12-08-2025,S0117,P0249,WH001,No Contract,Domestic,547,11643.01,6368726.47,97562.31,0,0,1163931.98,7630220.76,INR,1,Rail,09-09-2025,11-09-2025,2,Approved,Delivered,6368726.47
PO001744,27-11-2025,S0015,P0251,WH003,CT00330,Domestic,120,40580.14,4869616.8,85903.48,0,0,891993.65,5847513.93,INR,1,Road,07-12-2025,07-12-2025,0,Approved,Cancelled,4869616.8
PO001745,07-06-2026,S0018,P0254,WH003,CT00290,Domestic,353,68073.38,24029903.14,479589.11,0,0,4411708.6,28921200.85,INR,1,Road,26-06-2026,26-06-2026,0,Approved,Delivered,24029903.14
PO001746,11-07-2025,S0009,P0139,WH003,CT00097,Domestic,108,60964.85,6584203.8,79493.57,0,0,1199465.53,7863162.9,INR,1,Air,23-07-2025,23-07-2025,0,Pending,Partially Delivered,6584203.8
PO001747,25-10-2025,S0085,P0210,WH003,No Contract,Domestic,444,79569.33,35328782.52,293570.42,0,0,6412023.53,42034376.47,INR,1,Air,30-10-2025,31-10-2025,1,Approved,Partially Delivered,35328782.52
PO001748,03-11-2025,S0049,P0195,WH004,No Contract,Domestic,717,54763.99,39265780.83,686992.88,0,0,7191499.27,47144272.98,INR,1,Air,11-11-2025,11-11-2025,0,Approved,Delivered,39265780.83
PO001749,17-02-2026,S0056,P0284,WH001,CT00590,Domestic,651,35208.23,22920557.73,204737.56,0,0,4162553.15,27287848.44,INR,1,Road,21-03-2026,24-03-2026,3,Pending,Delivered,22920557.73
PO001750,07-04-2025,S0085,P0250,WH003,No Contract,Domestic,487,61067.81,29740023.47,435280.98,0,0,5431554.8,35606859.25,INR,1,Air,12-04-2025,17-04-2025,5,Approved,Delivered,29740023.47
PO001751,30-12-2025,S0046,P0046,WH001,CT00069,Domestic,781,41601.41,32490701.21,409736.81,0,0,5922078.84,38822516.86,INR,1,Road,30-01-2026,04-02-2026,5,Approved,Cancelled,32490701.21
PO001752,14-10-2025,S0065,P0226,WH004,CT00587,Domestic,200,9843.5,1968700,30556.69,0,0,359866.2,2359122.89,INR,1,Rail,19-10-2025,19-10-2025,0,Pending,Delivered,1968700
PO001753,18-07-2026,S0108,P0002,WH002,CT00108,Domestic,983,75284.93,74005086.19,944401.77,0,0,13490907.83,88440395.79,INR,1,Rail,21-08-2026,23-08-2026,2,Approved,Cancelled,74005086.19
PO001754,10-03-2025,S0125,P0007,WH002,CT00144,Domestic,48,59816.19,2871177.12,53052.38,0,0,526361.31,3450590.81,INR,1,Air,06-04-2025,07-04-2025,1,Approved,Delivered,2871177.12
PO001755,19-12-2025,S0012,P0090,WH003,CT00320,Domestic,752,88185.05,66315157.6,1011390.83,0,0,12118778.72,79445327.15,INR,1,Rail,15-01-2026,15-01-2026,0,Approved,Delivered,66315157.6
PO001756,22-02-2025,S0040,P0072,WH003,CT00239,Domestic,615,7123.88,4381186.2,42435.46,0,0,796251.9,5219873.56,INR,1,Road,07-03-2025,12-03-2025,5,Pending,Delivered,4381186.2
PO001757,15-01-2025,S0111,P0213,WH004,CT00150,Domestic,274,60921.62,16692523.88,306058.96,0,0,3059744.91,20058327.75,INR,1,Air,28-01-2025,30-01-2025,2,Approved,Partially Delivered,16692523.88
PO001758,23-10-2025,S0087,P0022,WH004,CT00391,Domestic,633,66029.04,41796382.32,281301.89,0,0,7573983.16,49651667.37,INR,1,Air,09-11-2025,10-11-2025,1,Approved,Cancelled,41796382.32
PO001759,27-05-2026,S0077,P0117,WH004,CT00229,Domestic,369,52144.36,19241268.84,312602.81,0,0,3519696.9,23073568.55,INR,1,Air,19-06-2026,19-06-2026,0,Approved,Cancelled,19241268.84
PO001760,04-01-2026,S0069,P0087,WH004,CT00502,Domestic,47,76938.58,3616113.26,44376.19,0,0,658888.1,4319377.55,INR,1,Air,19-01-2026,19-01-2026,0,Approved,Delivered,3616113.26
PO001761,24-04-2026,S0028,P0129,WH002,CT00422,Domestic,407,18477.29,7520257.03,146213.68,0,0,1379964.73,9046435.44,INR,1,Road,04-05-2026,04-05-2026,0,Pending,Delivered,7520257.03
PO001762,12-11-2025,S0012,P0212,WH004,CT00445,Domestic,804,72520.73,58306666.92,683275.81,0,0,10618189.69,69608132.42,INR,1,Road,14-12-2025,14-12-2025,0,Approved,Delivered,58306666.92
PO001763,23-07-2025,S0058,P0079,WH004,CT00329,Domestic,204,45924.03,9368502.12,138332.81,0,0,1711230.29,11218065.22,INR,1,Road,20-08-2025,21-08-2025,1,Approved,Delivered,9368502.12
PO001764,10-10-2025,S0096,P0117,WH003,CT00511,Domestic,412,50253.4,20704400.8,158387.16,0,0,3755301.83,24618089.79,INR,1,Road,07-11-2025,07-11-2025,0,Approved,Cancelled,20704400.8
PO001765,24-08-2025,S0077,P0128,WH002,CT00383,Domestic,741,31570.23,23393540.43,425586.51,0,0,4287442.85,28106569.79,INR,1,Air,22-09-2025,22-09-2025,0,Pending,Cancelled,23393540.43
PO001766,05-07-2025,S0104,P0200,WH004,CT00102,Domestic,586,86666.89,50786797.54,501594.7,0,0,9231910.6,60520302.84,INR,1,Rail,31-07-2025,31-07-2025,0,Approved,Delivered,50786797.54
PO001767,04-10-2025,S0047,P0023,WH002,CT00111,Domestic,691,19777.66,13666363.06,116552.88,0,0,2480924.87,16263840.81,INR,1,Rail,04-11-2025,05-11-2025,1,Approved,Partially Delivered,13666363.06
PO001768,07-03-2025,S0001,P0010,WH001,CT00543,Domestic,513,9293.95,4767796.35,31401.25,0,0,863855.57,5663053.17,INR,1,Rail,20-03-2025,25-03-2025,5,Approved,Partially Delivered,4767796.35
PO001769,29-07-2026,S0109,P0037,WH003,CT00555,Domestic,405,31080.74,12587699.7,108255.9,0,0,2285272.01,14981227.61,INR,1,Rail,19-08-2026,19-08-2026,0,Approved,Delivered,12587699.7
PO001770,14-07-2025,S0068,P0179,WH001,CT00100,Domestic,267,7170.19,1914440.73,22050.35,0,0,348568.39,2285059.47,INR,1,Air,02-08-2025,10-08-2025,8,Approved,Delivered,1914440.73
PO001771,02-05-2026,S0041,P0162,WH002,CT00146,Domestic,387,55829.17,21605888.79,246835.72,0,0,3933490.41,25786214.92,INR,1,Road,22-05-2026,24-05-2026,2,Approved,Cancelled,21605888.79
PO001772,14-11-2025,S0114,P0140,WH001,No Contract,Domestic,943,64068.19,60416303.17,595693.72,0,0,10982159.44,71994156.33,INR,1,Road,09-12-2025,17-12-2025,8,Approved,Partially Delivered,60416303.17
PO001773,30-09-2025,S0105,P0244,WH002,CT00520,Domestic,312,14090.18,4396136.16,76232.05,0,0,805026.28,5277394.49,INR,1,Air,02-10-2025,02-10-2025,0,Approved,Delivered,4396136.16
PO001774,21-11-2025,S0094,P0139,WH003,CT00379,Domestic,864,59349.95,51278356.8,649782.67,0,0,9347065.1,61275204.57,INR,1,Air,18-12-2025,30-12-2025,12,Approved,Partially Delivered,51278356.8
PO001775,01-05-2026,S0113,P0215,WH003,No Contract,Domestic,441,31407.04,13850504.64,78569.79,0,0,2507233.4,16436307.83,INR,1,Rail,06-05-2026,06-05-2026,0,Approved,Partially Delivered,13850504.64
PO001776,14-07-2026,S0089,P0134,WH004,CT00537,Domestic,826,15860.9,13101103.4,229887.61,0,0,2399578.38,15730569.39,INR,1,Air,04-08-2026,12-08-2026,8,Approved,Cancelled,13101103.4
PO001777,15-11-2025,S0081,P0187,WH001,CT00124,Domestic,196,37037.11,7259273.56,50318.54,0,0,1315726.58,8625318.68,INR,1,Air,27-11-2025,27-11-2025,0,Pending,Delivered,7259273.56
PO001778,23-09-2025,S0033,P0088,WH002,CT00317,Domestic,60,22295.82,1337749.2,21018.44,0,0,244578.18,1603345.82,INR,1,Air,28-09-2025,28-09-2025,0,Approved,Delivered,1337749.2
PO001779,03-05-2025,S0078,P0172,WH001,CT00562,Domestic,403,463.68,186863.04,2719.59,0,0,34124.87,223707.5,INR,1,Rail,25-05-2025,27-05-2025,2,Approved,Delivered,186863.04
PO001780,24-01-2026,S0066,P0023,WH003,CT00576,Domestic,573,20425.2,11703639.6,84620.93,0,0,2121886.9,13910147.43,INR,1,Rail,17-02-2026,18-02-2026,1,Approved,Partially Delivered,11703639.6
PO001781,06-07-2025,S0108,P0085,WH002,CT00307,Domestic,166,66308.25,11007169.5,154933.55,0,0,2009178.55,13171281.6,INR,1,Road,06-08-2025,06-08-2025,0,Approved,Cancelled,11007169.5
PO001782,19-06-2025,S0072,P0188,WH001,CT00187,Domestic,855,2053.33,1755597.15,13106.31,0,0,318366.62,2087070.08,INR,1,Air,16-07-2025,17-07-2025,1,Approved,Delivered,1755597.15
PO001783,03-10-2025,S0065,P0031,WH004,CT00587,Domestic,931,13246.75,12332724.25,159287.59,0,0,2248562.13,14740573.97,INR,1,Road,16-10-2025,17-10-2025,1,Approved,Delivered,12332724.25
PO001784,20-09-2025,S0013,P0180,WH003,CT00127,Domestic,629,33470.45,21052913.05,124987.14,0,0,3812022.03,24989922.22,INR,1,Road,11-10-2025,12-10-2025,1,Approved,Delivered,21052913.05
PO001785,10-08-2025,S0029,P0137,WH002,CT00366,Domestic,600,17906.84,10744104,72801.87,0,0,1947043.06,12763948.93,INR,1,Rail,04-09-2025,04-09-2025,0,Approved,Partially Delivered,10744104
PO001786,10-02-2025,S0048,P0062,WH001,CT00060,Domestic,529,63834.56,33768482.24,316484.45,0,0,6135294,40220260.69,INR,1,Rail,23-02-2025,23-02-2025,0,Approved,Delivered,33768482.24
PO001787,03-07-2025,S0068,P0212,WH004,CT00276,Domestic,219,80337.56,17593925.64,209371.53,0,0,3204593.49,21007890.66,INR,1,Air,19-07-2025,19-07-2025,0,Approved,Partially Delivered,17593925.64
PO001788,31-03-2026,S0075,P0009,WH002,CT00059,Domestic,485,40531.89,19657966.65,293874.77,0,0,3591331.46,23543172.88,INR,1,Rail,20-04-2026,23-04-2026,3,Approved,Partially Delivered,19657966.65
PO001789,10-10-2025,S0068,P0163,WH002,CT00276,Domestic,702,54485.84,38249059.68,734534.05,0,0,7017046.87,46000640.6,INR,1,Air,01-11-2025,04-11-2025,3,Approved,Delivered,38249059.68
PO001790,01-11-2025,S0060,P0259,WH004,CT00432,Domestic,405,82574.7,33442753.5,470541.25,0,0,6104393.06,40017687.81,INR,1,Air,20-11-2025,22-11-2025,2,Pending,Cancelled,33442753.5
PO001791,22-07-2026,S0107,P0250,WH002,CT00020,Domestic,24,58029.36,1392704.64,15399.91,0,0,253458.82,1661563.37,INR,1,Air,16-08-2026,16-08-2026,0,Approved,Cancelled,1392704.64
PO001792,13-06-2025,S0108,P0036,WH002,CT00108,Domestic,613,75091.56,46031126.28,533599.79,0,0,8381650.69,54946376.76,INR,1,Air,14-07-2025,14-07-2025,0,Approved,Cancelled,46031126.28
PO001793,29-05-2025,S0046,P0169,WH002,CT00069,Domestic,143,81969.1,11721581.3,91143.56,0,0,2126290.47,13939015.33,INR,1,Air,26-06-2025,04-07-2025,8,Approved,Cancelled,11721581.3
PO001794,01-06-2026,S0005,P0149,WH002,CT00114,Domestic,439,44770.53,19654262.67,190695.74,0,0,3572092.51,23417050.92,INR,1,Road,14-06-2026,19-06-2026,5,Pending,Partially Delivered,19654262.67
PO001795,29-04-2025,S0098,P0014,WH003,CT00107,Domestic,638,21509.43,13723016.34,273300.97,0,0,2519337.12,16515654.43,INR,1,Rail,16-05-2025,18-05-2025,2,Approved,Delivered,13723016.34
PO001796,14-08-2025,S0089,P0232,WH004,CT00177,Domestic,419,35729.97,14970857.43,205659.32,0,0,2731773.02,17908289.77,INR,1,Rail,01-09-2025,09-09-2025,8,Approved,Delivered,14970857.43
PO001797,17-04-2025,S0064,P0116,WH003,CT00553,Domestic,245,75865.95,18587157.75,308573.1,0,0,3401231.55,22296962.4,INR,1,Road,04-05-2025,12-05-2025,8,Approved,Partially Delivered,18587157.75
PO001798,26-01-2025,S0072,P0284,WH002,CT00187,Domestic,341,37402.09,12754112.69,133819.82,0,0,2319827.85,15207760.36,INR,1,Road,23-02-2025,26-02-2025,3,Approved,Partially Delivered,12754112.69
PO001799,09-09-2025,S0123,P0075,WH003,CT00162,Domestic,163,21253.84,3464375.92,53630.5,0,0,633241.16,4151247.58,INR,1,Rail,05-10-2025,10-10-2025,5,Approved,Delivered,3464375.92
PO001800,08-09-2025,S0109,P0112,WH001,CT00555,Domestic,303,22824.66,6915871.98,90857.46,0,0,1261211.3,8267940.74,INR,1,Road,30-09-2025,02-10-2025,2,Approved,Delivered,6915871.98
PO001801,31-07-2026,S0111,P0266,WH002,CT00150,Domestic,555,74487.54,41340584.7,218076.17,0,0,7480558.96,49039219.83,INR,1,Air,11-08-2026,11-08-2026,0,Approved,Delivered,41340584.7
PO001802,07-01-2026,S0072,P0187,WH004,CT00527,Domestic,438,36191.5,15851877,87898.77,0,0,2869159.64,18808935.41,INR,1,Road,06-02-2026,06-02-2026,0,Approved,Delivered,15851877
PO001803,19-07-2025,S0002,P0257,WH002,CT00202,Domestic,75,59496.49,4462236.75,68058.97,0,0,815453.23,5345748.95,INR,1,Air,28-07-2025,28-07-2025,0,Approved,Delivered,4462236.75
PO001804,03-04-2026,S0098,P0232,WH002,CT00479,Domestic,554,36941.48,20465579.92,245864.96,0,0,3728060.08,24439504.96,INR,1,Rail,15-04-2026,15-04-2026,0,Pending,Delivered,20465579.92
PO001805,25-02-2025,S0042,P0155,WH003,CT00509,Domestic,967,48879.34,47266321.78,500040.6,0,0,8597945.23,56364307.61,INR,1,Air,27-03-2025,27-03-2025,0,Approved,Cancelled,47266321.78
PO001806,17-09-2025,S0019,P0067,WH003,CT00551,Domestic,99,43486.82,4305195.18,82279.16,0,0,789745.38,5177219.72,INR,1,Road,16-10-2025,19-10-2025,3,Approved,Cancelled,4305195.18
PO001807,24-02-2025,S0049,P0146,WH003,No Contract,Domestic,114,70250.98,8008611.72,158237.22,0,0,1470032.81,9636881.75,INR,1,Road,09-03-2025,11-03-2025,2,Pending,Cancelled,8008611.72
PO001808,05-05-2025,S0065,P0239,WH003,CT00367,Domestic,839,48216.23,40453416.97,677136.91,0,0,7403499.7,48534053.58,INR,1,Air,08-05-2025,08-05-2025,0,Pending,Delivered,40453416.97
PO001809,21-10-2025,S0049,P0136,WH001,No Contract,Domestic,554,34695.3,19221196.2,253943.62,0,0,3505525.17,22980664.99,INR,1,Rail,29-10-2025,29-10-2025,0,Pending,Partially Delivered,19221196.2
PO001810,11-12-2025,S0099,P0099,WH001,CT00324,Domestic,911,54941.75,50051934.25,746321.12,0,0,9143685.97,59941941.34,INR,1,Rail,25-12-2025,30-12-2025,5,Pending,Cancelled,50051934.25
PO001811,15-03-2026,S0026,P0107,WH004,CT00109,Domestic,260,31775.91,8261736.6,50133,0,0,1496136.53,9808006.13,INR,1,Rail,03-04-2026,06-04-2026,3,Approved,Cancelled,8261736.6
PO001812,17-04-2025,S0065,P0145,WH001,CT00367,Domestic,749,66513.41,49818544.09,272865.52,0,0,9016453.73,59107863.34,INR,1,Road,30-04-2025,30-04-2025,0,Approved,Delivered,49818544.09
PO001813,03-03-2025,S0089,P0299,WH001,CT00537,Domestic,231,6702,1548162,20927.39,0,0,282436.09,1851525.48,INR,1,Air,29-03-2025,30-03-2025,1,Pending,Delivered,1548162
PO001814,20-03-2025,S0124,P0048,WH001,CT00444,Domestic,457,77239.99,35298675.43,400666.35,0,0,6425881.52,42125223.3,INR,1,Road,11-04-2025,11-04-2025,0,Pending,Delivered,35298675.43
PO001815,01-01-2025,S0080,P0009,WH002,CT00125,Domestic,740,42187.5,31218750,345837.38,0,0,5681625.73,37246213.11,INR,1,Rail,22-01-2025,30-01-2025,8,Approved,Partially Delivered,31218750
PO001816,23-10-2025,S0075,P0058,WH004,CT00163,Domestic,895,7696.93,6888752.35,55882.65,0,0,1250034.3,8194669.3,INR,1,Road,17-11-2025,19-11-2025,2,Approved,Delivered,6888752.35
PO001817,26-06-2026,S0087,P0175,WH001,CT00272,Domestic,907,6658.27,6039050.89,96075.87,0,0,1104322.82,7239449.58,INR,1,Air,20-07-2026,22-07-2026,2,Approved,Delivered,6039050.89
PO001818,04-03-2026,S0125,P0276,WH003,CT00399,Domestic,313,86257.49,26998594.37,195085.37,0,0,4894862.35,32088542.09,INR,1,Rail,07-04-2026,07-04-2026,0,Pending,Cancelled,26998594.37
PO001819,03-05-2025,S0014,P0069,WH002,CT00112,Domestic,816,45575.49,37189599.84,687640.98,0,0,6817903.35,44695144.17,INR,1,Road,25-05-2025,25-05-2025,0,Approved,Partially Delivered,37189599.84
PO001820,13-11-2025,S0074,P0149,WH001,CT00128,Domestic,82,52707.66,4322028.12,57810.76,0,0,788371,5168209.88,INR,1,Road,25-11-2025,25-11-2025,0,Pending,Cancelled,4322028.12
PO001821,25-08-2025,S0088,P0263,WH002,CT00480,Domestic,47,72880.41,3425379.27,43133.88,0,0,624332.37,4092845.52,INR,1,Road,22-09-2025,22-09-2025,0,Approved,Partially Delivered,3425379.27
PO001822,03-07-2025,S0069,P0047,WH003,CT00502,Domestic,89,80398.23,7155442.47,57904.37,0,0,1298402.43,8511749.27,INR,1,Road,11-07-2025,11-07-2025,0,Approved,Delivered,7155442.47
PO001823,20-03-2025,S0107,P0063,WH003,CT00189,Domestic,322,29507.53,9501424.66,176829.36,0,0,1742085.72,11420339.74,INR,1,Road,13-04-2025,13-04-2025,0,Pending,Delivered,9501424.66
PO001824,14-02-2025,S0042,P0179,WH003,CT00012,Domestic,99,7648,757152,4820.09,0,0,137154.98,899127.07,INR,1,Road,18-03-2025,19-03-2025,1,Approved,Cancelled,757152
PO001825,15-06-2025,S0094,P0072,WH004,CT00379,Domestic,108,6346.71,685444.68,11733.71,0,0,125492.11,822670.5,INR,1,Road,13-07-2025,13-07-2025,0,Approved,Partially Delivered,685444.68
PO001826,07-01-2026,S0119,P0259,WH001,CT00530,Domestic,187,86318.27,16141516.49,211135.75,0,0,2943477.4,19296129.64,INR,1,Air,18-01-2026,18-01-2026,0,Approved,Delivered,16141516.49
PO001827,24-03-2026,S0004,P0088,WH001,CT00152,Domestic,531,23908.96,12695657.76,233249.38,0,0,2327203.29,15256110.43,INR,1,Air,11-04-2026,13-04-2026,2,Approved,Delivered,12695657.76
PO001828,31-12-2025,S0032,P0227,WH004,CT00185,Domestic,18,29116.4,524095.2,10116,0,0,96158.02,630369.22,INR,1,Rail,10-01-2026,11-01-2026,1,Approved,Cancelled,524095.2
PO001829,29-03-2026,S0015,P0060,WH003,CT00216,Domestic,830,4770,3959100,36085.99,0,0,719133.48,4714319.47,INR,1,Air,01-04-2026,01-04-2026,0,Approved,Cancelled,3959100
PO001830,19-12-2025,S0101,P0089,WH004,CT00206,Domestic,820,30254.69,24808845.8,359259.44,0,0,4530258.94,29698364.18,INR,1,Road,29-12-2025,29-12-2025,0,Approved,Delivered,24808845.8
PO001831,09-01-2025,S0107,P0173,WH002,CT00020,Domestic,310,35515.72,11009873.2,84200.79,0,0,1996933.32,13091007.31,INR,1,Rail,03-02-2025,04-02-2025,1,Approved,Delivered,11009873.2
PO001832,01-05-2026,S0108,P0074,WH002,CT00307,Domestic,742,48054.09,35656134.78,414364.36,0,0,6492689.85,42563188.99,INR,1,Air,28-05-2026,31-05-2026,3,Approved,Delivered,35656134.78
PO001833,24-09-2025,S0067,P0025,WH001,CT00595,Domestic,507,13411.67,6799716.69,34259.97,0,0,1230115.8,8064092.46,INR,1,Air,08-10-2025,08-10-2025,0,Approved,Partially Delivered,6799716.69
PO001834,06-04-2025,S0067,P0175,WH004,CT00429,Domestic,306,6588.29,2016016.74,33153.57,0,0,368850.66,2418020.97,INR,1,Road,13-04-2025,15-04-2025,2,Approved,Delivered,2016016.74
PO001835,15-04-2026,S0077,P0026,WH004,CT00383,Domestic,539,81958.69,44175733.91,503476.98,0,0,8042257.96,52721468.85,INR,1,Road,12-05-2026,12-05-2026,0,Approved,Delivered,44175733.91
PO001836,07-03-2025,S0105,P0207,WH004,CT00520,Domestic,164,34523.11,5661790.04,105934.84,0,0,1038190.48,6805915.36,INR,1,Rail,19-03-2025,19-03-2025,0,Approved,Partially Delivered,5661790.04
PO001837,30-10-2025,S0064,P0073,WH001,CT00553,Domestic,115,29725.58,3418441.7,46075.9,0,0,623613.17,4088130.77,INR,1,Rail,23-11-2025,23-11-2025,0,Approved,Delivered,3418441.7
PO001838,17-03-2026,S0001,P0014,WH004,CT00543,Domestic,648,24953.49,16169861.52,154729.68,0,0,2938426.42,19263017.62,INR,1,Air,03-04-2026,03-04-2026,0,Approved,Delivered,16169861.52
PO001839,06-02-2025,S0063,P0001,WH004,CT00417,Domestic,933,47027.65,43876797.45,452488.44,0,0,7979271.46,52308557.35,INR,1,Road,24-02-2025,24-02-2025,0,Approved,Partially Delivered,43876797.45
PO001840,06-06-2025,S0066,P0002,WH001,CT00492,Domestic,680,76291.04,51877907.2,815436.54,0,0,9484801.87,62178145.61,INR,1,Air,03-07-2025,04-07-2025,1,Pending,Cancelled,51877907.2
PO001841,04-03-2026,S0004,P0157,WH002,CT00152,Domestic,502,20324.02,10202658.04,103455.39,0,0,1855100.42,12161213.85,INR,1,Rail,18-03-2026,18-03-2026,0,Approved,Delivered,10202658.04
PO001842,17-06-2026,S0112,P0156,WH002,CT00014,Domestic,549,62171.76,34132296.24,343351.29,0,0,6205616.56,40681264.09,INR,1,Rail,11-07-2026,11-07-2026,0,Pending,Delivered,34132296.24
PO001843,10-01-2025,S0020,P0143,WH001,CT00159,Domestic,575,83640.12,48093069,382472.52,0,0,8725597.47,57201138.99,INR,1,Rail,11-02-2025,11-02-2025,0,Approved,Delivered,48093069
PO001844,15-06-2026,S0107,P0089,WH002,CT00147,Domestic,550,30515.21,16783365.5,106152.64,0,0,3040113.27,19929631.41,INR,1,Rail,15-07-2026,16-07-2026,1,Approved,Cancelled,16783365.5
PO001845,03-03-2025,S0106,P0012,WH001,CT00043,Domestic,456,87292.26,39805270.56,463595.07,0,0,7248395.81,47517261.44,INR,1,Air,11-03-2025,11-03-2025,0,Approved,Partially Delivered,39805270.56
PO001846,07-02-2026,S0034,P0132,WH002,No Contract,Domestic,116,27572.8,3198444.8,43118.78,0,0,583481.44,3825045.02,INR,1,Rail,09-03-2026,09-03-2026,0,Approved,Cancelled,3198444.8
PO001847,06-06-2025,S0061,P0227,WH001,CT00091,Domestic,944,26686.89,25192424.16,332019.33,0,0,4594399.83,30118843.32,INR,1,Road,23-06-2025,23-06-2025,0,Pending,Delivered,25192424.16
PO001848,20-05-2026,S0112,P0092,WH003,CT00014,Domestic,798,19891.59,15873488.82,273132.37,0,0,2906391.81,19053013,INR,1,Air,13-06-2026,18-06-2026,5,Approved,Delivered,15873488.82
PO001849,16-04-2025,S0029,P0020,WH004,CT00366,Domestic,999,75270.54,75195269.46,1269826.05,0,0,13763717.19,90228812.7,INR,1,Road,20-05-2025,25-05-2025,5,Approved,Delivered,75195269.46
PO001850,29-04-2025,S0007,P0142,WH001,CT00103,Domestic,551,52941.62,29170832.62,456166.56,0,0,5332859.85,34959859.03,INR,1,Rail,27-05-2025,27-05-2025,0,Approved,Delivered,29170832.62
PO001851,23-03-2025,S0032,P0149,WH003,CT00185,Domestic,456,48141.23,21952400.88,402569.78,0,0,4023894.72,26378865.38,INR,1,Air,29-03-2025,29-03-2025,0,Approved,Delivered,21952400.88
PO001852,31-03-2025,S0009,P0114,WH004,CT00097,Domestic,859,70394.69,60469038.71,339527.03,0,0,10945541.83,71754107.57,INR,1,Air,10-04-2025,12-04-2025,2,Approved,Delivered,60469038.71
PO001853,16-02-2025,S0072,P0124,WH002,CT00187,Domestic,800,75445.05,60356040,875757.15,0,0,11021723.49,72253520.64,INR,1,Air,20-03-2025,21-03-2025,1,Approved,Delivered,60356040
PO001854,27-04-2026,S0036,P0134,WH001,CT00241,Domestic,573,15565.25,8918888.25,79632.19,0,0,1619733.68,10618254.12,INR,1,Rail,10-05-2026,11-05-2026,1,Approved,Delivered,8918888.25
PO001855,03-04-2025,S0100,P0291,WH002,CT00227,Domestic,246,72166.92,17753062.32,108102.22,0,0,3215009.62,21076174.16,INR,1,Rail,03-05-2025,03-05-2025,0,Pending,Cancelled,17753062.32
PO001856,19-12-2025,S0028,P0285,WH002,CT00422,Domestic,763,70830.31,54043526.53,539913.64,0,0,9825019.23,64408459.4,INR,1,Road,30-12-2025,30-12-2025,0,Pending,Cancelled,54043526.53
PO001857,15-10-2025,S0068,P0046,WH004,CT00276,Domestic,582,43714.8,25442013.6,451994.45,0,0,4660921.45,30554929.5,INR,1,Rail,06-11-2025,06-11-2025,0,Approved,Delivered,25442013.6
PO001858,30-01-2026,S0009,P0019,WH001,CT00017,Domestic,152,45043.5,6846612,74431.77,0,0,1245787.88,8166831.65,INR,1,Air,14-02-2026,14-02-2026,0,Pending,Partially Delivered,6846612
PO001859,17-01-2025,S0120,P0194,WH003,CT00574,Domestic,789,70205.96,55392502.44,309051,0,0,10026279.62,65727833.06,INR,1,Rail,17-02-2025,19-02-2025,2,Approved,Delivered,55392502.44
PO001860,24-06-2025,S0007,P0217,WH001,CT00103,Domestic,742,69223.12,51363555.04,539870.71,0,0,9342616.64,61246042.39,INR,1,Road,19-07-2025,19-07-2025,0,Approved,Delivered,51363555.04
PO001861,09-02-2026,S0071,P0027,WH002,CT00487,Domestic,503,65723.94,33059141.82,200459.98,0,0,5986728.32,39246330.12,INR,1,Rail,14-03-2026,14-03-2026,0,Approved,Cancelled,33059141.82
PO001862,26-06-2026,S0122,P0084,WH004,CT00221,Domestic,976,37701.52,36796683.52,462305.72,0,0,6706618.06,43965607.3,INR,1,Rail,09-07-2026,09-07-2026,0,Approved,Delivered,36796683.52
PO001863,15-01-2025,S0121,P0079,WH004,CT00095,Domestic,715,44088.81,31523499.15,622362.41,0,0,5786255.08,37932116.64,INR,1,Road,05-02-2025,06-02-2025,1,Pending,Partially Delivered,31523499.15
PO001864,25-01-2026,S0007,P0033,WH002,CT00233,Domestic,737,47234.73,34811996.01,405216.17,0,0,6339098.19,41556310.37,INR,1,Rail,17-02-2026,17-02-2026,0,Approved,Cancelled,34811996.01
PO001865,15-06-2026,S0016,P0029,WH003,CT00497,Domestic,474,64470.31,30558926.94,184535.11,0,0,5533823.17,36277285.22,INR,1,Air,18-07-2026,19-07-2026,1,Approved,Delivered,30558926.94
PO001866,29-06-2026,S0110,P0300,WH003,CT00142,Domestic,262,3084.27,808078.74,9628.81,0,0,147187.36,964894.91,INR,1,Road,12-07-2026,13-07-2026,1,Pending,Partially Delivered,808078.74
PO001867,28-08-2025,S0075,P0136,WH002,CT00163,Domestic,517,35243.11,18220687.87,249884.36,0,0,3324703,21795275.23,INR,1,Rail,22-09-2025,22-09-2025,0,Approved,Delivered,18220687.87
PO001868,08-10-2025,S0111,P0275,WH002,CT00150,Domestic,509,35156.92,17894872.28,271650.49,0,0,3269974.1,21436496.87,INR,1,Road,19-10-2025,19-10-2025,0,Approved,Delivered,17894872.28
PO001869,27-02-2025,S0021,P0127,WH004,CT00415,Domestic,97,72985.71,7079613.87,56360.91,0,0,1284475.46,8420450.24,INR,1,Air,15-03-2025,16-03-2025,1,Approved,Delivered,7079613.87
PO001870,07-03-2025,S0115,P0147,WH002,CT00298,Domestic,979,71472.08,69971166.32,627718.16,0,0,12707799.21,83306683.69,INR,1,Rail,01-04-2025,09-04-2025,8,Pending,Delivered,69971166.32
PO001871,05-04-2026,S0045,P0176,WH002,CT00282,Domestic,425,36453.38,15492686.5,147653.53,0,0,2815261.21,18455601.24,INR,1,Rail,09-04-2026,11-04-2026,2,Approved,Cancelled,15492686.5
PO001872,24-08-2025,S0033,P0060,WH002,CT00130,Domestic,252,5692.06,1434399.12,15433.75,0,0,260969.92,1710802.79,INR,1,Rail,01-09-2025,02-09-2025,1,Approved,Cancelled,1434399.12
PO001873,19-09-2025,S0100,P0198,WH004,CT00227,Domestic,371,71559.42,26548544.82,235072.17,0,0,4821051.06,31604668.05,INR,1,Air,26-10-2025,29-10-2025,3,Approved,Cancelled,26548544.82
PO001874,12-12-2025,S0048,P0104,WH004,CT00252,Domestic,629,24589.57,15466839.53,232004.56,0,0,2825791.94,18524636.03,INR,1,Rail,30-12-2025,11-01-2026,12,Approved,Delivered,15466839.53
PO001875,12-01-2026,S0071,P0040,WH002,CT00487,Domestic,208,39640.17,8245155.36,152647.95,0,0,1511604.6,9909407.91,INR,1,Rail,12-02-2026,14-02-2026,2,Approved,Cancelled,8245155.36
PO001876,26-01-2025,S0001,P0296,WH002,CT00328,Domestic,678,39548.67,26813998.26,340675.72,0,0,4887841.32,32042515.3,INR,1,Road,09-02-2025,11-02-2025,2,Pending,Delivered,26813998.26
PO001877,13-03-2025,S0035,P0114,WH001,CT00477,Domestic,626,64902.66,40629065.16,499648.28,0,0,7403168.42,48531881.86,INR,1,Rail,29-03-2025,29-03-2025,0,Approved,Delivered,40629065.16
PO001878,30-01-2026,S0049,P0104,WH004,No Contract,Domestic,299,27195.02,8131310.98,88281.11,0,0,1479526.58,9699118.67,INR,1,Road,09-02-2026,09-02-2026,0,Pending,Partially Delivered,8131310.98
PO001879,04-06-2025,S0110,P0212,WH003,CT00142,Domestic,263,82017.97,21570726.11,219975.54,0,0,3922326.3,25713027.95,INR,1,Air,11-06-2025,19-06-2025,8,Approved,Partially Delivered,21570726.11
PO001880,14-09-2025,S0114,P0055,WH004,No Contract,Domestic,410,33574.19,13765417.9,268934.17,0,0,2526183.37,16560535.44,INR,1,Air,14-10-2025,14-10-2025,0,Pending,Partially Delivered,13765417.9
PO001881,01-01-2025,S0123,P0099,WH001,CT00453,Domestic,381,57986.23,22092753.63,333571.92,0,0,4036738.6,26463064.15,INR,1,Road,31-01-2025,01-02-2025,1,Pending,Delivered,22092753.63
PO001882,09-12-2025,S0100,P0099,WH001,CT00227,Domestic,480,63521.72,30490425.6,459993.58,0,0,5571075.45,36521494.63,INR,1,Rail,09-01-2026,09-01-2026,0,Approved,Delivered,30490425.6
PO001883,10-07-2026,S0114,P0121,WH004,No Contract,Domestic,537,15251.25,8189921.25,55548.43,0,0,1484184.54,9729654.22,INR,1,Air,03-08-2026,03-08-2026,0,Approved,Delivered,8189921.25
PO001884,15-07-2025,S0044,P0005,WH004,CT00513,Domestic,829,32499.21,26941845.09,222223.11,0,0,4889532.28,32053600.48,INR,1,Road,28-07-2025,28-07-2025,0,Pending,Cancelled,26941845.09
PO001885,20-02-2025,S0026,P0206,WH004,CT00135,Domestic,507,81285.35,41211672.45,808061.71,0,0,7563552.15,49583286.31,INR,1,Air,11-03-2025,11-03-2025,0,Approved,Delivered,41211672.45
PO001886,12-01-2026,S0024,P0241,WH001,CT00228,Domestic,489,28387.59,13881531.51,154024.77,0,0,2526400.13,16561956.41,INR,1,Air,12-02-2026,12-02-2026,0,Approved,Cancelled,13881531.51
PO001887,12-06-2026,S0018,P0018,WH002,CT00031,Domestic,216,32078.29,6928910.64,79132.61,0,0,1261447.78,8269491.03,INR,1,Road,24-06-2026,24-06-2026,0,Approved,Partially Delivered,6928910.64
PO001888,16-07-2025,S0028,P0175,WH004,CT00422,Domestic,725,6548.61,4747742.25,86247.33,0,0,870118.12,5704107.7,INR,1,Air,30-07-2025,07-08-2025,8,Approved,Cancelled,4747742.25
PO001889,10-04-2026,S0108,P0220,WH004,CT00307,Domestic,777,81939.81,63667232.37,838799.05,0,0,11611085.66,76117117.08,INR,1,Road,06-05-2026,06-05-2026,0,Approved,Cancelled,63667232.37
PO001890,25-05-2025,S0089,P0084,WH003,CT00537,Domestic,416,39959.31,16623072.96,286793.32,0,0,3043775.93,19953642.21,INR,1,Road,20-06-2025,20-06-2025,0,Pending,Cancelled,16623072.96
PO001891,06-12-2025,S0028,P0138,WH002,CT00422,Domestic,128,57159.73,7316445.44,56265.04,0,0,1327087.89,8699798.37,INR,1,Rail,13-12-2025,13-12-2025,0,Approved,Delivered,7316445.44
PO001892,01-04-2025,S0035,P0255,WH002,CT00477,Domestic,137,52858.02,7241548.74,59699.13,0,0,1314224.62,8615472.49,INR,1,Air,12-04-2025,13-04-2025,1,Approved,Partially Delivered,7241548.74
PO001893,02-04-2026,S0119,P0274,WH003,CT00009,Domestic,65,89888.64,5842761.6,76797.2,0,0,1065520.58,6985079.38,INR,1,Rail,11-04-2026,11-04-2026,0,Pending,Delivered,5842761.6
PO001894,06-04-2025,S0018,P0259,WH003,CT00290,Domestic,768,77120.17,59228290.56,552455.13,0,0,10760534.22,70541279.91,INR,1,Rail,26-04-2025,26-04-2025,0,Approved,Delivered,59228290.56
PO001895,10-04-2025,S0012,P0132,WH002,CT00320,Domestic,458,31019.11,14206752.38,90715.97,0,0,2573544.3,16871012.65,INR,1,Rail,11-05-2025,12-05-2025,1,Approved,Delivered,14206752.38
PO001896,28-06-2026,S0071,P0282,WH003,CT00309,Domestic,32,45897.41,1468717.12,18986.79,0,0,267786.7,1755490.61,INR,1,Rail,28-07-2026,28-07-2026,0,Pending,Partially Delivered,1468717.12
PO001897,25-09-2025,S0011,P0126,WH001,CT00403,Domestic,877,62476.01,54791460.77,284173.88,0,0,9913614.24,64989248.89,INR,1,Air,27-10-2025,27-10-2025,0,Approved,Cancelled,54791460.77
PO001898,01-10-2025,S0043,P0037,WH001,No Contract,Domestic,989,34874.16,34490544.24,573407.36,0,0,6311511.29,41375462.89,INR,1,Road,15-10-2025,16-10-2025,1,Approved,Delivered,34490544.24
PO001899,11-04-2025,S0021,P0239,WH004,CT00415,Domestic,134,49652.66,6653456.44,110395.93,0,0,1217493.43,7981345.8,INR,1,Air,18-04-2025,23-04-2025,5,Approved,Cancelled,6653456.44
PO001900,06-01-2026,S0040,P0161,WH004,CT00312,Domestic,703,48608.41,34171712.23,382214.54,0,0,6219706.82,40773633.59,INR,1,Road,22-01-2026,22-01-2026,0,Approved,Delivered,34171712.23
PO001901,02-08-2025,S0088,P0246,WH004,CT00460,Domestic,585,72699.86,42529418.1,297434.31,0,0,7708833.43,50535685.84,INR,1,Air,30-08-2025,30-08-2025,0,Pending,Cancelled,42529418.1
PO001902,16-03-2025,S0121,P0178,WH004,CT00095,Domestic,527,22020.24,11604666.48,59195.98,0,0,2099495.24,13763357.7,INR,1,Road,30-03-2025,02-04-2025,3,Approved,Delivered,11604666.48
PO001903,05-09-2025,S0019,P0048,WH003,CT00551,Domestic,794,85297.71,67726381.74,1267312.76,0,0,12418865.01,81412559.51,INR,1,Rail,03-10-2025,03-10-2025,0,Approved,Delivered,67726381.74
PO001904,09-06-2026,S0002,P0188,WH002,CT00202,Domestic,536,2109.04,1130445.44,8799.66,0,0,205064.12,1344309.22,INR,1,Air,20-06-2026,22-06-2026,2,Approved,Partially Delivered,1130445.44
PO001905,07-11-2025,S0044,P0065,WH004,CT00513,Domestic,938,44571.53,41808095.14,814060.43,0,0,7671988,50294143.57,INR,1,Rail,26-11-2025,27-11-2025,1,Approved,Cancelled,41808095.14
PO001906,28-08-2025,S0085,P0277,WH001,No Contract,Domestic,231,82746.36,19114409.16,294158.12,0,0,3493542.11,22902109.39,INR,1,Road,04-09-2025,04-09-2025,0,Approved,Partially Delivered,19114409.16
PO001907,17-01-2025,S0046,P0041,WH004,CT00069,Domestic,288,39901.31,11491577.28,149017.67,0,0,2095307.09,13735902.04,INR,1,Rail,19-02-2025,19-02-2025,0,Pending,Delivered,11491577.28
PO001908,14-07-2025,S0112,P0196,WH004,CT00014,Domestic,847,65917.42,55832054.74,760625.69,0,0,10186682.48,66779362.91,INR,1,Rail,14-08-2025,14-08-2025,0,Approved,Delivered,55832054.74
PO001909,27-02-2025,S0124,P0239,WH002,CT00444,Domestic,431,53580.04,23092997.24,217493.57,0,0,4195888.35,27506379.16,INR,1,Rail,26-03-2025,29-03-2025,3,Approved,Cancelled,23092997.24
PO001910,25-06-2025,S0050,P0178,WH001,CT00398,Domestic,624,26584.94,16589002.56,110686.69,0,0,3005944.06,19705633.31,INR,1,Air,04-07-2025,04-07-2025,0,Pending,Cancelled,16589002.56
PO001911,04-07-2026,S0041,P0265,WH002,CT00013,Domestic,590,28896.66,17049029.4,186740.44,0,0,3102438.57,20338208.41,INR,1,Air,18-07-2026,20-07-2026,2,Approved,Delivered,17049029.4
PO001912,24-03-2025,S0036,P0083,WH002,CT00390,Domestic,776,55904.89,43382194.64,278346.02,0,0,7858897.32,51519437.98,INR,1,Air,10-04-2025,11-04-2025,1,Approved,Partially Delivered,43382194.64
PO001913,09-03-2026,S0038,P0231,WH003,CT00203,Domestic,894,46462.62,41537582.28,644538.95,0,0,7592781.82,49774903.05,INR,1,Road,21-03-2026,24-03-2026,3,Pending,Delivered,41537582.28
PO001914,09-05-2025,S0068,P0174,WH002,CT00276,Domestic,281,80545.11,22633175.91,398775.14,0,0,4145751.19,27177702.24,INR,1,Road,25-05-2025,25-05-2025,0,Approved,Cancelled,22633175.91
PO001915,03-06-2025,S0108,P0082,WH002,CT00108,Domestic,842,57923.24,48771368.08,288868.59,0,0,8830842.6,57891079.27,INR,1,Road,07-07-2025,07-07-2025,0,Approved,Partially Delivered,48771368.08
PO001916,16-07-2025,S0069,P0259,WH002,CT00502,Domestic,18,89395.08,1609111.44,18028.43,0,0,292885.18,1920025.05,INR,1,Road,26-07-2025,27-07-2025,1,Approved,Delivered,1609111.44
PO001917,28-01-2025,S0050,P0082,WH003,CT00341,Domestic,916,55014.81,50393565.96,640736.89,0,0,9186174.51,60220477.36,INR,1,Road,12-02-2025,14-02-2025,2,Approved,Cancelled,50393565.96
PO001918,12-06-2025,S0011,P0126,WH002,CT00599,Domestic,278,65104.69,18099103.82,360968.39,0,0,3322813,21782885.21,INR,1,Air,14-07-2025,14-07-2025,0,Approved,Delivered,18099103.82
PO001919,06-10-2025,S0084,P0252,WH004,CT00247,Domestic,528,1076.91,568608.48,11347.76,0,0,104392.12,684348.36,INR,1,Rail,12-11-2025,12-11-2025,0,Approved,Cancelled,568608.48
PO001920,10-02-2025,S0086,P0058,WH004,CT00481,Domestic,52,7485.45,389243.4,2268.02,0,0,70472.06,461983.48,INR,1,Road,09-03-2025,09-03-2025,0,Approved,Delivered,389243.4
PO001921,17-06-2025,S0048,P0252,WH002,CT00524,Domestic,230,1015.22,233500.6,1226.34,0,0,42250.85,276977.79,INR,1,Road,04-07-2025,04-07-2025,0,Approved,Delivered,233500.6
PO001922,18-05-2026,S0048,P0030,WH002,CT00060,Domestic,239,82131.03,19629316.17,134574.75,0,0,3557500.37,23321391.29,INR,1,Rail,01-06-2026,01-06-2026,0,Approved,Delivered,19629316.17
PO001923,11-06-2026,S0094,P0255,WH001,CT00498,Domestic,995,48061.44,47821132.8,939614.65,0,0,8776934.54,57537681.99,INR,1,Air,18-07-2026,23-07-2026,5,Approved,Delivered,47821132.8
PO001924,20-08-2025,S0121,P0127,WH002,CT00095,Domestic,121,72052.9,8718400.9,132430.46,0,0,1593149.64,10443981,INR,1,Air,09-09-2025,10-09-2025,1,Pending,Partially Delivered,8718400.9
PO001925,10-02-2025,S0079,P0121,WH004,CT00523,Domestic,163,15631.2,2547885.6,20084.17,0,0,462234.56,3030204.33,INR,1,Rail,17-03-2025,17-03-2025,0,Approved,Delivered,2547885.6
PO001926,04-04-2025,S0112,P0271,WH003,CT00014,Domestic,875,14827.71,12974246.25,237526.1,0,0,2378119.02,15589891.37,INR,1,Rail,03-05-2025,03-05-2025,0,Pending,Delivered,12974246.25
PO001927,12-01-2026,S0036,P0149,WH003,CT00241,Domestic,616,52110.55,32100098.8,623221,0,0,5890197.56,38613517.36,INR,1,Rail,28-01-2026,28-01-2026,0,Approved,Delivered,32100098.8
PO001928,29-12-2025,S0083,P0300,WH004,CT00515,Domestic,723,3092.23,2235682.29,40661.5,0,0,409741.88,2686085.67,INR,1,Air,13-01-2026,13-01-2026,0,Approved,Partially Delivered,2235682.29
PO001929,14-11-2025,S0016,P0168,WH004,CT00497,Domestic,204,77749.19,15860834.76,290249.72,0,0,2907195.21,19058279.69,INR,1,Rail,11-12-2025,11-12-2025,0,Approved,Cancelled,15860834.76
PO001930,07-05-2026,S0069,P0145,WH003,CT00502,Domestic,91,68909.64,6270777.24,36087.45,0,0,1135235.64,7442100.33,INR,1,Air,20-05-2026,21-05-2026,1,Approved,Cancelled,6270777.24
PO001931,07-04-2025,S0068,P0221,WH002,CT00276,Domestic,654,45127.2,29513188.8,210101.66,0,0,5350192.28,35073482.74,INR,1,Road,22-04-2025,25-04-2025,3,Approved,Delivered,29513188.8
PO001932,15-10-2025,S0059,P0261,WH003,CT00600,Domestic,491,7063.67,3468261.97,63830.51,0,0,635776.65,4167869.13,INR,1,Air,20-11-2025,20-11-2025,0,Approved,Cancelled,3468261.97
PO001933,09-06-2026,S0083,P0046,WH003,CT00515,Domestic,370,41805.27,15467949.9,202694.69,0,0,2820716.03,18491360.62,INR,1,Rail,27-06-2026,28-06-2026,1,Approved,Partially Delivered,15467949.9
PO001934,11-08-2025,S0089,P0117,WH004,CT00537,Domestic,531,48220.66,25605170.46,447896.3,0,0,4689552.02,30742618.78,INR,1,Road,29-08-2025,29-08-2025,0,Approved,Delivered,25605170.46
PO001935,15-06-2025,S0080,P0291,WH001,CT00125,Domestic,118,77283.83,9119491.94,151770.16,0,0,1668827.18,10940089.28,INR,1,Air,15-07-2025,15-07-2025,0,Approved,Delivered,9119491.94
PO001936,28-04-2026,S0054,P0040,WH004,CT00421,Domestic,273,42351.23,11561885.79,196069.41,0,0,2116431.94,13874387.14,INR,1,Air,18-05-2026,21-05-2026,3,Approved,Delivered,11561885.79
PO001937,10-10-2025,S0050,P0040,WH002,CT00341,Domestic,289,40844.98,11804199.22,85640.13,0,0,2140171.08,14030010.43,INR,1,Rail,25-10-2025,28-10-2025,3,Approved,Partially Delivered,11804199.22
PO001938,08-08-2025,S0010,P0147,WH002,No Contract,Domestic,418,71308.71,29807040.78,254886.01,0,0,5411146.82,35473073.61,INR,1,Rail,09-09-2025,11-09-2025,2,Approved,Delivered,29807040.78
PO001939,21-07-2026,S0010,P0297,WH004,No Contract,Domestic,692,25847.06,17886165.52,338770.1,0,0,3280488.41,21505424.03,INR,1,Rail,20-08-2026,20-08-2026,0,Pending,Delivered,17886165.52
PO001940,16-06-2025,S0069,P0014,WH002,CT00502,Domestic,149,22869.01,3407482.49,28178,0,0,618418.89,4054079.38,INR,1,Rail,05-07-2025,06-07-2025,1,Approved,Delivered,3407482.49
PO001941,31-03-2025,S0101,P0160,WH002,CT00206,Domestic,956,46202.44,44169532.64,792176.85,0,0,8093107.71,53054817.2,INR,1,Rail,07-04-2025,07-04-2025,0,Approved,Partially Delivered,44169532.64
PO001942,30-08-2025,S0044,P0231,WH002,CT00046,Domestic,605,48236.51,29183088.55,248771.43,0,0,5297734.8,34729594.78,INR,1,Road,13-09-2025,13-09-2025,0,Pending,Partially Delivered,29183088.55
PO001943,06-05-2025,S0065,P0140,WH002,CT00587,Domestic,496,63743.15,31616602.4,301911.05,0,0,5745332.42,37663845.87,INR,1,Road,11-05-2025,16-05-2025,5,Approved,Cancelled,31616602.4
PO001944,24-07-2025,S0102,P0014,WH004,CT00468,Domestic,900,24465.35,22018815,364493.35,0,0,4028995.5,26412303.85,INR,1,Air,21-08-2025,21-08-2025,0,Approved,Partially Delivered,22018815
PO001945,09-11-2025,S0024,P0071,WH003,CT00387,Domestic,148,32392.64,4794110.72,68881.56,0,0,875338.61,5738330.89,INR,1,Air,02-12-2025,02-12-2025,0,Pending,Partially Delivered,4794110.72
PO001946,19-07-2026,S0022,P0091,WH002,CT00035,Domestic,122,31598.07,3854964.54,26637.35,0,0,698688.34,4580290.23,INR,1,Air,03-08-2026,03-08-2026,0,Approved,Partially Delivered,3854964.54
PO001947,26-02-2025,S0049,P0084,WH001,No Contract,Domestic,882,35513.55,31322951.1,461665.35,0,0,5721230.96,37505847.41,INR,1,Rail,01-03-2025,06-03-2025,5,Approved,Partially Delivered,31322951.1
PO001948,31-03-2025,S0069,P0097,WH001,CT00502,Domestic,636,82612.77,52541721.72,338702.87,0,0,9518476.43,62398901.02,INR,1,Road,19-04-2025,19-04-2025,0,Approved,Partially Delivered,52541721.72
PO001949,11-03-2025,S0066,P0173,WH004,CT00492,Domestic,449,32300.66,14502996.34,140598.61,0,0,2635847.09,17279442.04,INR,1,Road,10-04-2025,10-04-2025,0,Approved,Partially Delivered,14502996.34
PO001950,01-02-2025,S0046,P0130,WH003,CT00069,Domestic,376,29733.68,11179863.68,195545.09,0,0,2047573.58,13422982.35,INR,1,Air,09-03-2025,17-03-2025,8,Pending,Delivered,11179863.68
PO001951,25-02-2025,S0063,P0202,WH004,CT00005,Domestic,472,34560.93,16312758.96,250912.57,0,0,2981460.88,19545132.41,INR,1,Air,12-03-2025,12-03-2025,0,Approved,Delivered,16312758.96
PO001952,08-08-2025,S0009,P0066,WH004,CT00097,Domestic,272,47157.43,12826820.96,88490.78,0,0,2324756.11,15240067.85,INR,1,Air,19-08-2025,20-08-2025,1,Approved,Partially Delivered,12826820.96
PO001953,02-01-2025,S0021,P0035,WH001,CT00415,Domestic,932,55404.69,51637171.08,434418.96,0,0,9372886.21,61444476.25,INR,1,Air,08-01-2025,08-01-2025,0,Pending,Partially Delivered,51637171.08
PO001954,05-06-2026,S0054,P0267,WH003,CT00143,Domestic,362,10338.64,3742587.68,49215.98,0,0,682524.66,4474328.32,INR,1,Air,24-06-2026,24-06-2026,0,Approved,Delivered,3742587.68
PO001955,24-11-2025,S0083,P0143,WH004,CT00515,Domestic,625,85302.47,53314043.75,962732.82,0,0,9769819.78,64046596.35,INR,1,Rail,14-12-2025,15-12-2025,1,Approved,Partially Delivered,53314043.75
PO001956,02-11-2025,S0086,P0246,WH002,CT00481,Domestic,632,79266.46,50096402.72,935720.64,0,0,9185782.2,60217905.56,INR,1,Road,24-11-2025,24-11-2025,0,Approved,Partially Delivered,50096402.72
PO001957,25-01-2025,S0120,P0194,WH002,CT00574,Domestic,42,70092.17,2943871.14,20012.23,0,0,533499.01,3497382.38,INR,1,Air,26-02-2025,26-02-2025,0,Approved,Partially Delivered,2943871.14
PO001958,29-04-2025,S0010,P0123,WH002,No Contract,Domestic,524,41988.45,22001947.8,136131.8,0,0,3984854.33,26122933.93,INR,1,Rail,27-05-2025,01-06-2025,5,Approved,Cancelled,22001947.8
PO001959,01-05-2026,S0014,P0142,WH002,CT00427,Domestic,173,49694.71,8597184.83,59676.34,0,0,1558235.01,10215096.18,INR,1,Rail,21-05-2026,24-05-2026,3,Approved,Delivered,8597184.83
PO001960,04-08-2025,S0096,P0038,WH004,CT00511,Domestic,535,33659.43,18007795.05,112941.53,0,0,3261732.58,21382469.16,INR,1,Rail,10-09-2025,15-09-2025,5,Pending,Cancelled,18007795.05
PO001961,22-02-2025,S0106,P0016,WH002,CT00089,Domestic,77,91969.5,7081651.5,127060.93,0,0,1297568.24,8506280.67,INR,1,Road,05-03-2025,05-03-2025,0,Approved,Partially Delivered,7081651.5
PO001962,15-01-2026,S0001,P0216,WH002,CT00543,Domestic,342,50627.2,17314502.4,92998.74,0,0,3133350.21,20540851.35,INR,1,Rail,27-01-2026,28-01-2026,1,Approved,Partially Delivered,17314502.4
PO001963,27-06-2025,S0080,P0120,WH004,CT00125,Domestic,728,85881.19,62521506.32,385121.39,0,0,11323192.99,74229820.7,INR,1,Air,20-07-2025,21-07-2025,1,Approved,Delivered,62521506.32
PO001964,29-11-2025,S0030,P0277,WH002,CT00521,Domestic,358,70843.63,25362019.54,425525.75,0,0,4641758.15,30429303.44,INR,1,Rail,12-12-2025,12-12-2025,0,Pending,Delivered,25362019.54
PO001965,08-06-2025,S0124,P0190,WH003,CT00444,Domestic,38,66770.97,2537296.86,35503.54,0,0,463104.07,3035904.47,INR,1,Rail,06-07-2025,07-07-2025,1,Pending,Delivered,2537296.86
PO001966,20-07-2026,S0097,P0297,WH001,CT00004,Domestic,202,26272.02,5306948.04,46232.83,0,0,963572.56,6316753.43,INR,1,Air,07-08-2026,07-08-2026,0,Approved,Partially Delivered,5306948.04
PO001967,27-06-2025,S0017,P0173,WH003,No Contract,Domestic,417,30618.97,12768110.49,127741.02,0,0,2321253.27,15217104.78,INR,1,Rail,02-08-2025,04-08-2025,2,Approved,Cancelled,12768110.49
PO001968,30-05-2026,S0070,P0079,WH004,CT00573,Domestic,294,47276.16,13899191.04,266693.91,0,0,2549859.29,16715744.24,INR,1,Road,27-06-2026,28-06-2026,1,Pending,Partially Delivered,13899191.04
PO001969,23-10-2025,S0085,P0029,WH004,No Contract,Domestic,869,58832.02,51125025.38,898132.94,0,0,9364168.5,61387326.82,INR,1,Road,26-10-2025,26-10-2025,0,Approved,Cancelled,51125025.38
PO001970,19-01-2026,S0019,P0278,WH003,CT00551,Domestic,210,22018.43,4623870.3,43642.97,0,0,840152.39,5507665.66,INR,1,Air,20-02-2026,20-02-2026,0,Approved,Partially Delivered,4623870.3
PO001971,29-06-2025,S0062,P0175,WH003,No Contract,Domestic,440,7524.4,3310736,16647.33,0,0,598929,3926312.33,INR,1,Road,01-07-2025,01-07-2025,0,Approved,Partially Delivered,3310736
PO001972,03-03-2025,S0104,P0237,WH004,CT00102,Domestic,766,26254.36,20110839.76,178945.54,0,0,3652161.35,23941946.65,INR,1,Air,28-03-2025,28-03-2025,0,Approved,Partially Delivered,20110839.76
PO001973,24-09-2025,S0022,P0043,WH004,CT00035,Domestic,418,23007.15,9616988.7,138385.77,0,0,1755967.4,11511341.87,INR,1,Air,08-10-2025,08-10-2025,0,Approved,Delivered,9616988.7
PO001974,26-12-2025,S0016,P0175,WH003,CT00497,Domestic,553,6701.1,3705708.3,57706.32,0,0,677414.63,4440829.25,INR,1,Road,29-01-2026,29-01-2026,0,Approved,Cancelled,3705708.3
PO001975,11-05-2025,S0005,P0240,WH004,CT00370,Domestic,648,84067.12,54475493.76,501520.4,0,0,9895862.55,64872876.71,INR,1,Road,20-05-2025,20-05-2025,0,Approved,Delivered,54475493.76
PO001976,15-08-2025,S0101,P0156,WH003,CT00206,Domestic,830,64609.05,53625511.5,384259.24,0,0,9721758.73,63731529.47,INR,1,Road,25-08-2025,26-08-2025,1,Approved,Cancelled,53625511.5
PO001977,09-01-2026,S0023,P0122,WH002,CT00325,Domestic,800,51401.07,41120856,446039.69,0,0,7482041.22,49048936.91,INR,1,Rail,14-01-2026,14-01-2026,0,Approved,Delivered,41120856
PO001978,22-02-2025,S0089,P0196,WH002,CT00537,Domestic,267,73723.19,19684091.73,344915.72,0,0,3605221.34,23634228.79,INR,1,Road,17-03-2025,18-03-2025,1,Approved,Cancelled,19684091.73
PO001979,18-02-2025,S0037,P0223,WH004,CT00557,Domestic,315,2519.56,793661.4,15527.41,0,0,145653.99,954842.8,INR,1,Air,26-03-2025,26-03-2025,0,Pending,Delivered,793661.4
PO001980,16-10-2025,S0069,P0011,WH003,CT00502,Domestic,659,56561.59,37274087.81,346411.74,0,0,6771689.92,44392189.47,INR,1,Road,01-11-2025,02-11-2025,1,Approved,Delivered,37274087.81
PO001981,28-08-2025,S0099,P0152,WH004,CT00324,Domestic,102,30577.55,3118910.1,26277.71,0,0,566133.81,3711321.62,INR,1,Rail,12-09-2025,17-09-2025,5,Pending,Delivered,3118910.1
PO001982,15-02-2026,S0050,P0058,WH002,CT00341,Domestic,200,8400.89,1680178,26258.08,0,0,307158.49,2013594.57,INR,1,Rail,26-02-2026,26-02-2026,0,Approved,Delivered,1680178
PO001983,27-05-2026,S0004,P0200,WH002,CT00152,Domestic,794,72867.61,57856882.34,727704.86,0,0,10545225.7,69129812.9,INR,1,Rail,16-06-2026,17-06-2026,1,Approved,Cancelled,57856882.34
PO001984,18-05-2025,S0100,P0203,WH001,CT00227,Domestic,13,21763.31,282923.03,5168.61,0,0,51856.5,339948.14,INR,1,Rail,18-06-2025,20-06-2025,2,Approved,Cancelled,282923.03
PO001985,14-02-2025,S0055,P0024,WH002,CT00288,Domestic,293,27882.79,8169657.47,96661.04,0,0,1487937.33,9754255.84,INR,1,Air,05-03-2025,06-03-2025,1,Approved,Delivered,8169657.47
PO001986,11-08-2025,S0022,P0194,WH003,CT00035,Domestic,861,75862.83,65317896.63,777414.16,0,0,11897155.94,77992466.73,INR,1,Air,26-08-2025,31-08-2025,5,Approved,Delivered,65317896.63
PO001987,21-02-2026,S0119,P0277,WH004,CT00009,Domestic,944,73977.83,69835071.52,681001.88,0,0,12692893.21,83208966.61,INR,1,Road,28-02-2026,28-02-2026,0,Approved,Partially Delivered,69835071.52
PO001988,06-04-2026,S0081,P0114,WH004,CT00124,Domestic,816,77774.58,63464057.28,1067202.01,0,0,11615626.67,76146885.96,INR,1,Air,23-04-2026,28-04-2026,5,Approved,Delivered,63464057.28
PO001989,29-07-2026,S0041,P0165,WH002,CT00545,Domestic,969,53867.99,52198082.31,704139.73,0,0,9522399.97,62424622.01,INR,1,Road,18-08-2026,18-08-2026,0,Approved,Partially Delivered,52198082.31
PO001990,21-04-2026,S0010,P0150,WH001,No Contract,Domestic,506,66234.79,33514803.74,527971.32,0,0,6127699.51,40170474.57,INR,1,Rail,13-05-2026,13-05-2026,0,Approved,Cancelled,33514803.74
PO001991,12-09-2025,S0005,P0282,WH003,CT00370,Domestic,634,40113.95,25432244.3,228099.68,0,0,4618861.92,30279205.9,INR,1,Air,23-09-2025,23-09-2025,0,Approved,Delivered,25432244.3
PO001992,02-06-2026,S0093,P0028,WH003,CT00117,Domestic,880,14677.6,12916288,118399.46,0,0,2346243.74,15380931.2,INR,1,Rail,19-06-2026,24-06-2026,5,Approved,Delivered,12916288
PO001993,08-10-2025,S0012,P0265,WH002,CT00320,Domestic,145,29250.15,4241271.75,64200.71,0,0,774985.04,5080457.5,INR,1,Air,02-11-2025,02-11-2025,0,Pending,Partially Delivered,4241271.75
PO001994,16-12-2025,S0007,P0134,WH001,CT00233,Domestic,829,14863.78,12322073.62,119566.13,0,0,2239495.15,14681134.9,INR,1,Rail,12-01-2026,15-01-2026,3,Approved,Cancelled,12322073.62
PO001995,02-06-2026,S0087,P0082,WH001,CT00554,Domestic,542,57970.26,31419880.92,554653.69,0,0,5755416.23,37729950.84,INR,1,Air,19-06-2026,19-06-2026,0,Approved,Cancelled,31419880.92
PO001996,21-04-2025,S0082,P0290,WH004,CT00428,Domestic,10,75011.63,750116.3,10486.02,0,0,136908.42,897510.74,INR,1,Rail,29-04-2025,29-04-2025,0,Pending,Delivered,750116.3
PO001997,20-01-2026,S0025,P0204,WH001,CT00271,Domestic,613,79192,48544696,436207.81,0,0,8816562.69,57797466.5,INR,1,Rail,23-02-2026,23-02-2026,0,Approved,Cancelled,48544696
PO001998,08-05-2026,S0078,P0189,WH003,CT00267,Domestic,235,51833.56,12180886.6,120711.47,0,0,2214287.65,14515885.72,INR,1,Road,05-06-2026,05-06-2026,0,Approved,Cancelled,12180886.6
PO001999,10-03-2025,S0020,P0231,WH002,CT00582,Domestic,654,46945.17,30702141.18,180067.28,0,0,5558797.52,36441005.98,INR,1,Road,03-04-2025,11-04-2025,8,Approved,Partially Delivered,30702141.18
PO002000,22-05-2026,S0120,P0199,WH002,CT00574,Domestic,755,58591.32,44236446.6,427695.44,0,0,8039545.57,52703687.61,INR,1,Rail,25-06-2026,25-06-2026,0,Approved,Delivered,44236446.6
PO002001,14-12-2025,S0124,P0030,WH003,CT00083,Domestic,811,81861.47,66389652.17,578076.14,0,0,12054191.1,79021919.41,INR,1,Air,02-01-2026,04-01-2026,2,Approved,Partially Delivered,66389652.17
PO002002,15-03-2025,S0058,P0180,WH001,CT00329,Domestic,405,36046.51,14598836.55,196605.56,0,0,2663179.58,17458621.69,INR,1,Rail,16-04-2025,17-04-2025,1,Approved,Delivered,14598836.55
PO002003,04-02-2026,S0060,P0149,WH001,CT00158,Domestic,536,44036.69,23603665.84,149072.49,0,0,4275492.9,28028231.23,INR,1,Road,23-02-2026,25-02-2026,2,Pending,Delivered,23603665.84
PO002004,08-01-2026,S0076,P0216,WH002,CT00326,Domestic,314,46867.6,14716426.4,152826.41,0,0,2676465.51,17545718.32,INR,1,Road,04-02-2026,04-02-2026,0,Approved,Delivered,14716426.4
PO002005,02-10-2025,S0018,P0041,WH002,CT00290,Domestic,423,32954.8,13939880.4,162397.58,0,0,2538410.04,16640688.02,INR,1,Road,19-10-2025,19-10-2025,0,Approved,Delivered,13939880.4
PO002006,07-05-2025,S0081,P0288,WH003,CT00124,Domestic,998,36870.15,36796409.7,586288.99,0,0,6728885.76,44111584.45,INR,1,Rail,19-05-2025,22-05-2025,3,Approved,Delivered,36796409.7
PO002007,17-06-2025,S0077,P0279,WH003,CT00198,Domestic,819,74348.26,60891224.94,562794.11,0,0,11061723.43,72515742.48,INR,1,Air,19-07-2025,22-07-2025,3,Approved,Partially Delivered,60891224.94
PO002008,23-07-2025,S0032,P0046,WH004,CT00185,Domestic,733,41814.3,30649881.9,401165.5,0,0,5589188.53,36640235.93,INR,1,Road,01-08-2025,01-08-2025,0,Approved,Partially Delivered,30649881.9
PO002009,06-07-2025,S0021,P0118,WH002,CT00415,Domestic,215,71052.82,15276356.3,112268.99,0,0,2769952.55,18158577.84,INR,1,Air,12-07-2025,12-07-2025,0,Approved,Delivered,15276356.3
PO002010,25-06-2026,S0075,P0232,WH003,CT00059,Domestic,270,37219.15,10049170.5,161029.19,0,0,1837835.94,12048035.63,INR,1,Rail,15-07-2026,17-07-2026,2,Approved,Partially Delivered,10049170.5
PO002011,19-12-2025,S0045,P0261,WH004,CT00282,Domestic,419,7232.14,3030266.66,36972.89,0,0,552103.12,3619342.67,INR,1,Road,23-12-2025,04-01-2026,12,Approved,Delivered,3030266.66
PO002012,07-10-2025,S0099,P0201,WH004,CT00324,Domestic,556,74227.85,41270684.6,260040.31,0,0,7475530.48,49006255.39,INR,1,Road,18-10-2025,20-10-2025,2,Approved,Cancelled,41270684.6
PO002013,03-07-2026,S0087,P0131,WH002,CT00081,Domestic,334,22814.04,7619889.36,58142.41,0,0,1382045.72,9060077.49,INR,1,Rail,27-07-2026,27-07-2026,0,Pending,Partially Delivered,7619889.36
PO002014,20-08-2025,S0012,P0022,WH004,CT00320,Domestic,169,60312.12,10192748.28,202818.62,0,0,1871202.04,12266768.94,INR,1,Road,17-09-2025,18-09-2025,1,Approved,Delivered,10192748.28
PO002015,17-07-2026,S0115,P0181,WH001,CT00298,Domestic,366,2875.75,1052524.5,14827.64,0,0,192123.39,1259475.53,INR,1,Air,08-08-2026,08-08-2026,0,Approved,Cancelled,1052524.5
PO002016,10-02-2025,S0056,P0136,WH001,CT00590,Domestic,834,36433.28,30385355.52,156713.31,0,0,5497572.39,36039641.22,INR,1,Air,16-03-2025,19-03-2025,3,Approved,Delivered,30385355.52
PO002017,26-04-2025,S0064,P0094,WH001,CT00209,Domestic,286,26022.7,7442492.2,56782.82,0,0,1349869.5,8849144.52,INR,1,Air,19-05-2025,20-05-2025,1,Pending,Cancelled,7442492.2
PO002018,12-09-2025,S0119,P0166,WH002,CT00530,Domestic,217,21213.83,4603401.11,87520.26,0,0,844365.85,5535287.22,INR,1,Road,23-09-2025,05-10-2025,12,Approved,Delivered,4603401.11
PO002019,18-07-2026,S0046,P0064,WH004,CT00069,Domestic,859,75480.04,64837354.36,1027226.96,0,0,11855624.64,77720205.96,INR,1,Air,13-08-2026,13-08-2026,0,Pending,Partially Delivered,64837354.36
PO002020,22-02-2025,S0072,P0259,WH004,CT00527,Domestic,544,80389.95,43732132.8,454009.74,0,0,7953505.66,52139648.2,INR,1,Air,18-03-2025,18-03-2025,0,Approved,Partially Delivered,43732132.8
PO002021,24-07-2026,S0079,P0058,WH003,CT00165,Domestic,269,8552.99,2300754.31,27733.56,0,0,419127.82,2747615.69,INR,1,Rail,21-08-2026,21-08-2026,0,Pending,Delivered,2300754.31
PO002022,20-10-2025,S0090,P0019,WH001,CT00155,Domestic,454,48492.05,22015390.7,343003.75,0,0,4024511,26382905.45,INR,1,Road,04-11-2025,16-11-2025,12,Approved,Delivered,22015390.7
PO002023,07-03-2025,S0117,P0093,WH002,No Contract,Domestic,781,43086.75,33650751.75,660507.79,0,0,6176026.72,40487286.26,INR,1,Rail,04-04-2025,16-04-2025,12,Approved,Partially Delivered,33650751.75
PO002024,14-07-2025,S0020,P0143,WH004,CT00159,Domestic,629,78131.69,49144833.01,930410.32,0,0,9013543.8,59088787.13,INR,1,Road,14-08-2025,14-08-2025,0,Approved,Delivered,49144833.01
PO002025,01-03-2026,S0084,P0164,WH001,CT00247,Domestic,404,80695.41,32600945.64,539750.65,0,0,5965325.33,39106021.62,INR,1,Air,02-04-2026,02-04-2026,0,Approved,Delivered,32600945.64
PO002026,23-12-2025,S0120,P0174,WH002,CT00574,Domestic,56,80699.64,4519179.84,34964.1,0,0,819745.91,5373889.85,INR,1,Air,24-01-2026,24-01-2026,0,Approved,Partially Delivered,4519179.84
PO002027,17-05-2025,S0039,P0176,WH004,CT00493,Domestic,983,35168.48,34570615.84,392528.79,0,0,6293366.03,41256510.66,INR,1,Air,04-06-2025,04-06-2025,0,Approved,Delivered,34570615.84
PO002028,15-03-2025,S0042,P0127,WH003,CT00126,Domestic,233,70170.28,16349675.24,191673.79,0,0,2977442.83,19518791.86,INR,1,Road,07-04-2025,08-04-2025,1,Pending,Partially Delivered,16349675.24
PO002029,22-02-2026,S0102,P0215,WH004,CT00231,Domestic,943,35330.37,33316538.91,338195.12,0,0,6057852.13,39712586.16,INR,1,Road,30-03-2026,07-04-2026,8,Pending,Delivered,33316538.91
PO002030,07-04-2026,S0002,P0174,WH002,CT00504,Domestic,135,84023.31,11343146.85,95648.12,0,0,2058983.09,13497778.06,INR,1,Road,21-04-2026,26-04-2026,5,Pending,Partially Delivered,11343146.85
PO002031,07-01-2026,S0050,P0282,WH003,CT00341,Domestic,367,37981.39,13939170.13,205952.35,0,0,2546122.05,16691244.53,INR,1,Road,25-01-2026,25-01-2026,0,Approved,Delivered,13939170.13
PO002032,28-05-2025,S0081,P0045,WH002,CT00124,Domestic,705,46411.28,32719952.4,256275.65,0,0,5935721.05,38911949.1,INR,1,Rail,09-06-2025,09-06-2025,0,Approved,Delivered,32719952.4
PO002033,05-05-2025,S0102,P0249,WH003,CT00131,Domestic,509,11414.99,5810229.91,85074.91,0,0,1061154.87,6956459.69,INR,1,Rail,04-06-2025,05-06-2025,1,Pending,Delivered,5810229.91
PO002034,17-11-2025,S0035,P0218,WH002,CT00477,Domestic,31,48415.14,1500869.34,16720.65,0,0,273166.2,1790756.19,INR,1,Rail,27-11-2025,27-11-2025,0,Pending,Partially Delivered,1500869.34
PO002035,22-03-2025,S0064,P0075,WH002,CT00209,Domestic,31,21096.1,653979.1,4106.11,0,0,118455.34,776540.55,INR,1,Rail,14-04-2025,17-04-2025,3,Approved,Cancelled,653979.1
PO002036,24-03-2025,S0106,P0051,WH002,CT00043,Domestic,674,5135.23,3461145.02,47987.32,0,0,631643.82,4140776.16,INR,1,Road,04-04-2025,06-04-2025,2,Approved,Cancelled,3461145.02
PO002037,29-03-2025,S0009,P0216,WH003,CT00097,Domestic,503,48377.21,24333736.63,341330,0,0,4441511.99,29116578.62,INR,1,Road,15-04-2025,23-04-2025,8,Pending,Partially Delivered,24333736.63
PO002038,12-06-2025,S0020,P0175,WH001,CT00159,Domestic,644,6995.57,4505147.08,38389.93,0,0,817836.66,5361373.67,INR,1,Road,05-07-2025,06-07-2025,1,Approved,Delivered,4505147.08
PO002039,25-10-2025,S0064,P0145,WH002,CT00553,Domestic,525,60201.36,31605714,318118.22,0,0,5746289.8,37670122.02,INR,1,Air,17-11-2025,17-11-2025,0,Approved,Partially Delivered,31605714
PO002040,20-07-2026,S0069,P0219,WH004,CT00502,Domestic,546,87771.94,47923479.24,747718.59,0,0,8760815.61,57432013.44,INR,1,Air,02-08-2026,02-08-2026,0,Approved,Cancelled,47923479.24
PO002041,15-04-2025,S0109,P0275,WH003,CT00555,Domestic,230,37436.26,8610339.8,118628.32,0,0,1571214.26,10300182.38,INR,1,Air,11-05-2025,12-05-2025,1,Approved,Cancelled,8610339.8
PO002042,28-06-2025,S0079,P0096,WH001,CT00523,Domestic,278,41801.31,11620764.18,213888.65,0,0,2130237.51,13964890.34,INR,1,Air,29-07-2025,29-07-2025,0,Approved,Partially Delivered,11620764.18
PO002043,06-10-2025,S0025,P0119,WH004,CT00271,Domestic,427,2127.63,908498.01,5417.8,0,0,164504.85,1078420.66,INR,1,Road,07-11-2025,07-11-2025,0,Approved,Delivered,908498.01
PO002044,02-08-2025,S0119,P0175,WH001,CT00009,Domestic,561,7378.82,4139518.02,39885.74,0,0,752292.68,4931696.44,INR,1,Road,06-08-2025,06-08-2025,0,Pending,Partially Delivered,4139518.02
PO002045,28-01-2025,S0038,P0241,WH004,CT00203,Domestic,186,27900.34,5189463.24,58849.58,0,0,944696.31,6193009.13,INR,1,Road,02-02-2025,02-02-2025,0,Approved,Delivered,5189463.24
PO002046,05-02-2026,S0013,P0186,WH002,CT00448,Domestic,486,69575.5,33813693,413683.15,0,0,6160927.71,40388303.86,INR,1,Rail,07-03-2026,07-03-2026,0,Approved,Delivered,33813693
PO002047,17-01-2025,S0048,P0077,WH004,CT00524,Domestic,626,34659.31,21696728.06,373919.93,0,0,3972716.64,26043364.63,INR,1,Road,07-02-2025,08-02-2025,1,Approved,Delivered,21696728.06
PO002048,12-05-2025,S0116,P0116,WH003,CT00482,Domestic,897,69614.01,62443766.97,672430.63,0,0,11360915.57,74477113.17,INR,1,Rail,11-06-2025,12-06-2025,1,Pending,Partially Delivered,62443766.97
PO002049,05-01-2026,S0090,P0179,WH002,CT00155,Domestic,814,7625.23,6206937.22,92014.56,0,0,1133811.32,7432763.1,INR,1,Rail,26-01-2026,26-01-2026,0,Pending,Delivered,6206937.22
PO002050,09-04-2025,S0119,P0010,WH003,CT00009,Domestic,680,8502.36,5781604.8,30798.08,0,0,1046232.52,6858635.4,INR,1,Rail,11-04-2025,11-04-2025,0,Approved,Delivered,5781604.8
PO002051,28-07-2025,S0045,P0202,WH002,CT00282,Domestic,398,32118.97,12783350.06,155587.37,0,0,2329008.74,15267946.17,INR,1,Road,09-08-2025,09-08-2025,0,Approved,Delivered,12783350.06
PO002052,21-08-2025,S0070,P0287,WH004,CT00552,Domestic,638,81919.1,52264385.8,590143.22,0,0,9513815.22,62368344.24,INR,1,Rail,21-09-2025,21-09-2025,0,Approved,Partially Delivered,52264385.8
PO002053,02-06-2025,S0081,P0113,WH003,CT00124,Domestic,791,58420.15,46210338.65,548600.65,0,0,8416609.07,55175548.37,INR,1,Road,21-06-2025,22-06-2025,1,Pending,Cancelled,46210338.65
PO002054,12-01-2026,S0123,P0194,WH001,CT00453,Domestic,743,72555.99,53909100.57,480633.28,0,0,9790152.09,64179885.94,INR,1,Rail,09-02-2026,09-02-2026,0,Approved,Delivered,53909100.57
PO002055,31-03-2026,S0058,P0111,WH003,CT00021,Domestic,282,12951.37,3652286.34,55739.41,0,0,667444.64,4375470.39,INR,1,Road,28-04-2026,03-05-2026,5,Approved,Partially Delivered,3652286.34
PO002056,21-03-2025,S0113,P0211,WH004,No Contract,Domestic,1000,47331.99,47331990,522517.31,0,0,8613811.32,56468318.63,INR,1,Road,28-03-2025,28-03-2025,0,Pending,Delivered,47331990
PO002057,23-01-2025,S0099,P0250,WH003,CT00324,Domestic,617,60519.38,37340457.46,486079.29,0,0,6808776.61,44635313.36,INR,1,Road,29-01-2025,06-02-2025,8,Pending,Cancelled,37340457.46
PO002058,01-07-2025,S0108,P0030,WH001,CT00108,Domestic,517,81098.73,41928043.41,628005.01,0,0,7660088.72,50216137.14,INR,1,Air,30-07-2025,30-07-2025,0,Approved,Partially Delivered,41928043.41
PO002059,06-11-2025,S0045,P0070,WH001,CT00282,Domestic,132,68208.82,9003564.24,161059.01,0,0,1649632.18,10814255.43,INR,1,Air,18-11-2025,19-11-2025,1,Approved,Delivered,9003564.24
PO002060,18-03-2026,S0039,P0036,WH002,CT00409,Domestic,489,75118.06,36732731.34,455344.56,0,0,6693853.66,43881929.56,INR,1,Rail,06-04-2026,07-04-2026,1,Approved,Cancelled,36732731.34
PO002061,23-07-2026,S0102,P0033,WH003,CT00154,Domestic,94,45693.12,4295153.28,50730.67,0,0,782259.11,5128143.06,INR,1,Road,28-08-2026,28-08-2026,0,Approved,Delivered,4295153.28
PO002062,17-03-2026,S0023,P0140,WH003,CT00325,Domestic,412,65535.09,27000457.08,380214.25,0,0,4928520.84,32309192.17,INR,1,Road,22-03-2026,03-04-2026,12,Approved,Cancelled,27000457.08
PO002063,12-02-2025,S0062,P0060,WH001,No Contract,Domestic,691,5017.15,3466850.65,32692.47,0,0,629917.76,4129460.88,INR,1,Air,15-02-2025,16-02-2025,1,Pending,Delivered,3466850.65
PO002064,06-06-2026,S0124,P0121,WH001,CT00083,Domestic,827,16207.28,13403420.56,89725.66,0,0,2428766.32,15921912.54,INR,1,Air,26-06-2026,28-06-2026,2,Pending,Cancelled,13403420.56
PO002065,27-04-2025,S0080,P0211,WH002,CT00034,Domestic,420,44538.94,18706354.8,138916.97,0,0,3392148.92,22237420.69,INR,1,Air,24-05-2025,24-05-2025,0,Approved,Partially Delivered,18706354.8
PO002066,17-09-2025,S0061,P0052,WH002,CT00091,Domestic,798,16596.59,13244078.82,138091.39,0,0,2408790.64,15790960.85,INR,1,Air,24-09-2025,26-09-2025,2,Pending,Delivered,13244078.82
PO002067,04-01-2025,S0032,P0061,WH003,CT00185,Domestic,733,36631.38,26850801.54,279093.56,0,0,4883381.12,32013276.22,INR,1,Road,21-01-2025,21-01-2025,0,Pending,Delivered,26850801.54
PO002068,19-06-2026,S0066,P0118,WH004,CT00492,Domestic,941,82879.81,77989901.21,1027749.56,0,0,14223177.14,93240827.91,INR,1,Air,15-07-2026,15-07-2026,0,Pending,Partially Delivered,77989901.21
PO002069,10-01-2026,S0074,P0267,WH004,CT00128,Domestic,426,10539.44,4489801.44,44224.55,0,0,816124.68,5350150.67,INR,1,Rail,31-01-2026,03-02-2026,3,Pending,Delivered,4489801.44
PO002070,10-05-2025,S0114,P0031,WH002,No Contract,Domestic,100,12319.42,1231942,18409.54,0,0,225063.28,1475414.82,INR,1,Rail,31-05-2025,02-06-2025,2,Approved,Delivered,1231942
PO002071,18-05-2025,S0093,P0109,WH002,CT00394,Domestic,940,65331.96,61412042.4,326530.46,0,0,11112943.11,72851515.97,INR,1,Air,25-05-2025,26-05-2025,1,Pending,Partially Delivered,61412042.4
PO002072,19-01-2026,S0018,P0054,WH004,CT00290,Domestic,493,47995.04,23661554.72,328532.77,0,0,4318215.75,28308303.24,INR,1,Air,05-02-2026,07-02-2026,2,Approved,Delivered,23661554.72
PO002073,24-03-2026,S0116,P0175,WH001,CT00392,Domestic,194,7716.15,1496933.1,28363.16,0,0,274553.33,1799849.59,INR,1,Road,24-04-2026,24-04-2026,0,Approved,Partially Delivered,1496933.1
PO002074,02-01-2026,S0012,P0110,WH004,CT00320,Domestic,130,17665.08,2296460.4,13737.77,0,0,415835.67,2726033.84,INR,1,Road,03-02-2026,03-02-2026,0,Pending,Delivered,2296460.4
PO002075,18-05-2025,S0099,P0292,WH001,CT00324,Domestic,375,68505.95,25689731.25,413175.8,0,0,4698523.27,30801430.32,INR,1,Road,29-05-2025,29-05-2025,0,Approved,Delivered,25689731.25
PO002076,11-01-2026,S0036,P0093,WH001,CT00390,Domestic,748,39725.6,29714748.8,478516.97,0,0,5434787.84,35628053.61,INR,1,Rail,29-01-2026,30-01-2026,1,Approved,Partially Delivered,29714748.8
PO002077,26-01-2026,S0004,P0249,WH004,CT00152,Domestic,741,10550.35,7817809.35,117333.77,0,0,1428325.76,9363468.88,INR,1,Road,14-02-2026,15-02-2026,1,Approved,Delivered,7817809.35
PO002078,27-04-2026,S0021,P0064,WH002,CT00415,Domestic,505,80039.38,40419886.9,779521,0,0,7415893.42,48615301.32,INR,1,Air,09-05-2026,09-05-2026,0,Approved,Partially Delivered,40419886.9
PO002079,06-04-2026,S0046,P0266,WH002,CT00069,Domestic,576,80111.54,46144247.04,334829.62,0,0,8366233.8,54845310.46,INR,1,Rail,07-05-2026,09-05-2026,2,Pending,Cancelled,46144247.04
PO002080,17-04-2026,S0042,P0172,WH003,CT00126,Domestic,724,427.49,309502.76,3730.5,0,0,56381.99,369615.25,INR,1,Air,19-05-2026,19-05-2026,0,Approved,Delivered,309502.76
PO002081,13-04-2026,S0006,P0042,WH003,CT00160,Domestic,447,76603.6,34241809.2,195052.73,0,0,6198635.15,40635497.08,INR,1,Rail,25-04-2026,27-04-2026,2,Approved,Delivered,34241809.2
PO002082,26-01-2026,S0121,P0232,WH004,CT00095,Domestic,959,37663.15,36118960.85,508995.01,0,0,6593032.05,43220987.91,INR,1,Road,14-02-2026,14-02-2026,0,Approved,Delivered,36118960.85
PO002083,28-01-2025,S0118,P0244,WH001,CT00179,Domestic,510,14838.76,7567767.6,58419.47,0,0,1372713.67,8998900.74,INR,1,Road,05-03-2025,05-03-2025,0,Pending,Delivered,7567767.6
PO002084,13-12-2025,S0045,P0176,WH004,CT00282,Domestic,792,30373.26,24055621.92,185623.36,0,0,4363424.15,28604669.43,INR,1,Air,22-12-2025,25-12-2025,3,Approved,Delivered,24055621.92
PO002085,03-04-2026,S0094,P0026,WH004,CT00379,Domestic,257,86914.68,22337072.76,161088.29,0,0,4049668.99,26547830.04,INR,1,Rail,07-05-2026,07-05-2026,0,Pending,Cancelled,22337072.76
PO002086,16-11-2025,S0083,P0277,WH002,CT00515,Domestic,251,78688.07,19750705.57,279053.11,0,0,3605356.56,23635115.24,INR,1,Air,01-12-2025,01-12-2025,0,Approved,Delivered,19750705.57
PO002087,26-05-2026,S0033,P0289,WH003,CT00130,Domestic,129,38997.85,5030722.65,39983.53,0,0,912727.11,5983433.29,INR,1,Rail,09-06-2026,09-06-2026,0,Approved,Delivered,5030722.65
PO002088,21-10-2025,S0026,P0054,WH002,CT00140,Domestic,668,44380.4,29646107.2,417070.69,0,0,5411372.02,35474549.91,INR,1,Road,07-11-2025,07-11-2025,0,Approved,Cancelled,29646107.2
PO002089,16-06-2025,S0107,P0275,WH003,CT00189,Domestic,77,40760.8,3138581.6,48381.53,0,0,573653.36,3760616.49,INR,1,Rail,16-07-2025,17-07-2025,1,Pending,Delivered,3138581.6
PO002090,24-07-2026,S0040,P0121,WH002,CT00239,Domestic,603,16088.31,9701250.93,140319.68,0,0,1771482.71,11613053.32,INR,1,Air,03-08-2026,03-08-2026,0,Approved,Delivered,9701250.93
PO002091,20-06-2026,S0110,P0057,WH004,CT00142,Domestic,619,39377.32,24374561.08,349290.48,0,0,4450293.28,29174144.84,INR,1,Road,29-06-2026,07-07-2026,8,Pending,Partially Delivered,24374561.08
PO002092,08-04-2025,S0094,P0150,WH001,CT00498,Domestic,27,69512.39,1876834.53,15366.46,0,0,340596.18,2232797.17,INR,1,Rail,10-05-2025,10-05-2025,0,Pending,Partially Delivered,1876834.53
PO002093,06-12-2025,S0122,P0078,WH002,CT00221,Domestic,866,44030.92,38130776.72,612661.04,0,0,6973818.8,45717256.56,INR,1,Road,10-12-2025,10-12-2025,0,Approved,Cancelled,38130776.72
PO002094,13-03-2025,S0048,P0084,WH003,CT00060,Domestic,654,39286.25,25693207.5,345393.87,0,0,4686948.25,30725549.62,INR,1,Road,28-03-2025,29-03-2025,1,Approved,Delivered,25693207.5
PO002095,02-03-2025,S0052,P0151,WH004,CT00350,Domestic,180,6828.38,1229108.4,20221.49,0,0,224879.38,1474209.27,INR,1,Road,03-04-2025,04-04-2025,1,Approved,Delivered,1229108.4
PO002096,26-01-2025,S0028,P0246,WH003,CT00422,Domestic,565,68379.71,38634536.15,460787.8,0,0,7037158.31,46132482.26,INR,1,Air,04-02-2025,05-02-2025,1,Approved,Cancelled,38634536.15
PO002097,24-09-2025,S0102,P0226,WH001,CT00231,Domestic,834,9274.81,7735191.54,43371.39,0,0,1400141.33,9178704.26,INR,1,Road,30-10-2025,30-10-2025,0,Approved,Cancelled,7735191.54
PO002098,14-01-2025,S0083,P0004,WH003,CT00515,Domestic,680,64568.72,43906729.6,426516.27,0,0,7979984.26,52313230.13,INR,1,Rail,05-02-2025,07-02-2025,2,Pending,Delivered,43906729.6
PO002099,01-08-2025,S0079,P0037,WH003,CT00165,Domestic,51,33886.81,1728227.31,18714.41,0,0,314449.51,2061391.23,INR,1,Air,30-08-2025,30-08-2025,0,Approved,Delivered,1728227.31
PO002100,07-09-2025,S0073,P0190,WH003,CT00070,Domestic,253,60602.37,15332399.61,163556.01,0,0,2789272.01,18285227.63,INR,1,Road,10-09-2025,10-09-2025,0,Approved,Partially Delivered,15332399.61
PO002101,07-02-2025,S0028,P0013,WH003,CT00422,Domestic,849,14681.96,12464984.04,154495.3,0,0,2271506.28,14890985.62,INR,1,Air,15-02-2025,15-02-2025,0,Pending,Delivered,12464984.04
PO002102,06-04-2026,S0053,P0112,WH001,CT00361,Domestic,619,23693.15,14666059.85,87760.88,0,0,2655687.73,17409508.46,INR,1,Road,19-04-2026,19-04-2026,0,Pending,Cancelled,14666059.85
PO002103,27-08-2025,S0032,P0266,WH002,CT00185,Domestic,518,74973.08,38836055.44,562632.4,0,0,7091763.81,46490451.65,INR,1,Air,11-09-2025,13-09-2025,2,Approved,Partially Delivered,38836055.44
PO002104,02-11-2025,S0090,P0004,WH001,CT00155,Domestic,96,74755.07,7176486.72,121493.97,0,0,1313636.52,8611617.21,INR,1,Air,15-11-2025,23-11-2025,8,Approved,Delivered,7176486.72
PO002105,22-03-2026,S0096,P0051,WH004,CT00389,Domestic,311,5833.76,1814299.36,27889.6,0,0,331594.01,2173782.97,INR,1,Air,21-04-2026,23-04-2026,2,Approved,Delivered,1814299.36
PO002106,20-04-2026,S0057,P0166,WH001,CT00484,Domestic,842,20115.12,16936931.04,331899.18,0,0,3108389.44,20377219.66,INR,1,Air,09-05-2026,10-05-2026,1,Approved,Partially Delivered,16936931.04
PO002107,09-09-2025,S0024,P0111,WH002,CT00387,Domestic,815,13406.29,10926126.35,85078.55,0,0,1982016.88,12993221.78,INR,1,Air,07-10-2025,07-10-2025,0,Approved,Delivered,10926126.35
PO002108,14-09-2025,S0063,P0282,WH001,CT00417,Domestic,51,39459.33,2012425.83,17688.37,0,0,365420.56,2395534.76,INR,1,Road,22-09-2025,25-09-2025,3,Pending,Partially Delivered,2012425.83
PO002109,19-12-2025,S0111,P0176,WH001,CT00019,Domestic,724,32207.22,23318027.28,180639.2,0,0,4229759.97,27728426.45,INR,1,Road,04-01-2026,04-01-2026,0,Approved,Delivered,23318027.28
PO002110,11-06-2025,S0013,P0140,WH002,CT00448,Domestic,994,71381.76,70953469.44,470887.9,0,0,12856384.32,84280741.66,INR,1,Rail,04-07-2025,04-07-2025,0,Approved,Delivered,70953469.44
PO002111,17-01-2026,S0085,P0207,WH003,No Contract,Domestic,649,31818.55,20650238.95,130450.96,0,0,3740524.18,24521214.09,INR,1,Air,28-01-2026,31-01-2026,3,Pending,Delivered,20650238.95
PO002112,02-01-2025,S0086,P0099,WH004,CT00481,Domestic,252,55680.56,14031501.12,220290.8,0,0,2565322.55,16817114.47,INR,1,Air,29-01-2025,29-01-2025,0,Approved,Partially Delivered,14031501.12
PO002113,13-05-2026,S0050,P0100,WH002,CT00398,Domestic,744,761.41,566489.04,10635.7,0,0,103882.45,681007.19,INR,1,Rail,30-05-2026,30-05-2026,0,Approved,Partially Delivered,566489.04
PO002114,01-06-2026,S0038,P0098,WH003,CT00203,Domestic,500,22030.73,11015365,197818.55,0,0,2018373.04,13231556.59,INR,1,Air,05-06-2026,06-06-2026,1,Pending,Partially Delivered,11015365
PO002115,05-04-2025,S0016,P0017,WH003,CT00175,Domestic,377,79942.7,30138397.9,522189.57,0,0,5518905.74,36179493.21,INR,1,Rail,04-05-2025,06-05-2025,2,Approved,Cancelled,30138397.9
PO002116,30-05-2026,S0123,P0275,WH003,CT00007,Domestic,850,37456.65,31838152.5,335631.44,0,0,5791281.11,37965065.05,INR,1,Air,27-06-2026,05-07-2026,8,Approved,Partially Delivered,31838152.5
PO002117,31-07-2025,S0105,P0286,WH001,CT00520,Domestic,541,57742.64,31238768.24,396945.21,0,0,5694428.42,37330141.87,INR,1,Air,03-08-2025,03-08-2025,0,Pending,Partially Delivered,31238768.24
PO002118,27-07-2026,S0098,P0104,WH004,CT00479,Domestic,17,23662.48,402262.16,2674.73,0,0,72888.64,477825.53,INR,1,Rail,12-08-2026,13-08-2026,1,Approved,Cancelled,402262.16
PO002119,28-10-2025,S0015,P0194,WH001,CT00330,Domestic,14,66193.26,926705.64,9768.25,0,0,168565.3,1105039.19,INR,1,Rail,06-11-2025,07-11-2025,1,Approved,Delivered,926705.64
PO002120,27-07-2025,S0085,P0018,WH004,No Contract,Domestic,960,32259.96,30969561.6,412986.65,0,0,5648858.68,37031406.93,INR,1,Road,29-07-2025,03-08-2025,5,Approved,Cancelled,30969561.6
PO002121,15-08-2025,S0079,P0137,WH003,CT00523,Domestic,768,16006.94,12293329.92,133312.55,0,0,2236795.64,14663438.11,INR,1,Road,15-09-2025,17-09-2025,2,Pending,Delivered,12293329.92
PO002122,23-03-2025,S0008,P0154,WH004,CT00510,Domestic,258,30656.96,7909495.68,140345.18,0,0,1448971.35,9498812.21,INR,1,Rail,29-03-2025,03-04-2025,5,Pending,Partially Delivered,7909495.68
PO002123,20-01-2025,S0115,P0233,WH002,CT00298,Domestic,38,36997.79,1405916.02,14888.76,0,0,255744.86,1676549.64,INR,1,Rail,14-02-2025,17-02-2025,3,Approved,Delivered,1405916.02
PO002124,11-06-2025,S0095,P0217,WH003,CT00472,Domestic,106,72223.72,7655714.32,137082.57,0,0,1402703.44,9195500.33,INR,1,Road,13-07-2025,14-07-2025,1,Approved,Delivered,7655714.32
PO002125,24-06-2025,S0070,P0263,WH004,CT00552,Domestic,519,81449.94,42272518.86,309809.87,0,0,7664819.17,50247147.9,INR,1,Air,28-07-2025,28-07-2025,0,Approved,Delivered,42272518.86
PO002126,22-07-2026,S0068,P0299,WH001,CT00100,Domestic,704,7326.06,5157546.24,38182.6,0,0,935231.19,6130960.03,INR,1,Road,06-08-2026,09-08-2026,3,Pending,Delivered,5157546.24
PO002127,08-06-2025,S0056,P0152,WH001,CT00590,Domestic,275,28621.88,7871017,52278.44,0,0,1426193.18,9349488.62,INR,1,Air,13-07-2025,13-07-2025,0,Approved,Partially Delivered,7871017
PO002128,17-12-2025,S0019,P0087,WH001,CT00551,Domestic,529,88950.66,47054899.14,783019.76,0,0,8610825.4,56448744.3,INR,1,Rail,17-01-2026,20-01-2026,3,Approved,Partially Delivered,47054899.14
PO002129,18-08-2025,S0121,P0173,WH004,CT00095,Domestic,897,31966.23,28673708.31,421724.49,0,0,5237177.9,34332610.7,INR,1,Road,12-09-2025,12-09-2025,0,Approved,Delivered,28673708.31
PO002130,23-02-2026,S0050,P0229,WH001,CT00398,Domestic,236,7248.84,1710726.24,34057.27,0,0,314061.03,2058844.54,INR,1,Rail,14-03-2026,14-03-2026,0,Approved,Cancelled,1710726.24
PO002131,15-04-2026,S0103,P0158,WH001,CT00064,Domestic,173,37958.82,6566875.86,99833.42,0,0,1200007.67,7866716.95,INR,1,Rail,14-05-2026,15-05-2026,1,Approved,Delivered,6566875.86
PO002132,01-11-2025,S0089,P0062,WH001,CT00537,Domestic,278,71332.95,19830560.1,203118.97,0,0,3606062.23,23639741.3,INR,1,Rail,26-11-2025,28-11-2025,2,Pending,Partially Delivered,19830560.1
PO002133,26-02-2026,S0094,P0030,WH002,CT00379,Domestic,643,76502.59,49191165.37,565405.32,0,0,8956182.72,58712753.41,INR,1,Road,02-04-2026,05-04-2026,3,Approved,Cancelled,49191165.37
PO002134,22-11-2025,S0085,P0289,WH004,No Contract,Domestic,774,35266.65,27296387.1,143899.06,0,0,4939251.51,32379537.67,INR,1,Rail,04-12-2025,06-12-2025,2,Pending,Delivered,27296387.1
PO002135,02-08-2026,S0040,P0205,WH002,CT00312,Domestic,902,24578.36,22169680.72,316579.51,0,0,4047526.84,26533787.07,INR,1,Air,09-08-2026,09-08-2026,0,Pending,Delivered,22169680.72
PO002136,19-03-2026,S0081,P0199,WH001,CT00124,Domestic,640,61864.88,39593523.2,426895.21,0,0,7203675.31,47224093.72,INR,1,Rail,04-04-2026,05-04-2026,1,Pending,Partially Delivered,39593523.2
PO002137,28-01-2026,S0066,P0126,WH001,CT00576,Domestic,432,58504.31,25273861.92,173731.5,0,0,4580566.82,30028160.24,INR,1,Rail,25-02-2026,25-02-2026,0,Approved,Cancelled,25273861.92
PO002138,19-07-2026,S0038,P0025,WH003,CT00203,Domestic,106,14025.22,1486673.32,16615.57,0,0,270592,1773880.89,INR,1,Road,25-07-2026,25-07-2026,0,Pending,Delivered,1486673.32
PO002139,24-03-2026,S0053,P0023,WH002,CT00048,Domestic,612,18439.49,11284967.88,170365.03,0,0,2061959.92,13517292.83,INR,1,Air,03-04-2026,03-04-2026,0,Pending,Partially Delivered,11284967.88
PO002140,30-06-2026,S0121,P0257,WH001,CT00095,Domestic,891,55625.94,49562712.54,962150.79,0,0,9094475.4,59619338.73,INR,1,Road,19-07-2026,22-07-2026,3,Approved,Partially Delivered,49562712.54
PO002141,28-02-2025,S0015,P0242,WH004,CT00216,Domestic,372,12676.94,4715821.68,58346.02,0,0,859350.19,5633517.89,INR,1,Road,11-03-2025,12-03-2025,1,Approved,Delivered,4715821.68
PO002142,18-08-2025,S0088,P0052,WH002,CT00129,Domestic,361,16690.13,6025136.93,105479.76,0,0,1103511,7234127.69,INR,1,Road,16-09-2025,17-09-2025,1,Approved,Cancelled,6025136.93
PO002143,13-02-2026,S0005,P0139,WH002,CT00370,Domestic,809,70342.69,56907236.21,993911.39,0,0,10422206.57,68323354.17,INR,1,Air,22-02-2026,25-02-2026,3,Approved,Delivered,56907236.21
PO002144,05-06-2025,S0018,P0284,WH002,CT00031,Domestic,611,32477.28,19843618.08,192600.3,0,0,3606519.31,23642737.69,INR,1,Road,26-06-2025,27-06-2025,1,Approved,Delivered,19843618.08
PO002145,12-01-2025,S0022,P0072,WH003,CT00561,Domestic,592,6289.23,3723224.16,68429.25,0,0,682497.61,4474151.02,INR,1,Rail,29-01-2025,29-01-2025,0,Pending,Delivered,3723224.16
PO002146,07-06-2026,S0016,P0006,WH002,CT00497,Domestic,390,76611.64,29878539.6,263049.73,0,0,5425486.08,35567075.41,INR,1,Road,04-07-2026,06-07-2026,2,Approved,Partially Delivered,29878539.6
PO002147,01-11-2025,S0077,P0277,WH004,CT00134,Domestic,400,74122.89,29649156,523776.5,0,0,5431127.85,35604060.35,INR,1,Rail,29-11-2025,29-11-2025,0,Approved,Delivered,29649156
PO002148,26-01-2026,S0007,P0221,WH001,CT00233,Domestic,371,43041.33,15968333.43,127733.49,0,0,2897292.05,18993358.97,INR,1,Rail,27-02-2026,04-03-2026,5,Pending,Delivered,15968333.43
PO002149,18-09-2025,S0115,P0095,WH004,CT00298,Domestic,425,23635.72,10045181,142643.36,0,0,1833808.38,12021632.74,INR,1,Road,15-10-2025,17-10-2025,2,Approved,Delivered,10045181
PO002150,26-10-2025,S0023,P0298,WH001,CT00368,Domestic,764,16105.77,12304808.28,223409.7,0,0,2255079.24,14783297.22,INR,1,Road,03-11-2025,04-11-2025,1,Approved,Delivered,12304808.28
PO002151,13-05-2026,S0055,P0236,WH004,CT00495,Domestic,684,77489.82,53003036.88,524336.05,0,0,9634927.13,63162300.06,INR,1,Rail,28-05-2026,09-06-2026,12,Approved,Delivered,53003036.88
PO002152,26-09-2025,S0067,P0253,WH002,CT00595,Domestic,804,73397.29,59011421.16,1100623.44,0,0,10820168.03,70932212.63,INR,1,Air,08-10-2025,09-10-2025,1,Approved,Delivered,59011421.16
PO002153,26-10-2025,S0056,P0127,WH004,CT00590,Domestic,650,74925.19,48701373.5,325336.36,0,0,8824807.77,57851517.63,INR,1,Rail,03-12-2025,08-12-2025,5,Pending,Cancelled,48701373.5
PO002154,22-01-2026,S0120,P0191,WH004,CT00574,Domestic,37,71228.57,2635457.09,48435.62,0,0,483100.69,3166993.4,INR,1,Air,25-02-2026,25-02-2026,0,Approved,Partially Delivered,2635457.09
PO002155,13-05-2026,S0104,P0004,WH002,CT00102,Domestic,681,64487.51,43915994.31,823272.06,0,0,8053067.95,52792334.32,INR,1,Air,11-06-2026,11-06-2026,0,Approved,Partially Delivered,43915994.31
PO002156,21-07-2025,S0101,P0200,WH003,CT00206,Domestic,107,82974.75,8878298.25,67827.03,0,0,1610302.55,10556427.83,INR,1,Air,31-07-2025,31-07-2025,0,Approved,Delivered,8878298.25
PO002157,06-02-2025,S0040,P0287,WH002,CT00239,Domestic,493,69086.61,34059698.73,202235.82,0,0,6167148.22,40429082.77,INR,1,Air,19-02-2025,19-02-2025,0,Approved,Cancelled,34059698.73
PO002158,04-09-2025,S0097,P0144,WH004,CT00004,Domestic,199,46954.34,9343913.66,77568.99,0,0,1695866.88,11117349.53,INR,1,Road,21-09-2025,22-09-2025,1,Pending,Partially Delivered,9343913.66
PO002159,12-02-2026,S0102,P0029,WH002,CT00538,Domestic,851,63701.16,54209687.16,490843.01,0,0,9846095.43,64546625.6,INR,1,Air,14-03-2026,14-03-2026,0,Approved,Cancelled,54209687.16
PO002160,19-09-2025,S0034,P0046,WH002,No Contract,Domestic,658,40906.43,26916430.94,442855.11,0,0,4924671.49,32283957.54,INR,1,Road,21-10-2025,26-10-2025,5,Approved,Delivered,26916430.94
PO002161,30-07-2026,S0110,P0234,WH003,CT00142,Domestic,568,24590.42,13967358.56,226248.08,0,0,2554849.2,16748455.84,INR,1,Road,08-08-2026,08-08-2026,0,Approved,Partially Delivered,13967358.56
PO002162,20-08-2025,S0068,P0234,WH003,CT00276,Domestic,822,25960.11,21339210.42,110041.53,0,0,3860865.35,25310117.3,INR,1,Air,09-09-2025,10-09-2025,1,Approved,Delivered,21339210.42
PO002163,01-07-2025,S0079,P0298,WH003,CT00165,Domestic,254,15437.13,3921031.02,57975.64,0,0,716221.2,4695227.86,INR,1,Air,30-07-2025,31-07-2025,1,Pending,Cancelled,3921031.02
PO002164,22-05-2026,S0042,P0075,WH001,CT00509,Domestic,699,23940.77,16734598.23,182627.61,0,0,3045100.65,19962326.49,INR,1,Road,18-06-2026,19-06-2026,1,Approved,Partially Delivered,16734598.23
PO002165,16-01-2025,S0065,P0157,WH003,CT00367,Domestic,436,19955.43,8700567.48,95466.08,0,0,1583286.04,10379319.6,INR,1,Air,18-01-2025,18-01-2025,0,Approved,Partially Delivered,8700567.48
PO002166,14-04-2026,S0086,P0208,WH004,CT00481,Domestic,186,28548.09,5309944.74,104060.55,0,0,974520.95,6388526.24,INR,1,Rail,06-05-2026,06-05-2026,0,Approved,Cancelled,5309944.74
PO002167,03-01-2026,S0119,P0178,WH004,CT00530,Domestic,866,25288.55,21899884.3,309533.09,0,0,3997695.13,26207112.52,INR,1,Air,14-01-2026,14-01-2026,0,Pending,Cancelled,21899884.3
PO002168,20-02-2026,S0107,P0004,WH003,CT00147,Domestic,774,66544.4,51505365.6,1014433.74,0,0,9453563.88,61973363.22,INR,1,Rail,24-03-2026,25-03-2026,1,Approved,Partially Delivered,51505365.6
PO002169,02-09-2025,S0040,P0243,WH001,CT00312,Domestic,691,855.48,591136.68,9409.93,0,0,108098.39,708645,INR,1,Rail,11-09-2025,11-09-2025,0,Pending,Cancelled,591136.68
PO002170,03-08-2025,S0122,P0237,WH002,CT00308,Domestic,345,27030.33,9325463.85,122237.24,0,0,1700586.2,11148287.29,INR,1,Road,07-08-2025,07-08-2025,0,Approved,Partially Delivered,9325463.85
PO002171,11-02-2026,S0107,P0012,WH003,CT00189,Domestic,90,86989.75,7829077.5,103892.45,0,0,1427934.59,9360904.54,INR,1,Air,14-03-2026,16-03-2026,2,Approved,Delivered,7829077.5
PO002172,18-05-2026,S0041,P0003,WH003,CT00197,Domestic,170,76935.94,13079109.8,108486,0,0,2373767.24,15561363.04,INR,1,Rail,29-05-2026,01-06-2026,3,Approved,Delivered,13079109.8
PO002173,23-01-2025,S0014,P0093,WH002,CT00112,Domestic,244,44987.03,10976835.32,74572.71,0,0,1989253.45,13040661.48,INR,1,Air,15-02-2025,16-02-2025,1,Approved,Partially Delivered,10976835.32
PO002174,22-07-2025,S0107,P0253,WH002,CT00020,Domestic,414,76177.22,31537369.08,159846.62,0,0,5705498.83,37402714.53,INR,1,Rail,19-08-2025,19-08-2025,0,Approved,Partially Delivered,31537369.08
PO002175,29-04-2025,S0034,P0297,WH001,No Contract,Domestic,838,22933.45,19218231.1,117707.63,0,0,3480468.97,22816407.7,INR,1,Rail,29-05-2025,29-05-2025,0,Approved,Cancelled,19218231.1
PO002176,10-03-2025,S0014,P0228,WH003,CT00112,Domestic,98,83162.41,8149916.18,93167.62,0,0,1483755.08,9726838.88,INR,1,Rail,28-03-2025,31-03-2025,3,Approved,Cancelled,8149916.18
PO002177,02-03-2025,S0042,P0085,WH003,CT00509,Domestic,473,63604.75,30085046.75,351560.72,0,0,5478589.34,35915196.81,INR,1,Air,31-03-2025,02-04-2025,2,Approved,Delivered,30085046.75
PO002178,19-12-2025,S0120,P0272,WH004,CT00574,Domestic,777,66753.07,51867135.39,923587.92,0,0,9502330.2,62293053.51,INR,1,Road,23-01-2026,28-01-2026,5,Approved,Delivered,51867135.39
PO002179,10-04-2026,S0063,P0045,WH002,CT00101,Domestic,725,47756.68,34623593,526078.97,0,0,6326940.95,41476612.92,INR,1,Road,18-04-2026,21-04-2026,3,Approved,Partially Delivered,34623593
PO002180,20-02-2026,S0098,P0228,WH001,CT00279,Domestic,304,74476.02,22640710.08,433869.02,0,0,4153424.24,27228003.34,INR,1,Air,02-03-2026,03-03-2026,1,Pending,Cancelled,22640710.08
PO002181,11-11-2025,S0038,P0197,WH004,CT00203,Domestic,736,24693.57,18174467.52,346508.92,0,0,3333775.76,21854752.2,INR,1,Rail,15-11-2025,15-11-2025,0,Approved,Cancelled,18174467.52
PO002182,21-05-2025,S0033,P0003,WH003,CT00130,Domestic,391,85380.64,33383830.24,390746.85,0,0,6079423.88,39854000.97,INR,1,Rail,26-05-2025,27-05-2025,1,Pending,Delivered,33383830.24
PO002183,07-04-2025,S0031,P0178,WH003,CT00040,Domestic,39,25750.69,1004276.91,9136.95,0,0,182414.49,1195828.35,INR,1,Air,05-05-2025,06-05-2025,1,Approved,Delivered,1004276.91
PO002184,27-04-2025,S0121,P0276,WH003,CT00095,Domestic,225,79120.38,17802085.5,340564.22,0,0,3265676.95,21408326.67,INR,1,Road,18-05-2025,19-05-2025,1,Approved,Cancelled,17802085.5
PO002185,28-03-2026,S0047,P0043,WH002,CT00506,Domestic,183,22107.84,4045734.72,23754.62,0,0,732508.08,4801997.42,INR,1,Air,03-05-2026,03-05-2026,0,Approved,Delivered,4045734.72
PO002186,15-11-2025,S0101,P0233,WH002,CT00206,Domestic,839,34967.33,29337589.87,350760.27,0,0,5343903.03,35032253.17,INR,1,Rail,20-11-2025,21-11-2025,1,Pending,Delivered,29337589.87
PO002187,24-04-2026,S0004,P0260,WH002,CT00152,Domestic,615,26876.15,16528832.25,183188.58,0,0,3008163.75,19720184.58,INR,1,Road,09-05-2026,12-05-2026,3,Approved,Delivered,16528832.25
PO002188,23-04-2025,S0058,P0225,WH001,CT00329,Domestic,788,74929.37,59044343.56,808523.48,0,0,10773516.07,70626383.11,INR,1,Rail,25-05-2025,02-06-2025,8,Pending,Delivered,59044343.56
PO002189,04-06-2026,S0043,P0213,WH004,No Contract,Domestic,209,63320.59,13234003.31,238577.49,0,0,2425064.54,15897645.34,INR,1,Rail,19-06-2026,20-06-2026,1,Approved,Cancelled,13234003.31
PO002190,08-01-2025,S0084,P0233,WH001,CT00247,Domestic,37,38709.17,1432239.29,11570.1,0,0,259885.69,1703695.08,INR,1,Air,06-02-2025,06-02-2025,0,Approved,Delivered,1432239.29
PO002191,22-12-2025,S0092,P0063,WH002,CT00183,Domestic,713,32795.9,23383476.7,302399.21,0,0,4263457.66,27949333.57,INR,1,Rail,01-01-2026,01-01-2026,0,Pending,Delivered,23383476.7
PO002192,06-11-2025,S0030,P0118,WH004,CT00521,Domestic,518,83040.93,43015201.74,381727.2,0,0,7811447.21,51208376.15,INR,1,Road,14-11-2025,14-11-2025,0,Approved,Cancelled,43015201.74
PO002193,14-11-2025,S0016,P0015,WH001,CT00497,Domestic,621,81563.83,50651138.43,597337.26,0,0,9224725.62,60473201.31,INR,1,Rail,14-12-2025,14-12-2025,0,Approved,Delivered,50651138.43
PO002194,14-08-2025,S0081,P0218,WH002,CT00124,Domestic,934,50575.22,47237255.48,807834.62,0,0,8648116.22,56693206.32,INR,1,Rail,26-08-2025,31-08-2025,5,Approved,Cancelled,47237255.48
PO002195,26-01-2025,S0001,P0208,WH004,CT00328,Domestic,858,34770.09,29832737.22,356137.67,0,0,5433997.48,35622872.37,INR,1,Air,04-02-2025,09-02-2025,5,Approved,Cancelled,29832737.22
PO002196,07-03-2026,S0043,P0130,WH004,No Contract,Domestic,351,28359.41,9954152.91,170279.04,0,0,1822397.75,11946829.7,INR,1,Rail,22-03-2026,23-03-2026,1,Approved,Partially Delivered,9954152.91
PO002197,18-04-2025,S0098,P0299,WH003,CT00107,Domestic,317,7237.56,2294306.52,13022.59,0,0,415319.24,2722648.35,INR,1,Air,04-05-2025,04-05-2025,0,Approved,Partially Delivered,2294306.52
PO002198,15-11-2025,S0010,P0297,WH002,No Contract,Domestic,172,24574.37,4226791.64,60030.32,0,0,771627.95,5058449.91,INR,1,Air,09-12-2025,17-12-2025,8,Approved,Cancelled,4226791.64
PO002199,11-11-2025,S0047,P0262,WH002,CT00506,Domestic,287,70571.06,20253894.22,267584.98,0,0,3693866.26,24215345.46,INR,1,Road,15-12-2025,15-12-2025,0,Approved,Delivered,20253894.22
PO002200,31-12-2025,S0115,P0046,WH001,CT00298,Domestic,477,45182.29,21551952.33,322772.98,0,0,3937450.56,25812175.87,INR,1,Rail,22-01-2026,22-01-2026,0,Approved,Partially Delivered,21551952.33
PO002201,17-03-2026,S0117,P0297,WH002,No Contract,Domestic,210,25585.27,5372906.7,55099.54,0,0,977041.12,6405047.36,INR,1,Air,09-04-2026,10-04-2026,1,Approved,Delivered,5372906.7
PO002202,10-03-2025,S0054,P0102,WH003,CT00143,Domestic,118,51888.38,6122828.84,97749.63,0,0,1119704.12,7340282.59,INR,1,Road,24-03-2025,26-03-2025,2,Approved,Partially Delivered,6122828.84
PO002203,26-04-2026,S0047,P0237,WH002,CT00111,Domestic,565,23514.01,13285415.65,137173.48,0,0,2416066.04,15838655.17,INR,1,Rail,24-05-2026,26-05-2026,2,Approved,Delivered,13285415.65
PO002204,18-05-2025,S0041,P0134,WH002,CT00146,Domestic,596,15702.49,9358684.04,96968.89,0,0,1702017.53,11157670.46,INR,1,Rail,30-05-2025,30-05-2025,0,Approved,Delivered,9358684.04
PO002205,04-04-2026,S0048,P0204,WH003,CT00423,Domestic,209,74153.12,15498002.08,302702.16,0,0,2844126.76,18644831,INR,1,Road,25-04-2026,25-04-2026,0,Pending,Cancelled,15498002.08
PO002206,25-02-2026,S0052,P0161,WH004,CT00350,Domestic,728,48834.48,35551501.44,567536.45,0,0,6501426.82,42620464.71,INR,1,Air,18-03-2026,19-03-2026,1,Pending,Delivered,35551501.44
PO002207,30-12-2025,S0096,P0072,WH001,CT00565,Domestic,323,7206.32,2327641.36,42961.56,0,0,426708.53,2797311.45,INR,1,Air,03-02-2026,03-02-2026,0,Approved,Delivered,2327641.36
PO002208,23-02-2025,S0049,P0031,WH002,No Contract,Domestic,477,13578.92,6477144.84,50446.46,0,0,1174966.43,7702557.73,INR,1,Air,05-03-2025,10-03-2025,5,Pending,Delivered,6477144.84
PO002209,05-05-2025,S0037,P0144,WH004,CT00557,Domestic,250,43314.27,10828567.5,143548.52,0,0,1974980.88,12947096.9,INR,1,Road,12-06-2025,13-06-2025,1,Approved,Delivered,10828567.5
PO002210,12-04-2025,S0011,P0066,WH003,CT00584,Domestic,187,42606.21,7967361.27,151011.18,0,0,1461307.04,9579679.49,INR,1,Road,11-05-2025,12-05-2025,1,Approved,Partially Delivered,7967361.27
PO002211,16-08-2025,S0098,P0293,WH004,CT00242,Domestic,582,46015.77,26781178.14,181047.61,0,0,4853200.64,31815426.39,INR,1,Air,24-08-2025,24-08-2025,0,Approved,Delivered,26781178.14
PO002212,28-06-2025,S0067,P0047,WH003,CT00419,Domestic,405,85479.7,34619278.5,440539.37,0,0,6310767.22,41370585.09,INR,1,Rail,13-07-2025,13-07-2025,0,Approved,Delivered,34619278.5
PO002213,29-11-2025,S0085,P0206,WH004,No Contract,Domestic,176,82481.86,14516807.36,256389.14,0,0,2659175.37,17432371.87,INR,1,Road,08-12-2025,08-12-2025,0,Approved,Delivered,14516807.36
PO002214,22-05-2025,S0029,P0007,WH003,CT00157,Domestic,628,58951.54,37021567.12,486634.91,0,0,6751476.37,44259678.4,INR,1,Rail,20-06-2025,21-06-2025,1,Approved,Delivered,37021567.12
PO002215,12-02-2026,S0113,P0288,WH001,No Contract,Domestic,992,33759,33488928,248414.33,0,0,6072721.62,39810063.95,INR,1,Road,20-02-2026,22-02-2026,2,Pending,Cancelled,33488928
PO002216,19-07-2026,S0065,P0049,WH001,CT00587,Domestic,239,30700.44,7337405.16,142275.18,0,0,1346342.46,8826022.8,INR,1,Road,25-07-2026,26-07-2026,1,Approved,Partially Delivered,7337405.16
PO002217,03-05-2026,S0011,P0053,WH004,CT00599,Domestic,968,33355.81,32288424.08,534490.16,0,0,5908124.56,38731038.8,INR,1,Rail,03-06-2026,03-06-2026,0,Approved,Partially Delivered,32288424.08
PO002218,22-01-2025,S0001,P0016,WH002,CT00543,Domestic,601,92209.7,55418029.7,677951.84,0,0,10097276.68,66193258.22,INR,1,Rail,03-02-2025,03-02-2025,0,Pending,Partially Delivered,55418029.7
PO002219,12-06-2025,S0107,P0190,WH004,CT00147,Domestic,875,68569.61,59998408.75,923036.6,0,0,10965860.16,71887305.51,INR,1,Road,08-07-2025,10-07-2025,2,Approved,Delivered,59998408.75
PO002220,11-04-2025,S0001,P0026,WH003,CT00328,Domestic,287,82530.61,23686285.07,367876.55,0,0,4329749.09,28383910.71,INR,1,Air,30-04-2025,30-04-2025,0,Pending,Delivered,23686285.07
PO002221,19-03-2026,S0008,P0013,WH004,CT00510,Domestic,941,14860.55,13983777.55,89709.24,0,0,2533227.62,16606714.41,INR,1,Air,29-03-2026,30-03-2026,1,Pending,Partially Delivered,13983777.55
PO002222,26-04-2025,S0081,P0280,WH004,CT00124,Domestic,611,33682.56,20580044.16,162429.35,0,0,3733645.23,24476118.74,INR,1,Rail,13-05-2025,16-05-2025,3,Pending,Cancelled,20580044.16
PO002223,03-07-2026,S0091,P0250,WH003,CT00355,Domestic,539,59855.43,32262076.77,570870.98,0,0,5909930.6,38742878.35,INR,1,Rail,22-07-2026,22-07-2026,0,Approved,Cancelled,32262076.77
PO002224,27-05-2026,S0096,P0038,WH003,CT00565,Domestic,433,31862.57,13796492.81,267235.99,0,0,2531471.18,16595199.98,INR,1,Road,24-06-2026,24-06-2026,0,Approved,Partially Delivered,13796492.81
PO002225,05-02-2025,S0066,P0206,WH001,CT00492,Domestic,246,70722.06,17397626.76,171255.8,0,0,3162398.86,20731281.42,INR,1,Rail,02-03-2025,02-03-2025,0,Pending,Delivered,17397626.76
PO002226,06-06-2025,S0079,P0239,WH001,CT00165,Domestic,686,52993.8,36353746.8,291894.81,0,0,6596215.49,43241857.1,INR,1,Road,13-07-2025,18-07-2025,5,Approved,Delivered,36353746.8
PO002227,15-10-2025,S0049,P0241,WH004,No Contract,Domestic,207,29023.98,6007963.86,62233.83,0,0,1092635.58,7162833.27,INR,1,Road,27-10-2025,01-11-2025,5,Approved,Delivered,6007963.86
PO002228,06-12-2025,S0032,P0122,WH001,CT00185,Domestic,951,46815.6,44521635.6,503049.59,0,0,8104443.33,53129128.52,INR,1,Road,16-12-2025,16-12-2025,0,Approved,Delivered,44521635.6
PO002229,29-05-2026,S0026,P0156,WH001,CT00109,Domestic,123,70422.12,8661920.76,144146.17,0,0,1585092.05,10391158.98,INR,1,Rail,18-06-2026,19-06-2026,1,Approved,Delivered,8661920.76
PO002230,31-08-2025,S0038,P0244,WH002,CT00203,Domestic,125,15085.64,1885705,11754.24,0,0,341542.66,2239001.9,INR,1,Rail,09-09-2025,09-09-2025,0,Pending,Partially Delivered,1885705
PO002231,17-06-2025,S0025,P0170,WH003,CT00271,Domestic,135,66880.19,9028825.65,97383.29,0,0,1642717.61,10768926.55,INR,1,Road,22-07-2025,22-07-2025,0,Approved,Delivered,9028825.65
PO002232,18-06-2025,S0065,P0045,WH003,CT00367,Domestic,361,45028.31,16255219.91,258361.73,0,0,2972444.7,19486026.34,INR,1,Rail,23-06-2025,24-06-2025,1,Pending,Delivered,16255219.91
PO002233,17-04-2026,S0019,P0297,WH002,CT00551,Domestic,74,23630.41,1748650.34,26644.92,0,0,319553.15,2094848.41,INR,1,Air,13-05-2026,14-05-2026,1,Approved,Partially Delivered,1748650.34
PO002234,24-01-2026,S0116,P0029,WH002,CT00482,Domestic,193,58403.37,11271850.41,212584.51,0,0,2067198.29,13551633.21,INR,1,Rail,22-02-2026,27-02-2026,5,Approved,Delivered,11271850.41
PO002235,16-05-2025,S0054,P0205,WH001,CT00421,Domestic,146,24698.91,3606040.86,61932.4,0,0,660235.19,4328208.45,INR,1,Rail,01-06-2025,01-06-2025,0,Approved,Cancelled,3606040.86
PO002236,12-01-2026,S0054,P0141,WH001,CT00143,Domestic,99,25904.71,2564566.29,46161.29,0,0,469930.96,3080658.54,INR,1,Air,02-02-2026,03-02-2026,1,Approved,Cancelled,2564566.29
PO002237,31-12-2025,S0103,P0211,WH001,CT00064,Domestic,601,43843.85,26350153.85,218268.92,0,0,4782316.1,31350738.87,INR,1,Road,31-01-2026,31-01-2026,0,Approved,Partially Delivered,26350153.85
PO002238,07-06-2026,S0124,P0089,WH001,CT00371,Domestic,999,31562.38,31530817.62,169819.03,0,0,5706114.6,37406751.25,INR,1,Road,29-06-2026,29-06-2026,0,Approved,Delivered,31530817.62
PO002239,16-09-2025,S0054,P0193,WH001,CT00421,Domestic,90,28561.31,2570517.9,16633.97,0,0,465687.34,3052839.21,INR,1,Road,06-10-2025,06-10-2025,0,Approved,Cancelled,2570517.9
PO002240,24-05-2025,S0019,P0099,WH003,CT00551,Domestic,525,63177.91,33168402.75,173023.1,0,0,6001456.65,39342882.5,INR,1,Road,20-06-2025,21-06-2025,1,Pending,Delivered,33168402.75
PO002241,19-06-2025,S0110,P0253,WH002,CT00142,Domestic,417,67834.79,28287107.43,510984.8,0,0,5183656.6,33981748.83,INR,1,Air,25-06-2025,27-06-2025,2,Approved,Delivered,28287107.43
PO002242,15-12-2025,S0003,P0251,WH003,CT00311,Domestic,947,36080.71,34168432.37,269145.02,0,0,6198763.93,40636341.32,INR,1,Road,24-12-2025,26-12-2025,2,Pending,Delivered,34168432.37
PO002243,17-04-2025,S0005,P0059,WH002,CT00116,Domestic,614,59301.83,36411323.62,214049.36,0,0,6592567.14,43217940.12,INR,1,Road,24-04-2025,24-04-2025,0,Approved,Delivered,36411323.62
PO002244,27-07-2025,S0122,P0293,WH003,CT00221,Domestic,218,45898,10005764,170325.99,0,0,1831696.2,12007786.19,INR,1,Air,03-08-2025,04-08-2025,1,Pending,Cancelled,10005764
PO002245,03-12-2025,S0013,P0208,WH004,CT00127,Domestic,989,29921.23,29592096.47,212241.34,0,0,5364780.81,35169118.62,INR,1,Road,30-12-2025,30-12-2025,0,Approved,Delivered,29592096.47
PO002246,21-05-2025,S0124,P0296,WH003,CT00083,Domestic,491,37521.43,18423022.13,354442.18,0,0,3379943.58,22157407.89,INR,1,Rail,09-06-2025,14-06-2025,5,Approved,Delivered,18423022.13
PO002247,24-02-2026,S0038,P0017,WH003,CT00203,Domestic,655,76412.68,50050305.4,852307.98,0,0,9162470.41,60065083.79,INR,1,Air,06-03-2026,06-03-2026,0,Pending,Delivered,50050305.4
PO002248,22-04-2025,S0022,P0192,WH003,CT00035,Domestic,60,46742.7,2804562,33022.23,0,0,510765.16,3348349.39,INR,1,Air,07-05-2025,07-05-2025,0,Approved,Partially Delivered,2804562
PO002249,13-05-2025,S0113,P0089,WH002,No Contract,Domestic,857,33693.64,28875449.48,347567.47,0,0,5260143.05,34483160,INR,1,Road,19-05-2025,19-05-2025,0,Approved,Delivered,28875449.48
PO002250,10-10-2025,S0110,P0051,WH003,CT00142,Domestic,203,4970.08,1008926.24,15379.84,0,0,184375.09,1208681.17,INR,1,Road,15-10-2025,16-10-2025,1,Approved,Cancelled,1008926.24
PO002251,02-05-2025,S0062,P0072,WH002,No Contract,Domestic,490,6630.95,3249165.5,46546.31,0,0,593228.13,3888939.94,INR,1,Air,10-05-2025,10-05-2025,0,Pending,Delivered,3249165.5
PO002252,24-12-2025,S0121,P0187,WH004,CT00095,Domestic,97,36580.61,3548319.17,66344.84,0,0,650639.52,4265303.53,INR,1,Rail,09-01-2026,09-01-2026,0,Approved,Delivered,3548319.17
PO002253,16-03-2025,S0004,P0079,WH002,CT00152,Domestic,388,51998.93,20175584.84,165513.97,0,0,3661397.79,24002496.6,INR,1,Rail,04-04-2025,04-04-2025,0,Pending,Partially Delivered,20175584.84
PO002254,03-05-2026,S0031,P0037,WH002,CT00294,Domestic,408,33361.14,13611345.12,214876.06,0,0,2488719.81,16314940.99,INR,1,Rail,20-05-2026,21-05-2026,1,Approved,Cancelled,13611345.12
PO002255,31-12-2025,S0056,P0108,WH004,CT00590,Domestic,857,39566.26,33908284.82,625698.39,0,0,6216116.98,40750100.19,INR,1,Air,01-02-2026,01-02-2026,0,Approved,Delivered,33908284.82
PO002256,05-07-2026,S0124,P0249,WH003,CT00371,Domestic,359,11303.33,4057895.47,62575.34,0,0,741684.75,4862155.56,INR,1,Air,03-08-2026,03-08-2026,0,Pending,Delivered,4057895.47
PO002257,17-10-2025,S0086,P0002,WH004,CT00481,Domestic,961,70080.2,67347072.2,1290035.37,0,0,12354679.36,80991786.93,INR,1,Rail,15-11-2025,15-11-2025,0,Approved,Delivered,67347072.2
PO002258,18-03-2025,S0006,P0011,WH001,CT00160,Domestic,756,58156.65,43966427.4,378313.7,0,0,7982053.4,52326794.5,INR,1,Road,21-03-2025,21-03-2025,0,Approved,Cancelled,43966427.4
PO002259,05-01-2026,S0029,P0240,WH004,CT00366,Domestic,21,85787.8,1801543.8,13970.05,0,0,326792.49,2142306.34,INR,1,Rail,07-02-2026,07-02-2026,0,Approved,Delivered,1801543.8
PO002260,23-12-2025,S0072,P0239,WH001,CT00527,Domestic,995,48963.48,48718662.6,395152.03,0,0,8840486.63,57954301.26,INR,1,Rail,13-01-2026,16-01-2026,3,Approved,Delivered,48718662.6
PO002261,01-05-2025,S0050,P0020,WH003,CT00398,Domestic,93,66158.73,6152761.89,69160.82,0,0,1119946.09,7341868.8,INR,1,Rail,13-05-2025,13-05-2025,0,Approved,Cancelled,6152761.89
PO002262,01-03-2025,S0024,P0134,WH001,CT00387,Domestic,778,15495.47,12055475.66,181524.04,0,0,2202659.95,14439659.65,INR,1,Air,02-04-2025,03-04-2025,1,Approved,Partially Delivered,12055475.66
PO002263,04-01-2025,S0116,P0179,WH004,CT00482,Domestic,693,7060.43,4892877.99,66692.81,0,0,892722.74,5852293.54,INR,1,Air,05-02-2025,05-02-2025,0,Approved,Delivered,4892877.99
PO002264,19-04-2026,S0027,P0203,WH001,CT00500,Domestic,135,23942.02,3232172.7,50280.45,0,0,590841.57,3873294.72,INR,1,Air,30-04-2026,05-05-2026,5,Approved,Delivered,3232172.7
PO002265,27-06-2026,S0079,P0035,WH004,CT00165,Domestic,307,53958.49,16565256.43,241597.67,0,0,3025233.74,19832087.84,INR,1,Road,25-07-2026,25-07-2026,0,Approved,Partially Delivered,16565256.43
PO002266,27-04-2026,S0046,P0053,WH003,CT00069,Domestic,936,37172.23,34793207.28,667466.67,0,0,6382921.31,41843595.26,INR,1,Air,02-06-2026,02-06-2026,0,Approved,Delivered,34793207.28
PO002267,15-03-2025,S0102,P0272,WH001,CT00536,Domestic,363,75854.1,27535038.3,502172.33,0,0,5046697.91,33083908.54,INR,1,Rail,13-04-2025,13-04-2025,0,Approved,Partially Delivered,27535038.3
PO002268,29-04-2026,S0018,P0269,WH003,CT00031,Domestic,148,82308.38,12181640.24,79121,0,0,2206937.02,14467698.26,INR,1,Air,14-05-2026,14-05-2026,0,Approved,Cancelled,12181640.24
PO002269,17-07-2025,S0095,P0286,WH004,CT00472,Domestic,39,54113.31,2110419.09,21571.69,0,0,383758.34,2515749.12,INR,1,Road,18-08-2025,18-08-2025,0,Approved,Cancelled,2110419.09
PO002270,20-03-2026,S0083,P0017,WH004,CT00515,Domestic,886,69631.24,61693278.64,1185591.38,0,0,11318196.6,74197066.62,INR,1,Rail,05-04-2026,10-04-2026,5,Pending,Delivered,61693278.64
PO002271,26-06-2025,S0036,P0100,WH001,CT00241,Domestic,748,679.2,508041.6,7322.62,0,0,92765.56,608129.78,INR,1,Air,15-07-2025,17-07-2025,2,Approved,Delivered,508041.6
PO002272,21-02-2025,S0124,P0072,WH002,CT00371,Domestic,881,7261.02,6396958.62,32155.3,0,0,1157240.51,7586354.43,INR,1,Road,17-03-2025,17-03-2025,0,Approved,Cancelled,6396958.62
PO002273,08-07-2025,S0050,P0233,WH003,CT00398,Domestic,824,39629.11,32654386.64,568208.08,0,0,5980067.05,39202661.77,INR,1,Rail,27-07-2025,27-07-2025,0,Approved,Cancelled,32654386.64
PO002274,01-05-2025,S0047,P0188,WH002,CT00506,Domestic,941,1841.43,1732785.63,22711.88,0,0,315989.55,2071487.06,INR,1,Road,06-06-2025,06-06-2025,0,Pending,Cancelled,1732785.63
PO002275,04-03-2025,S0092,P0011,WH003,CT00183,Domestic,867,59490.8,51578523.6,258965.61,0,0,9330748.06,61168237.27,INR,1,Rail,17-03-2025,17-03-2025,0,Approved,Delivered,51578523.6
PO002276,01-07-2026,S0032,P0120,WH001,CT00185,Domestic,749,76258.44,57117571.56,490052.56,0,0,10369372.34,67976996.46,INR,1,Road,10-07-2026,10-07-2026,0,Approved,Partially Delivered,57117571.56
PO002277,03-06-2026,S0024,P0193,WH004,CT00228,Domestic,461,28021.47,12917897.67,128559.02,0,0,2348362.2,15394818.89,INR,1,Road,04-07-2026,04-07-2026,0,Approved,Delivered,12917897.67
PO002278,20-11-2025,S0125,P0268,WH002,CT00044,Domestic,748,23900.03,17877222.44,283775.77,0,0,3268979.68,21429977.89,INR,1,Rail,23-12-2025,23-12-2025,0,Approved,Delivered,17877222.44
PO002279,05-05-2026,S0017,P0001,WH003,No Contract,Domestic,791,48191.93,38119816.63,632975.4,0,0,6975502.57,45728294.6,INR,1,Air,02-06-2026,07-06-2026,5,Approved,Delivered,38119816.63
PO002280,25-05-2026,S0039,P0228,WH001,CT00170,Domestic,532,77511,41235852,541582.97,0,0,7519938.29,49297373.26,INR,1,Rail,11-06-2026,11-06-2026,0,Approved,Delivered,41235852
PO002281,25-11-2025,S0082,P0066,WH002,CT00581,Domestic,318,48647.06,15469765.08,140264.41,0,0,2809805.31,18419834.8,INR,1,Air,30-11-2025,02-12-2025,2,Approved,Delivered,15469765.08
PO002282,24-07-2025,S0076,P0095,WH002,CT00326,Domestic,26,25444.82,661565.32,11228.79,0,0,121102.94,793897.05,INR,1,Air,18-08-2025,20-08-2025,2,Approved,Delivered,661565.32
PO002283,22-09-2025,S0077,P0235,WH001,CT00229,Domestic,22,54211.9,1192661.8,15864.28,0,0,217534.69,1426060.77,INR,1,Road,19-10-2025,19-10-2025,0,Approved,Delivered,1192661.8
PO002284,22-04-2025,S0009,P0069,WH003,CT00473,Domestic,160,44911.47,7185835.2,96106.4,0,0,1310749.49,8592691.09,INR,1,Air,02-05-2025,04-05-2025,2,Pending,Cancelled,7185835.2
PO002285,10-07-2026,S0005,P0237,WH003,CT00116,Domestic,45,28254.19,1271438.55,7949.99,0,0,230289.94,1509678.48,INR,1,Air,20-07-2026,21-07-2026,1,Approved,Delivered,1271438.55
PO002286,01-07-2026,S0108,P0034,WH001,CT00307,Domestic,351,45976.06,16137597.06,297247.92,0,0,2958272.1,19393117.08,INR,1,Air,28-07-2026,28-07-2026,0,Approved,Cancelled,16137597.06
PO002287,23-02-2026,S0080,P0093,WH001,CT00034,Domestic,720,39728.01,28604167.2,253054.97,0,0,5194299.99,34051522.16,INR,1,Road,18-03-2026,18-03-2026,0,Approved,Delivered,28604167.2
PO002288,21-03-2026,S0042,P0214,WH001,CT00012,Domestic,479,24718.96,11840381.84,61277.18,0,0,2142298.62,14043957.64,INR,1,Rail,13-04-2026,13-04-2026,0,Approved,Partially Delivered,11840381.84
PO002289,25-06-2025,S0005,P0037,WH003,CT00116,Domestic,296,30426.89,9006359.44,50834.77,0,0,1630294.96,10687489.17,INR,1,Road,10-07-2025,12-07-2025,2,Approved,Delivered,9006359.44
PO002290,30-09-2025,S0085,P0196,WH004,No Contract,Domestic,339,73398.06,24881942.34,372316.03,0,0,4545766.51,29800024.88,INR,1,Road,06-10-2025,06-10-2025,0,Approved,Cancelled,24881942.34
PO002291,08-11-2025,S0040,P0263,WH002,CT00239,Domestic,114,78498.94,8948879.16,160916.1,0,0,1639763.15,10749558.41,INR,1,Rail,14-11-2025,14-11-2025,0,Approved,Delivered,8948879.16
PO002292,16-03-2025,S0046,P0062,WH004,CT00069,Domestic,741,63073.13,46737189.33,748483.4,0,0,8547421.09,56033093.82,INR,1,Rail,13-04-2025,16-04-2025,3,Approved,Partially Delivered,46737189.33
PO002293,22-09-2025,S0021,P0136,WH002,CT00214,Domestic,60,34015.72,2040943.2,20076.46,0,0,370983.54,2432003.2,INR,1,Rail,06-10-2025,08-10-2025,2,Pending,Delivered,2040943.2
PO002294,06-07-2025,S0080,P0171,WH004,CT00125,Domestic,923,33501.74,30922106.02,255378.21,0,0,5611947.16,36789431.39,INR,1,Air,03-08-2025,03-08-2025,0,Approved,Partially Delivered,30922106.02
PO002295,02-01-2026,S0018,P0217,WH001,CT00031,Domestic,432,62678.94,27077302.08,151562.03,0,0,4901195.54,32130059.65,INR,1,Rail,19-01-2026,22-01-2026,3,Approved,Delivered,27077302.08
PO002296,13-01-2025,S0021,P0125,WH001,CT00415,Domestic,287,10802.68,3100369.16,17247.36,0,0,561170.97,3678787.49,INR,1,Rail,18-01-2025,18-01-2025,0,Pending,Delivered,3100369.16
PO002297,04-06-2026,S0027,P0140,WH002,CT00500,Domestic,150,69541.78,10431267,88077.85,0,0,1893482.07,12412826.92,INR,1,Air,23-06-2026,25-06-2026,2,Approved,Delivered,10431267
PO002298,30-07-2026,S0074,P0090,WH001,CT00128,Domestic,286,79956.15,22867458.9,383264.96,0,0,4185130.29,27435854.15,INR,1,Road,21-08-2026,29-08-2026,8,Approved,Cancelled,22867458.9
PO002299,09-01-2026,S0043,P0172,WH004,No Contract,Domestic,315,412.19,129839.85,1345.42,0,0,23613.35,154798.62,INR,1,Air,28-01-2026,29-01-2026,1,Approved,Partially Delivered,129839.85
PO002300,04-03-2026,S0043,P0284,WH002,No Contract,Domestic,494,35435.1,17504939.4,122738.19,0,0,3172981.97,20800659.56,INR,1,Rail,19-03-2026,19-03-2026,0,Approved,Delivered,17504939.4
PO002301,14-08-2025,S0021,P0011,WH003,CT00415,Domestic,187,54837.25,10254565.75,139925.33,0,0,1871008.39,12265499.47,INR,1,Air,22-08-2025,22-08-2025,0,Approved,Cancelled,10254565.75
PO002302,03-04-2025,S0036,P0084,WH002,CT00241,Domestic,406,39685.23,16112203.38,282546.46,0,0,2951054.97,19345804.81,INR,1,Road,21-04-2025,21-04-2025,0,Pending,Partially Delivered,16112203.38
PO002303,22-04-2025,S0017,P0281,WH003,No Contract,Domestic,741,53184.73,39409884.93,277327.4,0,0,7143698.22,46830910.55,INR,1,Rail,24-05-2025,26-05-2025,2,Approved,Cancelled,39409884.93
PO002304,04-01-2025,S0069,P0294,WH003,CT00502,Domestic,383,46768.55,17912354.65,148632.25,0,0,3250977.64,21311964.54,INR,1,Air,19-01-2025,19-01-2025,0,Approved,Delivered,17912354.65
PO002305,12-10-2025,S0027,P0039,WH002,CT00284,Domestic,349,17723.84,6185620.16,47679.47,0,0,1121993.93,7355293.56,INR,1,Rail,21-10-2025,22-10-2025,1,Approved,Cancelled,6185620.16
PO002306,10-11-2025,S0117,P0181,WH004,No Contract,Domestic,503,2874.51,1445878.53,16986.47,0,0,263315.7,1726180.7,INR,1,Rail,11-12-2025,12-12-2025,1,Approved,Delivered,1445878.53
PO002307,30-09-2025,S0057,P0124,WH004,CT00455,Domestic,367,71642.48,26292790.16,334383.03,0,0,4792891.17,31420064.36,INR,1,Air,21-10-2025,21-10-2025,0,Approved,Cancelled,26292790.16
PO002308,09-05-2026,S0048,P0076,WH001,CT00423,Domestic,713,61554.67,43888479.71,556654.34,0,0,8000124.13,52445258.18,INR,1,Road,22-05-2026,30-05-2026,8,Approved,Partially Delivered,43888479.71
PO002309,06-02-2025,S0117,P0122,WH001,No Contract,Domestic,293,52506.66,15384451.38,281536.07,0,0,2819877.74,18485865.19,INR,1,Rail,28-02-2025,28-02-2025,0,Approved,Delivered,15384451.38
PO002310,18-07-2025,S0064,P0043,WH004,CT00209,Domestic,956,24210.09,23144846.04,316453.24,0,0,4223033.87,27684333.15,INR,1,Road,05-08-2025,17-08-2025,12,Approved,Partially Delivered,23144846.04
PO002311,10-04-2026,S0108,P0047,WH003,CT00307,Domestic,832,82466.31,68611969.92,718489.97,0,0,12479482.78,81809942.67,INR,1,Road,08-05-2026,10-05-2026,2,Approved,Delivered,68611969.92
PO002312,06-04-2025,S0091,P0183,WH004,CT00355,Domestic,545,61677.96,33614488.2,569713.9,0,0,6153156.38,40337358.48,INR,1,Road,30-04-2025,03-05-2025,3,Approved,Delivered,33614488.2
PO002313,06-01-2026,S0018,P0225,WH002,CT00031,Domestic,118,74067.14,8739922.52,62947.15,0,0,1584516.54,10387386.21,INR,1,Road,21-01-2026,22-01-2026,1,Approved,Partially Delivered,8739922.52
PO002314,26-06-2026,S0074,P0105,WH002,CT00465,Domestic,212,10489.85,2223848.2,42671.35,0,0,407973.52,2674493.07,INR,1,Rail,13-07-2026,15-07-2026,2,Approved,Partially Delivered,2223848.2
PO002315,30-04-2025,S0115,P0278,WH001,CT00298,Domestic,653,21819.33,14248022.49,212332.41,0,0,2602863.88,17063218.78,INR,1,Road,27-05-2025,29-05-2025,2,Approved,Delivered,14248022.49
PO002316,19-06-2026,S0045,P0127,WH004,CT00282,Domestic,104,68440.13,7117773.52,107026.38,0,0,1300463.98,8525263.88,INR,1,Road,01-07-2026,01-07-2026,0,Approved,Delivered,7117773.52
PO002317,22-08-2025,S0064,P0239,WH004,CT00166,Domestic,843,48551.79,40929158.97,252927.74,0,0,7412775.61,48594862.32,INR,1,Road,18-09-2025,18-09-2025,0,Approved,Delivered,40929158.97
PO002318,31-08-2025,S0087,P0281,WH004,CT00272,Domestic,161,61218.84,9856233.24,94015.19,0,0,1791044.72,11741293.15,INR,1,Air,19-09-2025,20-09-2025,1,Approved,Delivered,9856233.24
PO002319,03-11-2025,S0008,P0101,WH001,CT00510,Domestic,780,56294.21,43909483.8,618038.23,0,0,8014953.97,52542476,INR,1,Road,15-11-2025,15-11-2025,0,Pending,Cancelled,43909483.8
PO002320,15-02-2025,S0046,P0149,WH004,CT00069,Domestic,806,47200.34,38043474.04,619982.33,0,0,6959422.15,45622878.52,INR,1,Road,15-03-2025,15-03-2025,0,Approved,Cancelled,38043474.04
PO002321,12-07-2026,S0113,P0286,WH001,No Contract,Domestic,146,60359.19,8812441.74,93543.63,0,0,1603077.37,10509062.74,INR,1,Air,22-07-2026,22-07-2026,0,Pending,Delivered,8812441.74
PO002322,30-09-2025,S0017,P0107,WH003,No Contract,Domestic,408,35921.95,14656155.6,185282.89,0,0,2671458.93,17512897.42,INR,1,Air,26-10-2025,28-10-2025,2,Approved,Partially Delivered,14656155.6
PO002323,21-12-2025,S0037,P0290,WH003,CT00549,Domestic,290,71550.24,20749569.6,224206.73,0,0,3775279.74,24749056.07,INR,1,Rail,20-01-2026,01-02-2026,12,Approved,Delivered,20749569.6
PO002324,23-04-2025,S0030,P0096,WH002,CT00521,Domestic,415,44785.36,18585924.4,224621.06,0,0,3385898.18,22196443.64,INR,1,Rail,09-05-2025,09-05-2025,0,Pending,Delivered,18585924.4
PO002325,13-11-2025,S0074,P0130,WH003,CT00128,Domestic,741,28289.55,20962556.55,127282.01,0,0,3796170.94,24886009.5,INR,1,Rail,05-12-2025,07-12-2025,2,Pending,Partially Delivered,20962556.55
PO002326,27-01-2026,S0001,P0076,WH004,CT00328,Domestic,936,68096.73,63738539.28,422171.35,0,0,11548927.91,75709638.54,INR,1,Air,09-02-2026,09-02-2026,0,Approved,Delivered,63738539.28
PO002327,06-07-2026,S0073,P0081,WH002,CT00070,Domestic,505,27986.95,14133409.75,180691.93,0,0,2576538.3,16890639.98,INR,1,Air,13-07-2026,14-07-2026,1,Approved,Delivered,14133409.75
PO002328,12-12-2025,S0066,P0048,WH004,CT00492,Domestic,374,72962.74,27288064.76,164789.23,0,0,4941513.72,32394367.71,INR,1,Air,05-01-2026,05-01-2026,0,Pending,Delivered,27288064.76
PO002329,16-02-2026,S0068,P0010,WH002,CT00100,Domestic,284,9491.78,2695665.52,14732.75,0,0,487871.69,3198269.96,INR,1,Road,13-03-2026,13-03-2026,0,Approved,Delivered,2695665.52
PO002330,02-06-2026,S0043,P0196,WH003,No Contract,Domestic,507,72548.6,36782140.2,440596.19,0,0,6700092.55,43922828.94,INR,1,Air,15-06-2026,23-06-2026,8,Approved,Delivered,36782140.2
PO002331,15-02-2025,S0018,P0103,WH002,CT00031,Domestic,53,20849.23,1105009.19,13108.42,0,0,201261.17,1319378.78,INR,1,Road,04-03-2025,09-03-2025,5,Approved,Partially Delivered,1105009.19
PO002332,19-06-2025,S0026,P0182,WH003,CT00135,Domestic,739,21963.22,16230819.58,200227.99,0,0,2957588.56,19388636.13,INR,1,Road,12-07-2025,12-07-2025,0,Approved,Delivered,16230819.58
PO002333,02-08-2025,S0033,P0102,WH002,CT00001,Domestic,792,55546.95,43993184.4,626170.91,0,0,8031483.96,52650839.27,INR,1,Road,16-08-2025,24-08-2025,8,Approved,Delivered,43993184.4
PO002334,07-01-2026,S0112,P0270,WH004,CT00014,Domestic,773,65185.38,50388298.74,823774.95,0,0,9218173.26,60430246.95,INR,1,Road,07-02-2026,09-02-2026,2,Approved,Partially Delivered,50388298.74
PO002335,26-03-2025,S0016,P0147,WH003,CT00497,Domestic,268,72237.4,19359623.2,260683.25,0,0,3531655.16,23151961.61,INR,1,Road,27-04-2025,27-04-2025,0,Approved,Delivered,19359623.2
PO002336,06-03-2026,S0057,P0138,WH004,CT00484,Domestic,577,66245.29,38223532.33,617537.33,0,0,6991392.54,45832462.2,INR,1,Air,20-03-2026,01-04-2026,12,Pending,Delivered,38223532.33
PO002337,21-04-2025,S0033,P0081,WH004,CT00041,Domestic,215,28953.12,6224920.8,65631.13,0,0,1132299.35,7422851.28,INR,1,Road,28-04-2025,28-04-2025,0,Approved,Cancelled,6224920.8
PO002338,29-01-2026,S0081,P0280,WH001,CT00124,Domestic,587,34522.95,20264971.65,121153.71,0,0,3669502.56,24055627.92,INR,1,Road,14-02-2026,19-02-2026,5,Approved,Delivered,20264971.65
PO002339,01-03-2025,S0037,P0185,WH003,CT00469,Domestic,692,49646.31,34355246.52,614094.43,0,0,6294481.37,41263822.32,INR,1,Air,01-04-2025,02-04-2025,1,Approved,Partially Delivered,34355246.52
PO002340,18-01-2025,S0080,P0180,WH001,CT00125,Domestic,733,32186.15,23592447.95,250724.89,0,0,4291771.11,28134943.95,INR,1,Air,14-02-2025,14-02-2025,0,Approved,Delivered,23592447.95
PO002341,12-12-2025,S0025,P0044,WH004,CT00271,Domestic,573,55962.65,32066598.45,384864.08,0,0,5841263.26,38292725.79,INR,1,Road,15-01-2026,15-01-2026,0,Approved,Delivered,32066598.45
PO002342,07-04-2025,S0021,P0217,WH002,CT00415,Domestic,860,68408.91,58831662.6,636353.13,0,0,10704242.83,70172258.56,INR,1,Rail,18-04-2025,18-04-2025,0,Approved,Partially Delivered,58831662.6
PO002343,15-03-2026,S0083,P0147,WH002,CT00515,Domestic,412,75020.8,30908569.6,216586.13,0,0,5602528.03,36727683.76,INR,1,Road,31-03-2026,01-04-2026,1,Approved,Partially Delivered,30908569.6
PO002344,11-07-2025,S0072,P0281,WH003,CT00187,Domestic,305,58293.42,17779493.1,176758.6,0,0,3232125.31,21188377.01,INR,1,Air,08-08-2025,08-08-2025,0,Approved,Partially Delivered,17779493.1
PO002345,12-02-2026,S0085,P0176,WH003,No Contract,Domestic,545,35852.03,19539356.35,375935.23,0,0,3584752.48,23500044.06,INR,1,Rail,15-02-2026,20-02-2026,5,Pending,Partially Delivered,19539356.35
PO002346,04-04-2025,S0056,P0027,WH001,CT00590,Domestic,663,65470.32,43406822.16,659522.44,0,0,7931942.03,51998286.63,INR,1,Rail,11-05-2025,16-05-2025,5,Approved,Delivered,43406822.16
PO002347,16-04-2025,S0075,P0299,WH001,CT00163,Domestic,624,6481.66,4044555.84,22870.47,0,0,732136.74,4799563.05,INR,1,Rail,14-05-2025,15-05-2025,1,Approved,Delivered,4044555.84
PO002348,02-05-2026,S0040,P0252,WH001,CT00312,Domestic,594,1072.86,637278.84,11755.92,0,0,116826.26,765861.02,INR,1,Rail,11-05-2026,13-05-2026,2,Approved,Cancelled,637278.84
PO002349,29-03-2026,S0037,P0185,WH004,CT00549,Domestic,772,50420.94,38924965.68,387009.69,0,0,7076155.57,46388130.94,INR,1,Air,05-05-2026,05-05-2026,0,Pending,Cancelled,38924965.68
PO002350,26-01-2025,S0116,P0195,WH001,CT00392,Domestic,388,52427.04,20341691.52,138906.59,0,0,3686507.66,24167105.77,INR,1,Road,28-02-2025,28-02-2025,0,Approved,Cancelled,20341691.52
PO002351,31-05-2025,S0006,P0138,WH004,CT00160,Domestic,676,61410.14,41513254.64,747148.75,0,0,7606872.61,49867276,INR,1,Air,13-06-2025,16-06-2025,3,Approved,Delivered,41513254.64
PO002352,14-02-2025,S0103,P0006,WH001,CT00064,Domestic,80,75734.83,6058786.4,56426.46,0,0,1100738.31,7215951.17,INR,1,Air,10-03-2025,10-03-2025,0,Approved,Delivered,6058786.4
PO002353,31-03-2026,S0042,P0113,WH004,CT00126,Domestic,376,54451.21,20473654.96,353121.49,0,0,3748819.76,24575596.21,INR,1,Road,22-04-2026,22-04-2026,0,Approved,Delivered,20473654.96
PO002354,24-12-2025,S0104,P0242,WH001,CT00102,Domestic,807,11421.23,9216932.61,85204.75,0,0,1674384.72,10976522.08,INR,1,Rail,27-01-2026,27-01-2026,0,Approved,Delivered,9216932.61
PO002355,09-11-2025,S0109,P0111,WH002,CT00555,Domestic,923,12375.51,11422595.73,208164.71,0,0,2093536.88,13724297.32,INR,1,Air,06-12-2025,09-12-2025,3,Approved,Partially Delivered,11422595.73
PO002356,03-03-2026,S0028,P0211,WH001,CT00422,Domestic,596,46943.13,27978105.48,489628.61,0,0,5124192.14,33591926.23,INR,1,Road,10-03-2026,15-03-2026,5,Approved,Delivered,27978105.48
PO002357,12-03-2026,S0104,P0018,WH003,CT00102,Domestic,479,30238.7,14484337.3,106155.02,0,0,2626288.62,17216780.94,INR,1,Rail,08-04-2026,10-04-2026,2,Approved,Delivered,14484337.3
PO002358,22-07-2025,S0092,P0126,WH001,CT00183,Domestic,450,56976.46,25639407,197916.75,0,0,4650718.27,30488042.02,INR,1,Road,10-08-2025,10-08-2025,0,Approved,Cancelled,25639407
PO002359,06-03-2026,S0039,P0288,WH004,CT00493,Domestic,537,36226.2,19453469.4,288905.39,0,0,3553627.46,23296002.25,INR,1,Rail,24-03-2026,26-03-2026,2,Approved,Delivered,19453469.4
PO002360,27-06-2026,S0074,P0216,WH002,CT00128,Domestic,174,52035.57,9054189.18,58213.36,0,0,1640232.46,10752635,INR,1,Rail,11-07-2026,11-07-2026,0,Pending,Partially Delivered,9054189.18
PO002361,13-08-2025,S0104,P0173,WH001,CT00102,Domestic,996,32586.57,32456223.72,556426.51,0,0,5942277.04,38954927.27,INR,1,Rail,07-09-2025,09-09-2025,2,Approved,Delivered,32456223.72
PO002362,11-05-2026,S0047,P0004,WH003,CT00111,Domestic,308,66073.73,20350708.84,349290.34,0,0,3725999.85,24425999.03,INR,1,Rail,14-06-2026,19-06-2026,5,Pending,Delivered,20350708.84
PO002363,21-12-2025,S0066,P0029,WH001,CT00576,Domestic,753,53583.15,40348111.95,329461.88,0,0,7321963.29,47999537.12,INR,1,Air,18-01-2026,23-01-2026,5,Pending,Partially Delivered,40348111.95
PO002364,09-04-2025,S0104,P0032,WH001,CT00102,Domestic,722,16693.16,12052461.52,232249.3,0,0,2211247.95,14495958.77,INR,1,Rail,07-05-2025,07-05-2025,0,Approved,Delivered,12052461.52
PO002365,20-07-2025,S0042,P0101,WH002,CT00509,Domestic,104,53273.46,5540439.84,72242.04,0,0,1010282.74,6622964.62,INR,1,Rail,12-08-2025,12-08-2025,0,Pending,Partially Delivered,5540439.84
PO002366,10-02-2025,S0010,P0011,WH003,No Contract,Domestic,334,58111.46,19409227.64,302696.08,0,0,3548146.27,23260069.99,INR,1,Air,05-03-2025,05-03-2025,0,Approved,Delivered,19409227.64
PO002367,06-05-2025,S0028,P0158,WH003,CT00422,Domestic,899,38863.88,34938628.12,566373.11,0,0,6390900.22,41895901.45,INR,1,Rail,16-05-2025,18-05-2025,2,Approved,Delivered,34938628.12
PO002368,24-01-2026,S0101,P0293,WH001,CT00206,Domestic,47,45117.93,2120542.71,33286.64,0,0,387689.28,2541518.63,INR,1,Road,03-02-2026,03-02-2026,0,Approved,Partially Delivered,2120542.71
PO002369,24-04-2026,S0077,P0167,WH001,CT00408,Domestic,921,16617.31,15304542.51,164803.44,0,0,2784482.27,18253828.22,INR,1,Air,21-05-2026,21-05-2026,0,Pending,Partially Delivered,15304542.51
PO002370,14-07-2025,S0055,P0054,WH001,CT00578,Domestic,16,48316.21,773059.36,6869.24,0,0,140387.15,920315.75,INR,1,Road,06-08-2025,11-08-2025,5,Approved,Delivered,773059.36
PO002371,11-08-2025,S0032,P0006,WH002,CT00185,Domestic,742,70523.43,52328385.06,842740.53,0,0,9570802.61,62741928.2,INR,1,Air,19-08-2025,20-08-2025,1,Approved,Cancelled,52328385.06
PO002372,14-07-2025,S0018,P0214,WH003,CT00031,Domestic,76,27394.33,2081969.08,29581.38,0,0,380079.08,2491629.54,INR,1,Rail,02-08-2025,02-08-2025,0,Approved,Delivered,2081969.08
PO002373,29-08-2025,S0069,P0244,WH004,CT00502,Domestic,986,15261.29,15047631.94,222635.39,0,0,2748648.12,18018915.45,INR,1,Rail,07-09-2025,07-09-2025,0,Approved,Delivered,15047631.94
PO002374,13-01-2026,S0125,P0192,WH001,CT00044,Domestic,907,48058.99,43589503.93,276230.99,0,0,7895832.29,51761567.21,INR,1,Road,18-02-2026,20-02-2026,2,Pending,Partially Delivered,43589503.93
PO002375,02-12-2025,S0068,P0299,WH004,CT00100,Domestic,695,6165.55,4285057.25,58604.96,0,0,781859.2,5125521.41,INR,1,Rail,26-12-2025,26-12-2025,0,Approved,Delivered,4285057.25
PO002376,04-02-2026,S0078,P0033,WH004,CT00562,Domestic,913,45306.18,41364542.34,773740.85,0,0,7584890.97,49723174.16,INR,1,Rail,02-03-2026,05-03-2026,3,Pending,Delivered,41364542.34
PO002377,20-03-2026,S0032,P0033,WH003,CT00185,Domestic,963,48709.26,46907017.38,265828.93,0,0,8491112.34,55663958.65,INR,1,Road,04-04-2026,07-04-2026,3,Approved,Partially Delivered,46907017.38
PO002378,25-09-2025,S0116,P0286,WH002,CT00392,Domestic,122,58145.56,7093758.32,64665.54,0,0,1288516.29,8446940.15,INR,1,Rail,24-10-2025,01-11-2025,8,Approved,Partially Delivered,7093758.32
PO002379,09-06-2026,S0025,P0125,WH001,CT00271,Domestic,408,11743.9,4791511.2,33160.12,0,0,868440.84,5693112.16,INR,1,Air,16-07-2026,16-07-2026,0,Approved,Delivered,4791511.2
PO002380,05-05-2025,S0006,P0231,WH001,CT00160,Domestic,281,41329.12,11613482.72,207948.81,0,0,2127857.68,13949289.21,INR,1,Rail,14-05-2025,15-05-2025,1,Approved,Delivered,11613482.72
PO002381,09-07-2026,S0082,P0003,WH002,CT00581,Domestic,300,71924.12,21577236,180481.19,0,0,3916389.09,25674106.28,INR,1,Rail,22-07-2026,22-07-2026,0,Pending,Delivered,21577236
PO002382,23-09-2025,S0044,P0287,WH001,CT00046,Domestic,258,73985.81,19088338.98,177156.45,0,0,3467789.18,22733284.61,INR,1,Rail,10-10-2025,18-10-2025,8,Approved,Delivered,19088338.98
PO002383,10-06-2026,S0013,P0237,WH003,CT00127,Domestic,28,25680.81,719062.68,13151.11,0,0,131798.48,864012.27,INR,1,Rail,01-07-2026,02-07-2026,1,Approved,Cancelled,719062.68
PO002384,16-09-2025,S0076,P0136,WH003,CT00326,Domestic,784,33994.62,26651782.08,365412.88,0,0,4863095.09,31880290.05,INR,1,Rail,13-10-2025,13-10-2025,0,Pending,Delivered,26651782.08
PO002385,11-12-2025,S0123,P0273,WH004,CT00162,Domestic,379,69040.57,26166376.03,466300.83,0,0,4793881.83,31426558.69,INR,1,Road,10-01-2026,10-01-2026,0,Approved,Partially Delivered,26166376.03
PO002386,14-06-2025,S0031,P0173,WH003,CT00040,Domestic,580,33380.76,19360840.8,218523.1,0,0,3524285.5,23103649.4,INR,1,Air,10-07-2025,15-07-2025,5,Approved,Partially Delivered,19360840.8
PO002387,29-07-2025,S0037,P0114,WH004,CT00037,Domestic,380,71542.07,27185986.6,406795.58,0,0,4966700.79,32559482.97,INR,1,Air,31-08-2025,31-08-2025,0,Approved,Delivered,27185986.6
PO002388,21-07-2026,S0125,P0092,WH002,CT00144,Domestic,945,19000.5,17955472.5,247184.36,0,0,3276478.23,21479135.09,INR,1,Rail,24-08-2026,24-08-2026,0,Approved,Delivered,17955472.5
PO002389,22-05-2026,S0068,P0220,WH003,CT00100,Domestic,568,85980.09,48836691.12,634071.02,0,0,8904737.19,58375499.33,INR,1,Air,06-06-2026,06-06-2026,0,Approved,Delivered,48836691.12
PO002390,23-09-2025,S0005,P0019,WH002,CT00116,Domestic,459,42495.1,19505250.9,119475.44,0,0,3532450.74,23157177.08,INR,1,Road,01-10-2025,01-10-2025,0,Pending,Delivered,19505250.9
PO002391,10-08-2025,S0064,P0218,WH004,CT00209,Domestic,217,44645.86,9688151.62,136306.3,0,0,1768402.43,11592860.35,INR,1,Air,04-09-2025,05-09-2025,1,Approved,Delivered,9688151.62
PO002392,30-01-2025,S0047,P0237,WH004,CT00506,Domestic,247,23427.48,5786587.56,72358.46,0,0,1054610.28,6913556.3,INR,1,Rail,07-03-2025,07-03-2025,0,Pending,Delivered,5786587.56
PO002393,06-04-2025,S0096,P0011,WH004,CT00511,Domestic,660,58785.03,38798119.8,590145.38,0,0,7089887.73,46478152.91,INR,1,Air,04-05-2025,06-05-2025,2,Pending,Delivered,38798119.8
PO002394,08-01-2026,S0063,P0190,WH001,CT00149,Domestic,427,66383.29,28345664.83,464395.77,0,0,5185810.91,33995871.51,INR,1,Air,24-01-2026,25-01-2026,1,Approved,Partially Delivered,28345664.83
PO002395,24-03-2026,S0039,P0143,WH003,CT00098,Domestic,760,75431.83,57328190.8,991771.75,0,0,10497593.26,68817555.81,INR,1,Road,18-04-2026,18-04-2026,0,Approved,Partially Delivered,57328190.8
PO002396,31-05-2026,S0017,P0116,WH003,No Contract,Domestic,177,69530.58,12306912.66,129379.01,0,0,2238532.5,14674824.17,INR,1,Rail,27-06-2026,02-07-2026,5,Approved,Delivered,12306912.66
PO002397,26-02-2025,S0091,P0275,WH004,CT00213,Domestic,876,35170.59,30809436.84,532749.25,0,0,5641593.5,36983779.59,INR,1,Rail,13-03-2025,15-03-2025,2,Approved,Cancelled,30809436.84
PO002398,29-01-2026,S0099,P0128,WH002,CT00324,Domestic,470,33154.22,15582483.4,249701.43,0,0,2849793.27,18681978.1,INR,1,Rail,07-02-2026,08-02-2026,1,Approved,Partially Delivered,15582483.4
PO002399,24-04-2025,S0088,P0206,WH003,CT00129,Domestic,260,83132.39,21614421.4,426112.8,0,0,3967296.16,26007830.36,INR,1,Rail,24-05-2025,24-05-2025,0,Approved,Delivered,21614421.4
PO002400,09-02-2026,S0060,P0285,WH004,CT00217,Domestic,321,69273.24,22236710.04,357323.76,0,0,4066926.08,26660959.88,INR,1,Air,03-03-2026,03-03-2026,0,Pending,Partially Delivered,22236710.04
PO002401,01-04-2025,S0102,P0161,WH001,CT00231,Domestic,533,46690.22,24885887.26,246614.55,0,0,4523850.33,29656352.14,INR,1,Rail,08-05-2025,13-05-2025,5,Approved,Cancelled,24885887.26
PO002402,01-01-2026,S0033,P0016,WH004,CT00041,Domestic,830,82805.51,68728573.3,680313.95,0,0,12493599.7,81902486.95,INR,1,Road,13-01-2026,14-01-2026,1,Pending,Delivered,68728573.3
PO002403,26-09-2025,S0094,P0068,WH002,CT00164,Domestic,547,5562.25,3042550.75,60265.87,0,0,558506.99,3661323.61,INR,1,Air,29-10-2025,03-11-2025,5,Approved,Delivered,3042550.75
PO002404,09-04-2026,S0002,P0172,WH002,CT00504,Domestic,288,461.86,133015.68,2135.11,0,0,24327.14,159477.93,INR,1,Air,29-04-2026,02-05-2026,3,Approved,Cancelled,133015.68
PO002405,09-10-2025,S0038,P0007,WH001,CT00203,Domestic,666,66908.05,44560761.3,425418.83,0,0,8097512.42,53083692.55,INR,1,Air,15-10-2025,16-10-2025,1,Approved,Partially Delivered,44560761.3
PO002406,09-05-2025,S0089,P0069,WH001,CT00537,Domestic,509,44352.56,22575453.04,132381.28,0,0,4087410.18,26795244.5,INR,1,Road,30-05-2025,30-05-2025,0,Approved,Delivered,22575453.04
PO002407,12-01-2026,S0105,P0153,WH003,CT00520,Domestic,187,32262.09,6033010.83,73683.54,0,0,1099204.99,7205899.36,INR,1,Air,20-01-2026,28-01-2026,8,Approved,Delivered,6033010.83
PO002408,25-07-2025,S0017,P0205,WH003,No Contract,Domestic,861,23412.33,20158016.13,386367.04,0,0,3697988.97,24242372.14,INR,1,Road,29-08-2025,31-08-2025,2,Pending,Delivered,20158016.13
PO002409,25-08-2025,S0119,P0137,WH004,CT00009,Domestic,301,15742.9,4738612.9,56095.02,0,0,863047.43,5657755.35,INR,1,Rail,31-08-2025,01-09-2025,1,Approved,Partially Delivered,4738612.9
PO002410,10-05-2026,S0004,P0151,WH003,CT00152,Domestic,193,6487.87,1252158.91,18940.58,0,0,228797.91,1499897.4,INR,1,Air,23-05-2026,23-05-2026,0,Pending,Delivered,1252158.91
PO002411,15-06-2026,S0041,P0226,WH002,CT00490,Domestic,387,9579.88,3707413.56,73879.17,0,0,680632.69,4461925.42,INR,1,Rail,01-07-2026,06-07-2026,5,Pending,Cancelled,3707413.56
PO002412,22-03-2026,S0109,P0003,WH002,CT00400,Domestic,522,72501.59,37845829.98,539094.2,0,0,6909286.35,45294210.53,INR,1,Rail,21-04-2026,21-04-2026,0,Approved,Delivered,37845829.98
PO002413,17-10-2025,S0117,P0259,WH004,No Contract,Domestic,822,85731.81,70471547.82,1330851.41,0,0,12924431.86,84726831.09,INR,1,Road,14-11-2025,14-11-2025,0,Pending,Partially Delivered,70471547.82
PO002414,11-08-2025,S0003,P0050,WH003,CT00311,Domestic,972,39580.9,38472634.8,203499.06,0,0,6961704.09,45637837.95,INR,1,Rail,29-08-2025,29-08-2025,0,Approved,Delivered,38472634.8
PO002415,18-06-2026,S0057,P0197,WH003,CT00484,Domestic,776,25613.78,19876293.28,283700.34,0,0,3628798.85,23788792.47,INR,1,Road,09-07-2026,11-07-2026,2,Approved,Partially Delivered,19876293.28
PO002416,01-05-2026,S0068,P0067,WH001,CT00276,Domestic,549,51285.05,28155492.45,175650.95,0,0,5099605.81,33430749.21,INR,1,Air,16-05-2026,16-05-2026,0,Pending,Delivered,28155492.45
PO002417,24-05-2025,S0117,P0071,WH001,No Contract,Domestic,844,36566.4,30862041.6,396556.85,0,0,5626547.72,36885146.17,INR,1,Air,24-06-2025,25-06-2025,1,Approved,Delivered,30862041.6
PO002418,07-05-2026,S0058,P0014,WH001,CT00021,Domestic,368,22495.84,8278469.12,45528.83,0,0,1498319.63,9822317.58,INR,1,Air,13-06-2026,13-06-2026,0,Approved,Partially Delivered,8278469.12
PO002419,31-03-2025,S0045,P0138,WH002,CT00282,Domestic,879,59824.11,52585392.69,997158.84,0,0,9644859.28,63227410.81,INR,1,Air,06-04-2025,06-04-2025,0,Approved,Cancelled,52585392.69
PO002420,11-06-2026,S0050,P0246,WH002,CT00398,Domestic,452,67136.97,30345910.44,367263.02,0,0,5528371.22,36241544.68,INR,1,Road,20-06-2026,20-06-2026,0,Approved,Delivered,30345910.44
PO002421,14-03-2025,S0109,P0149,WH001,CT00400,Domestic,219,43473.76,9520753.44,89041.4,0,0,1729763.07,11339557.91,INR,1,Rail,10-04-2025,18-04-2025,8,Approved,Delivered,9520753.44
PO002422,23-07-2025,S0114,P0203,WH001,No Contract,Domestic,31,20085.65,622655.15,11425.62,0,0,114134.54,748215.31,INR,1,Road,19-08-2025,19-08-2025,0,Pending,Delivered,622655.15
PO002423,20-01-2025,S0120,P0289,WH002,CT00574,Domestic,983,36146.69,35532196.27,303446.3,0,0,6450415.66,42286058.23,INR,1,Rail,24-02-2025,24-02-2025,0,Pending,Delivered,35532196.27
PO002424,30-01-2026,S0105,P0178,WH003,CT00520,Domestic,521,26279.14,13691431.94,122736.52,0,0,2486550.32,16300718.78,INR,1,Road,10-02-2026,10-02-2026,0,Approved,Partially Delivered,13691431.94
PO002425,27-02-2026,S0038,P0176,WH003,CT00203,Domestic,843,31691.79,26716178.97,520851.8,0,0,4902665.54,32139696.31,INR,1,Rail,08-03-2026,11-03-2026,3,Approved,Delivered,26716178.97
PO002426,13-10-2025,S0056,P0029,WH004,CT00590,Domestic,236,56523.09,13339449.24,148365.47,0,0,2427806.65,15915621.36,INR,1,Rail,17-11-2025,17-11-2025,0,Approved,Partially Delivered,13339449.24
PO002427,19-02-2025,S0117,P0280,WH003,No Contract,Domestic,792,32474.52,25719819.84,412621.35,0,0,4703839.41,30836280.6,INR,1,Rail,22-03-2025,22-03-2025,0,Approved,Partially Delivered,25719819.84
PO002428,15-02-2025,S0114,P0238,WH003,No Contract,Domestic,231,46193.12,10670610.72,179031.9,0,0,1952935.67,12802578.29,INR,1,Air,10-03-2025,15-03-2025,5,Approved,Delivered,10670610.72
PO002429,23-05-2025,S0113,P0143,WH002,No Contract,Domestic,779,83803.94,65283269.26,977427.08,0,0,11926925.34,78187621.68,INR,1,Air,26-05-2025,26-05-2025,0,Approved,Cancelled,65283269.26
PO002430,06-03-2026,S0006,P0057,WH004,CT00160,Domestic,160,39259.07,6281451.2,85100.33,0,0,1145979.28,7512530.81,INR,1,Road,11-03-2026,11-03-2026,0,Approved,Partially Delivered,6281451.2
PO002431,30-01-2025,S0057,P0285,WH004,CT00597,Domestic,199,70496.54,14028811.46,102621.81,0,0,2543657.99,16675091.26,INR,1,Road,10-02-2025,10-02-2025,0,Approved,Partially Delivered,14028811.46
PO002432,31-05-2025,S0072,P0035,WH004,CT00527,Domestic,383,56281.73,21555902.59,139060.26,0,0,3905093.31,25600056.16,INR,1,Rail,01-07-2025,04-07-2025,3,Approved,Partially Delivered,21555902.59
PO002433,03-04-2025,S0108,P0178,WH003,CT00307,Domestic,699,24857.79,17375595.21,145344.06,0,0,3153769.07,20674708.34,INR,1,Air,29-04-2025,29-04-2025,0,Approved,Delivered,17375595.21
PO002434,02-12-2025,S0125,P0262,WH002,CT00044,Domestic,902,71291.8,64305203.6,721375.51,0,0,11704784.24,76731363.35,INR,1,Road,29-12-2025,29-12-2025,0,Approved,Cancelled,64305203.6
PO002435,06-06-2026,S0100,P0197,WH004,CT00227,Domestic,263,24224.82,6371127.66,125072.13,0,0,1169315.96,7665515.75,INR,1,Air,11-07-2026,19-07-2026,8,Approved,Delivered,6371127.66
PO002436,26-10-2025,S0115,P0258,WH003,CT00298,Domestic,221,26244.92,5800127.32,38012.47,0,0,1050865.16,6889004.95,INR,1,Air,28-11-2025,03-12-2025,5,Approved,Cancelled,5800127.32
PO002437,13-01-2026,S0040,P0232,WH002,CT00312,Domestic,390,34949.39,13630262.1,190165.55,0,0,2487676.98,16308104.63,INR,1,Air,24-01-2026,24-01-2026,0,Approved,Partially Delivered,13630262.1
PO002438,08-05-2026,S0018,P0256,WH004,CT00290,Domestic,473,50473.42,23873927.66,420905.02,0,0,4373069.88,28667902.56,INR,1,Road,30-05-2026,02-06-2026,3,Pending,Delivered,23873927.66
PO002439,09-01-2025,S0027,P0027,WH004,CT00550,Domestic,648,59849.05,38782184.4,335014.18,0,0,7041095.74,46158294.32,INR,1,Road,20-01-2025,28-01-2025,8,Pending,Partially Delivered,38782184.4
PO002440,07-01-2026,S0066,P0290,WH004,CT00576,Domestic,767,82374.36,63181134.12,428779.15,0,0,11449784.39,75059697.66,INR,1,Air,09-02-2026,09-02-2026,0,Approved,Partially Delivered,63181134.12
PO002441,06-11-2025,S0001,P0266,WH002,CT00543,Domestic,89,75610.25,6729312.25,125385.54,0,0,1233845.6,8088543.39,INR,1,Road,23-11-2025,26-11-2025,3,Approved,Delivered,6729312.25
PO002442,12-02-2026,S0110,P0112,WH003,CT00142,Domestic,808,19931.01,16104256.08,258315.74,0,0,2945262.93,19307834.75,INR,1,Air,18-02-2026,18-02-2026,0,Approved,Delivered,16104256.08
PO002443,19-07-2026,S0041,P0010,WH001,CT00197,Domestic,141,9939.89,1401524.49,8708.59,0,0,253841.95,1664075.03,INR,1,Rail,01-08-2026,01-08-2026,0,Pending,Delivered,1401524.49
PO002444,24-04-2026,S0007,P0185,WH002,CT00233,Domestic,307,47177.97,14483636.79,148446.36,0,0,2633774.97,17265858.12,INR,1,Road,17-05-2026,20-05-2026,3,Approved,Delivered,14483636.79
PO002445,18-09-2025,S0105,P0168,WH001,CT00520,Domestic,450,80205.81,36092614.5,209757.92,0,0,6534427.04,42836799.46,INR,1,Rail,27-09-2025,27-09-2025,0,Approved,Delivered,36092614.5
PO002446,05-01-2026,S0122,P0059,WH004,CT00261,Domestic,349,58324.4,20355215.6,222927.16,0,0,3704065.7,24282208.46,INR,1,Air,11-01-2026,11-01-2026,0,Approved,Delivered,20355215.6
PO002447,22-04-2025,S0006,P0123,WH003,CT00160,Domestic,184,41991.61,7726456.24,114122.4,0,0,1411304.16,9251882.8,INR,1,Rail,27-04-2025,27-04-2025,0,Pending,Delivered,7726456.24
PO002448,23-12-2025,S0028,P0017,WH001,CT00422,Domestic,321,72911.33,23404536.93,364437.14,0,0,4278415.33,28047389.4,INR,1,Road,30-12-2025,31-12-2025,1,Approved,Delivered,23404536.93
PO002449,21-08-2025,S0111,P0126,WH004,CT00019,Domestic,883,64099.05,56599461.15,1046234.78,0,0,10376225.27,68021921.2,INR,1,Rail,05-09-2025,05-09-2025,0,Approved,Cancelled,56599461.15
PO002450,11-01-2025,S0121,P0039,WH003,CT00095,Domestic,129,15196.07,1960293.03,37643.06,0,0,359628.5,2357564.59,INR,1,Rail,29-01-2025,10-02-2025,12,Approved,Cancelled,1960293.03
PO002451,27-02-2026,S0030,P0104,WH002,CT00521,Domestic,242,26780.03,6480767.26,111225.88,0,0,1186558.77,7778551.91,INR,1,Rail,08-03-2026,13-03-2026,5,Pending,Partially Delivered,6480767.26
PO002452,20-03-2025,S0041,P0166,WH002,CT00563,Domestic,434,19983.03,8672635.02,68526.99,0,0,1573409.16,10314571.17,INR,1,Rail,10-04-2025,10-04-2025,0,Pending,Delivered,8672635.02
PO002453,24-06-2026,S0043,P0051,WH003,No Contract,Domestic,796,5272.3,4196750.8,83131.79,0,0,770378.87,5050261.46,INR,1,Air,10-07-2026,10-07-2026,0,Approved,Delivered,4196750.8
PO002454,10-02-2025,S0020,P0043,WH004,CT00582,Domestic,497,23017.38,11439637.86,130252.42,0,0,2082580.25,13652470.53,INR,1,Rail,05-03-2025,08-03-2025,3,Pending,Delivered,11439637.86
PO002455,25-04-2026,S0037,P0279,WH002,CT00037,Domestic,86,68003.27,5848281.22,87922.79,0,0,1068516.72,7004720.73,INR,1,Road,01-06-2026,01-06-2026,0,Approved,Partially Delivered,5848281.22
PO002456,08-03-2025,S0087,P0021,WH003,CT00554,Domestic,378,24292.3,9182489.4,143110.44,0,0,1678607.97,11004207.81,INR,1,Air,26-03-2025,31-03-2025,5,Approved,Delivered,9182489.4
PO002457,21-12-2025,S0067,P0072,WH004,CT00595,Domestic,771,6057.11,4670031.81,46750.92,0,0,849020.89,5565803.62,INR,1,Rail,01-01-2026,04-01-2026,3,Pending,Partially Delivered,4670031.81
PO002458,09-07-2026,S0012,P0257,WH004,CT00320,Domestic,683,60353.99,41221775.17,587961.15,0,0,7525752.54,49335488.86,INR,1,Rail,07-08-2026,12-08-2026,5,Approved,Partially Delivered,41221775.17
PO002459,31-01-2025,S0083,P0105,WH002,CT00515,Domestic,905,10745.64,9724804.2,48898.07,0,0,1759266.41,11532968.68,INR,1,Air,15-02-2025,15-02-2025,0,Approved,Delivered,9724804.2
PO002460,24-12-2025,S0123,P0060,WH003,CT00310,Domestic,320,4845.03,1550409.6,18695.45,0,0,282438.91,1851543.96,INR,1,Rail,19-01-2026,20-01-2026,1,Approved,Cancelled,1550409.6
PO002461,06-05-2026,S0062,P0178,WH004,No Contract,Domestic,425,25436.56,10810538,144250.99,0,0,1971862.02,12926651.01,INR,1,Air,10-05-2026,12-05-2026,2,Approved,Partially Delivered,10810538
PO002462,18-11-2025,S0039,P0178,WH002,CT00493,Domestic,505,24456.94,12350754.7,92086.7,0,0,2239711.45,14682552.85,INR,1,Air,15-12-2025,15-12-2025,0,Approved,Partially Delivered,12350754.7
PO002463,24-02-2026,S0013,P0204,WH004,CT00127,Domestic,23,74654.6,1717055.8,18757.87,0,0,312446.46,2048260.13,INR,1,Air,25-03-2026,25-03-2026,0,Approved,Delivered,1717055.8
PO002464,12-02-2025,S0001,P0269,WH003,CT00543,Domestic,217,82563.24,17916223.08,301227.41,0,0,3279141.09,21496591.58,INR,1,Rail,27-02-2025,28-02-2025,1,Approved,Delivered,17916223.08
PO002465,25-12-2025,S0112,P0289,WH002,CT00014,Domestic,578,34838.31,20136543.18,161613.3,0,0,3653668.17,23951824.65,INR,1,Air,27-01-2026,27-01-2026,0,Approved,Partially Delivered,20136543.18
PO002466,11-05-2026,S0046,P0101,WH003,CT00069,Domestic,752,49894.16,37520408.32,720763.46,0,0,6883410.92,45124582.7,INR,1,Air,07-06-2026,12-06-2026,5,Approved,Partially Delivered,37520408.32
PO002467,29-06-2025,S0061,P0149,WH003,CT00091,Domestic,993,45165.38,44849222.34,491607.78,0,0,8161349.42,53502179.54,INR,1,Air,10-07-2025,13-07-2025,3,Approved,Partially Delivered,44849222.34
PO002468,06-10-2025,S0089,P0041,WH001,CT00537,Domestic,839,33629.59,28215226.01,442655.78,0,0,5158418.72,33816300.51,INR,1,Road,31-10-2025,31-10-2025,0,Pending,Partially Delivered,28215226.01
PO002469,07-04-2025,S0051,P0188,WH004,CT00339,Domestic,798,1802.65,1438514.7,19013.67,0,0,262355.11,1719883.48,INR,1,Air,23-04-2025,23-04-2025,0,Pending,Delivered,1438514.7
PO002470,22-09-2025,S0095,P0158,WH001,CT00439,Domestic,449,36413.17,16349513.33,159666.87,0,0,2971652.44,19480832.64,INR,1,Air,18-10-2025,19-10-2025,1,Approved,Partially Delivered,16349513.33
PO002471,10-07-2025,S0056,P0157,WH001,CT00590,Domestic,977,20030.96,19570247.92,104638.28,0,0,3541479.52,23216365.72,INR,1,Rail,14-08-2025,14-08-2025,0,Approved,Partially Delivered,19570247.92
PO002472,25-05-2025,S0004,P0132,WH003,CT00152,Domestic,177,27458.01,4860067.77,52479.21,0,0,884258.46,5796805.44,INR,1,Road,07-06-2025,12-06-2025,5,Approved,Cancelled,4860067.77
PO002473,12-07-2026,S0122,P0292,WH001,CT00261,Domestic,835,63484.92,53009908.2,441768.39,0,0,9621301.79,63072978.38,INR,1,Rail,18-07-2026,21-07-2026,3,Approved,Cancelled,53009908.2
PO002474,10-06-2026,S0118,P0167,WH002,CT00404,Domestic,460,16314.24,7504550.4,129950.66,0,0,1374210.19,9008711.25,INR,1,Rail,14-07-2026,15-07-2026,1,Approved,Delivered,7504550.4
PO002475,30-01-2025,S0085,P0246,WH001,No Contract,Domestic,911,76216.57,69433295.27,948786.86,0,0,12668774.78,83050856.91,INR,1,Rail,08-02-2025,11-02-2025,3,Pending,Partially Delivered,69433295.27
PO002476,04-02-2025,S0058,P0273,WH003,CT00021,Domestic,187,71360.98,13344503.26,181146.62,0,0,2434616.98,15960266.86,INR,1,Air,12-03-2025,12-03-2025,0,Approved,Delivered,13344503.26
PO002477,19-03-2025,S0097,P0245,WH004,CT00004,Domestic,729,51139.16,37280447.64,394072.29,0,0,6781413.59,44455933.52,INR,1,Air,06-04-2025,18-04-2025,12,Approved,Partially Delivered,37280447.64
PO002478,07-11-2025,S0018,P0236,WH004,CT00290,Domestic,171,65100.34,11132158.14,168227.36,0,0,2034069.39,13334454.89,INR,1,Rail,22-11-2025,22-11-2025,0,Approved,Delivered,11132158.14
PO002479,18-05-2026,S0049,P0249,WH003,No Contract,Domestic,386,11360.7,4385230.2,49751.87,0,0,798296.77,5233278.84,INR,1,Rail,25-05-2026,27-05-2026,2,Pending,Cancelled,4385230.2
PO002480,24-01-2025,S0085,P0029,WH004,No Contract,Domestic,944,54652.07,51591554.08,961875.27,0,0,9459617.28,62013046.63,INR,1,Rail,31-01-2025,03-02-2025,3,Approved,Delivered,51591554.08
PO002481,13-02-2026,S0077,P0219,WH002,CT00198,Domestic,746,76224.73,56863648.58,569843.12,0,0,10338028.51,67771520.21,INR,1,Road,17-03-2026,19-03-2026,2,Approved,Partially Delivered,56863648.58
PO002482,15-01-2025,S0040,P0249,WH001,CT00239,Domestic,926,11303.39,10466939.14,76317.53,0,0,1897786.2,12441042.87,INR,1,Air,21-01-2025,23-01-2025,2,Approved,Delivered,10466939.14
PO002483,16-04-2025,S0037,P0039,WH002,CT00215,Domestic,763,17948.09,13694392.67,129151.98,0,0,2488238.04,16311782.69,INR,1,Rail,14-05-2025,14-05-2025,0,Approved,Partially Delivered,13694392.67
PO002484,19-11-2025,S0036,P0280,WH002,CT00241,Domestic,95,33062.29,3140917.55,47751.77,0,0,573960.48,3762629.8,INR,1,Air,10-12-2025,10-12-2025,0,Approved,Delivered,3140917.55
PO002485,08-01-2026,S0116,P0030,WH004,CT00482,Domestic,960,77674.36,74567385.6,701213.76,0,0,13548347.88,88816947.24,INR,1,Road,11-02-2026,11-02-2026,0,Pending,Delivered,74567385.6
PO002486,21-07-2025,S0084,P0104,WH002,CT00450,Domestic,68,26700.62,1815642.16,27964.89,0,0,331849.27,2175456.32,INR,1,Rail,26-08-2025,26-08-2025,0,Approved,Partially Delivered,1815642.16
PO002487,21-01-2025,S0028,P0275,WH003,CT00422,Domestic,912,40161.89,36627643.68,189435.88,0,0,6627074.32,43444153.88,INR,1,Air,03-02-2025,11-02-2025,8,Approved,Delivered,36627643.68
PO002488,11-11-2025,S0034,P0203,WH002,No Contract,Domestic,274,23112.88,6332929.12,36949.58,0,0,1146578.17,7516456.87,INR,1,Road,09-12-2025,17-12-2025,8,Approved,Delivered,6332929.12
PO002489,17-12-2025,S0001,P0178,WH004,CT00328,Domestic,438,25232.07,11051646.66,90731.46,0,0,2005628.06,13148006.18,INR,1,Air,29-12-2025,10-01-2026,12,Approved,Delivered,11051646.66
PO002490,12-06-2026,S0049,P0090,WH003,No Contract,Domestic,335,79362.23,26586347.05,325836.05,0,0,4844192.96,31756376.06,INR,1,Rail,20-06-2026,22-06-2026,2,Pending,Delivered,26586347.05
PO002491,31-05-2025,S0014,P0122,WH004,CT00112,Domestic,102,52726.09,5378061.18,33326.29,0,0,974049.74,6385437.21,INR,1,Air,12-06-2025,12-06-2025,0,Approved,Partially Delivered,5378061.18
PO002492,21-01-2026,S0040,P0239,WH002,CT00312,Domestic,780,47189.67,36807942.6,209106.8,0,0,6663068.89,43680118.29,INR,1,Rail,30-01-2026,31-01-2026,1,Approved,Delivered,36807942.6
PO002493,13-03-2025,S0125,P0090,WH004,CT00399,Domestic,602,78242.98,47102273.96,911927.21,0,0,8642556.21,56656757.38,INR,1,Rail,19-04-2025,20-04-2025,1,Approved,Partially Delivered,47102273.96
PO002494,12-02-2025,S0007,P0249,WH002,CT00233,Domestic,575,11329.86,6514669.5,126319.76,0,0,1195378.07,7836367.33,INR,1,Rail,10-03-2025,18-03-2025,8,Pending,Cancelled,6514669.5
PO002495,01-01-2025,S0083,P0267,WH002,CT00515,Domestic,25,10390.45,259761.25,2018.2,0,0,47120.3,308899.75,INR,1,Road,21-01-2025,26-01-2025,5,Approved,Delivered,259761.25
PO002496,12-04-2025,S0101,P0051,WH002,CT00206,Domestic,631,5357.32,3380468.92,19677.28,0,0,612026.32,4012172.52,INR,1,Rail,24-04-2025,24-04-2025,0,Approved,Partially Delivered,3380468.92
PO002497,13-11-2025,S0035,P0226,WH002,CT00494,Domestic,247,8798.4,2173204.8,24855.66,0,0,395650.88,2593711.34,INR,1,Road,21-11-2025,21-11-2025,0,Approved,Delivered,2173204.8
PO002498,27-06-2025,S0032,P0187,WH003,CT00185,Domestic,965,38592.21,37241482.65,485313.93,0,0,6790823.38,44517619.96,INR,1,Rail,06-07-2025,06-07-2025,0,Approved,Delivered,37241482.65
PO002499,05-05-2026,S0104,P0136,WH003,CT00102,Domestic,714,39328.56,28080591.84,392524.82,0,0,5125161,33598277.66,INR,1,Road,02-06-2026,02-06-2026,0,Approved,Cancelled,28080591.84
PO002500,01-11-2025,S0034,P0288,WH003,No Contract,Domestic,313,37485.14,11732848.82,81852.19,0,0,2126646.18,13941347.19,INR,1,Air,30-11-2025,01-12-2025,1,Pending,Partially Delivered,11732848.82
PO002501,04-04-2026,S0156,P0113,WH009,CT00181,International,865,56174.23,48590708.95,1991446.66,12.83,6234187.96,3441508.28,60257851.85,CNY,11.6,Road,14-04-2026,14-04-2026,0,Pending,Delivered,48590708.95
PO002502,17-11-2025,S0249,P0126,WH007,CT00280,International,630,61159.62,38530560.6,1681186.65,8.57,3302069.04,2299819.78,45813636.07,GBP,106,Rail,01-12-2025,03-12-2025,2,Pending,Delivered,38530560.6
PO002503,15-08-2025,S0138,P0283,WH007,CT00351,International,422,53870.56,22733376.32,950555.89,7.51,1707276.56,1424741.78,26815950.55,AUD,54,Rail,14-09-2025,14-09-2025,0,Approved,Delivered,22733376.32
PO002504,02-02-2025,S0176,P0200,WH006,CT00501,International,404,73721.13,29783336.52,223201.47,2.89,860738.43,3491585.8,34358862.22,GBP,106,Rail,16-02-2025,18-02-2025,2,Pending,Partially Delivered,29783336.52
PO002505,07-01-2026,S0250,P0239,WH010,CT00442,International,424,52669.46,22331851.04,836099.1,2.14,477901.61,2711423.18,26357274.93,EUR,90.5,Air,16-01-2026,16-01-2026,0,Approved,Cancelled,22331851.04
PO002506,16-02-2025,S0237,P0130,WH009,CT00036,International,319,29791.51,9503491.69,82594.01,16.4,1558572.64,1321722.82,12466381.16,USD,83.5,Rail,19-03-2025,19-03-2025,0,Pending,Delivered,9503491.69
PO002507,26-04-2026,S0191,P0283,WH009,CT00496,International,282,51109.25,14412808.5,528397.5,8.12,1170320.05,941393.35,17052919.4,EUR,90.5,Air,05-05-2026,05-05-2026,0,Approved,Cancelled,14412808.5
PO002508,14-04-2025,S0217,P0100,WH010,CT00440,International,937,673.24,630825.88,16327.38,11.57,72986.55,63315.8,783455.61,USD,83.5,Sea,01-05-2025,03-05-2025,2,Pending,Partially Delivered,630825.88
PO002509,05-03-2025,S0170,P0250,WH005,CT00122,International,364,60602.23,22059211.72,662641.97,11.09,2446366.58,1371634.96,26539855.23,JPY,0.56,Sea,19-03-2025,21-03-2025,2,Approved,Partially Delivered,22059211.72
PO002510,15-10-2025,S0172,P0138,WH007,CT00540,International,924,63098.98,58303457.52,514733.84,14.37,8378206.85,4883530.63,72079928.84,AUD,54,Sea,31-10-2025,01-11-2025,1,Approved,Partially Delivered,58303457.52
PO002511,12-12-2025,S0153,P0201,WH009,CT00299,International,27,78852.3,2129012.1,49065.88,3.77,80263.76,133785.48,2392127.22,EUR,90.5,Rail,10-01-2026,12-01-2026,2,Pending,Partially Delivered,2129012.1
PO002512,26-09-2025,S0164,P0007,WH008,CT00266,International,431,66293.91,28572675.21,755283.03,11.69,3340145.73,3026677.08,35694781.05,SGD,62,Rail,20-10-2025,21-10-2025,1,Approved,Delivered,28572675.21
PO002513,07-03-2026,S0155,P0093,WH010,CT00369,International,669,41076.07,27479890.83,177798.85,11.52,3165683.42,2049587.3,32872960.4,AUD,54,Road,12-03-2026,12-03-2026,0,Approved,Partially Delivered,27479890.83
PO002514,08-12-2025,S0188,P0188,WH008,CT00084,International,715,1778.39,1271548.85,29412.32,16.85,214255.98,82439.03,1597656.18,GBP,106,Road,25-12-2025,30-12-2025,5,Pending,Partially Delivered,1271548.85
PO002515,03-10-2025,S0207,P0083,WH005,CT00230,International,174,55070.58,9582280.92,66463.88,12.09,1158497.76,1048925.89,11856168.45,EUR,90.5,Rail,27-10-2025,27-10-2025,0,Pending,Delivered,9582280.92
PO002516,24-10-2025,S0142,P0019,WH008,CT00281,International,663,41608.86,27586674.18,1094602.14,15.78,4353177.19,1884026.87,34918480.38,JPY,0.56,Rail,11-11-2025,14-11-2025,3,Approved,Cancelled,27586674.18
PO002517,03-02-2026,S0221,P0138,WH008,CT00430,International,30,65271.82,1958154.6,43732.62,16.72,327403.45,279241.4,2608532.07,EUR,90.5,Rail,10-03-2026,22-03-2026,12,Approved,Delivered,1958154.6
PO002518,16-02-2026,S0172,P0081,WH006,CT00540,International,716,27275.44,19529215.04,165603.89,14.54,2839547.87,1741583.41,24275950.21,AUD,54,Sea,05-03-2026,05-03-2026,0,Approved,Delivered,19529215.04
PO002519,22-04-2025,S0132,P0088,WH010,CT00447,International,503,23968,12055904,137753.95,4.55,548543.63,755355.49,13497557.07,JPY,0.56,Rail,06-05-2025,06-05-2025,0,Pending,Delivered,12055904
PO002520,07-02-2025,S0233,P0117,WH007,CT00171,International,106,50851.34,5390242.04,102477.75,12.28,661921.72,530342.76,6684984.27,AUD,54,Road,04-03-2025,04-03-2025,0,Approved,Delivered,5390242.04
PO002521,26-03-2025,S0182,P0292,WH007,CT00260,International,268,70741.71,18958778.28,488247.14,15.47,2932923,2416566.71,24796515.13,JPY,0.56,Rail,15-04-2025,16-04-2025,1,Approved,Partially Delivered,18958778.28
PO002522,19-03-2025,S0236,P0044,WH010,CT00172,International,451,52011.27,23457082.77,173395.01,9.73,2282374.15,2998691.79,28911543.72,EUR,90.5,Sea,01-04-2025,04-04-2025,3,Approved,Partially Delivered,23457082.77
PO002523,03-10-2025,S0211,P0157,WH006,CT00395,International,718,18786.48,13488692.64,460973.47,15.86,2139306.65,855031.72,16944004.48,AED,22.7,Road,10-10-2025,10-10-2025,0,Approved,Delivered,13488692.64
PO002524,19-01-2025,S0217,P0086,WH008,CT00440,International,960,46874.55,44999568,279229.35,17.79,8005423.15,3346064.39,56630284.89,USD,83.5,Road,07-02-2025,10-02-2025,3,Approved,Partially Delivered,44999568
PO002525,04-10-2025,S0184,P0186,WH009,CT00224,International,730,68585.16,50067166.8,1165922.26,9.55,4781414.43,5324546.62,61339050.11,USD,83.5,Road,08-11-2025,11-11-2025,3,Approved,Partially Delivered,50067166.8
PO002526,05-12-2025,S0246,P0153,WH007,CT00237,International,431,32439.7,13981510.7,442978.6,8.25,1153474.63,1772546.19,17350510.12,USD,83.5,Air,26-12-2025,26-12-2025,0,Pending,Delivered,13981510.7
PO002527,11-02-2025,S0172,P0010,WH007,CT00540,International,779,8644.5,6734065.5,110235.57,17.88,1204050.91,428166.62,8476518.6,AUD,54,Sea,03-03-2025,03-03-2025,0,Pending,Partially Delivered,6734065.5
PO002528,01-10-2025,S0242,P0249,WH007,CT00049,International,929,12452.57,11568437.53,287827.63,4.09,473149.09,1396028.45,13725442.7,EUR,90.5,Air,01-11-2025,02-11-2025,1,Approved,Partially Delivered,11568437.53
PO002529,12-04-2025,S0145,P0152,WH006,CT00275,International,378,26559.8,10039604.4,293901.69,16.38,1644487.2,1061668.01,13039661.3,AED,22.7,Road,29-04-2025,29-04-2025,0,Pending,Delivered,10039604.4
PO002530,27-08-2025,S0243,P0091,WH008,CT00263,International,673,31505.09,21202925.57,325863.66,13.62,2887838.46,1908426.03,26325053.72,CNY,11.6,Road,19-09-2025,22-09-2025,3,Approved,Partially Delivered,21202925.57
PO002531,22-03-2025,S0147,P0220,WH007,CT00079,International,555,80100.46,44455755.3,1731224.17,13.59,6041537.15,5152304.51,57380821.13,EUR,90.5,Rail,07-04-2025,07-04-2025,0,Pending,Delivered,44455755.3
PO002532,09-03-2025,S0129,P0011,WH010,CT00364,International,614,55118,33842452,779640.94,16.84,5699068.92,3994493.27,44315655.13,USD,83.5,Road,29-03-2025,30-03-2025,1,Approved,Partially Delivered,33842452
PO002533,30-03-2025,S0223,P0179,WH010,No Contract,International,60,7819.2,469152,16038.53,3.05,14309.14,42175.6,541675.27,AED,22.7,Road,04-04-2025,06-04-2025,2,Approved,Partially Delivered,469152
PO002534,17-09-2025,S0222,P0014,WH007,CT00532,International,647,22220.52,14376676.44,193083.37,13.91,1999795.69,1043145.29,17612700.79,AED,22.7,Sea,10-10-2025,11-10-2025,1,Pending,Delivered,14376676.44
PO002535,02-08-2026,S0131,P0030,WH009,CT00401,International,37,79477.69,2940674.53,102714.39,3.26,95865.99,268770.47,3408025.38,GBP,106,Road,23-08-2026,23-08-2026,0,Pending,Cancelled,2940674.53
PO002536,27-01-2026,S0199,P0273,WH010,CT00458,International,208,67793.83,14101116.64,475129.88,7.03,991308.5,1609812.64,17177367.66,EUR,90.5,Air,02-03-2026,03-03-2026,1,Approved,Delivered,14101116.64
PO002537,04-05-2025,S0131,P0013,WH006,CT00401,International,429,14888.19,6387033.51,85012.95,9.27,592078.01,393363.61,7457488.08,GBP,106,Rail,27-05-2025,29-05-2025,2,Approved,Cancelled,6387033.51
PO002538,15-10-2025,S0161,P0277,WH007,CT00548,International,22,78503.55,1727078.1,18982.22,14.1,243518.01,102842.28,2092420.61,AED,22.7,Sea,07-11-2025,10-11-2025,3,Approved,Delivered,1727078.1
PO002539,24-02-2026,S0220,P0115,WH006,CT00188,International,823,33680.55,27719092.65,1163699.85,10.9,3021381.1,2946732.92,34850906.52,CNY,11.6,Sea,02-04-2026,02-04-2026,0,Approved,Cancelled,27719092.65
PO002540,06-04-2025,S0213,P0298,WH006,CT00499,International,583,13933.84,8123428.72,327691.41,15.45,1255069.74,502276.53,10208466.4,AED,22.7,Road,17-04-2025,18-04-2025,1,Approved,Cancelled,8123428.72
PO002541,21-04-2025,S0178,P0205,WH005,CT00056,International,341,23655.04,8066368.64,358710.38,15.85,1278519.43,1071137.34,10774735.79,JPY,0.56,Road,06-05-2025,06-05-2025,0,Pending,Cancelled,8066368.64
PO002542,21-05-2025,S0158,P0106,WH005,CT00015,International,463,16888.36,7819310.68,266472.09,15.29,1195572.6,969254.83,10250610.2,EUR,90.5,Rail,17-06-2025,19-06-2025,2,Approved,Delivered,7819310.68
PO002543,11-03-2026,S0246,P0096,WH010,CT00237,International,767,44009.39,33755202.13,611335.63,17.94,6055683.26,3619737.57,44041958.59,USD,83.5,Rail,01-04-2026,03-04-2026,2,Approved,Cancelled,33755202.13
PO002544,26-10-2025,S0227,P0132,WH008,No Contract,International,844,30958.01,26128560.44,574436.94,3.43,896209.62,3250366.42,30849573.42,EUR,90.5,Road,05-11-2025,05-11-2025,0,Approved,Cancelled,26128560.44
PO002545,08-07-2025,S0202,P0153,WH005,CT00238,International,211,30081.13,6347118.43,188556.35,9.61,609958.08,786282.08,7931914.94,AUD,54,Sea,21-07-2025,23-07-2025,2,Approved,Delivered,6347118.43
PO002546,21-09-2025,S0170,P0093,WH005,CT00122,International,441,44114.39,19454445.99,108600.16,17.52,3408418.94,1817815.47,24789280.56,JPY,0.56,Rail,02-10-2025,02-10-2025,0,Approved,Delivered,19454445.99
PO002547,09-05-2025,S0135,P0295,WH010,CT00296,International,516,71406.45,36845728.2,1021962.38,11.58,4266735.33,3163957.26,45298383.17,EUR,90.5,Rail,29-05-2025,29-05-2025,0,Approved,Partially Delivered,36845728.2
PO002548,12-08-2025,S0199,P0113,WH005,CT00586,International,397,55325.88,21964374.36,322857.04,9.56,2099794.19,1289214.11,25676239.7,EUR,90.5,Air,15-09-2025,16-09-2025,1,Approved,Partially Delivered,21964374.36
PO002549,12-02-2025,S0190,P0156,WH009,CT00218,International,379,68330.25,25897164.75,1002692.52,13.05,3379580,3446621.43,33726058.7,SGD,62,Road,24-02-2025,26-02-2025,2,Approved,Delivered,25897164.75
PO002550,28-03-2025,S0192,P0117,WH009,CT00319,International,855,51860.87,44341043.85,1530629.2,17.71,7852798.87,4210472.72,57934944.64,JPY,0.56,Road,01-05-2025,06-05-2025,5,Pending,Cancelled,44341043.85
PO002551,23-06-2025,S0246,P0270,WH008,CT00331,International,640,69681.51,44596166.4,1491972.9,10.26,4575566.67,2891585.97,53555291.94,USD,83.5,Road,20-07-2025,22-07-2025,2,Approved,Partially Delivered,44596166.4
PO002552,22-01-2026,S0126,P0204,WH005,CT00055,International,67,70264.58,4707726.86,193376.11,10.6,499019.05,281768.88,5681890.9,EUR,90.5,Air,29-01-2026,31-01-2026,2,Approved,Delivered,4707726.86
PO002553,12-09-2025,S0164,P0032,WH008,CT00580,International,857,17685.03,15156070.71,82418.94,7.72,1170048.66,924349.94,17332888.25,SGD,62,Air,27-09-2025,27-09-2025,0,Pending,Partially Delivered,15156070.71
PO002554,28-07-2026,S0137,P0150,WH007,CT00373,International,860,66769.56,57421821.6,2297342.34,6.43,3692223.13,5916801.42,69328188.49,CNY,11.6,Air,25-08-2026,25-08-2026,0,Pending,Delivered,57421821.6
PO002555,09-05-2025,S0227,P0074,WH010,No Contract,International,812,49090.96,39861859.52,996375.91,16.75,6676861.47,3639371.26,51174468.16,EUR,90.5,Sea,17-05-2025,17-05-2025,0,Approved,Partially Delivered,39861859.52
PO002556,30-05-2025,S0199,P0122,WH006,CT00302,International,498,44965.06,22392599.88,789283.56,6.8,1522696.79,2752054.23,27456634.46,EUR,90.5,Road,04-07-2025,05-07-2025,1,Approved,Delivered,22392599.88
PO002557,15-11-2025,S0137,P0212,WH010,CT00533,International,470,71653.87,33677318.9,1480986.8,3.38,1138293.38,3606168.43,39902767.51,CNY,11.6,Road,20-12-2025,21-12-2025,1,Approved,Partially Delivered,33677318.9
PO002558,21-02-2025,S0192,P0178,WH009,CT00388,International,814,21951.16,17868244.24,632801.34,6.84,1222187.91,1040926.23,20764159.72,JPY,0.56,Rail,29-03-2025,31-03-2025,2,Approved,Delivered,17868244.24
PO002559,27-03-2026,S0168,P0020,WH005,CT00505,International,462,68105.43,31464708.66,861244.16,15.63,4917933.96,2060439.35,39304326.13,EUR,90.5,Air,11-04-2026,11-04-2026,0,Approved,Delivered,31464708.66
PO002560,13-05-2026,S0208,P0213,WH008,CT00289,International,642,65545.96,42080506.32,1635462.54,6.55,2756273.16,2486773.3,48959015.32,GBP,106,Air,07-06-2026,08-06-2026,1,Approved,Delivered,42080506.32
PO002561,01-06-2026,S0206,P0126,WH010,CT00236,International,650,58329.36,37914084,583842.44,16.25,6161038.65,5234319.53,49893284.62,GBP,106,Sea,18-06-2026,18-06-2026,0,Approved,Cancelled,37914084
PO002562,30-04-2025,S0216,P0035,WH006,CT00316,International,782,56656.81,44305625.42,1068253.2,17.34,7682595.45,3144406.53,56200880.6,SGD,62,Sea,01-06-2025,01-06-2025,0,Approved,Delivered,44305625.42
PO002563,12-12-2025,S0129,P0013,WH008,CT00105,International,308,15306.81,4714497.48,42678.32,9.4,443162.76,357473.53,5557812.09,USD,83.5,Rail,02-01-2026,03-01-2026,1,Approved,Delivered,4714497.48
PO002564,15-04-2025,S0227,P0023,WH008,No Contract,International,370,20631.51,7633658.7,324790.12,5.56,424431.42,869754.75,9252634.99,EUR,90.5,Sea,18-04-2025,18-04-2025,0,Pending,Delivered,7633658.7
PO002565,05-06-2025,S0249,P0013,WH008,CT00466,International,672,17352.27,11660725.44,378502.48,17.97,2095432.36,1298672.41,15433332.69,GBP,106,Rail,16-06-2025,18-06-2025,2,Approved,Partially Delivered,11660725.44
PO002566,17-01-2025,S0142,P0033,WH007,CT00281,International,217,42561.97,9235947.49,111110.36,17.98,1660623.36,623520.89,11631202.1,JPY,0.56,Air,11-02-2025,16-02-2025,5,Approved,Partially Delivered,9235947.49
PO002567,18-12-2025,S0199,P0102,WH005,CT00458,International,1000,51974.22,51974220,290239.13,7.76,4033199.47,5132472.45,61430131.05,EUR,90.5,Rail,18-01-2026,19-01-2026,1,Approved,Cancelled,51974220
PO002568,20-03-2026,S0206,P0098,WH008,CT00011,International,647,19494.49,12612935.03,147603.26,6.44,812273.02,1185116.21,14757927.52,GBP,106,Rail,30-03-2026,31-03-2026,1,Pending,Cancelled,12612935.03
PO002569,17-04-2026,S0228,P0233,WH007,CT00377,International,852,38673.56,32949873.12,1473448.15,3.93,1294930.01,3719446.59,39437697.87,SGD,62,Air,08-05-2026,10-05-2026,2,Approved,Cancelled,32949873.12
PO002570,14-03-2025,S0136,P0069,WH008,CT00120,International,200,44406.57,8881314,107151.05,10.22,907670.29,657813.29,10553948.63,EUR,90.5,Rail,15-04-2025,15-04-2025,0,Pending,Partially Delivered,8881314
PO002571,25-11-2025,S0231,P0164,WH006,CT00029,International,572,86696.05,49590140.6,326368.35,3.35,1661269.71,4791633.22,56369411.88,SGD,62,Sea,14-12-2025,14-12-2025,0,Approved,Partially Delivered,49590140.6
PO002572,15-05-2026,S0208,P0185,WH007,CT00295,International,960,48606.11,46661865.6,1066308.99,3.18,1483847.33,2680688.93,51892710.85,GBP,106,Road,02-06-2026,02-06-2026,0,Approved,Partially Delivered,46661865.6
PO002573,07-02-2026,S0199,P0247,WH005,CT00458,International,221,31230.59,6901960.39,307311.09,5.31,366494.1,776267.75,8352033.33,EUR,90.5,Road,10-03-2026,12-03-2026,2,Approved,Delivered,6901960.39
PO002574,16-12-2025,S0144,P0166,WH006,CT00032,International,429,19535.36,8380669.44,69827.33,3.03,253934.28,586466.99,9290898.04,GBP,106,Sea,29-12-2025,31-12-2025,2,Approved,Delivered,8380669.44
PO002575,25-07-2025,S0247,P0138,WH009,CT00058,International,47,62802.91,2951736.77,108105.02,15.55,458995.07,346669.99,3865506.85,EUR,90.5,Road,25-08-2025,25-08-2025,0,Pending,Cancelled,2951736.77
PO002576,17-07-2025,S0190,P0071,WH006,CT00218,International,91,34018.75,3095706.25,53529.72,4.34,134353.65,388557.29,3672146.91,SGD,62,Air,31-07-2025,31-07-2025,0,Pending,Delivered,3095706.25
PO002577,25-03-2026,S0164,P0027,WH005,CT00266,International,881,58110.97,51195764.57,809059.06,16.38,8385866.24,3790628.96,64181318.83,SGD,62,Rail,12-04-2026,12-04-2026,0,Approved,Delivered,51195764.57
PO002578,26-06-2025,S0151,P0119,WH010,CT00334,International,834,2254.14,1879952.76,39180.25,8.79,165247.85,170149.73,2254530.59,USD,83.5,Air,17-07-2025,17-07-2025,0,Approved,Cancelled,1879952.76
PO002579,04-06-2026,S0231,P0109,WH008,CT00029,International,72,63780.3,4592181.6,166743.2,4.74,217669.41,499579.85,5476174.06,SGD,62,Air,21-06-2026,23-06-2026,2,Approved,Delivered,4592181.6
PO002580,15-06-2026,S0243,P0164,WH007,CT00411,International,246,76494.22,18817578.12,757679.36,7.16,1347338.59,1407143.28,22329739.35,CNY,11.6,Road,11-07-2026,11-07-2026,0,Approved,Delivered,18817578.12
PO002581,20-03-2026,S0230,P0050,WH005,CT00118,International,481,42303.93,20348190.33,845619.73,8.02,1631924.86,1351506.95,24177241.87,EUR,90.5,Rail,02-04-2026,03-04-2026,1,Pending,Cancelled,20348190.33
PO002582,04-05-2025,S0207,P0194,WH005,CT00301,International,537,71300.11,38288159.07,388929.21,6.59,2523189.68,2154807.93,43355085.89,EUR,90.5,Air,22-05-2025,22-05-2025,0,Pending,Delivered,38288159.07
PO002583,30-09-2025,S0153,P0022,WH005,CT00065,International,834,67970.06,56687030.04,2206410.45,9.16,5192531.95,6319242.33,70405214.77,EUR,90.5,Air,06-11-2025,06-11-2025,0,Approved,Delivered,56687030.04
PO002584,04-08-2025,S0199,P0052,WH010,CT00302,International,566,16929.15,9581898.9,112104.6,6.91,662109.21,651367.39,11007480.1,EUR,90.5,Air,08-09-2025,08-09-2025,0,Approved,Partially Delivered,9581898.9
PO002585,14-07-2026,S0237,P0142,WH009,CT00036,International,548,56117.87,30752592.76,889952.42,5,1537629.64,2086644.49,35266819.31,USD,83.5,Sea,12-08-2026,15-08-2026,3,Pending,Cancelled,30752592.76
PO002586,25-05-2025,S0234,P0217,WH009,CT00342,International,75,64975.7,4873177.5,29012.84,15.07,734387.85,468581.55,6105159.74,AUD,54,Road,08-06-2025,08-06-2025,0,Approved,Cancelled,4873177.5
PO002587,28-08-2025,S0157,P0289,WH010,CT00304,International,997,38550.28,38434629.16,1386062.8,13.94,5357787.3,4437487.65,49615966.91,AUD,54,Road,22-09-2025,23-09-2025,1,Approved,Delivered,38434629.16
PO002588,14-06-2025,S0167,P0266,WH010,CT00285,International,101,77367.7,7814137.7,305584.67,9.73,760315.6,463599.43,9343637.4,USD,83.5,Sea,08-07-2025,08-07-2025,0,Approved,Partially Delivered,7814137.7
PO002589,15-12-2025,S0199,P0113,WH007,CT00302,International,605,55985.08,33870973.4,940799.3,4.23,1432742.17,3812690.62,40057205.49,EUR,90.5,Rail,12-01-2026,12-01-2026,0,Approved,Delivered,33870973.4
PO002590,02-10-2025,S0226,P0266,WH005,CT00335,International,155,73114.11,11332687.05,149279.28,9.43,1068672.39,1488076.51,14038715.23,SGD,62,Road,05-11-2025,08-11-2025,3,Pending,Cancelled,11332687.05
PO002591,18-12-2025,S0226,P0201,WH010,CT00335,International,703,87577.5,61566982.5,2426901.35,3.42,2105590.8,6854723.19,72954197.84,SGD,62,Rail,15-01-2026,17-01-2026,2,Pending,Partially Delivered,61566982.5
PO002592,01-04-2025,S0150,P0197,WH006,CT00332,International,998,22671.41,22626067.18,721678.05,10.69,2418726.58,2531205.11,28297676.92,SGD,62,Air,04-05-2025,04-05-2025,0,Approved,Partially Delivered,22626067.18
PO002593,02-07-2025,S0180,P0285,WH009,CT00196,International,207,61510.43,12732659.01,331102.71,7.3,929484.11,1132757.37,15126003.2,JPY,0.56,Sea,31-07-2025,31-07-2025,0,Pending,Cancelled,12732659.01
PO002594,16-11-2025,S0214,P0230,WH007,CT00528,International,328,54788.02,17970470.56,209637.45,9.44,1696412.42,1940713.29,21817233.72,EUR,90.5,Road,09-12-2025,09-12-2025,0,Approved,Delivered,17970470.56
PO002595,19-03-2025,S0194,P0245,WH008,CT00254,International,669,47383.89,31699822.41,699516.62,11.74,3721559.15,2850303.82,38971202,USD,83.5,Rail,31-03-2025,31-03-2025,0,Approved,Partially Delivered,31699822.41
PO002596,29-05-2026,S0131,P0066,WH009,CT00401,International,353,44005.22,15533842.66,77983.2,3.35,520383.73,1722656.36,17854865.95,GBP,106,Sea,24-06-2026,24-06-2026,0,Approved,Partially Delivered,15533842.66
PO002597,26-02-2026,S0205,P0233,WH006,CT00225,International,330,38327.49,12648071.7,303687.52,11.62,1469705.93,1382746.24,15804211.39,AED,22.7,Sea,20-03-2026,22-03-2026,2,Pending,Partially Delivered,12648071.7
PO002598,17-01-2025,S0227,P0063,WH006,No Contract,International,798,33822.48,26990339.04,308772.22,3.45,931166.7,1799845.4,30030123.36,EUR,90.5,Air,29-01-2025,01-02-2025,3,Approved,Partially Delivered,26990339.04
PO002599,11-02-2025,S0129,P0254,WH009,CT00105,International,555,78861.99,43768404.45,671589.25,14.24,6232620.79,4957124.74,55629739.23,USD,83.5,Road,27-02-2025,27-02-2025,0,Pending,Cancelled,43768404.45
PO002600,20-02-2026,S0148,P0122,WH010,CT00594,International,682,47250.5,32224841,966005.98,9.5,3061359.9,3945087.29,40197294.17,AED,22.7,Road,19-03-2026,20-03-2026,1,Approved,Cancelled,32224841
PO002601,30-06-2025,S0200,P0009,WH008,CT00192,International,952,48297.84,45979543.68,1485238.26,10.13,4657727.77,2888344.09,55010853.8,EUR,90.5,Rail,17-07-2025,17-07-2025,0,Approved,Delivered,45979543.68
PO002602,06-10-2025,S0183,P0269,WH009,CT00471,International,367,84373.06,30964913.02,689788.42,7.38,2285210.58,3232120.92,37172032.94,USD,83.5,Road,28-10-2025,29-10-2025,1,Approved,Delivered,30964913.02
PO002603,09-07-2026,S0227,P0291,WH007,No Contract,International,750,81466.25,61099687.5,612631.93,5.62,3433802.44,5792214.54,70938336.41,EUR,90.5,Sea,18-07-2026,18-07-2026,0,Pending,Delivered,61099687.5
PO002604,02-06-2025,S0212,P0128,WH006,CT00522,International,733,34835.52,25534436.16,651209.43,14.24,3636103.71,2713466.07,32535215.37,AUD,54,Road,16-06-2025,19-06-2025,3,Approved,Partially Delivered,25534436.16
PO002605,30-04-2025,S0188,P0265,WH006,CT00084,International,501,31291.53,15677056.53,561408.28,12.36,1937684.19,1775356.14,19951505.14,GBP,106,Sea,20-05-2025,20-05-2025,0,Pending,Cancelled,15677056.53
PO002606,30-06-2026,S0215,P0242,WH010,CT00365,International,339,12512.38,4241696.82,62836.33,7.11,301584.64,479693.54,5085811.33,AED,22.7,Rail,10-07-2026,11-07-2026,1,Approved,Partially Delivered,4241696.82
PO002607,20-05-2026,S0169,P0144,WH007,CT00476,International,17,49459.46,840810.82,16627.48,10.07,84669.65,49600.96,991708.91,AUD,54,Sea,12-06-2026,14-06-2026,2,Approved,Delivered,840810.82
PO002608,14-07-2025,S0163,P0019,WH007,CT00270,International,857,47990.47,41127832.79,1070449.52,13.83,5687979.27,4849641.49,52735903.07,JPY,0.56,Rail,15-08-2025,18-08-2025,3,Approved,Delivered,41127832.79
PO002609,10-05-2026,S0207,P0105,WH010,CT00301,International,477,11276.95,5379105.15,226165.31,12.89,693366.65,519113.1,6817750.21,EUR,90.5,Air,31-05-2026,31-05-2026,0,Approved,Delivered,5379105.15
PO002610,17-01-2025,S0209,P0042,WH008,CT00464,International,674,71960.12,48501120.88,1536115.31,11.21,5436975.65,3722061.81,59196273.65,CNY,11.6,Road,15-02-2025,15-02-2025,0,Approved,Cancelled,48501120.88
PO002611,17-07-2025,S0180,P0154,WH009,CT00196,International,752,32948.6,24777347.2,265411.83,4.99,1236389.63,2695250.48,28974399.14,JPY,0.56,Air,12-08-2025,13-08-2025,1,Approved,Delivered,24777347.2
PO002612,09-10-2025,S0212,P0276,WH005,CT00186,International,358,83810.83,30004277.14,1052849.59,6.51,1953278.44,2900678.78,35911083.95,AUD,54,Air,23-10-2025,23-10-2025,0,Pending,Partially Delivered,30004277.14
PO002613,18-11-2025,S0205,P0092,WH005,CT00569,International,622,18283.98,11372635.56,292052.56,11.06,1257813.49,1409547.08,14332048.69,AED,22.7,Sea,17-12-2025,18-12-2025,1,Approved,Partially Delivered,11372635.56
PO002614,19-07-2025,S0214,P0005,WH007,CT00528,International,872,36092.03,31472250.16,865758.38,11.91,3748344.99,4088478.23,40174831.76,EUR,90.5,Rail,15-08-2025,15-08-2025,0,Approved,Partially Delivered,31472250.16
PO002615,05-07-2026,S0235,P0017,WH007,CT00167,International,271,79232.67,21472053.57,896981.27,2.45,526065.31,2085652.34,24980752.49,CNY,11.6,Rail,04-08-2026,04-08-2026,0,Approved,Partially Delivered,21472053.57
PO002616,02-04-2026,S0229,P0255,WH010,CT00488,International,983,51700.37,50821463.71,640585.69,2.79,1417918.84,3199432.84,56079401.08,EUR,90.5,Road,20-04-2026,20-04-2026,0,Approved,Delivered,50821463.71
PO002617,19-07-2025,S0181,P0140,WH009,CT00099,International,41,64719.95,2653517.95,39508.75,12.65,335670.02,354567.63,3383264.35,AED,22.7,Road,29-07-2025,03-08-2025,5,Approved,Delivered,2653517.95
PO002618,14-12-2025,S0140,P0130,WH006,CT00220,International,378,26923.38,10177037.64,64913.49,10.53,1071642.06,1288527.73,12602120.92,JPY,0.56,Sea,03-01-2026,05-01-2026,2,Approved,Delivered,10177037.64
PO002619,08-01-2026,S0141,P0005,WH007,CT00174,International,484,33329.15,16131308.6,340883.53,4.89,788820.99,1336423.84,18597436.96,AED,22.7,Road,18-01-2026,23-01-2026,5,Approved,Partially Delivered,16131308.6
PO002620,21-11-2025,S0167,P0057,WH010,CT00042,International,668,43877.71,29310310.28,841279.66,4.81,1409825.92,2838790.92,34400206.78,USD,83.5,Rail,15-12-2025,17-12-2025,2,Pending,Partially Delivered,29310310.28
PO002621,05-06-2026,S0134,P0017,WH005,CT00033,International,957,67703.96,64792689.72,2480705.22,15.74,10198369.36,4047879.72,81519644.02,GBP,106,Sea,30-06-2026,03-07-2026,3,Approved,Delivered,64792689.72
PO002622,08-07-2025,S0149,P0079,WH008,CT00204,International,91,51783.76,4712322.16,146724.75,15.27,719571.59,436226.21,6014844.71,SGD,62,Air,25-07-2025,25-07-2025,0,Approved,Cancelled,4712322.16
PO002623,07-03-2026,S0174,P0210,WH005,CT00344,International,170,81404.32,13838734.4,351581.97,5.87,812333.71,1645488.16,16648138.24,SGD,62,Sea,05-04-2026,06-04-2026,1,Approved,Partially Delivered,13838734.4
PO002624,18-03-2025,S0147,P0145,WH006,CT00079,International,883,66348.56,58585778.48,1632904.71,17.43,10211501.19,6024715.73,76454900.11,EUR,90.5,Rail,03-04-2025,03-04-2025,0,Approved,Partially Delivered,58585778.48
PO002625,09-02-2026,S0150,P0160,WH010,CT00332,International,610,44242.36,26987839.6,830307.91,17.47,4714775.58,2267177.93,34800101.02,SGD,62,Air,06-03-2026,06-03-2026,0,Pending,Delivered,26987839.6
PO002626,16-04-2026,S0162,P0086,WH008,CT00062,International,133,42895.97,5705164.01,116147.35,9.82,560247.11,719557.43,7101115.9,CNY,11.6,Air,27-04-2026,27-04-2026,0,Approved,Partially Delivered,5705164.01
PO002627,27-04-2025,S0163,P0078,WH006,CT00270,International,915,52831.63,48340941.45,750325.6,17.02,8227628.23,6017349.07,63336244.35,JPY,0.56,Rail,26-05-2025,26-05-2025,0,Pending,Partially Delivered,48340941.45
PO002628,10-07-2026,S0207,P0295,WH007,CT00230,International,617,66629.98,41110697.66,1684527.06,12.83,5274502.51,3744637.44,51814364.67,EUR,90.5,Road,01-08-2026,13-08-2026,12,Pending,Delivered,41110697.66
PO002629,14-01-2026,S0138,P0186,WH006,CT00351,International,747,60475.3,45175049.1,2001449.43,14.92,6740117.33,6119850.95,60036466.81,AUD,54,Road,10-02-2026,10-02-2026,0,Approved,Partially Delivered,45175049.1
PO002630,07-07-2026,S0134,P0144,WH006,CT00195,International,116,40853.49,4739004.84,70601.25,4.68,221785.43,488675.93,5520067.45,GBP,106,Road,06-08-2026,11-08-2026,5,Approved,Cancelled,4739004.84
PO002631,15-07-2026,S0191,P0242,WH005,CT00496,International,136,12856.22,1748445.92,9311.38,10.76,188132.78,194927.38,2140817.46,EUR,90.5,Rail,17-07-2026,19-07-2026,2,Pending,Partially Delivered,1748445.92
PO002632,02-05-2025,S0199,P0118,WH009,CT00458,International,476,72563.31,34540135.56,930018.33,10.9,3764874.78,3613532.12,42848560.79,EUR,90.5,Road,08-06-2025,09-06-2025,1,Approved,Delivered,34540135.56
PO002633,20-01-2025,S0158,P0160,WH005,CT00015,International,426,47841.43,20380449.18,899972.16,9.28,1891305.68,1646921.31,24818648.33,EUR,90.5,Air,17-02-2025,17-02-2025,0,Pending,Delivered,20380449.18
PO002634,26-01-2025,S0232,P0091,WH008,CT00255,International,397,36065.93,14318174.21,436601.73,7.79,1115385.77,1111870.88,16982032.59,AUD,54,Road,09-02-2025,12-02-2025,3,Pending,Delivered,14318174.21
PO002635,25-06-2025,S0167,P0275,WH008,CT00025,International,93,40570.33,3773040.69,125145.07,9.01,339950.97,505426.36,4743563.09,USD,83.5,Sea,19-07-2025,19-07-2025,0,Pending,Delivered,3773040.69
PO002636,22-02-2025,S0156,P0298,WH010,CT00346,International,401,14120.28,5662232.28,211683.76,13.94,789315.18,477628.09,7140859.31,CNY,11.6,Sea,11-03-2025,11-03-2025,0,Approved,Partially Delivered,5662232.28
PO002637,16-11-2025,S0219,P0006,WH007,No Contract,International,276,76934.22,21233844.72,828181.87,9.28,1970500.79,1829664.67,25862192.05,EUR,90.5,Rail,08-12-2025,08-12-2025,0,Approved,Cancelled,21233844.72
PO002638,20-05-2025,S0186,P0112,WH008,CT00449,International,918,22350.05,20517345.9,580700.08,9.07,1860923.27,2659040.69,25618009.94,EUR,90.5,Road,04-06-2025,04-06-2025,0,Approved,Cancelled,20517345.9
PO002639,22-12-2025,S0191,P0007,WH009,CT00496,International,67,57132.4,3827870.8,164349.18,13.22,506044.52,311284.51,4809549.01,EUR,90.5,Sea,31-12-2025,31-12-2025,0,Approved,Delivered,3827870.8
PO002640,21-04-2026,S0234,P0075,WH008,CT00413,International,450,24092.77,10841746.5,314253.72,5.03,545339.85,741847.79,12443187.86,AUD,54,Air,09-05-2026,10-05-2026,1,Approved,Cancelled,10841746.5
PO002641,03-06-2026,S0241,P0238,WH010,CT00008,International,430,48263.41,20753266.3,446791.4,16.16,3353727.83,1709450.01,26263235.54,CNY,11.6,Rail,19-06-2026,20-06-2026,1,Approved,Delivered,20753266.3
PO002642,24-02-2026,S0244,P0078,WH009,CT00132,International,401,48211.05,19332631.05,633554.14,3.63,701774.51,1189512.28,21857471.98,EUR,90.5,Air,16-03-2026,28-03-2026,12,Approved,Delivered,19332631.05
PO002643,07-07-2026,S0197,P0101,WH008,CT00457,International,584,51683.4,30183105.6,807058.89,2.09,630826.91,3032307.16,34653298.56,AUD,54,Rail,16-07-2026,16-07-2026,0,Approved,Delivered,30183105.6
PO002644,23-03-2025,S0153,P0258,WH010,CT00065,International,142,28769.43,4085259.06,133198.93,14.15,578064.16,493069.68,5289591.83,EUR,90.5,Rail,29-04-2025,29-04-2025,0,Approved,Delivered,4085259.06
PO002645,14-07-2025,S0193,P0023,WH006,CT00433,International,641,20567.68,13183882.88,235480.98,4.42,582727.62,865455.55,14867547.03,AUD,54,Road,22-07-2025,22-07-2025,0,Pending,Partially Delivered,13183882.88
PO002646,24-01-2026,S0161,P0056,WH009,CT00548,International,136,40207.68,5468244.48,133382.81,15.68,857420.73,741046.55,7200094.57,AED,22.7,Air,19-02-2026,20-02-2026,1,Approved,Partially Delivered,5468244.48
PO002647,12-05-2025,S0144,P0300,WH007,CT00571,International,416,2815.38,1171198.08,44556.67,4.94,57857.19,78876.43,1352488.37,GBP,106,Sea,04-06-2025,05-06-2025,1,Pending,Partially Delivered,1171198.08
PO002648,02-11-2025,S0220,P0201,WH009,CT00436,International,673,89401.1,60166940.3,1904817.62,15.05,9055124.52,7479705.89,78606588.33,CNY,11.6,Rail,07-12-2025,10-12-2025,3,Pending,Delivered,60166940.3
PO002649,11-05-2026,S0167,P0264,WH005,CT00285,International,738,14857.86,10965100.68,55008.48,15.15,1661212.75,1021273.04,13702594.95,USD,83.5,Sea,05-06-2026,05-06-2026,0,Approved,Delivered,10965100.68
PO002650,31-05-2026,S0221,P0081,WH008,CT00430,International,121,28972.25,3505642.25,88696.77,4.82,168971.96,320704.58,4084015.56,EUR,90.5,Road,06-07-2026,14-07-2026,8,Approved,Delivered,3505642.25
PO002651,30-06-2025,S0191,P0116,WH010,CT00496,International,187,77764.28,14541920.36,85963.18,9.89,1438195.92,1029300.6,17095380.06,EUR,90.5,Road,02-07-2025,03-07-2025,1,Approved,Delivered,14541920.36
PO002652,02-03-2025,S0171,P0222,WH007,CT00006,International,657,75245.9,49436556.3,1577874.09,14.14,6990329.06,4388402.19,62393161.64,GBP,106,Sea,22-03-2025,23-03-2025,1,Approved,Cancelled,49436556.3
PO002653,14-03-2026,S0225,P0076,WH005,CT00094,International,196,74936.19,14687493.24,129815.76,4.09,600718.47,837944.73,16255972.2,USD,83.5,Rail,14-04-2026,14-04-2026,0,Approved,Delivered,14687493.24
PO002654,13-07-2025,S0142,P0073,WH009,CT00281,International,968,30934.33,29944431.44,1025122.28,2.82,844432.97,3226255.67,35040242.36,JPY,0.56,Air,07-08-2025,08-08-2025,1,Approved,Delivered,29944431.44
PO002655,23-03-2025,S0230,P0270,WH006,CT00359,International,427,77290.66,33003111.82,306403.7,11.47,3785456.93,3680391.03,40775363.48,EUR,90.5,Sea,01-04-2025,03-04-2025,2,Pending,Partially Delivered,33003111.82
PO002656,04-05-2025,S0206,P0101,WH007,CT00061,International,912,52973.93,48312224.16,1945149.47,9.03,4362593.84,6498326.1,61118293.57,GBP,106,Rail,16-05-2025,16-05-2025,0,Approved,Delivered,48312224.16
PO002657,03-08-2026,S0201,P0062,WH010,CT00226,International,370,64998.15,24049315.5,711992.63,10.96,2635804.98,3073935.24,30471048.35,EUR,90.5,Sea,19-08-2026,21-08-2026,2,Approved,Cancelled,24049315.5
PO002658,21-03-2026,S0199,P0274,WH007,CT00586,International,866,89342.04,77370206.64,1373492.47,9.09,7032951.78,4831084.06,90607734.95,EUR,90.5,Air,17-04-2026,17-04-2026,0,Approved,Cancelled,77370206.64
PO002659,12-05-2025,S0170,P0058,WH010,CT00122,International,810,7908.23,6405666.3,93053.12,12.69,812879.05,769496.46,8081094.93,JPY,0.56,Sea,27-05-2025,27-05-2025,0,Pending,Cancelled,6405666.3
PO002660,08-07-2025,S0139,P0252,WH009,CT00435,International,941,1126.32,1059867.12,19752.18,5.99,63486.04,75669.49,1218774.83,AED,22.7,Air,31-07-2025,31-07-2025,0,Pending,Cancelled,1059867.12
PO002661,18-02-2025,S0178,P0196,WH005,CT00232,International,343,73023.82,25047170.26,220848.79,13.69,3428957.61,2751883.41,31448860.07,JPY,0.56,Road,04-03-2025,04-03-2025,0,Approved,Partially Delivered,25047170.26
PO002662,08-02-2026,S0233,P0081,WH010,CT00485,International,213,26607.08,5667308.04,74864.47,15.52,879566.21,430159.44,7051898.16,AUD,54,Air,02-03-2026,07-03-2026,5,Pending,Delivered,5667308.04
PO002663,24-08-2025,S0161,P0272,WH010,CT00548,International,922,70695.13,65180909.86,2669142.34,16.8,10950392.86,6473735.17,85274180.23,AED,22.7,Rail,14-09-2025,14-09-2025,0,Pending,Partially Delivered,65180909.86
PO002664,26-08-2025,S0188,P0046,WH006,CT00071,International,880,44802.82,39426481.6,1253920.84,2.76,1088170.89,3801378.7,45569952.03,GBP,106,Air,08-09-2025,08-09-2025,0,Approved,Partially Delivered,39426481.6
PO002665,21-06-2026,S0191,P0107,WH008,CT00496,International,878,31497.27,27654603.06,183074.66,5.21,1440804.82,2884000,32162482.54,EUR,90.5,Rail,23-06-2026,23-06-2026,0,Approved,Delivered,27654603.06
PO002666,01-02-2026,S0248,P0113,WH007,CT00508,International,671,59311.24,39797842.04,742819.02,3.89,1548136.06,2987161.07,45075958.19,GBP,106,Road,07-02-2026,07-02-2026,0,Pending,Partially Delivered,39797842.04
PO002667,13-05-2026,S0164,P0269,WH005,CT00266,International,951,78308.9,74471763.9,777106.56,2.2,1638378.81,7362631.23,84249880.5,SGD,62,Air,06-06-2026,07-06-2026,1,Pending,Partially Delivered,74471763.9
PO002668,31-08-2025,S0248,P0237,WH009,CT00591,International,133,27023.71,3594153.43,33799.9,15.11,543076.58,264158.33,4435188.24,GBP,106,Rail,04-09-2025,04-09-2025,0,Approved,Partially Delivered,3594153.43
PO002669,01-11-2025,S0144,P0183,WH008,CT00030,International,49,66039.25,3235923.25,19437.98,10.01,323915.92,186626.39,3765903.54,GBP,106,Rail,20-11-2025,21-11-2025,1,Approved,Cancelled,3235923.25
PO002670,16-05-2025,S0130,P0118,WH006,CT00345,International,905,78562.97,71099487.85,1414349.78,3.96,2815539.72,6328698.5,81658075.85,SGD,62,Rail,04-06-2025,06-06-2025,2,Approved,Cancelled,71099487.85
PO002671,20-09-2025,S0210,P0218,WH006,CT00264,International,390,47301.79,18447698.1,171718.04,8.33,1536693.25,1792330.43,21948439.82,EUR,90.5,Rail,06-10-2025,07-10-2025,1,Pending,Partially Delivered,18447698.1
PO002672,24-01-2025,S0190,P0190,WH007,CT00416,International,171,62852.87,10747840.77,143093.22,4.93,529868.55,897028.22,12317830.76,SGD,62,Road,30-01-2025,30-01-2025,0,Approved,Delivered,10747840.77
PO002673,27-05-2026,S0138,P0070,WH009,CT00283,International,399,75424.94,30094551.06,1283874.55,7.06,2124675.3,2411342.75,35914443.66,AUD,54,Air,18-06-2026,26-06-2026,8,Approved,Delivered,30094551.06
PO002674,06-10-2025,S0176,P0255,WH009,CT00501,International,629,47232.48,29709229.92,535360.01,13.1,3891909.12,3367395.59,37503894.64,GBP,106,Air,24-10-2025,24-10-2025,0,Pending,Partially Delivered,29709229.92
PO002675,27-07-2026,S0134,P0028,WH007,CT00033,International,899,12983.4,11672076.6,464735.54,8.88,1036480.4,1490682.33,14663974.87,GBP,106,Sea,20-08-2026,20-08-2026,0,Pending,Cancelled,11672076.6
PO002676,29-12-2025,S0165,P0005,WH005,CT00303,International,694,33748.7,23421597.8,856649.93,6.74,1578615.69,3005750,28862613.42,USD,83.5,Road,03-02-2026,03-02-2026,0,Approved,Cancelled,23421597.8
PO002677,14-06-2026,S0132,P0149,WH008,CT00447,International,91,50140.35,4562771.85,62062.66,2.64,120457.18,494709.71,5240001.4,JPY,0.56,Air,27-06-2026,27-06-2026,0,Approved,Partially Delivered,4562771.85
PO002678,24-06-2026,S0203,P0279,WH009,CT00454,International,592,79873.85,47285319.2,1776804.98,4.65,2198767.34,4761011.29,56021902.81,JPY,0.56,Sea,03-07-2026,06-07-2026,3,Pending,Delivered,47285319.2
PO002679,23-11-2025,S0193,P0255,WH009,CT00433,International,711,53068.17,37731468.87,1681488.2,12.39,4674928.99,4466480.21,48554366.27,AUD,54,Road,07-12-2025,09-12-2025,2,Approved,Cancelled,37731468.87
PO002680,06-07-2025,S0155,P0254,WH008,CT00526,International,672,71959.73,48356938.56,1731069.3,2.39,1155730.83,4889294.28,56133032.97,AUD,54,Sea,17-07-2025,17-07-2025,0,Approved,Partially Delivered,48356938.56
PO002681,10-02-2026,S0194,P0127,WH006,CT00254,International,986,70499.3,69512309.8,2689418.89,10.87,7555988.08,5193745.6,84951462.37,USD,83.5,Sea,15-02-2026,15-02-2026,0,Approved,Delivered,69512309.8
PO002682,28-11-2025,S0243,P0288,WH006,CT00411,International,448,30986.7,13882041.6,318308.64,5.72,794052.78,925650,15920053.02,CNY,11.6,Road,19-12-2025,21-12-2025,2,Approved,Delivered,13882041.6
PO002683,29-03-2026,S0137,P0265,WH010,CT00533,International,199,30138.13,5997487.87,161177.33,9.41,564363.61,780253.67,7503282.48,CNY,11.6,Road,04-05-2026,05-05-2026,1,Approved,Partially Delivered,5997487.87
PO002684,12-02-2026,S0211,P0270,WH006,CT00395,International,772,64995.65,50176641.8,2181866.27,11.11,5574624.9,4841825.15,62774958.12,AED,22.7,Air,22-02-2026,25-02-2026,3,Approved,Delivered,50176641.8
PO002685,28-07-2025,S0140,P0107,WH005,CT00512,International,296,36405.1,10775909.6,376759.25,2.72,293104.74,1266105.86,12711879.45,JPY,0.56,Sea,23-08-2025,24-08-2025,1,Approved,Delivered,10775909.6
PO002686,08-01-2026,S0185,P0083,WH009,CT00136,International,417,50334.08,20989311.36,736713.11,3.93,824879.94,1834123.78,24385028.19,AED,22.7,Air,28-01-2026,28-01-2026,0,Pending,Cancelled,20989311.36
PO002687,15-07-2025,S0232,P0198,WH005,CT00255,International,835,70582.99,58936796.65,556419.63,17.03,10036936.47,3823573.59,73353726.34,AUD,54,Road,03-08-2025,03-08-2025,0,Approved,Delivered,58936796.65
PO002688,10-03-2025,S0206,P0171,WH010,CT00182,International,608,34971.34,21262574.72,259055.62,14.53,3089452.11,1840719.56,26451802.01,GBP,106,Sea,28-03-2025,29-03-2025,1,Approved,Delivered,21262574.72
PO002689,14-03-2026,S0138,P0250,WH007,CT00351,International,218,56262.95,12265323.1,305193.35,14.46,1773565.72,968082.42,15312164.59,AUD,54,Sea,13-04-2026,13-04-2026,0,Approved,Partially Delivered,12265323.1
PO002690,25-01-2026,S0212,P0035,WH006,CT00522,International,263,56883.36,14960323.68,106965.59,13.07,1955314.3,1204380.04,18226983.61,AUD,54,Rail,13-02-2026,25-02-2026,12,Approved,Partially Delivered,14960323.68
PO002691,30-06-2025,S0161,P0119,WH006,CT00548,International,96,2582.94,247962.24,10537.25,9.75,24176.32,17052.08,299727.89,AED,22.7,Sea,28-07-2025,30-07-2025,2,Approved,Delivered,247962.24
PO002692,04-07-2025,S0225,P0116,WH006,CT00173,International,270,80047.81,21612908.7,523533.63,2.6,561935.63,2035891.07,24734269.03,USD,83.5,Sea,01-08-2025,02-08-2025,1,Approved,Delivered,21612908.7
PO002693,18-02-2025,S0207,P0137,WH008,CT00301,International,620,16812.24,10423588.8,106229.84,3.08,321046.54,1132583.21,11983448.39,EUR,90.5,Rail,15-03-2025,15-03-2025,0,Approved,Partially Delivered,10423588.8
PO002694,26-03-2026,S0155,P0058,WH007,CT00526,International,932,8161.4,7606424.8,152010.86,11.03,838988.66,538599.74,9136024.06,AUD,54,Rail,10-04-2026,11-04-2026,1,Approved,Partially Delivered,7606424.8
PO002695,26-02-2025,S0160,P0227,WH008,CT00338,International,852,25781.9,21966178.8,767033.12,4.16,913793.04,1266094.12,24913099.08,CNY,11.6,Rail,02-03-2025,04-03-2025,2,Approved,Cancelled,21966178.8
PO002696,31-07-2026,S0189,P0082,WH006,CT00463,International,699,59945.47,41901883.53,1393701.47,10.57,4429029.09,4520668.75,52245282.84,EUR,90.5,Rail,18-08-2026,19-08-2026,1,Approved,Partially Delivered,41901883.53
PO002697,13-02-2025,S0243,P0167,WH006,CT00411,International,945,17559.58,16593803.1,98464.32,12.95,2148897.5,1613574.62,20454739.54,CNY,11.6,Road,09-03-2025,09-03-2025,0,Approved,Delivered,16593803.1
PO002698,16-04-2026,S0213,P0229,WH010,CT00499,International,681,7070.85,4815248.85,202804.43,15.13,728547.15,335697.42,6082297.85,AED,22.7,Air,26-04-2026,26-04-2026,0,Approved,Cancelled,4815248.85
PO002699,28-06-2026,S0150,P0131,WH005,CT00018,International,962,26060.43,25070133.66,600803.02,12.15,3046021.24,2021365.73,30738323.65,SGD,62,Road,23-07-2026,23-07-2026,0,Approved,Cancelled,25070133.66
PO002700,21-05-2025,S0168,P0181,WH010,CT00374,International,788,3228.22,2543837.36,82196.95,3.25,82674.71,312705.24,3021414.26,EUR,90.5,Sea,07-06-2025,07-06-2025,0,Pending,Partially Delivered,2543837.36
PO002701,17-05-2026,S0187,P0287,WH005,CT00068,International,470,73327.62,34463981.4,571487.81,9.57,3298203.02,2401422.66,40735094.89,AED,22.7,Sea,02-06-2026,02-06-2026,0,Approved,Cancelled,34463981.4
PO002702,12-02-2025,S0183,P0043,WH006,CT00546,International,417,21473.92,8954624.64,178717.34,13.76,1232156.35,934412.32,11299910.65,USD,83.5,Road,05-03-2025,06-03-2025,1,Pending,Delivered,8954624.64
PO002703,18-01-2025,S0242,P0084,WH007,CT00049,International,667,37441.22,24973293.74,459407.96,3.38,844097.33,2288254.15,28565053.18,EUR,90.5,Road,14-02-2025,14-02-2025,0,Pending,Partially Delivered,24973293.74
PO002704,28-08-2025,S0170,P0045,WH005,CT00122,International,143,51570.07,7374520.01,56113.7,13.7,1010309.24,672520.24,9113463.19,JPY,0.56,Road,15-09-2025,18-09-2025,3,Approved,Partially Delivered,7374520.01
PO002705,21-02-2025,S0233,P0081,WH006,CT00178,International,12,29866.97,358403.64,8022.48,10.38,37202.3,44512.39,448140.81,AUD,54,Air,10-03-2025,10-03-2025,0,Approved,Delivered,358403.64
PO002706,29-12-2025,S0224,P0173,WH005,CT00357,International,18,33683.84,606309.12,20558.49,10.35,62752.99,41904.9,731525.5,AUD,54,Sea,12-01-2026,24-01-2026,12,Approved,Partially Delivered,606309.12
PO002707,10-05-2025,S0146,P0269,WH007,CT00560,International,491,85717.19,42087140.29,1086774.37,12.15,5113587.55,3892972.79,52180475,EUR,90.5,Rail,12-06-2025,17-06-2025,5,Approved,Delivered,42087140.29
PO002708,18-02-2025,S0126,P0227,WH006,CT00452,International,88,25770.42,2267796.96,51663.24,10.29,233356.31,302645.37,2855461.88,EUR,90.5,Road,21-02-2025,24-02-2025,3,Approved,Cancelled,2267796.96
PO002709,12-07-2026,S0249,P0073,WH010,CT00280,International,472,30081.22,14198335.84,494931.72,17.14,2433594.76,1719081.59,18845943.91,GBP,106,Rail,28-07-2026,28-07-2026,0,Approved,Partially Delivered,14198335.84
PO002710,01-01-2025,S0156,P0159,WH006,CT00181,International,415,30845.14,12800733.1,390709.33,15.06,1927790.4,803307.87,15922540.7,CNY,11.6,Road,09-01-2025,09-01-2025,0,Pending,Partially Delivered,12800733.1
PO002711,14-09-2025,S0210,P0214,WH009,CT00264,International,22,27305.88,600729.36,20863.46,7.53,45234.92,54169.03,720996.77,EUR,90.5,Air,28-09-2025,28-09-2025,0,Pending,Delivered,600729.36
PO002712,13-08-2025,S0215,P0153,WH010,CT00365,International,97,30528.35,2961249.95,74778.51,5.46,161684.25,228842.56,3426555.27,AED,22.7,Air,19-08-2025,20-08-2025,1,Approved,Delivered,2961249.95
PO002713,03-05-2026,S0242,P0250,WH006,CT00049,International,575,54488.33,31330789.75,383328.64,6.46,2023969.02,3365347.99,37103435.4,EUR,90.5,Sea,28-05-2026,28-05-2026,0,Approved,Partially Delivered,31330789.75
PO002714,06-03-2026,S0236,P0202,WH006,CT00172,International,700,32021.45,22415015,614321.92,4.21,943672.13,2629085.21,26602094.26,EUR,90.5,Sea,22-03-2026,22-03-2026,0,Approved,Partially Delivered,22415015
PO002715,26-07-2026,S0198,P0294,WH008,CT00567,International,632,48186.04,30453577.28,410305.1,11.5,3502161.39,3736718.55,38102762.32,EUR,90.5,Air,22-08-2026,23-08-2026,1,Approved,Partially Delivered,30453577.28
PO002716,07-05-2025,S0232,P0055,WH005,CT00255,International,100,33641.73,3364173,131037.79,7.63,256686.4,426042.71,4177939.9,AUD,54,Road,30-05-2025,31-05-2025,1,Approved,Cancelled,3364173
PO002717,07-03-2025,S0134,P0126,WH005,CT00418,International,586,58143.72,34072219.92,1257733.41,2.58,879063.27,4078522.38,40287538.98,GBP,106,Rail,06-04-2025,07-04-2025,1,Approved,Delivered,34072219.92
PO002718,12-05-2026,S0168,P0298,WH008,CT00374,International,901,15342.29,13823403.29,272364.82,17.45,2412183.87,1803197.99,18311149.97,EUR,90.5,Rail,27-05-2026,27-05-2026,0,Pending,Delivered,13823403.29
PO002719,24-08-2025,S0133,P0094,WH009,CT00273,International,452,28510.47,12886732.44,555422.5,7.34,945886.16,963328.59,15351369.69,EUR,90.5,Sea,20-09-2025,25-09-2025,5,Approved,Delivered,12886732.44
PO002720,19-03-2026,S0246,P0271,WH005,CT00331,International,804,14542.28,11691993.12,504182.19,15.35,1794720.94,1484412.58,15475308.83,USD,83.5,Sea,15-04-2026,20-04-2026,5,Approved,Cancelled,11691993.12
PO002721,28-01-2025,S0235,P0051,WH009,CT00167,International,118,5858.28,691277.04,4973.78,15.03,103898.94,64276.45,864426.21,CNY,11.6,Rail,16-02-2025,18-02-2025,2,Approved,Partially Delivered,691277.04
PO002722,02-01-2025,S0154,P0210,WH009,CT00251,International,568,79153.25,44959046,1330649.73,6.61,2971792.94,5412072.38,54673561.05,AUD,54,Rail,07-02-2025,08-02-2025,1,Pending,Cancelled,44959046
PO002723,28-03-2026,S0182,P0202,WH010,CT00260,International,69,32506.3,2242934.7,39395.53,16.46,369187.05,181856.5,2833373.78,JPY,0.56,Rail,15-04-2026,18-04-2026,3,Pending,Cancelled,2242934.7
PO002724,05-11-2025,S0164,P0292,WH007,CT00580,International,269,62011.88,16681195.72,591636.49,8.95,1492967.02,1875999.79,20641799.02,SGD,62,Road,29-11-2025,29-11-2025,0,Approved,Cancelled,16681195.72
PO002725,25-08-2025,S0162,P0058,WH009,CT00062,International,502,7056.43,3542327.86,76185.89,13.78,488132.78,321502.27,4428148.8,CNY,11.6,Sea,04-09-2025,12-09-2025,8,Pending,Cancelled,3542327.86
PO002726,05-09-2025,S0182,P0176,WH007,CT00115,International,787,31507.74,24796591.38,368678.79,8.91,2209376.29,3126307.87,30500954.33,JPY,0.56,Rail,28-09-2025,28-09-2025,0,Approved,Partially Delivered,24796591.38
PO002727,05-02-2025,S0214,P0268,WH006,CT00528,International,249,23008.66,5729156.34,78570.84,5.16,295624.47,318156.68,6421508.33,EUR,90.5,Air,23-02-2025,07-03-2025,12,Approved,Delivered,5729156.34
PO002728,04-08-2025,S0240,P0276,WH008,CT00047,International,945,77405.27,73147980.15,1087607.92,10.74,7856093.07,4789132.47,86880813.61,JPY,0.56,Road,05-09-2025,08-09-2025,3,Approved,Cancelled,73147980.15
PO002729,24-06-2026,S0191,P0246,WH008,CT00496,International,89,67776.72,6032128.08,105432.83,5.89,355292.34,577107.86,7069961.11,EUR,90.5,Road,02-07-2026,02-07-2026,0,Approved,Delivered,6032128.08
PO002730,29-07-2026,S0181,P0003,WH010,CT00099,International,924,72054.81,66578644.44,1709129.63,7.38,4913503.96,5845038.4,79046316.43,AED,22.7,Road,07-08-2026,15-08-2026,8,Approved,Delivered,66578644.44
PO002731,25-05-2025,S0193,P0172,WH008,CT00038,International,651,407.64,265373.64,7591.27,3.83,10163.81,17522.16,300650.88,AUD,54,Road,02-06-2025,02-06-2025,0,Pending,Delivered,265373.64
PO002732,13-06-2025,S0146,P0295,WH007,CT00245,International,176,62002.53,10912445.28,194926.62,3.02,329555.85,1002518.12,12439445.87,EUR,90.5,Rail,13-07-2025,15-07-2025,2,Pending,Partially Delivered,10912445.28
PO002733,16-03-2025,S0153,P0125,WH005,CT00299,International,876,11405.38,9991112.88,303694.29,17.92,1790407.43,771956.61,12857171.21,EUR,90.5,Road,17-04-2025,19-04-2025,2,Pending,Cancelled,9991112.88
PO002734,28-08-2025,S0238,P0116,WH009,CT00517,International,584,76568.4,44715945.6,851266.34,14.06,6287061.95,3144543.87,54998817.76,CNY,11.6,Air,20-09-2025,20-09-2025,0,Approved,Delivered,44715945.6
PO002735,27-05-2025,S0240,P0036,WH010,CT00047,International,858,88029.62,75529413.96,1594947,9.99,7545388.45,5291575.51,89961324.92,JPY,0.56,Air,28-06-2025,28-06-2025,0,Pending,Cancelled,75529413.96
PO002736,17-02-2025,S0134,P0205,WH007,CT00033,International,937,24301.18,22770205.66,728151.09,7,1593914.4,2601311.27,27693582.42,GBP,106,Rail,11-03-2025,12-03-2025,1,Approved,Cancelled,22770205.66
PO002737,28-05-2026,S0207,P0260,WH010,CT00301,International,901,31037.26,27964571.26,204780.02,16.98,4748384.2,3557566.93,36475302.41,EUR,90.5,Road,18-06-2026,20-06-2026,2,Approved,Partially Delivered,27964571.26
PO002738,31-03-2025,S0197,P0045,WH008,CT00457,International,552,51373.19,28358000.88,1263932.8,7.89,2237446.27,1842533.1,33701913.05,AUD,54,Air,16-04-2025,16-04-2025,0,Approved,Delivered,28358000.88
PO002739,09-06-2025,S0206,P0044,WH007,CT00061,International,899,56093.24,50427822.76,1455274.08,16.65,8396232.49,5556340.5,65835669.83,GBP,106,Rail,28-06-2025,29-06-2025,1,Approved,Delivered,50427822.76
PO002740,22-05-2025,S0134,P0019,WH009,CT00418,International,994,41834.58,41583572.52,344314.88,15.1,6279119.45,2779778.43,50986785.28,GBP,106,Road,14-06-2025,19-06-2025,5,Approved,Delivered,41583572.52
PO002741,07-11-2025,S0131,P0089,WH010,CT00401,International,639,33227.82,21232576.98,475929.61,3.65,774989.06,1290323.85,23773819.5,GBP,106,Air,07-12-2025,07-12-2025,0,Approved,Partially Delivered,21232576.98
PO002742,07-03-2025,S0186,P0223,WH007,CT00113,International,754,2409.88,1817049.52,67327.24,5.28,95940.21,199411.28,2179728.25,EUR,90.5,Road,31-03-2025,01-04-2025,1,Approved,Delivered,1817049.52
PO002743,20-06-2025,S0185,P0033,WH005,CT00136,International,972,44977.91,43718528.52,561071.41,7.68,3357582.99,2869352.71,50506535.63,AED,22.7,Rail,07-07-2025,07-07-2025,0,Pending,Cancelled,43718528.52
PO002744,06-11-2025,S0229,P0094,WH008,CT00488,International,724,26518.49,19199386.76,438518.8,7.11,1365076.4,1548822.05,22551804.01,EUR,90.5,Sea,24-11-2025,27-11-2025,3,Approved,Cancelled,19199386.76
PO002745,06-03-2025,S0178,P0039,WH005,CT00592,International,148,15188.04,2247829.92,29597.42,8.41,189042.5,277813.49,2744283.33,JPY,0.56,Road,20-03-2025,22-03-2025,2,Approved,Delivered,2247829.92
PO002746,17-11-2025,S0185,P0057,WH010,CT00136,International,75,39164.31,2937323.25,111522.84,8.24,242035.44,165432.75,3456314.28,AED,22.7,Rail,07-12-2025,08-12-2025,1,Pending,Delivered,2937323.25
PO002747,04-03-2025,S0221,P0178,WH006,CT00244,International,118,25253.53,2979916.54,98180.22,16.33,486620.37,253152.92,3817870.05,EUR,90.5,Road,05-04-2025,05-04-2025,0,Approved,Delivered,2979916.54
PO002748,06-06-2025,S0216,P0245,WH006,CT00381,International,743,51672.52,38392682.36,1278867.37,16.24,6234971.62,2977618.59,48884139.94,SGD,62,Road,03-07-2025,03-07-2025,0,Approved,Delivered,38392682.36
PO002749,07-05-2026,S0241,P0249,WH007,CT00541,International,995,11977.27,11917383.65,227393.19,8.28,986759.37,1426933.73,14558469.94,CNY,11.6,Sea,20-05-2026,21-05-2026,1,Approved,Delivered,11917383.65
PO002750,19-04-2025,S0158,P0252,WH005,CT00015,International,145,1175.94,170511.3,2537.43,12.11,20648.92,17291.66,210989.31,EUR,90.5,Rail,13-05-2025,14-05-2025,1,Pending,Cancelled,170511.3
PO002751,23-05-2026,S0183,P0024,WH010,CT00546,International,802,27520.37,22071336.74,471173.95,17.38,3835998.33,2071342.36,28449851.38,USD,83.5,Rail,06-06-2026,06-06-2026,0,Approved,Cancelled,22071336.74
PO002752,15-07-2025,S0209,P0118,WH008,CT00464,International,964,73678.69,71026257.16,3073855.67,8.56,6079847.61,6217415.09,86397375.53,CNY,11.6,Road,09-08-2025,09-08-2025,0,Pending,Cancelled,71026257.16
PO002753,23-07-2026,S0232,P0052,WH010,CT00255,International,146,17145.06,2503178.76,99079.61,17.56,439558.19,242943.06,3284759.62,AUD,54,Rail,13-08-2026,13-08-2026,0,Approved,Partially Delivered,2503178.76
PO002754,02-07-2026,S0250,P0009,WH005,CT00442,International,705,47035.24,33159844.2,1304629.24,6.36,2108966.09,2675402.89,39248842.42,EUR,90.5,Road,20-07-2026,22-07-2026,2,Approved,Partially Delivered,33159844.2
PO002755,01-07-2026,S0165,P0130,WH010,CT00303,International,641,28678.98,18383226.18,805346.6,7.28,1338298.87,1900827.4,22427699.05,USD,83.5,Road,01-08-2026,02-08-2026,1,Approved,Cancelled,18383226.18
PO002756,21-05-2025,S0177,P0010,WH005,CT00208,International,146,8513.51,1242972.46,6788.59,13.01,161710.72,120972.15,1532443.92,EUR,90.5,Sea,31-05-2025,31-05-2025,0,Approved,Delivered,1242972.46
PO002757,12-04-2026,S0235,P0282,WH005,CT00167,International,594,46036.85,27345888.9,237537.27,11.65,3185796.06,2276416.14,33045638.37,CNY,11.6,Rail,12-05-2026,17-05-2026,5,Approved,Delivered,27345888.9
PO002758,02-05-2025,S0136,P0042,WH008,CT00028,International,819,73854.53,60486860.07,1570694.07,14.26,8625426.25,5092987.59,75775967.98,EUR,90.5,Sea,01-06-2025,04-06-2025,3,Approved,Partially Delivered,60486860.07
PO002759,16-05-2025,S0195,P0160,WH005,CT00161,International,158,46923.41,7413898.78,186054.92,11.31,838511.95,554702.09,8993167.74,AUD,54,Rail,11-06-2025,11-06-2025,0,Approved,Partially Delivered,7413898.78
PO002760,30-03-2025,S0154,P0167,WH009,CT00474,International,357,17026.89,6078599.73,189907.84,8.43,512425.96,752622.31,7533555.84,AUD,54,Road,06-05-2025,06-05-2025,0,Approved,Cancelled,6078599.73
PO002761,28-09-2025,S0160,P0060,WH006,CT00503,International,333,5189.42,1728076.86,47527.91,11.16,192853.38,188967.1,2157425.25,CNY,11.6,Air,09-10-2025,09-10-2025,0,Approved,Delivered,1728076.86
PO002762,27-02-2025,S0151,P0149,WH007,CT00334,International,143,48722.83,6967364.69,110768.22,4.66,324679.19,489468.34,7892280.44,USD,83.5,Air,19-03-2025,19-03-2025,0,Approved,Delivered,6967364.69
PO002763,01-05-2025,S0148,P0066,WH009,CT00353,International,278,42245.74,11744315.72,510845.16,17.05,2002405.83,1210237.76,15467804.47,AED,22.7,Air,19-05-2025,24-05-2025,5,Approved,Delivered,11744315.72
PO002764,12-02-2026,S0165,P0291,WH009,CT00303,International,780,74583.73,58175309.4,1508458.29,16.49,9593108.52,7491500.03,76768376.24,USD,83.5,Sea,10-03-2026,13-03-2026,3,Approved,Delivered,58175309.4
PO002765,01-01-2026,S0240,P0291,WH009,CT00047,International,769,80183.59,61661180.71,1870255.75,8.85,5457014.49,4334129.36,73322580.31,JPY,0.56,Road,02-02-2026,02-02-2026,0,Approved,Delivered,61661180.71
PO002766,03-03-2025,S0221,P0009,WH007,CT00430,International,785,42721.74,33536565.9,1430629.57,13.1,4393290.13,3688307.8,43048793.4,EUR,90.5,Rail,08-04-2025,08-04-2025,0,Approved,Delivered,33536565.9
PO002767,08-07-2025,S0249,P0280,WH007,CT00280,International,712,36402.49,25918572.88,900198.38,17.73,4595362.97,2814567.05,34228701.28,GBP,106,Sea,22-07-2025,22-07-2025,0,Approved,Partially Delivered,25918572.88
PO002768,20-06-2025,S0244,P0230,WH008,CT00414,International,847,58947.49,49928524.03,676172.74,14.25,7114814.67,5976002.32,63695513.76,EUR,90.5,Air,09-07-2025,09-07-2025,0,Pending,Delivered,49928524.03
PO002769,04-12-2025,S0166,P0116,WH010,CT00340,International,507,79195.09,40151910.63,1315330.75,17.91,7191207.19,2929169.38,51587617.95,EUR,90.5,Road,12-12-2025,13-12-2025,1,Approved,Delivered,40151910.63
PO002770,07-07-2026,S0226,P0245,WH006,CT00335,International,618,47542.7,29381388.6,171052.4,6.24,1833398.65,1621764.91,33007604.56,SGD,62,Air,01-08-2026,04-08-2026,3,Pending,Cancelled,29381388.6
PO002771,27-04-2026,S0202,P0230,WH005,CT00348,International,977,56489.23,55189977.71,1198029.22,16.99,9376777.21,5271655.59,71036439.73,AUD,54,Sea,30-04-2026,30-04-2026,0,Approved,Partially Delivered,55189977.71
PO002772,08-06-2026,S0184,P0294,WH009,CT00451,International,321,46325.53,14870495.13,233607.09,10.73,1595604.13,886866.21,17586572.56,USD,83.5,Rail,02-07-2026,10-07-2026,8,Pending,Partially Delivered,14870495.13
PO002773,15-04-2026,S0207,P0060,WH007,CT00230,International,280,4831.85,1352918,10332.04,7.68,103904.1,108708.59,1575862.73,EUR,90.5,Rail,08-05-2026,08-05-2026,0,Pending,Cancelled,1352918
PO002774,13-09-2025,S0154,P0104,WH006,CT00251,International,862,26225.38,22606277.56,491269.87,9.51,2149857,2305615.44,27553019.87,AUD,54,Rail,11-10-2025,12-10-2025,1,Approved,Cancelled,22606277.56
PO002775,04-10-2025,S0163,P0150,WH009,CT00270,International,739,60568.77,44760321.03,1946144.37,15.01,6718524.19,3449611.76,56874601.35,JPY,0.56,Sea,06-11-2025,09-11-2025,3,Approved,Delivered,44760321.03
PO002776,27-03-2025,S0246,P0035,WH009,CT00237,International,921,55086.2,50734390.2,692615.54,2.38,1207478.49,5702941.34,58337425.57,USD,83.5,Rail,18-04-2025,18-04-2025,0,Approved,Cancelled,50734390.2
PO002777,05-03-2025,S0140,P0111,WH009,CT00363,International,932,13360.86,12452321.52,361210.27,7.9,983733.4,1036546.54,14833811.73,JPY,0.56,Air,31-03-2025,01-04-2025,1,Pending,Delivered,12452321.52
PO002778,16-12-2025,S0240,P0144,WH005,CT00047,International,889,42683.74,37945844.86,831569.57,2.28,865165.26,4621117.91,44263697.6,JPY,0.56,Road,18-01-2026,20-01-2026,2,Approved,Cancelled,37945844.86
PO002779,05-10-2025,S0196,P0251,WH006,CT00475,International,354,38674.72,13690850.88,581143.26,9.08,1243129.26,961173.13,16476296.53,EUR,90.5,Sea,20-10-2025,20-10-2025,0,Approved,Cancelled,13690850.88
PO002780,25-04-2026,S0137,P0093,WH008,CT00533,International,661,42795.74,28287984.14,877950.51,15.26,4316746.38,1681078.42,35163759.45,CNY,11.6,Road,01-06-2026,01-06-2026,0,Pending,Cancelled,28287984.14
PO002781,07-09-2025,S0245,P0209,WH010,CT00045,International,548,84205.38,46144548.24,347068.72,10.9,5029755.76,5136983.62,56658356.34,JPY,0.56,Air,23-09-2025,23-09-2025,0,Approved,Partially Delivered,46144548.24
PO002782,06-06-2026,S0172,P0063,WH008,CT00540,International,460,32975.08,15168536.8,667229.14,17.99,2728819.77,1267897.28,19832482.99,AUD,54,Road,27-06-2026,27-06-2026,0,Pending,Delivered,15168536.8
PO002783,11-06-2025,S0246,P0085,WH005,CT00237,International,664,66384.29,44079168.56,1430187.91,2.93,1291519.64,3325200.42,50126076.53,USD,83.5,Rail,03-07-2025,03-07-2025,0,Approved,Delivered,44079168.56
PO002784,22-03-2025,S0182,P0116,WH010,CT00260,International,361,72016.3,25997884.3,1058966,12.83,3335528.56,1538933.35,31931312.21,JPY,0.56,Rail,11-04-2025,12-04-2025,1,Approved,Cancelled,25997884.3
PO002785,30-05-2026,S0237,P0292,WH008,CT00036,International,63,66957.27,4218308.01,134677.25,17.89,754655.3,466219.7,5573860.26,USD,83.5,Sea,25-06-2026,25-06-2026,0,Approved,Delivered,4218308.01
PO002786,05-05-2026,S0164,P0241,WH010,CT00266,International,514,26223.35,13478801.9,150288.3,9.06,1221179.45,1450222.12,16300491.77,SGD,62,Road,20-05-2026,21-05-2026,1,Approved,Cancelled,13478801.9
PO002787,18-10-2025,S0130,P0183,WH010,CT00257,International,527,63941.22,33697022.94,570322.52,8.62,2904683.38,3537632.36,40709661.2,SGD,62,Road,05-11-2025,10-11-2025,5,Approved,Partially Delivered,33697022.94
PO002788,16-07-2025,S0203,P0095,WH005,CT00405,International,413,27532.26,11370823.38,351209.53,16.75,1904612.92,756068.71,14382714.54,JPY,0.56,Air,01-08-2025,01-08-2025,0,Pending,Cancelled,11370823.38
PO002789,14-04-2025,S0211,P0043,WH006,CT00395,International,935,21599.85,20195859.75,772503.94,13,2625461.77,2393339.85,25987165.31,AED,22.7,Air,26-04-2025,26-04-2025,0,Approved,Partially Delivered,20195859.75
PO002790,18-12-2025,S0223,P0120,WH007,No Contract,International,455,81668.04,37158958.2,1284045.77,16.72,6212977.81,5124019.76,49780001.54,AED,22.7,Sea,27-12-2025,27-12-2025,0,Approved,Delivered,37158958.2
PO002791,23-11-2025,S0158,P0001,WH005,CT00015,International,812,46973.34,38142352.08,1360038.52,9.41,3589195.33,3737961.09,46829547.02,EUR,90.5,Air,15-12-2025,15-12-2025,0,Approved,Cancelled,38142352.08
PO002792,20-01-2026,S0187,P0271,WH009,CT00393,International,207,13485.39,2791475.73,56642.66,12.03,335814.53,325546.83,3509479.75,AED,22.7,Air,04-02-2026,04-02-2026,0,Approved,Partially Delivered,2791475.73
PO002793,20-02-2025,S0244,P0264,WH008,CT00566,International,620,12983.69,8049887.8,139897.82,6.81,548197.36,869066.76,9607049.74,EUR,90.5,Road,14-03-2025,19-03-2025,5,Pending,Cancelled,8049887.8
PO002794,09-12-2025,S0240,P0257,WH007,CT00047,International,310,57894.84,17947400.4,236594.43,16.21,2909273.6,1445478.09,22538746.52,JPY,0.56,Air,16-01-2026,17-01-2026,1,Approved,Delivered,17947400.4
PO002795,09-12-2025,S0146,P0292,WH009,CT00560,International,711,65673.63,46693950.93,617712.35,15.66,7312272.72,4977864.6,59601800.6,EUR,90.5,Air,10-01-2026,10-01-2026,0,Approved,Delivered,46693950.93
PO002796,12-02-2025,S0205,P0219,WH005,CT00491,International,542,75541.53,40943509.26,742555.68,14.5,5936808.84,4439993.16,52062866.94,AED,22.7,Air,08-03-2025,08-03-2025,0,Approved,Delivered,40943509.26
PO002797,30-03-2025,S0241,P0078,WH010,CT00008,International,767,52771.59,40475809.53,877332.78,6.36,2574261.49,4778966.88,48706370.68,CNY,11.6,Road,12-04-2025,14-04-2025,2,Approved,Delivered,40475809.53
PO002798,18-04-2025,S0200,P0117,WH008,CT00192,International,622,54947.04,34177058.88,598122.56,14.3,4887319.42,3237565.9,42900066.76,EUR,90.5,Air,06-05-2025,07-05-2025,1,Approved,Cancelled,34177058.88
PO002799,01-08-2025,S0154,P0022,WH006,CT00251,International,267,64838.58,17311900.86,164270.7,7.17,1241263.29,1106217.71,19823652.56,AUD,54,Road,02-09-2025,02-09-2025,0,Approved,Delivered,17311900.86
PO002800,23-05-2026,S0188,P0026,WH010,CT00071,International,448,71659.9,32103635.2,1286313.72,17.96,5765812.88,2654966.4,41810728.2,GBP,106,Road,13-06-2026,16-06-2026,3,Approved,Delivered,32103635.2
PO002801,05-06-2025,S0223,P0044,WH008,No Contract,International,96,48842.2,4688851.2,173826.91,10.63,498424.88,334676.25,5695779.24,AED,22.7,Sea,09-06-2025,09-06-2025,0,Approved,Partially Delivered,4688851.2
PO002802,11-06-2026,S0173,P0149,WH008,CT00246,International,380,47907.25,18204755,745155.15,10.86,1977036.39,1581127.42,22508073.96,AUD,54,Air,14-06-2026,15-06-2026,1,Approved,Cancelled,18204755
PO002803,03-08-2026,S0162,P0032,WH009,CT00062,International,800,18951.9,15161520,266963.76,13.54,2052869.81,1229318.48,18710672.05,CNY,11.6,Air,13-08-2026,21-08-2026,8,Approved,Cancelled,15161520
PO002804,09-12-2025,S0245,P0180,WH007,CT00045,International,827,33289.46,27530383.42,1099063.14,17.74,4883890.02,3756437.18,37269773.76,JPY,0.56,Rail,23-12-2025,25-12-2025,2,Approved,Delivered,27530383.42
PO002805,12-12-2025,S0176,P0100,WH009,CT00501,International,513,707.59,362993.67,13133.81,5.57,20218.75,33346.32,429692.55,GBP,106,Rail,29-12-2025,30-12-2025,1,Approved,Delivered,362993.67
PO002806,23-03-2026,S0233,P0165,WH008,CT00171,International,939,51925.92,48758438.88,545394.32,5.68,2769479.33,5957114.14,58030426.67,AUD,54,Sea,08-04-2026,10-04-2026,2,Pending,Delivered,48758438.88
PO002807,09-04-2025,S0200,P0252,WH010,CT00516,International,623,1077.08,671020.84,23388.25,15.78,105887.09,77899.75,878195.93,EUR,90.5,Rail,02-05-2025,02-05-2025,0,Approved,Partially Delivered,671020.84
PO002808,29-07-2025,S0175,P0184,WH007,CT00248,International,745,72557.44,54055292.8,2391872.29,5.37,2902769.22,3185788.02,62535722.33,CNY,11.6,Sea,09-08-2025,09-08-2025,0,Approved,Delivered,54055292.8
PO002809,06-01-2026,S0192,P0054,WH005,CT00388,International,287,42990.27,12338207.49,208356.2,17.29,2133276.08,1084083.43,15763923.2,JPY,0.56,Road,08-02-2026,08-02-2026,0,Approved,Delivered,12338207.49
PO002810,12-08-2025,S0226,P0179,WH006,CT00335,International,671,6740.05,4522573.55,53259.88,4.38,198088.72,244734.49,5018656.64,SGD,62,Rail,08-09-2025,09-09-2025,1,Approved,Partially Delivered,4522573.55
PO002811,25-06-2026,S0147,P0263,WH006,CT00050,International,405,80182.65,32473973.25,391435.87,3.46,1123599.47,2150034.35,36139042.94,EUR,90.5,Road,10-07-2026,10-07-2026,0,Pending,Delivered,32473973.25
PO002812,26-02-2025,S0225,P0275,WH009,CT00094,International,406,38466.99,15617597.94,420236.58,9.7,1514907,892878.01,18445619.53,USD,83.5,Air,31-03-2025,02-04-2025,2,Approved,Partially Delivered,15617597.94
PO002813,27-04-2026,S0183,P0287,WH006,CT00546,International,273,69980.22,19104600.06,393736.4,12.18,2326940.29,1218912.48,23044189.23,USD,83.5,Sea,14-05-2026,19-05-2026,5,Approved,Partially Delivered,19104600.06
PO002814,30-03-2025,S0139,P0278,WH010,CT00435,International,689,18176.28,12523456.92,485883.93,17.09,2140258.79,1429721.74,16579321.38,AED,22.7,Sea,27-04-2025,29-04-2025,2,Approved,Delivered,12523456.92
PO002815,27-12-2025,S0144,P0102,WH007,CT00571,International,271,50204.85,13605514.35,243325.41,16.38,2228583.25,1413656.46,17491079.47,GBP,106,Rail,10-01-2026,11-01-2026,1,Approved,Cancelled,13605514.35
PO002816,08-04-2025,S0241,P0108,WH006,CT00541,International,559,44004.15,24598319.85,454237.37,5.17,1271733.14,1334336.74,27658627.1,CNY,11.6,Rail,21-04-2025,21-04-2025,0,Approved,Cancelled,24598319.85
PO002817,14-03-2026,S0137,P0094,WH006,CT00240,International,850,26182.04,22254734,672305.28,4.59,1021492.29,1406128.56,25354660.13,CNY,11.6,Road,15-04-2026,15-04-2026,0,Pending,Cancelled,22254734
PO002818,29-04-2026,S0240,P0083,WH010,CT00047,International,890,59576.65,53023218.5,2349028.24,16.3,8642784.62,6115298.2,70130329.56,JPY,0.56,Road,01-06-2026,01-06-2026,0,Approved,Delivered,53023218.5
PO002819,03-01-2025,S0190,P0153,WH007,CT00218,International,313,31093.06,9732127.78,227460.87,8.18,796088.05,1156240.07,11911916.77,SGD,62,Rail,08-01-2025,08-01-2025,0,Pending,Delivered,9732127.78
PO002820,04-09-2025,S0155,P0175,WH010,CT00526,International,60,6950.01,417000.6,4579.51,16.94,70639.9,44165.19,536385.2,AUD,54,Road,11-09-2025,11-09-2025,0,Pending,Partially Delivered,417000.6
PO002821,28-05-2026,S0144,P0090,WH006,CT00030,International,345,77473.43,26728333.35,1137304.7,2.72,727010.67,2854389.78,31447038.5,GBP,106,Sea,19-06-2026,19-06-2026,0,Approved,Partially Delivered,26728333.35
PO002822,18-07-2026,S0130,P0198,WH009,CT00257,International,735,65524.02,48160154.7,1379686.69,17.78,8562875.51,3186968.99,61289685.89,SGD,62,Rail,01-08-2026,01-08-2026,0,Approved,Partially Delivered,48160154.7
PO002823,12-06-2026,S0155,P0103,WH010,CT00437,International,319,23967.32,7645575.08,109671.49,8.68,663635.92,914060,9332942.49,AUD,54,Air,25-06-2026,25-06-2026,0,Approved,Delivered,7645575.08
PO002824,16-09-2025,S0248,P0243,WH007,CT00591,International,28,794.94,22258.32,765.76,16.65,3706.01,2504.05,29234.14,GBP,106,Sea,24-09-2025,25-09-2025,1,Pending,Partially Delivered,22258.32
PO002825,09-07-2026,S0147,P0052,WH008,CT00050,International,89,18492.88,1645866.32,72688.43,16.21,266794.93,232671.7,2218021.38,EUR,90.5,Rail,27-07-2026,27-07-2026,0,Approved,Cancelled,1645866.32
PO002826,08-06-2026,S0238,P0093,WH010,CT00073,International,95,42944.03,4079682.85,39505.13,14.24,580946.84,541725.48,5241860.3,CNY,11.6,Rail,23-06-2026,23-06-2026,0,Approved,Partially Delivered,4079682.85
PO002827,13-02-2025,S0136,P0040,WH007,CT00087,International,110,44434.07,4887747.7,142393.76,6.16,301085.26,270499.95,5601726.67,EUR,90.5,Air,22-03-2025,27-03-2025,5,Approved,Delivered,4887747.7
PO002828,15-03-2025,S0243,P0223,WH009,CT00411,International,544,2372.33,1290547.52,51539.11,6.71,86595.74,97892.39,1526574.76,CNY,11.6,Air,11-04-2025,11-04-2025,0,Approved,Delivered,1290547.52
PO002829,11-03-2026,S0236,P0229,WH005,CT00077,International,56,6514.49,364811.44,10395.35,6.02,21961.65,29680.06,426848.5,EUR,90.5,Sea,01-04-2026,03-04-2026,2,Pending,Delivered,364811.44
PO002830,11-06-2025,S0239,P0214,WH005,CT00291,International,596,25776.04,15362519.84,361506.69,17.1,2626990.89,1905961.63,20256979.05,SGD,62,Air,18-06-2025,18-06-2025,0,Approved,Partially Delivered,15362519.84
PO002831,06-09-2025,S0152,P0232,WH007,CT00223,International,324,37251.84,12069596.16,503584.99,15.3,1846648.21,1576890.7,15996720.06,SGD,62,Rail,17-09-2025,29-09-2025,12,Approved,Delivered,12069596.16
PO002832,05-09-2025,S0171,P0188,WH006,CT00269,International,578,1748.86,1010841.08,30535.17,14.03,141821,78434.62,1261631.87,GBP,106,Road,16-09-2025,17-09-2025,1,Pending,Partially Delivered,1010841.08
PO002833,08-06-2025,S0223,P0064,WH006,No Contract,International,655,72819.33,47696661.15,1021200.02,12.5,5962082.64,3196940.56,57876884.37,AED,22.7,Rail,11-06-2025,12-06-2025,1,Approved,Cancelled,47696661.15
PO002834,27-02-2026,S0235,P0186,WH007,CT00167,International,618,70804.48,43757168.64,1238156.56,7.35,3216151.9,4264108.02,52475585.12,CNY,11.6,Road,28-03-2026,28-03-2026,0,Approved,Delivered,43757168.64
PO002835,06-07-2025,S0152,P0035,WH007,CT00375,International,535,59626.45,31900150.75,517073.05,9.93,3167684.97,3080095.69,38665004.46,SGD,62,Road,21-07-2025,26-07-2025,5,Pending,Partially Delivered,31900150.75
PO002836,25-02-2025,S0139,P0072,WH009,CT00322,International,923,6583.49,6076561.27,121118.05,10.64,646546.12,751842.86,7596068.3,AED,22.7,Sea,26-03-2025,27-03-2025,1,Pending,Cancelled,6076561.27
PO002837,15-02-2026,S0142,P0226,WH009,CT00281,International,780,9355.83,7297547.4,321427.4,8.26,602777.42,862767.15,9084519.37,JPY,0.56,Sea,12-03-2026,17-03-2026,5,Approved,Cancelled,7297547.4
PO002838,29-10-2025,S0180,P0172,WH008,CT00196,International,251,406.42,102011.42,929.87,17.83,18188.64,6348.04,127477.97,JPY,0.56,Road,01-12-2025,03-12-2025,2,Approved,Cancelled,102011.42
PO002839,08-05-2026,S0238,P0185,WH007,CT00211,International,622,53102.08,33029493.76,1427823.53,5.9,1948740.13,2718713.7,39124771.12,CNY,11.6,Air,26-05-2026,27-05-2026,1,Pending,Delivered,33029493.76
PO002840,21-01-2025,S0213,P0247,WH006,CT00499,International,193,29551.07,5703356.51,94901.25,5.57,317676.96,669080.11,6785014.83,AED,22.7,Rail,02-02-2025,02-02-2025,0,Approved,Partially Delivered,5703356.51
PO002841,23-04-2025,S0201,P0191,WH010,CT00226,International,872,76787.28,66958508.16,1564223.04,14.73,9862988.25,7966003.93,86351723.38,EUR,90.5,Rail,18-05-2025,21-05-2025,3,Approved,Delivered,66958508.16
PO002842,17-02-2026,S0192,P0221,WH008,CT00388,International,38,43557.03,1655167.14,64943.41,8.53,141185.76,159090.65,2020386.96,JPY,0.56,Road,23-03-2026,24-03-2026,1,Approved,Partially Delivered,1655167.14
PO002843,08-06-2026,S0140,P0270,WH010,CT00512,International,650,71230.86,46300059,841356.91,5.4,2500203.19,5335563.22,54977182.32,JPY,0.56,Road,01-07-2026,06-07-2026,5,Approved,Delivered,46300059
PO002844,04-08-2026,S0192,P0202,WH009,CT00319,International,473,29624.12,14012208.76,276923.19,13.73,1923876.26,1103195.56,17316203.77,JPY,0.56,Sea,30-08-2026,30-08-2026,0,Approved,Delivered,14012208.76
PO002845,26-03-2026,S0226,P0033,WH008,CT00335,International,275,46216.51,12709540.25,155757.95,5.68,721901.89,1074737.89,14661937.98,SGD,62,Rail,26-04-2026,27-04-2026,1,Approved,Delivered,12709540.25
PO002846,16-09-2025,S0217,P0221,WH005,CT00440,International,763,46641.18,35587220.34,631905.24,17.59,6259792.06,3618604.54,46097522.18,USD,83.5,Rail,27-09-2025,27-09-2025,0,Approved,Partially Delivered,35587220.34
PO002847,12-08-2025,S0243,P0283,WH008,CT00263,International,903,54748.88,49438238.64,598984.47,6.82,3371687.88,4382786.27,57791697.26,CNY,11.6,Rail,10-09-2025,10-09-2025,0,Pending,Cancelled,49438238.64
PO002848,21-01-2026,S0150,P0040,WH005,CT00018,International,360,41484.7,14934492,662123.05,5.41,807956.02,1593298.52,17997869.59,SGD,62,Air,16-02-2026,18-02-2026,2,Approved,Cancelled,14934492
PO002849,07-01-2026,S0154,P0238,WH010,CT00251,International,873,48455.53,42301677.69,1681898.19,8.46,3578721.93,5163607.08,52725904.89,AUD,54,Rail,14-02-2026,16-02-2026,2,Pending,Cancelled,42301677.69
PO002850,16-02-2025,S0161,P0117,WH007,CT00548,International,895,52875.11,47323223.45,1777152.3,12.28,5811291.84,5978163.7,60889831.29,AED,22.7,Sea,15-03-2025,15-03-2025,0,Approved,Delivered,47323223.45
PO002851,12-06-2026,S0230,P0262,WH005,CT00359,International,682,69068.62,47104798.84,1728781.74,16.03,7550899.25,4230043.06,60614522.89,EUR,90.5,Sea,29-06-2026,29-06-2026,0,Approved,Cancelled,47104798.84
PO002852,27-02-2026,S0131,P0202,WH010,CT00401,International,797,32187.62,25653533.14,760515,16.67,4276443.97,2080769.72,32771261.83,GBP,106,Road,25-03-2026,25-03-2026,0,Approved,Delivered,25653533.14
PO002853,25-05-2026,S0244,P0051,WH005,CT00566,International,990,5573.01,5517279.9,203629.91,9.61,530210.6,595348.87,6846469.28,EUR,90.5,Air,12-06-2026,12-06-2026,0,Approved,Partially Delivered,5517279.9
PO002854,04-09-2025,S0146,P0098,WH010,CT00560,International,425,18632.1,7918642.5,264779.59,4.95,391972.8,899344.59,9474739.48,EUR,90.5,Road,30-09-2025,30-09-2025,0,Approved,Delivered,7918642.5
PO002855,23-02-2025,S0135,P0260,WH010,CT00424,International,942,28920.36,27242979.12,1006335.99,11.86,3231017.32,3414097.81,34894430.24,EUR,90.5,Air,14-03-2025,15-03-2025,1,Approved,Cancelled,27242979.12
PO002856,10-02-2026,S0217,P0065,WH009,CT00440,International,374,40812.28,15263792.72,183643.1,15.6,2381151.66,1344522.27,19173109.75,USD,83.5,Sea,22-02-2026,23-02-2026,1,Pending,Delivered,15263792.72
PO002857,03-07-2025,S0202,P0042,WH005,CT00238,International,694,68373.93,47451507.42,1891252.67,16.78,7962362.95,6732325.3,64037448.34,AUD,54,Sea,11-07-2025,11-07-2025,0,Approved,Cancelled,47451507.42
PO002858,10-07-2025,S0196,P0260,WH010,CT00475,International,279,27470.92,7664386.68,208661.31,4.79,367124.12,757494.94,8997667.05,EUR,90.5,Road,03-08-2025,03-08-2025,0,Pending,Delivered,7664386.68
PO002859,12-03-2026,S0244,P0030,WH006,CT00132,International,13,75853.01,986089.13,16496.08,13.63,134403.95,135872.26,1272861.42,EUR,90.5,Air,30-03-2026,30-03-2026,0,Approved,Delivered,986089.13
PO002860,06-01-2025,S0136,P0104,WH006,CT00277,International,260,23486.52,6106495.2,30791.29,6.97,425622.72,615148.97,7178058.18,EUR,90.5,Sea,13-02-2025,16-02-2025,3,Pending,Delivered,6106495.2
PO002861,19-07-2025,S0151,P0154,WH007,CT00334,International,612,32505.78,19893537.36,621263.19,7.29,1450238.87,2629887.16,24594926.58,USD,83.5,Road,04-08-2025,04-08-2025,0,Approved,Cancelled,19893537.36
PO002862,05-03-2025,S0157,P0219,WH006,CT00304,International,155,79962.84,12394240.2,69576.61,16.22,2010345.76,951489.06,15425651.63,AUD,54,Road,29-03-2025,03-04-2025,5,Approved,Cancelled,12394240.2
PO002863,12-03-2026,S0128,P0167,WH010,CT00210,International,140,16332.98,2286617.2,48126.81,12.34,282168.56,224482.04,2841394.61,AUD,54,Rail,15-04-2026,15-04-2026,0,Pending,Cancelled,2286617.2
PO002864,20-04-2025,S0242,P0270,WH007,CT00049,International,254,71026.51,18040733.54,737434.97,5.89,1062599.21,1894826.14,21735593.86,EUR,90.5,Air,21-05-2025,24-05-2025,3,Approved,Delivered,18040733.54
PO002865,01-02-2025,S0142,P0056,WH006,CT00281,International,352,45296.67,15944427.84,143895.77,14.21,2265703.2,1977962.73,20331989.54,JPY,0.56,Road,20-02-2025,20-02-2025,0,Approved,Partially Delivered,15944427.84
PO002866,31-01-2025,S0201,P0217,WH010,CT00226,International,120,62985.46,7558255.2,284193.5,17.82,1346881.08,973440.35,10162770.13,EUR,90.5,Air,18-02-2025,18-02-2025,0,Approved,Cancelled,7558255.2
PO002867,01-05-2026,S0218,P0190,WH008,CT00133,International,403,70762.36,28517231.08,709407.47,10.94,3119785.08,3315216.02,35661639.65,GBP,106,Sea,21-05-2026,23-05-2026,2,Approved,Cancelled,28517231.08
PO002868,28-07-2026,S0177,P0208,WH009,CT00208,International,489,34663.9,16950647.1,378202.47,14.13,2395126.44,1595325.93,21319301.94,EUR,90.5,Rail,18-08-2026,18-08-2026,0,Pending,Cancelled,16950647.1
PO002869,23-05-2026,S0141,P0183,WH010,CT00121,International,878,60396.27,53027925.06,1647175.09,3.59,1903702.51,3268650.79,59847453.45,AED,22.7,Air,04-06-2026,04-06-2026,0,Approved,Delivered,53027925.06
PO002870,06-09-2025,S0173,P0234,WH005,CT00461,International,998,21869.12,21825381.76,695654.34,16.57,3616465.76,2897110.14,29034612,AUD,54,Road,19-09-2025,19-09-2025,0,Pending,Delivered,21825381.76
PO002871,30-06-2025,S0232,P0279,WH008,CT00255,International,859,71514.95,61431342.05,1439162.58,4.34,2666120.24,7224070.74,72760695.61,AUD,54,Air,19-07-2025,24-07-2025,5,Approved,Delivered,61431342.05
PO002872,28-06-2026,S0190,P0015,WH006,CT00218,International,587,83456.36,48988883.32,1135788.88,10.9,5339788.28,4029317.99,59493778.47,SGD,62,Rail,02-07-2026,04-07-2026,2,Pending,Cancelled,48988883.32
PO002873,28-10-2025,S0202,P0224,WH005,CT00238,International,464,32587.24,15120479.36,400094.97,8.53,1289776.89,1746369.18,18556720.4,AUD,54,Air,02-11-2025,04-11-2025,2,Approved,Cancelled,15120479.36
PO002874,27-07-2026,S0146,P0251,WH007,CT00564,International,434,34951.49,15168946.66,621801.38,10,1516894.67,933003.8,18240646.51,EUR,90.5,Sea,25-08-2026,25-08-2026,0,Approved,Partially Delivered,15168946.66
PO002875,17-11-2025,S0133,P0037,WH006,CT00273,International,460,32426.97,14916406.2,188156.78,10.48,1563239.37,1642576.29,18310378.64,EUR,90.5,Sea,08-12-2025,08-12-2025,0,Approved,Delivered,14916406.2
PO002876,16-09-2025,S0199,P0200,WH009,CT00302,International,820,88075.32,72221762.4,2007796.66,2.64,1906654.53,7765123.6,83901337.19,EUR,90.5,Road,19-10-2025,19-10-2025,0,Approved,Delivered,72221762.4
PO002877,11-11-2025,S0233,P0045,WH005,CT00171,International,68,49653.67,3376449.56,97250.28,5.29,178614.18,287655.81,3939969.83,AUD,54,Road,03-12-2025,04-12-2025,1,Pending,Partially Delivered,3376449.56
PO002878,02-07-2026,S0192,P0005,WH005,CT00319,International,527,32670.11,17217147.97,505357.35,5.69,979655.72,2123953.84,20826114.88,JPY,0.56,Air,05-08-2026,05-08-2026,0,Pending,Delivered,17217147.97
PO002879,30-05-2025,S0168,P0252,WH006,CT00374,International,859,1040.08,893428.72,7301.73,15.63,139642.91,86177.8,1126551.16,EUR,90.5,Air,11-06-2025,12-06-2025,1,Approved,Partially Delivered,893428.72
PO002880,13-05-2025,S0198,P0114,WH006,CT00053,International,683,64545.11,44084310.13,1446095.69,4.42,1948526.51,2412125.8,49891058.13,EUR,90.5,Road,06-06-2025,06-06-2025,0,Approved,Delivered,44084310.13
PO002881,01-01-2026,S0136,P0106,WH008,CT00277,International,538,16020.23,8618883.74,351187.84,3.92,337860.24,914272.4,10222204.22,EUR,90.5,Rail,31-01-2026,03-02-2026,3,Approved,Partially Delivered,8618883.74
PO002882,30-04-2026,S0170,P0170,WH007,CT00122,International,799,64103.34,51218568.66,2174439.24,12.14,6217934.24,3574972.53,63185914.67,JPY,0.56,Road,16-05-2026,16-05-2026,0,Approved,Cancelled,51218568.66
PO002883,21-03-2025,S0232,P0053,WH010,CT00255,International,548,37437.33,20515656.84,681849.37,17.32,3553311.76,1633326.77,26384144.74,AUD,54,Road,03-04-2025,06-04-2025,3,Approved,Delivered,20515656.84
PO002884,07-04-2025,S0133,P0232,WH006,CT00090,International,253,37323.22,9442774.66,247540.17,15.1,1425858.97,651777.62,11767951.42,EUR,90.5,Rail,02-05-2025,02-05-2025,0,Pending,Cancelled,9442774.66
PO002885,22-11-2025,S0145,P0132,WH007,CT00275,International,672,29851.96,20060517.12,325829.14,15.34,3077283.33,1889694.67,25353324.26,AED,22.7,Rail,14-12-2025,14-12-2025,0,Approved,Partially Delivered,20060517.12
PO002886,10-05-2025,S0181,P0298,WH005,CT00293,International,723,14650.45,10592275.35,172852.51,9.66,1023213.8,614731.7,12403073.36,AED,22.7,Sea,19-05-2025,20-05-2025,1,Approved,Delivered,10592275.35
PO002887,15-05-2026,S0193,P0019,WH006,CT00038,International,651,43355.54,28224456.54,1101951.23,11.2,3161139.13,2501894.99,34989441.89,AUD,54,Rail,28-05-2026,02-06-2026,5,Approved,Delivered,28224456.54
PO002888,03-10-2025,S0167,P0118,WH007,CT00306,International,792,75891.3,60105909.6,2463431.49,10.79,6485427.65,5364737.29,74419506.03,USD,83.5,Road,19-10-2025,24-10-2025,5,Approved,Partially Delivered,60105909.6
PO002889,01-10-2025,S0181,P0131,WH006,CT00099,International,319,24756.45,7897307.55,67550.86,11.02,870283.29,700584.74,9535726.44,AED,22.7,Road,18-10-2025,18-10-2025,0,Pending,Delivered,7897307.55
PO002890,16-01-2026,S0156,P0269,WH006,CT00181,International,766,84753.23,64920974.18,2541165.27,12.83,8329360.99,6714814.45,82506314.89,CNY,11.6,Sea,31-01-2026,08-02-2026,8,Pending,Delivered,64920974.18
PO002891,17-11-2025,S0173,P0039,WH009,CT00191,International,756,16784.75,12689271,153704.77,14.81,1879281.04,1632332.93,16354589.74,AUD,54,Road,28-11-2025,28-11-2025,0,Approved,Partially Delivered,12689271
PO002892,11-01-2026,S0202,P0248,WH008,CT00238,International,818,76424.66,62515371.88,1502418.66,17.54,10965196.23,4917570.04,79900556.81,AUD,54,Sea,21-01-2026,21-01-2026,0,Approved,Delivered,62515371.88
PO002893,21-07-2026,S0136,P0094,WH010,CT00028,International,739,27596.17,20393569.63,916964.44,16.28,3320073.14,1524435.75,26155042.96,EUR,90.5,Air,17-08-2026,22-08-2026,5,Approved,Cancelled,20393569.63
PO002894,17-06-2025,S0190,P0170,WH005,CT00218,International,887,67898.67,60226120.29,1339997.11,11.51,6932026.45,7848521.57,76346665.42,SGD,62,Rail,25-06-2025,25-06-2025,0,Pending,Delivered,60226120.29
PO002895,07-01-2026,S0148,P0061,WH006,CT00402,International,587,40618.6,23843118.2,333765.9,14.84,3538318.74,1505951.04,29221153.88,AED,22.7,Road,30-01-2026,02-02-2026,3,Approved,Cancelled,23843118.2
PO002896,27-06-2025,S0162,P0065,WH007,CT00062,International,110,43756,4813160,102048.53,9.92,477465.47,408569.45,5801243.45,CNY,11.6,Sea,08-07-2025,13-07-2025,5,Approved,Cancelled,4813160
PO002897,27-01-2025,S0134,P0074,WH007,CT00418,International,38,55617.69,2113472.22,28765.9,5.41,114338.85,211490.99,2468067.96,GBP,106,Rail,24-02-2025,24-02-2025,0,Pending,Delivered,2113472.22
PO002898,31-03-2025,S0169,P0074,WH009,CT00265,International,606,47349.67,28693900.02,483134.29,9.97,2860781.83,2633143.29,34670959.43,AUD,54,Sea,23-04-2025,24-04-2025,1,Approved,Partially Delivered,28693900.02
PO002899,29-12-2025,S0191,P0091,WH008,CT00496,International,701,33119.8,23216979.8,695197.23,4.47,1037799,2503418.41,27453394.44,EUR,90.5,Road,03-01-2026,03-01-2026,0,Approved,Delivered,23216979.8
PO002900,21-06-2026,S0198,P0087,WH009,CT00588,International,145,86490.38,12541105.1,123450.38,17.59,2205980.39,1178047.98,16048583.85,EUR,90.5,Air,25-07-2026,02-08-2026,8,Approved,Delivered,12541105.1
PO002901,26-02-2025,S0192,P0005,WH006,CT00319,International,252,35915.55,9050718.6,209686.63,8.19,741253.85,1144862.51,11146521.59,JPY,0.56,Air,26-03-2025,27-03-2025,1,Approved,Cancelled,9050718.6
PO002902,21-08-2025,S0205,P0024,WH006,CT00491,International,846,29061.59,24586105.14,1029062.57,15.55,3823139.35,2114557.73,31552864.79,AED,22.7,Road,17-09-2025,22-09-2025,5,Approved,Partially Delivered,24586105.14
PO002903,19-05-2026,S0145,P0120,WH006,CT00275,International,512,77970.42,39920855.04,1550964.94,8.72,3481098.56,4131624.2,49084542.74,AED,22.7,Air,06-06-2026,06-06-2026,0,Pending,Delivered,39920855.04
PO002904,10-07-2025,S0203,P0227,WH007,CT00405,International,221,26067.97,5761021.37,74904.09,9.71,559395.18,480676.01,6875996.65,JPY,0.56,Sea,19-07-2025,19-07-2025,0,Approved,Delivered,5761021.37
PO002905,05-04-2025,S0241,P0164,WH009,CT00541,International,473,79660.83,37679572.59,863532.61,8.17,3078421.08,4546245.73,46167772.01,CNY,11.6,Sea,15-04-2025,16-04-2025,1,Approved,Partially Delivered,37679572.59
PO002906,17-02-2026,S0157,P0226,WH010,CT00022,International,200,9377.95,1875590,35612.83,8.67,162613.65,241920.84,2315737.32,AUD,54,Road,14-03-2026,15-03-2026,1,Approved,Partially Delivered,1875590
PO002907,04-08-2025,S0168,P0070,WH005,CT00374,International,767,70413.75,54007346.25,620257.05,16.96,9159645.92,7035539.21,70822788.43,EUR,90.5,Sea,21-08-2025,23-08-2025,2,Approved,Delivered,54007346.25
PO002908,26-04-2025,S0182,P0163,WH009,CT00260,International,448,54222.45,24291657.6,876873.5,10.99,2669653.17,2381891.41,30220075.68,JPY,0.56,Road,23-05-2025,24-05-2025,1,Pending,Cancelled,24291657.6
PO002909,26-05-2026,S0249,P0053,WH010,CT00010,International,397,35035.71,13909176.87,333436.63,17.64,2453578.8,1436188.5,18132380.8,GBP,106,Sea,14-06-2026,14-06-2026,0,Approved,Cancelled,13909176.87
PO002910,09-04-2026,S0184,P0199,WH007,CT00406,International,248,56843.98,14097307.04,484737.75,15.5,2185082.59,1540714.46,18307841.84,USD,83.5,Rail,09-05-2026,11-05-2026,2,Pending,Delivered,14097307.04
PO002911,25-02-2025,S0244,P0058,WH007,CT00566,International,106,7183.88,761491.28,8191.72,12.56,95643.3,73582.9,938909.2,EUR,90.5,Sea,19-03-2025,21-03-2025,2,Approved,Delivered,761491.28
PO002912,16-01-2026,S0174,P0252,WH008,CT00327,International,86,1138.85,97941.1,4195.46,2.3,2252.65,9723.29,114112.5,SGD,62,Sea,11-02-2026,13-02-2026,2,Approved,Cancelled,97941.1
PO002913,25-04-2026,S0211,P0268,WH008,CT00395,International,339,21032,7129848,194139.15,10.14,722966.59,873296.44,8920250.18,AED,22.7,Sea,11-05-2026,11-05-2026,0,Approved,Delivered,7129848
PO002914,28-01-2025,S0132,P0003,WH007,CT00447,International,687,79259.39,54451200.93,545495.83,3.46,1884011.55,3386141.12,60266849.43,JPY,0.56,Sea,05-02-2025,13-02-2025,8,Approved,Cancelled,54451200.93
PO002915,05-06-2026,S0160,P0250,WH007,CT00338,International,395,57395.13,22671076.35,668808.51,7.36,1668591.22,1549416.92,26557893,CNY,11.6,Road,13-06-2026,25-06-2026,12,Approved,Partially Delivered,22671076.35
PO002916,04-03-2025,S0232,P0031,WH007,CT00255,International,259,14634.21,3790260.39,105305.03,2.03,76942.29,393203.89,4365711.6,AUD,54,Road,26-03-2025,26-03-2025,0,Pending,Partially Delivered,3790260.39
PO002917,30-07-2026,S0245,P0230,WH007,CT00045,International,911,53901.71,49104457.81,1975880.66,8.05,3952908.85,4376295.89,59409543.21,JPY,0.56,Sea,08-08-2026,08-08-2026,0,Approved,Cancelled,49104457.81
PO002918,18-01-2026,S0222,P0051,WH009,CT00532,International,562,5060.63,2844074.06,18954.24,14.71,418363.29,340257.78,3621649.37,AED,22.7,Sea,13-02-2026,13-02-2026,0,Approved,Cancelled,2844074.06
PO002919,03-04-2026,S0134,P0150,WH008,CT00195,International,915,69795.38,63862772.7,1264788.63,13.25,8461817.38,3817656.44,77407035.15,GBP,106,Rail,22-04-2026,22-04-2026,0,Approved,Cancelled,63862772.7
PO002920,22-01-2025,S0149,P0242,WH009,CT00110,International,803,10750.47,8632627.41,305472.63,16.12,1391579.54,955259.82,11284939.4,SGD,62,Sea,16-02-2025,16-02-2025,0,Approved,Partially Delivered,8632627.41
PO002921,23-11-2025,S0192,P0241,WH009,CT00319,International,429,28706.15,12314938.35,507270.47,13.78,1696998.5,1337537.53,15856744.85,JPY,0.56,Sea,26-12-2025,26-12-2025,0,Pending,Delivered,12314938.35
PO002922,03-06-2026,S0234,P0177,WH008,CT00342,International,870,57867.34,50344585.8,443273.91,6.72,3383156.17,4026825.51,58197841.39,AUD,54,Road,18-06-2026,18-06-2026,0,Approved,Delivered,50344585.8
PO002923,27-07-2025,S0150,P0027,WH005,CT00018,International,766,63102.3,48336361.8,2042770.78,5.04,2436152.63,2891496.16,55706781.37,SGD,62,Air,22-08-2025,23-08-2025,1,Approved,Partially Delivered,48336361.8
PO002924,17-02-2025,S0192,P0001,WH010,CT00388,International,912,44669.17,40738283.04,1371794.91,9.58,3902727.52,3737958.01,49750763.48,JPY,0.56,Sea,21-03-2025,23-03-2025,2,Approved,Delivered,40738283.04
PO002925,04-07-2026,S0173,P0120,WH008,CT00461,International,32,78924.27,2525576.64,60508.71,6.27,158353.66,293619.4,3038058.41,AUD,54,Sea,14-07-2026,15-07-2026,1,Pending,Delivered,2525576.64
PO002926,28-09-2025,S0180,P0225,WH010,CT00196,International,144,66727.31,9608732.64,287694.08,12.63,1213582.93,692636.54,11802646.19,JPY,0.56,Air,01-11-2025,09-11-2025,8,Approved,Cancelled,9608732.64
PO002927,16-11-2025,S0128,P0149,WH010,CT00286,International,92,51612.84,4748381.28,85926.76,6.42,304846.08,570220.13,5709374.25,AUD,54,Sea,20-12-2025,21-12-2025,1,Approved,Delivered,4748381.28
PO002928,15-02-2025,S0239,P0108,WH007,CT00291,International,843,39462.54,33266921.22,1294426.26,3.81,1267469.7,4004821.24,39833638.42,SGD,62,Rail,21-02-2025,21-02-2025,0,Pending,Delivered,33266921.22
PO002929,22-03-2026,S0144,P0210,WH008,CT00032,International,126,74637.69,9404348.94,99223.72,5.19,488085.71,525089.77,10516748.14,GBP,106,Sea,08-04-2026,08-04-2026,0,Approved,Delivered,9404348.94
PO002930,17-04-2026,S0224,P0188,WH006,CT00467,International,330,1847.95,609823.5,16888.44,12.48,76105.97,84044.93,786862.84,AUD,54,Road,05-05-2026,06-05-2026,1,Approved,Delivered,609823.5
PO002931,21-03-2026,S0141,P0140,WH010,CT00174,International,768,66540.4,51103027.2,1895873.93,9.62,4916111.22,4001259.61,61916271.96,AED,22.7,Road,07-04-2026,19-04-2026,12,Approved,Delivered,51103027.2
PO002932,18-01-2025,S0129,P0016,WH008,CT00364,International,751,79592.91,59774275.41,1177584.37,13.71,8195053.16,5629329.06,74776242,USD,83.5,Road,12-02-2025,14-02-2025,2,Approved,Delivered,59774275.41
PO002933,20-04-2025,S0152,P0265,WH007,CT00223,International,757,30503.49,23091141.93,785374.21,17.12,3953203.5,2288597.85,30118317.49,SGD,62,Rail,30-04-2025,02-05-2025,2,Approved,Cancelled,23091141.93
PO002934,05-06-2026,S0155,P0300,WH005,CT00369,International,673,2943.77,1981157.21,59746.91,4.46,88359.61,108981.08,2238244.81,AUD,54,Air,18-06-2026,20-06-2026,2,Approved,Delivered,1981157.21
PO002935,09-04-2026,S0233,P0144,WH005,CT00178,International,207,46295,9583065,318079.96,8.92,854809.4,766505.45,11522459.81,AUD,54,Sea,25-04-2026,25-04-2026,0,Approved,Cancelled,9583065
PO002936,11-11-2025,S0211,P0191,WH007,CT00395,International,421,83026.45,34954135.45,648642.82,7.33,2562138.13,3046999.73,41211916.13,AED,22.7,Air,20-11-2025,23-11-2025,3,Approved,Delivered,34954135.45
PO002937,13-08-2025,S0145,P0024,WH008,CT00275,International,547,25616.16,14012039.52,193631.22,3.83,536661.11,947392.49,15689724.34,AED,22.7,Rail,27-08-2025,29-08-2025,2,Approved,Cancelled,14012039.52
PO002938,02-02-2026,S0181,P0272,WH007,CT00099,International,898,66062.35,59323990.3,1908189.64,14.24,8447736.22,3496165.11,73176081.27,AED,22.7,Rail,10-02-2026,11-02-2026,1,Approved,Delivered,59323990.3
PO002939,25-03-2026,S0219,P0233,WH006,No Contract,International,836,39609.26,33113341.36,487894.75,12.05,3990157.63,4174473.64,41765867.38,EUR,90.5,Sea,19-04-2026,21-04-2026,2,Pending,Delivered,33113341.36
PO002940,30-05-2025,S0200,P0204,WH008,CT00516,International,807,76985.52,62127314.64,769277.79,11.29,7014173.82,7680194.73,77590960.98,EUR,90.5,Air,20-06-2025,20-06-2025,0,Approved,Delivered,62127314.64
PO002941,31-03-2026,S0205,P0297,WH010,CT00491,International,846,26793.26,22667097.96,248283.8,7.85,1779367.19,2947246.78,27641995.73,AED,22.7,Sea,02-05-2026,04-05-2026,2,Approved,Delivered,22667097.96
PO002942,08-02-2025,S0197,P0041,WH005,CT00457,International,233,33446.45,7793022.85,133656.99,11.41,889183.91,1025320.77,9841184.52,AUD,54,Air,18-02-2025,19-02-2025,1,Pending,Delivered,7793022.85
PO002943,10-08-2025,S0200,P0021,WH005,CT00192,International,804,29486.54,23707178.16,392329.86,11.31,2681281.85,1861386.24,28642176.11,EUR,90.5,Road,26-08-2025,26-08-2025,0,Approved,Cancelled,23707178.16
PO002944,10-04-2025,S0206,P0044,WH010,CT00061,International,482,56955.18,27452396.76,656627.63,16.4,4502193.07,3205709.6,35816927.06,GBP,106,Road,26-04-2025,26-04-2025,0,Pending,Delivered,27452396.76
PO002945,11-03-2025,S0220,P0289,WH008,CT00188,International,211,33238.45,7013312.95,283148.71,3.48,244063.29,632542.48,8173067.43,CNY,11.6,Road,08-04-2025,08-04-2025,0,Pending,Partially Delivered,7013312.95
PO002946,05-08-2025,S0131,P0011,WH010,CT00401,International,959,61584.64,59059669.76,798694.17,9.31,5498455.25,4473980.68,69830799.86,GBP,106,Rail,02-09-2025,03-09-2025,1,Approved,Delivered,59059669.76
PO002947,04-03-2025,S0186,P0086,WH010,CT00113,International,268,46024.76,12334635.68,149347.26,3.7,456381.52,706726.48,13647090.94,EUR,90.5,Road,21-03-2025,23-03-2025,2,Pending,Partially Delivered,12334635.68
PO002948,08-03-2025,S0171,P0091,WH008,CT00006,International,642,31114.73,19975656.66,345275.67,10.4,2077468.29,1933717.42,24332118.04,GBP,106,Road,28-03-2025,28-03-2025,0,Pending,Delivered,19975656.66
PO002949,23-05-2025,S0133,P0064,WH010,CT00090,International,651,83044.52,54061982.52,1012450.34,14.77,7984954.82,4945445.96,68004833.64,EUR,90.5,Rail,17-06-2025,17-06-2025,0,Approved,Cancelled,54061982.52
PO002950,10-05-2026,S0206,P0206,WH009,CT00061,International,169,78155.35,13208254.15,593001.87,17.31,2286348.79,935748.26,17023353.07,GBP,106,Rail,20-05-2026,20-05-2026,0,Pending,Delivered,13208254.15
PO002951,18-05-2025,S0153,P0097,WH009,CT00539,International,881,77195.72,68009429.32,2429817.25,10.92,7426629.68,5927472.73,83793348.98,EUR,90.5,Sea,21-06-2025,21-06-2025,0,Approved,Delivered,68009429.32
PO002952,04-01-2026,S0212,P0223,WH008,CT00522,International,943,2260.05,2131227.15,71729.52,2.11,44968.89,220768.08,2468693.64,AUD,54,Road,28-01-2026,29-01-2026,1,Approved,Delivered,2131227.15
PO002953,03-10-2025,S0205,P0213,WH007,CT00491,International,432,59238.96,25591230.72,384684.02,2.72,696081.48,1335296.7,28007292.92,AED,22.7,Sea,26-10-2025,29-10-2025,3,Pending,Partially Delivered,25591230.72
PO002954,01-03-2026,S0168,P0179,WH009,CT00505,International,906,7808.05,7074093.3,163627.43,2.72,192415.34,534130.96,7964267.03,EUR,90.5,Road,12-03-2026,14-03-2026,2,Pending,Cancelled,7074093.3
PO002955,10-01-2025,S0191,P0277,WH007,CT00496,International,639,77281.3,49382750.7,1792694.93,4.21,2079013.8,5898404.48,59152863.91,EUR,90.5,Sea,21-01-2025,23-01-2025,2,Approved,Partially Delivered,49382750.7
PO002956,12-01-2026,S0172,P0118,WH006,CT00540,International,188,76151.12,14316410.56,636485.96,13.03,1865428.3,1412038.72,18230363.54,AUD,54,Rail,27-01-2026,28-01-2026,1,Approved,Delivered,14316410.56
PO002957,24-02-2026,S0146,P0289,WH008,CT00245,International,371,38170.84,14161381.64,477855.32,9.1,1288685.73,864504.54,16792427.23,EUR,90.5,Sea,27-03-2026,27-03-2026,0,Pending,Delivered,14161381.64
PO002958,07-06-2026,S0177,P0191,WH009,CT00360,International,307,74299.67,22809998.69,737860.9,2.97,677456.96,1989231.21,26214547.76,EUR,90.5,Sea,25-06-2026,25-06-2026,0,Approved,Partially Delivered,22809998.69
PO002959,04-05-2025,S0239,P0113,WH008,CT00291,International,33,54491.58,1798222.14,53314.3,7.34,131989.51,134084.64,2117610.59,SGD,62,Road,13-05-2025,13-05-2025,0,Pending,Delivered,1798222.14
PO002960,10-09-2025,S0134,P0076,WH009,CT00195,International,988,74128.38,73238839.44,1824418.17,4.86,3559407.6,4603379.86,83226045.07,GBP,106,Rail,05-10-2025,05-10-2025,0,Approved,Partially Delivered,73238839.44
PO002961,04-11-2025,S0246,P0122,WH008,CT00331,International,794,51261.89,40701940.66,1133186.23,16.2,6593714.39,2673144.13,51101985.41,USD,83.5,Air,26-11-2025,26-11-2025,0,Approved,Delivered,40701940.66
PO002962,26-01-2026,S0214,P0086,WH006,CT00528,International,862,44582.45,38430071.9,725073.2,13.99,5376367.06,4921342.12,49452854.28,EUR,90.5,Road,19-02-2026,19-02-2026,0,Pending,Cancelled,38430071.9
PO002963,28-06-2026,S0133,P0010,WH005,CT00090,International,747,8854.24,6614117.28,170809.76,9.98,660088.9,838161.75,8283177.69,EUR,90.5,Rail,17-07-2026,17-07-2026,0,Approved,Cancelled,6614117.28
PO002964,21-10-2025,S0204,P0188,WH006,CT00262,International,693,2110.88,1462839.84,11859.42,2.48,36278.43,138505.08,1649482.77,JPY,0.56,Rail,14-11-2025,14-11-2025,0,Approved,Delivered,1462839.84
PO002965,12-12-2025,S0189,P0242,WH005,CT00463,International,603,11101.75,6694355.25,55445.04,2.13,142589.77,556958.84,7449348.9,EUR,90.5,Sea,08-01-2026,08-01-2026,0,Pending,Cancelled,6694355.25
PO002966,20-12-2025,S0223,P0193,WH006,No Contract,International,278,26995.51,7504751.78,278940.58,11.82,887061.66,629058.75,9299812.77,AED,22.7,Sea,02-01-2026,10-01-2026,8,Approved,Partially Delivered,7504751.78
PO002967,20-06-2026,S0211,P0123,WH010,CT00395,International,476,46210.06,21995988.56,123377.62,10.8,2375566.76,2235881.98,26730814.92,AED,22.7,Air,27-06-2026,27-06-2026,0,Approved,Delivered,21995988.56
PO002968,31-03-2025,S0180,P0065,WH007,CT00196,International,266,43189.14,11488311.24,270997.84,10.57,1214314.5,921100.33,13894723.91,JPY,0.56,Sea,06-05-2025,06-05-2025,0,Approved,Delivered,11488311.24
PO002969,19-04-2026,S0190,P0028,WH005,CT00416,International,284,14920.36,4237382.24,59733.23,16.74,709337.79,475511.84,5481965.1,SGD,62,Rail,23-04-2026,23-04-2026,0,Approved,Delivered,4237382.24
PO002970,29-08-2025,S0127,P0234,WH010,CT00456,International,904,21372.23,19320495.92,309623.06,8.4,1622921.66,1296011.08,22549051.72,AED,22.7,Rail,25-09-2025,26-09-2025,1,Pending,Delivered,19320495.92
PO002971,11-09-2025,S0233,P0136,WH010,CT00178,International,897,38979.8,34964880.6,986359.7,17.81,6227245.23,3246435.83,45424921.36,AUD,54,Air,02-10-2025,02-10-2025,0,Pending,Partially Delivered,34964880.6
PO002972,24-04-2026,S0179,P0109,WH010,CT00066,International,363,61282.3,22245474.9,240496.99,14.55,3236716.6,2000856.36,27723544.85,GBP,106,Air,09-05-2026,21-05-2026,12,Approved,Delivered,22245474.9
PO002973,07-04-2025,S0159,P0282,WH006,CT00535,International,637,39343.69,25061930.53,298170.59,3.68,922279.04,2774329.55,29056709.71,USD,83.5,Road,05-05-2025,07-05-2025,2,Pending,Delivered,25061930.53
PO002974,10-07-2025,S0208,P0216,WH006,CT00205,International,709,47524.75,33695047.75,548466.05,11.32,3814279.41,2517528.51,40575321.72,GBP,106,Rail,29-07-2025,01-08-2025,3,Pending,Delivered,33695047.75
PO002975,15-03-2025,S0151,P0025,WH007,CT00334,International,619,13146.95,8137962.05,86205.55,8.07,656733.54,684215.9,9565117.04,USD,83.5,Road,30-03-2025,04-04-2025,5,Approved,Delivered,8137962.05
PO002976,27-03-2026,S0206,P0126,WH010,CT00236,International,508,59753.89,30354976.12,154056.62,13.02,3952217.89,3947827.55,38409078.18,GBP,106,Air,10-04-2026,10-04-2026,0,Approved,Cancelled,30354976.12
PO002977,17-08-2025,S0199,P0065,WH007,CT00302,International,232,40820.68,9470397.76,217320.2,3.73,353245.84,1061502.9,11102466.7,EUR,90.5,Sea,18-09-2025,19-09-2025,1,Approved,Delivered,9470397.76
PO002978,10-11-2025,S0162,P0090,WH006,CT00062,International,758,82560.81,62581093.98,2047923.15,17.29,10820271.15,8132563.98,83581852.26,CNY,11.6,Rail,23-11-2025,26-11-2025,3,Approved,Delivered,62581093.98
PO002979,13-01-2026,S0180,P0292,WH010,CT00196,International,195,60279.73,11754547.35,430707.45,6.34,745238.3,1132095.26,14062588.36,JPY,0.56,Rail,18-02-2026,20-02-2026,2,Approved,Cancelled,11754547.35
PO002980,22-11-2025,S0127,P0138,WH009,CT00104,International,580,61008.55,35384959,415009.17,3.97,1404782.87,2185858.07,39390609.11,AED,22.7,Air,20-12-2025,21-12-2025,1,Approved,Delivered,35384959
PO002981,05-08-2025,S0144,P0292,WH006,CT00030,International,593,60408.62,35822311.66,1044262.07,17.14,6139944.22,5011005.11,48017523.06,GBP,106,Road,21-08-2025,29-08-2025,8,Approved,Delivered,35822311.66
PO002982,08-01-2026,S0227,P0004,WH009,No Contract,International,237,68476.83,16229008.71,386166.34,15.78,2560937.57,1452812.2,20628924.82,EUR,90.5,Air,13-01-2026,13-01-2026,0,Approved,Delivered,16229008.71
PO002983,12-01-2026,S0146,P0057,WH005,CT00245,International,209,43253.15,9039908.35,246409.95,11.59,1047725.38,817381.74,11151425.42,EUR,90.5,Sea,11-02-2026,11-02-2026,0,Approved,Partially Delivered,9039908.35
PO002984,24-01-2025,S0131,P0051,WH008,CT00401,International,287,5703.18,1636812.66,62346.7,2.91,47631.25,156331.45,1903122.06,GBP,106,Air,14-02-2025,16-02-2025,2,Pending,Cancelled,1636812.66
PO002985,02-04-2026,S0216,P0223,WH007,CT00316,International,426,2303.85,981440.1,41553.29,13.69,134359.15,122046.16,1279398.7,SGD,62,Road,25-04-2026,25-04-2026,0,Approved,Delivered,981440.1
PO002986,05-05-2026,S0221,P0151,WH010,CT00430,International,797,6532.94,5206753.18,53349.17,9.74,507137.76,632554.97,6399795.08,EUR,90.5,Sea,07-06-2026,07-06-2026,0,Pending,Delivered,5206753.18
PO002987,29-12-2025,S0205,P0202,WH006,CT00491,International,178,28552.78,5082394.84,175165.95,16.31,828938.6,362021.01,6448520.4,AED,22.7,Sea,22-01-2026,23-01-2026,1,Approved,Cancelled,5082394.84
PO002988,15-12-2025,S0149,P0209,WH007,CT00110,International,308,86442.74,26624363.92,856762.21,14.95,3980342.41,2248779.77,33710248.31,SGD,62,Rail,06-01-2026,07-01-2026,1,Approved,Cancelled,26624363.92
PO002989,17-01-2025,S0151,P0119,WH006,CT00334,International,967,2353.63,2275960.21,18955.08,8.63,196415.37,270477.12,2761807.78,USD,83.5,Road,11-02-2025,11-02-2025,0,Approved,Delivered,2275960.21
PO002990,28-12-2025,S0217,P0225,WH009,CT00440,International,430,75804.41,32595896.3,1113989.17,5.91,1926417.47,1937143.05,37573445.99,USD,83.5,Sea,14-01-2026,15-01-2026,1,Pending,Cancelled,32595896.3
PO002991,22-12-2025,S0235,P0147,WH010,CT00167,International,276,79970.86,22071957.36,471015.02,5.16,1138913,1792760.06,25474645.44,CNY,11.6,Air,11-01-2026,12-01-2026,1,Approved,Partially Delivered,22071957.36
PO002992,19-04-2025,S0215,P0074,WH006,CT00365,International,802,53610.37,42995516.74,1123294.24,7.1,3052681.69,4849119.47,52020612.14,AED,22.7,Rail,22-04-2025,22-04-2025,0,Approved,Delivered,42995516.74
PO002993,27-04-2025,S0178,P0239,WH009,CT00056,International,421,53313.51,22444987.71,495438.49,10.85,2435281.17,2065706.01,27441413.38,JPY,0.56,Road,12-05-2025,17-05-2025,5,Approved,Cancelled,22444987.71
PO002994,10-09-2025,S0147,P0255,WH007,CT00079,International,719,52957.61,38076521.59,522576.29,15.06,5734324.15,2324990.04,46658412.07,EUR,90.5,Rail,06-10-2025,07-10-2025,1,Pending,Partially Delivered,38076521.59
PO002995,05-05-2026,S0204,P0292,WH010,CT00262,International,897,58950.35,52878463.95,2020125.09,7.63,4034626.8,2988701.2,61921917.04,JPY,0.56,Rail,29-05-2026,01-06-2026,3,Approved,Delivered,52878463.95
PO002996,13-12-2025,S0211,P0007,WH006,CT00395,International,713,58842.78,41954902.14,1531249.63,8.37,3511625.31,5522109.32,52519886.4,AED,22.7,Rail,26-12-2025,29-12-2025,3,Approved,Delivered,41954902.14
PO002997,15-06-2025,S0164,P0245,WH010,CT00580,International,189,48495.14,9165581.46,188164.39,12.74,1167695.08,836517.76,11357958.69,SGD,62,Rail,30-06-2025,30-06-2025,0,Pending,Cancelled,9165581.46
PO002998,29-10-2025,S0180,P0181,WH005,CT00196,International,302,3310.33,999719.66,44918.21,15.83,158255.62,80253.79,1283147.28,JPY,0.56,Rail,01-12-2025,02-12-2025,1,Pending,Delivered,999719.66
PO002999,10-04-2025,S0175,P0098,WH008,CT00248,International,384,19213.33,7377918.72,185614.83,7.34,541539.23,578001.11,8683073.89,CNY,11.6,Air,12-04-2025,12-04-2025,0,Approved,Delivered,7377918.72
PO003000,03-06-2025,S0197,P0112,WH010,CT00321,International,407,21693.88,8829409.16,228693.84,9.3,821135.05,842724.42,10721962.47,AUD,54,Road,14-06-2025,14-06-2025,0,Approved,Delivered,8829409.16
PO003001,28-10-2025,S0147,P0237,WH008,CT00050,International,444,25698.74,11410240.56,458926.48,12.15,1386344.23,1079511.74,14335023.01,EUR,90.5,Road,17-11-2025,17-11-2025,0,Approved,Partially Delivered,11410240.56
PO003002,08-04-2025,S0239,P0130,WH006,CT00291,International,76,26625.62,2023547.12,65059.64,17.21,348252.46,200799.7,2637658.92,SGD,62,Sea,18-04-2025,18-04-2025,0,Approved,Partially Delivered,2023547.12
PO003003,08-01-2025,S0167,P0009,WH007,CT00285,International,24,40716.17,977188.08,16929.62,17.45,170519.32,103972.01,1268609.03,USD,83.5,Air,23-01-2025,23-01-2025,0,Approved,Partially Delivered,977188.08
PO003004,13-01-2026,S0193,P0102,WH007,CT00038,International,769,52534.62,40399122.78,629457.65,13.69,5530639.91,4443100.15,51002320.49,AUD,54,Sea,26-01-2026,27-01-2026,1,Approved,Cancelled,40399122.78
PO003005,26-02-2026,S0171,P0181,WH007,CT00006,International,458,3257.32,1491852.56,36484.98,13.1,195432.69,130437.31,1854207.54,GBP,106,Rail,15-03-2026,15-03-2026,0,Pending,Delivered,1491852.56
PO003006,21-10-2025,S0207,P0234,WH006,CT00230,International,218,23608.41,5146633.38,38809.37,14.65,753981.79,569334.88,6508759.42,EUR,90.5,Rail,07-11-2025,07-11-2025,0,Approved,Delivered,5146633.38
PO003007,25-03-2026,S0198,P0196,WH005,CT00567,International,718,64446.59,46272651.62,1394338.38,10.14,4692046.87,5349606.15,57708643.02,EUR,90.5,Road,18-04-2026,18-04-2026,0,Pending,Delivered,46272651.62
PO003008,23-04-2025,S0149,P0168,WH007,CT00336,International,179,81369.7,14565176.3,458556.44,8.63,1256974.71,1069676.59,17350384.04,SGD,62,Road,15-05-2025,15-05-2025,0,Pending,Partially Delivered,14565176.3
PO003009,21-03-2025,S0172,P0052,WH010,CT00540,International,49,16782.38,822336.62,33721,10.11,83138.23,99352.27,1038548.12,AUD,54,Road,05-04-2025,05-04-2025,0,Approved,Cancelled,822336.62
PO003010,26-05-2025,S0188,P0166,WH008,CT00084,International,23,18887.46,434411.58,11776.93,10.62,46134.51,27137.51,519460.53,GBP,106,Air,19-06-2025,20-06-2025,1,Approved,Delivered,434411.58
PO003011,31-01-2026,S0207,P0154,WH008,CT00230,International,527,33189.41,17490819.07,342170.2,17.99,3146598.35,2064088.72,23043676.34,EUR,90.5,Rail,16-02-2026,16-02-2026,0,Approved,Delivered,17490819.07
PO003012,05-03-2026,S0190,P0071,WH009,CT00416,International,987,34458.07,34010115.09,951068.54,13.29,4519944.3,2408224.12,41889352.05,SGD,62,Rail,14-03-2026,17-03-2026,3,Approved,Partially Delivered,34010115.09
PO003013,09-03-2026,S0210,P0187,WH009,CT00264,International,248,36492.83,9050221.84,174964.43,14.03,1269746.12,683074.76,11178007.15,EUR,90.5,Rail,18-03-2026,19-03-2026,1,Approved,Delivered,9050221.84
PO003014,24-12-2025,S0176,P0110,WH005,CT00501,International,332,19711.75,6544301,157341.72,13.19,863193.3,799851.17,8364687.19,GBP,106,Air,15-01-2026,15-01-2026,0,Pending,Delivered,6544301
PO003015,26-09-2025,S0155,P0192,WH005,CT00437,International,277,42960.39,11900028.03,139533.22,14.66,1744544.11,1145022.57,14929127.93,AUD,54,Sea,11-10-2025,11-10-2025,0,Approved,Cancelled,11900028.03
PO003016,13-07-2025,S0201,P0139,WH008,CT00226,International,850,70517.92,59940232,1465446.36,5.55,3326682.88,5680051.1,70412412.34,EUR,90.5,Air,08-08-2025,08-08-2025,0,Approved,Delivered,59940232
PO003017,06-01-2026,S0174,P0059,WH007,CT00327,International,352,57831.43,20356663.36,914803.93,7.94,1616319.07,2274749.4,25162535.76,SGD,62,Rail,28-01-2026,30-01-2026,2,Approved,Cancelled,20356663.36
PO003018,22-03-2026,S0182,P0198,WH007,CT00078,International,139,75629.99,10512568.61,391157.3,6.92,727469.75,764539.89,12395735.55,JPY,0.56,Air,20-04-2026,20-04-2026,0,Approved,Delivered,10512568.61
PO003019,30-07-2025,S0216,P0166,WH007,CT00316,International,533,19716.49,10508889.17,169071.29,12.44,1307305.81,965290.25,12950556.52,SGD,62,Rail,26-08-2025,26-08-2025,0,Approved,Delivered,10508889.17
PO003020,08-07-2025,S0127,P0120,WH007,CT00104,International,236,80437.47,18983242.92,152196.79,11.1,2107139.96,1257040.66,22499620.33,AED,22.7,Sea,05-08-2025,08-08-2025,3,Approved,Delivered,18983242.92
PO003021,17-04-2025,S0127,P0250,WH006,CT00456,International,325,63833.1,20745757.5,848367.77,14.16,2937599.26,1518695.27,26050419.8,AED,22.7,Sea,09-05-2025,10-05-2025,1,Pending,Delivered,20745757.5
PO003022,01-09-2025,S0130,P0137,WH008,CT00257,International,415,16467.69,6834091.35,97401.69,14.58,996410.52,937266.86,8865170.42,SGD,62,Air,22-09-2025,25-09-2025,3,Pending,Delivered,6834091.35
PO003023,06-02-2026,S0243,P0102,WH007,CT00263,International,601,56873.48,34180961.48,897018.18,8.21,2806256.94,2006221.75,39890458.35,CNY,11.6,Air,07-03-2026,07-03-2026,0,Approved,Delivered,34180961.48
PO003024,22-05-2026,S0169,P0029,WH010,CT00287,International,359,56468.27,20272108.93,220708.94,6.98,1414993.2,1436020.97,23343832.04,AUD,54,Rail,16-06-2026,17-06-2026,1,Approved,Delivered,20272108.93
PO003025,17-01-2025,S0244,P0206,WH009,CT00119,International,656,81040.24,53162397.44,2272962.62,7.28,3870222.53,2986237.73,62291820.32,EUR,90.5,Rail,04-02-2025,04-02-2025,0,Approved,Cancelled,53162397.44
PO003026,26-08-2025,S0133,P0091,WH009,CT00273,International,698,35675.26,24901331.48,375924.32,14.44,3595752.27,2700835.09,31573843.16,EUR,90.5,Sea,15-09-2025,15-09-2025,0,Approved,Partially Delivered,24901331.48
PO003027,17-04-2026,S0192,P0095,WH006,CT00388,International,839,24289.14,20378588.46,389511.86,12.07,2459695.63,2768157.83,25995953.78,JPY,0.56,Sea,18-05-2026,23-05-2026,5,Pending,Delivered,20378588.46
PO003028,09-02-2026,S0192,P0245,WH007,CT00319,International,371,46782.97,17356481.87,150925.07,9.14,1586382.44,2044357.84,21138147.22,JPY,0.56,Road,17-03-2026,17-03-2026,0,Approved,Cancelled,17356481.87
PO003029,07-04-2026,S0156,P0011,WH010,CT00181,International,719,59850.3,43032365.7,1357318.06,4.86,2091372.97,2566217.13,49047273.86,CNY,11.6,Air,18-04-2026,20-04-2026,2,Approved,Partially Delivered,43032365.7
PO003030,24-06-2025,S0163,P0225,WH009,CT00596,International,248,73372.94,18196489.12,805988.18,5.76,1048117.77,1856435.17,21907030.24,JPY,0.56,Rail,20-07-2025,21-07-2025,1,Approved,Delivered,18196489.12
PO003031,15-07-2025,S0126,P0292,WH006,CT00268,International,974,60173.26,58608755.24,518925.99,8.17,4788335.3,6331169.93,70247186.46,EUR,90.5,Rail,25-07-2025,25-07-2025,0,Approved,Partially Delivered,58608755.24
PO003032,19-02-2026,S0166,P0158,WH010,CT00139,International,372,33076.08,12304301.76,424620.8,2.63,323603.14,797213.88,13849739.58,EUR,90.5,Sea,25-02-2026,25-02-2026,0,Approved,Cancelled,12304301.76
PO003033,14-06-2026,S0160,P0214,WH006,CT00338,International,697,25816.78,17994295.66,331575.03,4.03,725170.12,1864114.08,20915154.89,CNY,11.6,Road,23-06-2026,23-06-2026,0,Approved,Delivered,17994295.66
PO003034,02-09-2025,S0157,P0227,WH010,CT00304,International,220,29706.71,6535476.2,264515.53,4.75,310435.12,580884.62,7691311.47,AUD,54,Air,02-10-2025,04-10-2025,2,Pending,Cancelled,6535476.2
PO003035,31-03-2025,S0207,P0013,WH005,CT00301,International,407,16878.07,6869374.49,295168.11,7.69,528254.9,593038.67,8285836.17,EUR,90.5,Air,18-04-2025,18-04-2025,0,Approved,Partially Delivered,6869374.49
PO003036,24-08-2025,S0213,P0247,WH009,CT00499,International,858,29881.54,25638361.32,491362.32,3.79,971693.89,1390652.4,28492069.93,AED,22.7,Air,30-08-2025,02-09-2025,3,Approved,Delivered,25638361.32
PO003037,11-09-2025,S0135,P0230,WH006,CT00424,International,60,49784.06,2987043.6,86144.68,8.06,240755.71,235162.1,3549106.09,EUR,90.5,Air,02-10-2025,02-10-2025,0,Approved,Delivered,2987043.6
PO003038,10-06-2025,S0223,P0036,WH008,No Contract,International,14,78118.75,1093662.5,31345.54,6.55,71634.89,81248.9,1277891.83,AED,22.7,Road,14-06-2025,14-06-2025,0,Approved,Cancelled,1093662.5
PO003039,30-03-2026,S0167,P0104,WH007,CT00025,International,682,24992.45,17044850.9,722802.66,17.05,2906147.08,1978135.24,22651935.88,USD,83.5,Road,15-04-2026,20-04-2026,5,Approved,Partially Delivered,17044850.9
PO003040,12-07-2025,S0209,P0072,WH008,CT00352,International,634,6364.71,4035226.14,112627.26,12.48,503596.22,480667.16,5132116.78,CNY,11.6,Sea,06-08-2025,06-08-2025,0,Approved,Partially Delivered,4035226.14
PO003041,09-04-2025,S0201,P0059,WH005,CT00226,International,209,64725.38,13527604.42,131969.09,10.6,1433926.07,854338.94,15947838.52,EUR,90.5,Road,01-05-2025,01-05-2025,0,Pending,Delivered,13527604.42
PO003042,16-02-2026,S0206,P0257,WH006,CT00061,International,424,67583.67,28655476.08,769880.59,5.51,1578916.73,3094416.3,34098689.7,GBP,106,Sea,04-03-2026,07-03-2026,3,Approved,Partially Delivered,28655476.08
PO003043,19-06-2026,S0235,P0152,WH008,CT00167,International,787,29045.97,22859178.39,169670.73,10.15,2320206.61,1388202.97,26737258.7,CNY,11.6,Air,11-07-2026,11-07-2026,0,Approved,Cancelled,22859178.39
PO003044,31-05-2025,S0190,P0103,WH010,CT00218,International,408,20725.18,8455873.44,284022.22,5.16,436323.07,967483.69,10143702.42,SGD,62,Rail,10-06-2025,11-06-2025,1,Approved,Delivered,8455873.44
PO003045,29-04-2026,S0131,P0083,WH005,CT00401,International,855,56437.89,48254395.95,1692594.87,12.11,5843607.35,2792765.8,58583363.97,GBP,106,Air,26-05-2026,26-05-2026,0,Approved,Cancelled,48254395.95
PO003046,09-12-2025,S0183,P0160,WH006,CT00471,International,412,42900.56,17675030.72,327637.55,10.76,1901833.31,1688930.57,21593432.15,USD,83.5,Sea,27-12-2025,27-12-2025,0,Approved,Delivered,17675030.72
PO003047,04-08-2025,S0127,P0116,WH008,CT00194,International,176,75517.31,13291046.56,435921.26,8.63,1147017.32,1285602.16,16159587.3,AED,22.7,Road,27-08-2025,27-08-2025,0,Pending,Partially Delivered,13291046.56
PO003048,26-07-2025,S0247,P0060,WH007,CT00058,International,799,4912.37,3924983.63,173143.54,7.83,307326.22,443201.61,4848655,EUR,90.5,Sea,24-08-2025,01-09-2025,8,Pending,Partially Delivered,3924983.63
PO003049,05-05-2026,S0151,P0266,WH008,CT00334,International,522,72579.05,37886264.1,408434.2,14.13,5353329.12,3479669.77,47127697.19,USD,83.5,Rail,25-05-2026,25-05-2026,0,Pending,Delivered,37886264.1
PO003050,07-02-2025,S0224,P0016,WH005,CT00023,International,218,88069.67,19199188.06,494774.37,6.43,1234507.79,2216985.7,23145455.92,AUD,54,Road,23-02-2025,24-02-2025,1,Approved,Delivered,19199188.06
PO003051,09-06-2026,S0215,P0149,WH006,CT00365,International,433,49854.11,21586829.63,596117.26,8.7,1878054.18,2055745.68,26116746.75,AED,22.7,Rail,16-06-2026,18-06-2026,2,Approved,Cancelled,21586829.63
PO003052,01-04-2025,S0170,P0234,WH008,CT00122,International,661,24842.99,16421216.39,266942.82,12.66,2078925.99,1790749.82,20557835.02,JPY,0.56,Air,18-04-2025,19-04-2025,1,Approved,Delivered,16421216.39
PO003053,13-04-2025,S0172,P0287,WH009,CT00540,International,935,80276.68,75058695.8,868739.63,6.84,5134014.79,5484994.33,86546444.55,AUD,54,Road,26-04-2025,26-04-2025,0,Approved,Delivered,75058695.8
PO003054,21-04-2026,S0245,P0083,WH008,CT00045,International,670,51373.57,34420291.9,1400226.68,17.9,6161232.25,2468237.94,44449988.77,JPY,0.56,Air,06-05-2026,06-05-2026,0,Approved,Delivered,34420291.9
PO003055,16-09-2025,S0162,P0036,WH009,CT00062,International,46,83214.44,3827864.24,110391.64,11.58,443266.68,342814.42,4724336.98,CNY,11.6,Air,04-10-2025,04-10-2025,0,Approved,Partially Delivered,3827864.24
PO003056,02-03-2025,S0177,P0292,WH007,CT00208,International,297,59952.15,17805788.55,111433.06,13.93,2480346.35,1354753.55,21752321.51,EUR,90.5,Road,21-03-2025,23-03-2025,2,Approved,Cancelled,17805788.55
PO003057,22-12-2025,S0197,P0270,WH008,CT00321,International,154,76815.77,11829628.58,174260.41,13.9,1644318.37,1346483.6,14994690.96,AUD,54,Road,09-01-2026,10-01-2026,1,Approved,Delivered,11829628.58
PO003058,18-05-2026,S0240,P0161,WH009,CT00047,International,520,50643.11,26334417.2,140628.53,3,790032.52,1656456.45,28921534.7,JPY,0.56,Air,18-06-2026,18-06-2026,0,Pending,Delivered,26334417.2
PO003059,04-05-2026,S0239,P0141,WH006,CT00291,International,460,24922.23,11464225.8,144562.27,3.49,400101.48,690779.89,12699669.44,SGD,62,Sea,08-05-2026,13-05-2026,5,Approved,Delivered,11464225.8
PO003060,01-06-2026,S0152,P0280,WH008,CT00223,International,967,35623.78,34448195.26,269349.46,12.6,4340472.6,2007982.39,41065999.71,SGD,62,Rail,17-06-2026,18-06-2026,1,Approved,Delivered,34448195.26
PO003061,19-06-2025,S0220,P0258,WH008,CT00188,International,33,28519.61,941147.13,32449.95,2.5,23528.68,60287.3,1057413.06,CNY,11.6,Road,24-07-2025,24-07-2025,0,Approved,Delivered,941147.13
PO003062,15-09-2025,S0171,P0252,WH010,CT00269,International,857,1080.2,925731.4,15013.43,12.3,113864.96,118011.12,1172620.91,GBP,106,Sea,01-10-2025,01-10-2025,0,Approved,Partially Delivered,925731.4
PO003063,05-01-2025,S0163,P0106,WH008,CT00270,International,444,16928.6,7516298.4,252910.68,16.06,1207117.52,964189.41,9940516.01,JPY,0.56,Air,31-01-2025,31-01-2025,0,Pending,Partially Delivered,7516298.4
PO003064,24-02-2026,S0209,P0128,WH010,CT00464,International,594,32655.92,19397616.48,813335.98,13.53,2624497.51,2293312.74,25128762.71,CNY,11.6,Road,20-03-2026,20-03-2026,0,Pending,Delivered,19397616.48
PO003065,03-07-2025,S0227,P0181,WH007,No Contract,International,28,3038.25,85071,2182.54,6.48,5512.6,5758.74,98524.88,EUR,90.5,Air,16-07-2025,16-07-2025,0,Approved,Partially Delivered,85071
PO003066,26-01-2025,S0249,P0229,WH007,CT00280,International,360,6874.52,2474827.2,22441.87,6.76,167298.32,208760.88,2873328.27,GBP,106,Rail,11-02-2025,13-02-2025,2,Approved,Cancelled,2474827.2
PO003067,06-02-2025,S0153,P0079,WH008,CT00145,International,862,50858,43839596,643281.65,7.83,3432640.37,4695245.84,52610763.86,EUR,90.5,Sea,12-03-2025,17-03-2025,5,Approved,Delivered,43839596
PO003068,31-03-2026,S0237,P0133,WH009,CT00036,International,912,70403.78,64208247.36,915979.51,9.75,6260304.12,7139875.73,78524406.72,USD,83.5,Air,21-04-2026,21-04-2026,0,Pending,Partially Delivered,64208247.36
PO003069,06-04-2025,S0135,P0218,WH006,CT00072,International,917,50714.28,46504994.76,1222633.02,3.25,1511412.33,5746394.06,54985434.17,EUR,90.5,Air,26-04-2025,26-04-2025,0,Approved,Delivered,46504994.76
PO003070,06-06-2026,S0236,P0186,WH005,CT00172,International,731,60638.16,44326494.96,1859857.79,17.86,7916712,5347426.86,59450491.61,EUR,90.5,Air,29-06-2026,04-07-2026,5,Approved,Delivered,44326494.96
PO003071,01-11-2025,S0231,P0197,WH009,CT00570,International,350,21996.07,7698624.5,73300.21,3.19,245586.12,803250.9,8820761.73,SGD,62,Air,13-11-2025,13-11-2025,0,Approved,Cancelled,7698624.5
PO003072,01-03-2025,S0239,P0199,WH008,CT00291,International,324,59892.41,19405140.84,657766.47,7.87,1527184.58,1967664.31,23557756.2,SGD,62,Sea,04-03-2025,04-03-2025,0,Approved,Delivered,19405140.84
PO003073,11-12-2025,S0144,P0090,WH005,CT00016,International,307,73685.36,22621405.52,439179.53,8.76,1981635.12,1522628.41,26564848.58,GBP,106,Rail,31-12-2025,31-12-2025,0,Approved,Cancelled,22621405.52
PO003074,02-05-2025,S0189,P0192,WH007,CT00463,International,650,45962.94,29875911,255720.57,14.67,4382796.14,2896415.55,37410843.26,EUR,90.5,Rail,24-05-2025,25-05-2025,1,Approved,Delivered,29875911
PO003075,17-12-2025,S0148,P0047,WH010,CT00343,International,239,85857.04,20519832.56,812476.85,9.11,1869356.75,1784082.09,24985748.25,AED,22.7,Road,04-01-2026,04-01-2026,0,Approved,Cancelled,20519832.56
PO003076,21-05-2026,S0228,P0094,WH006,CT00377,International,477,24036.92,11465610.84,456844.87,9.22,1057129.32,1084105.39,14063690.42,SGD,62,Air,06-06-2026,07-06-2026,1,Pending,Cancelled,11465610.84
PO003077,15-01-2026,S0181,P0008,WH005,CT00099,International,690,62165.12,42893932.8,495871.18,10.14,4349444.79,4757732.06,52496980.83,AED,22.7,Sea,28-01-2026,31-01-2026,3,Approved,Cancelled,42893932.8
PO003078,26-02-2025,S0171,P0205,WH008,CT00006,International,713,24199.38,17254157.94,131698.39,12.23,2110183.52,2286072.8,21782112.65,GBP,106,Road,12-03-2025,12-03-2025,0,Approved,Partially Delivered,17254157.94
PO003079,31-10-2025,S0147,P0152,WH007,CT00151,International,823,28696.66,23617351.18,446468.91,9.19,2170434.57,2674995.31,28909249.97,EUR,90.5,Road,20-11-2025,20-11-2025,0,Pending,Delivered,23617351.18
PO003080,06-12-2025,S0226,P0237,WH008,CT00335,International,250,27485.28,6871320,40103.08,4.54,311957.93,594363.13,7817744.14,SGD,62,Sea,06-01-2026,08-01-2026,2,Approved,Delivered,6871320
PO003081,14-11-2025,S0141,P0244,WH005,CT00121,International,356,14069.48,5008734.88,173176.02,8.55,428246.83,521371.02,6131528.75,AED,22.7,Rail,29-11-2025,29-11-2025,0,Approved,Delivered,5008734.88
PO003082,04-08-2026,S0189,P0062,WH010,CT00463,International,915,63303.42,57922629.3,1500820.07,11.9,6892792.89,4643956.79,70960199.05,EUR,90.5,Road,30-08-2026,31-08-2026,1,Approved,Delivered,57922629.3
PO003083,15-07-2025,S0222,P0143,WH010,CT00382,International,342,79011.9,27022069.8,360299.68,8.67,2342813.45,1979746.53,31704929.46,AED,22.7,Rail,04-08-2025,05-08-2025,1,Approved,Delivered,27022069.8
PO003084,09-03-2026,S0175,P0085,WH010,CT00248,International,354,64983.21,23004056.34,926795.37,5.85,1345737.3,1303989.68,26580578.69,CNY,11.6,Road,19-03-2026,19-03-2026,0,Pending,Delivered,23004056.34
PO003085,03-08-2026,S0141,P0012,WH007,CT00174,International,923,87537.4,80797020.2,2752606.12,4.58,3700503.53,5793144.82,93043274.67,AED,22.7,Air,11-08-2026,11-08-2026,0,Approved,Partially Delivered,80797020.2
PO003086,26-05-2026,S0173,P0276,WH006,CT00461,International,426,76003.08,32377312.08,1211867.3,15.74,5096188.92,3579844.08,42265212.38,AUD,54,Air,01-06-2026,01-06-2026,0,Approved,Partially Delivered,32377312.08
PO003087,29-11-2025,S0150,P0264,WH007,CT00018,International,207,13038.46,2698961.22,76825.47,10.03,270705.81,278181.56,3324674.06,SGD,62,Rail,25-12-2025,25-12-2025,0,Pending,Delivered,2698961.22
PO003088,11-10-2025,S0229,P0134,WH008,CT00434,International,825,15719.82,12968851.5,489312.71,12.79,1658716.11,1128012.01,16244892.33,EUR,90.5,Air,27-10-2025,27-10-2025,0,Pending,Delivered,12968851.5
PO003089,25-06-2026,S0179,P0210,WH009,CT00066,International,596,68664.39,40923976.44,1495987.99,8.47,3466260.8,3762675.49,49648900.72,GBP,106,Air,10-07-2026,11-07-2026,1,Approved,Partially Delivered,40923976.44
PO003090,08-03-2025,S0209,P0263,WH007,CT00051,International,31,79528.05,2465369.55,56371.89,14.98,369312.36,178648.85,3069702.65,CNY,11.6,Sea,11-04-2025,11-04-2025,0,Pending,Cancelled,2465369.55
PO003091,07-10-2025,S0153,P0120,WH008,CT00092,International,114,83733.11,9545574.54,83303.2,14.96,1428017.95,1130528.36,12187424.05,EUR,90.5,Air,03-11-2025,05-11-2025,2,Approved,Delivered,9545574.54
PO003092,24-10-2025,S0204,P0234,WH007,CT00262,International,540,21852.45,11800323,427822.28,14.66,1729927.35,1503114.75,15461187.38,JPY,0.56,Rail,17-11-2025,18-11-2025,1,Pending,Delivered,11800323
PO003093,21-06-2026,S0191,P0218,WH009,CT00496,International,522,46643.63,24347974.86,204190.26,11.99,2919322.19,1782479.15,29253966.46,EUR,90.5,Rail,29-06-2026,01-07-2026,2,Approved,Delivered,24347974.86
PO003094,01-10-2025,S0151,P0111,WH010,CT00334,International,392,12757.5,5000940,182227.08,5.01,250547.09,495112.11,5928826.28,USD,83.5,Air,16-10-2025,24-10-2025,8,Approved,Partially Delivered,5000940
PO003095,12-10-2025,S0165,P0117,WH005,CT00558,International,452,48029.26,21709225.52,784944.21,11.39,2472680.79,2014606.79,26981457.31,USD,83.5,Sea,07-11-2025,10-11-2025,3,Approved,Partially Delivered,21709225.52
PO003096,05-04-2025,S0182,P0150,WH010,CT00078,International,939,70100.85,65824698.15,767482.02,6.72,4423419.72,5091013.02,76106612.91,JPY,0.56,Rail,23-04-2025,23-04-2025,0,Approved,Cancelled,65824698.15
PO003097,29-07-2025,S0178,P0195,WH005,CT00592,International,514,61683.09,31705108.26,1412216.02,8.89,2818584.12,2895014.62,38830923.02,JPY,0.56,Sea,14-08-2025,16-08-2025,2,Approved,Delivered,31705108.26
PO003098,29-07-2026,S0240,P0140,WH010,CT00047,International,430,69405.14,29844210.2,373980.95,17.58,5246612.15,3960244.46,39425047.76,JPY,0.56,Road,26-08-2026,26-08-2026,0,Approved,Cancelled,29844210.2
PO003099,06-06-2025,S0197,P0013,WH006,CT00457,International,812,14641.91,11889230.92,199160.68,4.5,535015.39,1146419.62,13769826.61,AUD,54,Air,23-06-2025,23-06-2025,0,Approved,Partially Delivered,11889230.92
PO003100,26-07-2026,S0147,P0147,WH009,CT00151,International,910,74059.19,67393862.9,794767.18,14.08,9489055.9,6569214.03,84246900.01,EUR,90.5,Sea,12-08-2026,12-08-2026,0,Approved,Delivered,67393862.9
PO003101,25-09-2025,S0155,P0066,WH010,CT00526,International,570,48194.4,27470808,269900.86,12.36,3395391.87,2038504.89,33174605.62,AUD,54,Sea,30-09-2025,30-09-2025,0,Approved,Delivered,27470808
PO003102,30-06-2026,S0235,P0191,WH007,CT00167,International,321,83776.59,26892285.39,1000808.25,17.96,4829854.46,3138817.37,35861765.47,CNY,11.6,Road,20-07-2026,20-07-2026,0,Pending,Delivered,26892285.39
PO003103,05-01-2026,S0228,P0053,WH009,CT00148,International,439,34676.27,15222882.53,321133.56,16.34,2487419.01,1427158.21,19458593.31,SGD,62,Air,28-01-2026,28-01-2026,0,Pending,Partially Delivered,15222882.53
PO003104,12-05-2025,S0244,P0112,WH009,CT00362,International,771,22432.63,17295557.73,136174.48,7.11,1229714.15,1101873.82,19763320.18,EUR,90.5,Sea,02-06-2025,07-06-2025,5,Approved,Delivered,17295557.73
PO003105,12-03-2025,S0199,P0207,WH009,CT00302,International,840,34666.03,29119465.2,268604.34,12.75,3712731.81,2325390.74,35426192.09,EUR,90.5,Rail,08-04-2025,08-04-2025,0,Approved,Delivered,29119465.2
PO003106,30-06-2025,S0195,P0009,WH005,CT00161,International,447,48317.38,21597868.86,189630.45,15.09,3259118.41,2022829.2,27069446.92,AUD,54,Air,05-08-2025,10-08-2025,5,Approved,Delivered,21597868.86
PO003107,15-01-2025,S0194,P0005,WH010,CT00207,International,524,32846.32,17211471.68,682649.75,11.3,1944896.3,2130798.16,21969815.89,USD,83.5,Sea,28-01-2025,28-01-2025,0,Approved,Partially Delivered,17211471.68
PO003108,04-01-2026,S0146,P0248,WH007,CT00564,International,751,85802.73,64437850.23,1027263.12,13.24,8531571.37,6392791.22,80389475.94,EUR,90.5,Road,04-02-2026,06-02-2026,2,Approved,Delivered,64437850.23
PO003109,04-08-2025,S0197,P0147,WH006,CT00321,International,652,76611.64,49950789.28,1590822.81,16.64,8311811.34,5919307.92,65772731.35,AUD,54,Sea,13-08-2025,13-08-2025,0,Approved,Cancelled,49950789.28
PO003110,02-04-2025,S0236,P0240,WH005,CT00172,International,300,77452.07,23235621,908054.86,6.36,1477785.5,1954779.52,27576240.88,EUR,90.5,Sea,21-04-2025,21-04-2025,0,Pending,Cancelled,23235621
PO003111,01-03-2026,S0126,P0022,WH007,CT00268,International,699,65540.55,45812844.45,441371.29,2.06,943744.6,3748174.19,50946134.53,EUR,90.5,Rail,14-03-2026,19-03-2026,5,Approved,Delivered,45812844.45
PO003112,01-02-2026,S0186,P0121,WH010,CT00113,International,898,18214.06,16356225.88,621850.24,15.64,2558113.73,2219463.33,21755653.18,EUR,90.5,Road,16-02-2026,16-02-2026,0,Pending,Delivered,16356225.88
PO003113,19-12-2025,S0226,P0240,WH008,CT00335,International,229,86639.03,19840337.87,528937.05,7.93,1573338.79,2005703.33,23948317.04,SGD,62,Rail,12-01-2026,15-01-2026,3,Approved,Delivered,19840337.87
PO003114,10-08-2025,S0210,P0001,WH009,CT00264,International,705,47847.26,33732318.3,971469.27,9.66,3258541.95,3474321.87,41436651.39,EUR,90.5,Road,24-08-2025,24-08-2025,0,Approved,Cancelled,33732318.3
PO003115,19-04-2026,S0200,P0097,WH009,CT00300,International,722,68769.95,49651903.9,1737589.34,5.26,2611690.15,5887907.76,59889091.15,EUR,90.5,Sea,12-05-2026,12-05-2026,0,Approved,Cancelled,49651903.9
PO003116,12-02-2026,S0168,P0283,WH008,CT00374,International,945,50640.04,47854837.8,2048382.22,15.89,7604133.73,4471066.32,61978420.07,EUR,90.5,Air,03-03-2026,03-03-2026,0,Approved,Cancelled,47854837.8
PO003117,15-07-2025,S0236,P0095,WH006,CT00077,International,586,28086.62,16458759.32,735256.6,12.68,2086970.68,1951220.73,21232207.33,EUR,90.5,Rail,01-08-2025,01-08-2025,0,Approved,Cancelled,16458759.32
PO003118,26-02-2026,S0248,P0104,WH009,CT00591,International,857,23196.16,19879109.12,822133.78,14.6,2902349.93,1714858.27,25318451.1,GBP,106,Road,11-03-2026,13-03-2026,2,Approved,Delivered,19879109.12
PO003119,27-05-2026,S0151,P0145,WH008,CT00334,International,885,63671.75,56349498.75,2520861.73,8.07,4547404.55,7608312.21,71026077.24,USD,83.5,Rail,12-06-2026,13-06-2026,1,Approved,Delivered,56349498.75
PO003120,25-04-2026,S0215,P0072,WH005,CT00365,International,798,6996.41,5583135.18,155752.98,16.86,941316.59,698566.94,7378771.69,AED,22.7,Air,05-05-2026,07-05-2026,2,Approved,Partially Delivered,5583135.18
PO003121,21-02-2025,S0186,P0100,WH005,CT00449,International,368,770.76,283639.68,2019.7,4.79,13586.34,33041.43,332287.15,EUR,90.5,Rail,11-03-2025,11-03-2025,0,Approved,Delivered,283639.68
PO003122,13-07-2025,S0219,P0018,WH006,No Contract,International,125,29265.28,3658160,99601.9,9.56,349720.1,246233.07,4353715.07,EUR,90.5,Sea,03-08-2025,03-08-2025,0,Approved,Cancelled,3658160
PO003123,29-12-2025,S0230,P0120,WH008,CT00359,International,976,72538.42,70797497.92,2083924.92,13.53,9578901.47,6039753.17,88500077.48,EUR,90.5,Road,15-01-2026,15-01-2026,0,Approved,Partially Delivered,70797497.92
PO003124,20-01-2025,S0227,P0140,WH005,No Contract,International,305,64567.57,19693108.85,214659.43,2,393862.18,1395206.42,21696836.88,EUR,90.5,Air,24-01-2025,24-01-2025,0,Approved,Delivered,19693108.85
PO003125,08-04-2026,S0205,P0163,WH006,CT00569,International,874,53685.96,46921529.04,812779.8,12.14,5696273.63,2857676.34,56288258.81,AED,22.7,Air,06-05-2026,08-05-2026,2,Approved,Delivered,46921529.04
PO003126,15-08-2025,S0136,P0293,WH006,CT00277,International,413,42854.26,17698809.38,661868.93,16.64,2945081.88,1292837.61,22598597.8,EUR,90.5,Air,13-09-2025,21-09-2025,8,Approved,Cancelled,17698809.38
PO003127,17-03-2025,S0199,P0121,WH008,CT00586,International,221,16256.82,3592757.22,54833.47,16.69,599631.18,467360.76,4714582.63,EUR,90.5,Sea,13-04-2025,14-04-2025,1,Approved,Cancelled,3592757.22
PO003128,04-05-2025,S0153,P0143,WH008,CT00568,International,371,84160.88,31223686.48,928155.67,3.81,1189622.45,3804517.93,37145982.53,EUR,90.5,Road,08-06-2025,10-06-2025,2,Approved,Delivered,31223686.48
PO003129,26-11-2025,S0224,P0097,WH009,CT00438,International,659,70438.27,46418819.93,509646.46,7.64,3546397.84,3616073.44,54090937.67,AUD,54,Sea,10-12-2025,10-12-2025,0,Approved,Delivered,46418819.93
PO003130,28-03-2025,S0221,P0109,WH006,CT00430,International,562,57939.9,32562223.8,581857.29,8.42,2741739.24,2815971.51,38701791.84,EUR,90.5,Rail,26-04-2025,26-04-2025,0,Pending,Cancelled,32562223.8
PO003131,12-04-2026,S0146,P0140,WH006,CT00245,International,663,60014.97,39789925.11,467243.37,4.39,1746777.71,2623709.42,44627655.61,EUR,90.5,Air,05-05-2026,06-05-2026,1,Pending,Partially Delivered,39789925.11
PO003132,10-05-2025,S0168,P0115,WH009,CT00374,International,324,29039.98,9408953.52,390967,7.81,734839.27,696040.35,11230800.14,EUR,90.5,Road,22-05-2025,22-05-2025,0,Pending,Cancelled,9408953.52
PO003133,21-06-2026,S0248,P0146,WH008,CT00508,International,663,63106.65,41839708.95,266080.31,5.7,2384863.41,2787214.13,47277866.8,GBP,106,Sea,25-06-2026,27-06-2026,2,Pending,Partially Delivered,41839708.95
PO003134,04-06-2025,S0210,P0057,WH006,CT00264,International,757,38216.68,28930026.76,1014225.98,12.59,3642290.37,3740137.73,37326680.84,EUR,90.5,Rail,21-06-2025,22-06-2025,1,Approved,Partially Delivered,28930026.76
PO003135,24-03-2025,S0225,P0297,WH009,CT00173,International,229,26353.37,6034921.73,179990.25,6.84,412788.65,790350.02,7418050.65,USD,83.5,Road,24-04-2025,24-04-2025,0,Approved,Delivered,6034921.73
PO003136,24-01-2025,S0247,P0144,WH010,CT00058,International,420,41775.47,17545697.4,496628.03,7.39,1296627.04,1799820.76,21138773.23,EUR,90.5,Rail,24-02-2025,24-02-2025,0,Approved,Delivered,17545697.4
PO003137,27-01-2025,S0243,P0220,WH005,CT00263,International,653,91607.6,59819762.8,1145789.07,12.76,7633001.73,8009221.78,76607775.38,CNY,11.6,Air,20-02-2025,20-02-2025,0,Approved,Delivered,59819762.8
PO003138,06-04-2025,S0231,P0151,WH008,CT00570,International,64,6906.74,442031.36,11052.41,8.26,36511.79,57407.02,547002.58,SGD,62,Sea,28-04-2025,28-04-2025,0,Pending,Delivered,442031.36
PO003139,25-06-2025,S0180,P0144,WH008,CT00196,International,209,40601.32,8485675.88,47367.3,13.34,1131989.16,660166.43,10325198.77,JPY,0.56,Sea,31-07-2025,31-07-2025,0,Approved,Delivered,8485675.88
PO003140,28-01-2026,S0192,P0245,WH006,CT00388,International,660,53754.21,35477778.6,562519.61,11.55,4097683.43,2911534.39,43049516.03,JPY,0.56,Rail,23-02-2026,23-02-2026,0,Approved,Partially Delivered,35477778.6
PO003141,05-03-2026,S0180,P0165,WH010,CT00196,International,765,48700.64,37255989.6,1330841.03,16.31,6076451.9,3800899.43,48464181.96,JPY,0.56,Rail,30-03-2026,30-03-2026,0,Pending,Partially Delivered,37255989.6
PO003142,25-05-2025,S0129,P0232,WH007,CT00105,International,356,35171.37,12521007.72,96351.48,9.93,1243336.07,1226874.54,15087569.81,USD,83.5,Road,14-06-2025,14-06-2025,0,Approved,Delivered,12521007.72
PO003143,24-09-2025,S0235,P0103,WH008,CT00167,International,10,20708.03,207080.3,2761.12,9.13,18906.43,18507.01,247254.86,CNY,11.6,Air,13-10-2025,13-10-2025,0,Approved,Partially Delivered,207080.3
PO003144,13-04-2025,S0136,P0075,WH009,CT00087,International,435,23675.37,10298785.95,150096.5,10.26,1056655.44,653651.99,12159189.88,EUR,90.5,Road,10-05-2025,11-05-2025,1,Approved,Delivered,10298785.95
PO003145,06-02-2025,S0222,P0218,WH007,CT00222,International,464,43827.53,20335973.92,312471.87,14.94,3038194.5,1621059.44,25307699.73,AED,22.7,Rail,24-02-2025,25-02-2025,1,Approved,Partially Delivered,20335973.92
PO003146,17-11-2025,S0160,P0023,WH008,CT00338,International,980,17842.94,17486081.2,95342.39,3.68,643487.79,1089826.78,19314738.16,CNY,11.6,Air,23-11-2025,23-11-2025,0,Approved,Delivered,17486081.2
PO003147,17-07-2025,S0210,P0068,WH006,CT00264,International,939,5465.56,5132160.84,117207.54,16.24,833462.92,371641.5,6454472.8,EUR,90.5,Air,31-07-2025,31-07-2025,0,Approved,Partially Delivered,5132160.84
PO003148,09-09-2025,S0203,P0265,WH008,CT00454,International,523,28529.39,14920870.97,494342.2,13.43,2003872.97,947298.37,18366384.51,JPY,0.56,Sea,23-09-2025,05-10-2025,12,Approved,Partially Delivered,14920870.97
PO003149,01-08-2025,S0205,P0158,WH010,CT00569,International,253,33781.27,8546661.31,169539.22,5.32,454682.38,714709.36,9885592.27,AED,22.7,Rail,23-08-2025,23-08-2025,0,Pending,Cancelled,8546661.31
PO003150,28-08-2025,S0225,P0048,WH008,CT00094,International,574,74152.21,42563368.54,1332401.95,14.48,6163175.76,4806803.98,54865750.23,USD,83.5,Sea,27-09-2025,28-09-2025,1,Approved,Partially Delivered,42563368.54
PO003151,16-11-2025,S0198,P0081,WH010,CT00588,International,933,27473.57,25632840.81,926020.99,9.11,2335151.8,2872495.03,31766508.63,EUR,90.5,Rail,19-12-2025,20-12-2025,1,Approved,Cancelled,25632840.81
PO003152,09-07-2026,S0201,P0106,WH008,CT00226,International,976,16225.03,15835629.28,195559.68,6.38,1010313.15,1867591.17,18909093.28,EUR,90.5,Road,28-07-2026,28-07-2026,0,Approved,Cancelled,15835629.28
PO003153,31-07-2026,S0192,P0236,WH005,CT00388,International,23,66142.25,1521271.75,45406.27,16.37,249032.19,98754.85,1914465.06,JPY,0.56,Air,05-09-2026,05-09-2026,0,Approved,Cancelled,1521271.75
PO003154,02-12-2025,S0223,P0240,WH005,No Contract,International,604,84770.77,51201545.08,374923.86,12.06,6174906.34,4722716.17,62474091.45,AED,22.7,Rail,06-12-2025,11-12-2025,5,Approved,Delivered,51201545.08
PO003155,06-04-2026,S0213,P0053,WH010,CT00499,International,869,36393.99,31626377.31,488063.97,5.25,1660384.81,1896820.37,35671646.46,AED,22.7,Road,17-04-2026,17-04-2026,0,Pending,Cancelled,31626377.31
PO003156,24-07-2025,S0230,P0001,WH008,CT00118,International,612,42081.97,25754165.64,218593.71,17.04,4388509.83,3442241.57,33803510.75,EUR,90.5,Rail,11-08-2025,11-08-2025,0,Approved,Delivered,25754165.64
PO003157,01-05-2026,S0246,P0017,WH008,CT00331,International,460,79180.36,36422965.6,1001911.86,4.49,1635391.16,2245328.09,41305596.71,USD,83.5,Rail,25-05-2026,27-05-2026,2,Approved,Cancelled,36422965.6
PO003158,16-03-2025,S0207,P0294,WH005,CT00230,International,544,45864.55,24950315.2,342860.48,7.41,1848818.36,2802039.88,29944033.92,EUR,90.5,Sea,07-04-2025,12-04-2025,5,Approved,Cancelled,24950315.2
PO003159,11-04-2025,S0221,P0151,WH005,CT00244,International,131,6118.96,801583.76,7826.42,10.16,81440.91,83380.64,974231.73,EUR,90.5,Sea,14-05-2025,15-05-2025,1,Approved,Partially Delivered,801583.76
PO003160,09-09-2025,S0161,P0064,WH007,CT00548,International,452,77454.32,35009352.64,671364.22,17.77,6221161.96,2656307.22,44558186.04,AED,22.7,Rail,30-09-2025,30-09-2025,0,Pending,Delivered,35009352.64
PO003161,13-01-2026,S0129,P0277,WH010,CT00105,International,658,74571.42,49067994.36,1379635.9,4.74,2325822.93,5200194.76,57973647.95,USD,83.5,Road,02-02-2026,07-02-2026,5,Approved,Partially Delivered,49067994.36
PO003162,28-05-2026,S0159,P0088,WH008,CT00478,International,234,23603.51,5523221.34,235149.56,11.17,616943.82,436068.36,6811383.08,USD,83.5,Road,26-06-2026,26-06-2026,0,Approved,Delivered,5523221.34
PO003163,05-08-2025,S0191,P0041,WH006,CT00496,International,198,34123.84,6756520.32,48254.49,14.96,1010775.44,905383.92,8720934.17,EUR,90.5,Rail,10-08-2025,10-08-2025,0,Pending,Partially Delivered,6756520.32
PO003164,30-04-2025,S0164,P0234,WH009,CT00266,International,923,23334.18,21537448.14,358017.83,15.52,3342611.95,2404080.89,27642158.81,SGD,62,Rail,17-05-2025,22-05-2025,5,Approved,Partially Delivered,21537448.14
PO003165,30-06-2026,S0144,P0019,WH009,CT00016,International,151,44561.35,6728763.85,47948.6,6.34,426603.63,593228.36,7796544.44,GBP,106,Rail,19-07-2026,19-07-2026,0,Approved,Delivered,6728763.85
PO003166,21-03-2025,S0164,P0028,WH009,CT00580,International,196,14194.54,2782129.84,106079.89,11.06,307703.56,348914.77,3544828.06,SGD,62,Sea,09-04-2025,09-04-2025,0,Approved,Partially Delivered,2782129.84
PO003167,22-11-2025,S0220,P0122,WH010,CT00188,International,23,45548.22,1047609.06,7279.3,14.7,153998.53,122861.36,1331748.25,CNY,11.6,Road,26-12-2025,26-12-2025,0,Pending,Partially Delivered,1047609.06
PO003168,25-02-2025,S0229,P0127,WH007,CT00193,International,355,67272.13,23881606.15,752367.11,16.23,3875984.68,2598690.1,31108648.04,EUR,90.5,Rail,16-03-2025,18-03-2025,2,Approved,Delivered,23881606.15
PO003169,28-07-2025,S0175,P0292,WH008,CT00248,International,470,59591.87,28008178.9,592706.03,5.82,1630076.01,2316265.31,32547226.25,CNY,11.6,Road,30-07-2025,02-08-2025,3,Approved,Delivered,28008178.9
PO003170,23-07-2026,S0131,P0116,WH008,CT00401,International,276,72567.74,20028696.24,217858.29,2.09,418599.75,1983218.91,22648373.19,GBP,106,Rail,11-08-2026,13-08-2026,2,Approved,Delivered,20028696.24
PO003171,29-12-2025,S0215,P0281,WH005,CT00365,International,19,56338.79,1070437.01,22194.16,17.51,187433.52,100552.32,1380617.01,AED,22.7,Road,02-01-2026,04-01-2026,2,Approved,Delivered,1070437.01
PO003172,12-06-2025,S0128,P0082,WH005,CT00542,International,844,59552.51,50262318.44,1673854.83,6.48,3256998.23,3240811.37,58433982.87,AUD,54,Sea,13-07-2025,14-07-2025,1,Approved,Delivered,50262318.44
PO003173,10-01-2025,S0226,P0006,WH005,CT00335,International,347,74590.64,25882952.08,886526.2,2.69,696251.41,2357734.12,29823463.81,SGD,62,Sea,09-02-2025,17-02-2025,8,Approved,Delivered,25882952.08
PO003174,18-04-2025,S0177,P0041,WH007,CT00360,International,257,33762.06,8676849.42,307109.07,4.12,357486.2,832237.25,10173681.94,EUR,90.5,Road,04-05-2025,09-05-2025,5,Pending,Cancelled,8676849.42
PO003175,20-11-2025,S0200,P0191,WH005,CT00516,International,833,73901.19,61559691.27,759209.15,9.3,5725051.29,4633014.34,72676966.05,EUR,90.5,Air,12-12-2025,14-12-2025,2,Approved,Partially Delivered,61559691.27
PO003176,30-08-2025,S0139,P0032,WH009,CT00190,International,838,19261.93,16141497.34,442699.14,17,2744054.55,2195630.15,21523881.18,AED,22.7,Sea,25-09-2025,28-09-2025,3,Approved,Partially Delivered,16141497.34
PO003177,12-07-2026,S0151,P0153,WH005,CT00334,International,936,30244.51,28308861.36,323528.86,11.22,3176254.24,1600259.95,33408904.41,USD,83.5,Rail,03-08-2026,03-08-2026,0,Pending,Cancelled,28308861.36
PO003178,27-07-2026,S0169,P0293,WH009,CT00287,International,590,42143.95,24864930.5,360878.52,7.1,1765410.07,1453351.19,28444570.28,AUD,54,Road,17-08-2026,18-08-2026,1,Approved,Partially Delivered,24864930.5
PO003179,18-05-2026,S0245,P0207,WH010,CT00002,International,693,32983.09,22857281.37,565718.97,14.34,3277734.15,3145877.79,29846612.28,JPY,0.56,Air,27-05-2026,28-05-2026,1,Approved,Delivered,22857281.37
PO003180,22-07-2025,S0172,P0140,WH006,CT00540,International,711,67262.27,47823473.97,296208.45,16.83,8048690.67,5866109.6,62034482.69,AUD,54,Road,10-08-2025,11-08-2025,1,Approved,Partially Delivered,47823473.97
PO003181,23-06-2026,S0171,P0168,WH006,CT00006,International,813,83635.15,67995376.95,1524798.49,5.2,3535759.6,3708028.7,76763963.74,GBP,106,Air,08-07-2026,09-07-2026,1,Approved,Cancelled,67995376.95
PO003182,19-06-2026,S0170,P0214,WH008,CT00122,International,787,22991.57,18094365.59,331634.69,15.32,2772056.81,1751404.38,22949461.47,JPY,0.56,Road,29-06-2026,02-07-2026,3,Approved,Delivered,18094365.59
PO003183,22-05-2025,S0160,P0030,WH008,CT00380,International,670,76967.22,51568037.4,379689.57,15.6,8044613.83,5457783.17,65450123.97,CNY,11.6,Air,06-06-2025,07-06-2025,1,Pending,Delivered,51568037.4
PO003184,27-10-2025,S0250,P0054,WH009,CT00219,International,410,43657.93,17899751.3,546000.5,6.89,1233292.86,1756671.56,21435716.22,EUR,90.5,Rail,06-11-2025,06-11-2025,0,Pending,Partially Delivered,17899751.3
PO003185,04-01-2026,S0214,P0114,WH008,CT00528,International,524,72700.7,38095166.8,769950.3,6.07,2312376.62,3594468.53,44771962.25,EUR,90.5,Air,23-01-2026,23-01-2026,0,Approved,Cancelled,38095166.8
PO003186,24-05-2025,S0208,P0043,WH009,CT00205,International,612,23903.4,14628880.8,327585.04,7.57,1107406.28,1351954.26,17415826.38,GBP,106,Sea,15-06-2025,15-06-2025,0,Pending,Cancelled,14628880.8
PO003187,15-01-2025,S0239,P0161,WH005,CT00291,International,645,46165.89,29776999.05,324443.13,7.44,2215408.73,2380054.41,34696905.32,SGD,62,Sea,25-01-2025,26-01-2025,1,Approved,Cancelled,29776999.05
PO003188,17-01-2026,S0158,P0134,WH010,CT00015,International,495,14594.82,7224435.9,246675.19,14.03,1013588.36,580838.93,9065538.38,EUR,90.5,Rail,14-02-2026,14-02-2026,0,Pending,Cancelled,7224435.9
PO003189,07-05-2026,S0170,P0141,WH005,CT00122,International,691,26040.7,17994123.7,185657.44,9.15,1646462.32,1138836.96,20965080.42,JPY,0.56,Air,21-05-2026,21-05-2026,0,Pending,Partially Delivered,17994123.7
PO003190,14-05-2026,S0162,P0084,WH005,CT00062,International,138,38080.3,5255081.4,173188.01,5.51,289554.99,443827.86,6161652.26,CNY,11.6,Rail,26-05-2026,26-05-2026,0,Approved,Delivered,5255081.4
PO003191,19-04-2026,S0179,P0137,WH008,CT00066,International,511,16852.08,8611412.88,350795.68,7.18,618299.44,885818.41,10466326.41,GBP,106,Air,30-04-2026,01-05-2026,1,Approved,Cancelled,8611412.88
PO003192,09-06-2025,S0223,P0111,WH009,No Contract,International,973,14493.69,14102360.37,419202.75,13.79,1944715.5,1781683.31,18247961.93,AED,22.7,Rail,11-06-2025,11-06-2025,0,Pending,Delivered,14102360.37
PO003193,18-12-2025,S0183,P0266,WH006,CT00471,International,898,74718.5,67097213,2818450.84,15.79,10594649.93,5920250.95,86430564.72,USD,83.5,Road,08-01-2026,09-01-2026,1,Pending,Delivered,67097213
PO003194,28-05-2026,S0211,P0189,WH006,CT00395,International,333,52989.39,17645466.87,197261.93,9.99,1762782.14,1486884.29,21092395.23,AED,22.7,Rail,04-06-2026,04-06-2026,0,Approved,Cancelled,17645466.87
PO003195,09-11-2025,S0220,P0142,WH007,CT00188,International,354,57387.06,20315019.24,300731.98,5.62,1141704.08,2330036.94,24087492.24,CNY,11.6,Road,08-12-2025,08-12-2025,0,Approved,Cancelled,20315019.24
PO003196,20-02-2025,S0150,P0152,WH006,CT00018,International,682,32303.4,22030918.8,253245.48,2.43,535351.33,2210769.69,25030285.3,SGD,62,Air,19-03-2025,20-03-2025,1,Approved,Delivered,22030918.8
PO003197,24-04-2025,S0138,P0190,WH008,CT00351,International,836,68082.91,56917312.76,1267661.87,15.27,8691273.66,5193330.23,72069578.52,AUD,54,Sea,20-05-2025,20-05-2025,0,Approved,Partially Delivered,56917312.76
PO003198,06-05-2026,S0208,P0164,WH009,CT00026,International,534,79056.42,42216128.28,816705.11,9.53,4023197.03,3166234.63,50222265.05,GBP,106,Sea,24-05-2026,29-05-2026,5,Pending,Delivered,42216128.28
PO003199,22-04-2025,S0179,P0090,WH005,CT00066,International,24,87885.38,2109249.12,34012.01,12.17,256695.62,168834.67,2568791.42,GBP,106,Rail,04-05-2025,09-05-2025,5,Approved,Delivered,2109249.12
PO003200,01-09-2025,S0220,P0076,WH010,CT00249,International,277,69973.97,19382789.69,337838.78,13.74,2663195.3,1868013.11,24251836.88,CNY,11.6,Rail,02-10-2025,03-10-2025,1,Approved,Delivered,19382789.69
PO003201,09-05-2025,S0155,P0098,WH008,CT00526,International,614,22017.68,13518855.52,392019.28,12.26,1657411.69,871178.7,16439465.19,AUD,54,Air,18-05-2025,18-05-2025,0,Approved,Delivered,13518855.52
PO003202,27-10-2025,S0236,P0081,WH006,CT00077,International,899,31547.11,28360851.89,1089468.92,13.39,3797518.07,3278567.82,36526406.7,EUR,90.5,Air,18-11-2025,19-11-2025,1,Approved,Delivered,28360851.89
PO003203,26-02-2026,S0182,P0280,WH007,CT00260,International,631,35339.72,22299363.32,251858.27,5.77,1286673.26,2226155.19,26064050.04,JPY,0.56,Road,25-03-2026,06-04-2026,12,Approved,Cancelled,22299363.32
PO003204,17-07-2025,S0206,P0264,WH005,CT00061,International,864,14559.46,12579373.44,303089.91,12.01,1510782.75,1624600.47,16017846.57,GBP,106,Rail,02-08-2025,02-08-2025,0,Approved,Cancelled,12579373.44
PO003205,07-07-2025,S0163,P0187,WH007,CT00270,International,90,41755.14,3757962.6,121628.43,13.27,498681.64,244810.94,4623083.61,JPY,0.56,Road,10-08-2025,10-08-2025,0,Pending,Delivered,3757962.6
PO003206,16-05-2026,S0165,P0201,WH007,CT00303,International,566,82372.93,46623078.38,1112498.54,8.46,3944312.43,5636819.34,57316708.69,USD,83.5,Road,16-06-2026,18-06-2026,2,Approved,Partially Delivered,46623078.38
PO003207,05-02-2026,S0202,P0232,WH005,CT00348,International,617,35722.04,22040498.68,978196.97,16.35,3603621.53,2458627.96,29080945.14,AUD,54,Sea,18-02-2026,26-02-2026,8,Approved,Delivered,22040498.68
PO003208,27-12-2025,S0197,P0129,WH007,CT00347,International,624,19722.55,12306871.2,294886.69,12.8,1575279.51,845529.51,15022566.91,AUD,54,Sea,09-01-2026,11-01-2026,2,Approved,Cancelled,12306871.2
PO003209,27-02-2025,S0248,P0202,WH008,CT00508,International,92,32416.28,2982297.76,97127.3,15.14,451519.88,221186.54,3752131.48,GBP,106,Road,13-03-2025,14-03-2025,1,Approved,Delivered,2982297.76
PO003210,14-01-2025,S0172,P0269,WH009,CT00540,International,631,78839.49,49747718.19,1664504.1,9.76,4855377.3,3879133,60146732.59,AUD,54,Air,02-02-2025,02-02-2025,0,Approved,Partially Delivered,49747718.19
PO003211,19-01-2026,S0212,P0182,WH005,CT00186,International,945,20743.17,19602295.65,236847.93,2.34,458693.72,1431659.64,21729496.94,AUD,54,Rail,06-02-2026,14-02-2026,8,Approved,Delivered,19602295.65
PO003212,29-03-2026,S0237,P0194,WH009,CT00036,International,40,68819.21,2752768.4,49791.43,13.3,366118.2,309275.03,3477953.06,USD,83.5,Rail,20-04-2026,21-04-2026,1,Pending,Delivered,2752768.4
PO003213,06-05-2026,S0142,P0136,WH005,CT00281,International,948,33895.49,32132924.52,389446.26,8.14,2615620.06,2280512.73,37418503.57,JPY,0.56,Rail,24-05-2026,24-05-2026,0,Approved,Cancelled,32132924.52
PO003214,05-06-2026,S0242,P0182,WH009,CT00559,International,771,21461.86,16547094.06,647179.99,9.41,1557081.55,1967119.26,20718474.86,EUR,90.5,Rail,09-07-2026,17-07-2026,8,Approved,Cancelled,16547094.06
PO003215,04-06-2026,S0185,P0283,WH005,CT00136,International,510,53687.24,27380492.4,423041.87,5.91,1618187.1,2382493.81,31804215.18,AED,22.7,Road,18-06-2026,18-06-2026,0,Approved,Delivered,27380492.4
PO003216,12-02-2026,S0204,P0205,WH009,CT00262,International,716,27037.32,19358721.12,401818.08,10.14,1962974.32,1122356.29,22845869.81,JPY,0.56,Road,06-03-2026,06-03-2026,0,Approved,Partially Delivered,19358721.12
PO003217,13-10-2025,S0135,P0240,WH008,CT00424,International,641,87268.5,55939108.5,2021313.1,13.12,7339211.04,6485015.55,71784648.19,EUR,90.5,Sea,02-11-2025,02-11-2025,0,Approved,Delivered,55939108.5
PO003218,25-05-2026,S0242,P0021,WH008,CT00559,International,347,24686.06,8566062.82,299888.93,6.49,555937.48,541888.14,9963777.37,EUR,90.5,Rail,25-06-2026,28-06-2026,3,Approved,Delivered,8566062.82
PO003219,31-10-2025,S0166,P0288,WH005,CT00340,International,641,33321.14,21358850.74,686183.6,12.08,2580149.17,2398930.18,27024113.69,EUR,90.5,Road,08-11-2025,08-11-2025,0,Pending,Partially Delivered,21358850.74
PO003220,15-11-2025,S0144,P0204,WH010,CT00016,International,966,74851.97,72307003.02,1825947.67,15.39,11128047.76,8613764.23,93874762.68,GBP,106,Road,01-12-2025,01-12-2025,0,Approved,Cancelled,72307003.02
PO003221,11-03-2026,S0157,P0151,WH008,CT00022,International,562,6283.67,3531422.54,77739.14,2.56,90404.42,314204.95,4013771.05,AUD,54,Sea,06-04-2026,06-04-2026,0,Approved,Cancelled,3531422.54
PO003222,13-02-2025,S0162,P0098,WH008,CT00062,International,517,18909.68,9776304.56,140160.47,3.06,299154.92,830213.45,11045833.4,CNY,11.6,Air,04-03-2025,09-03-2025,5,Approved,Delivered,9776304.56
PO003223,04-05-2025,S0233,P0188,WH006,CT00485,International,232,2091.83,485304.56,11132.06,5.71,27710.89,40813.57,564961.08,AUD,54,Air,25-05-2025,02-06-2025,8,Pending,Partially Delivered,485304.56
PO003224,08-06-2025,S0166,P0116,WH006,CT00518,International,645,73830.17,47620459.65,1824536.84,8.39,3995356.56,3018654.6,56459007.65,EUR,90.5,Road,14-06-2025,15-06-2025,1,Pending,Delivered,47620459.65
PO003225,22-06-2026,S0152,P0147,WH007,CT00375,International,263,84629.84,22257647.92,896363.82,6.72,1495713.94,1391635.51,26041361.19,SGD,62,Sea,12-07-2026,15-07-2026,3,Approved,Cancelled,22257647.92
PO003226,31-05-2025,S0210,P0108,WH010,CT00264,International,236,38112.72,8994601.92,260104.45,5.69,511792.85,1011892.36,10778391.58,EUR,90.5,Rail,19-06-2025,19-06-2025,0,Approved,Partially Delivered,8994601.92
PO003227,29-05-2025,S0185,P0023,WH005,CT00136,International,166,17276.65,2867923.9,20887.49,6.37,182686.75,353603.92,3425102.06,AED,22.7,Air,11-06-2025,12-06-2025,1,Approved,Delivered,2867923.9
PO003228,02-07-2026,S0172,P0186,WH009,CT00540,International,780,70962.27,55350570.6,934149.82,4.88,2701107.85,5634643.77,64620472.04,AUD,54,Road,21-07-2026,21-07-2026,0,Approved,Delivered,55350570.6
PO003229,30-04-2025,S0238,P0113,WH008,CT00211,International,795,56916.28,45248442.6,511676.57,2.09,945692.45,3873608.66,50579420.28,CNY,11.6,Rail,18-05-2025,18-05-2025,0,Approved,Cancelled,45248442.6
PO003230,12-09-2025,S0149,P0175,WH008,CT00110,International,338,6583.51,2225226.38,24162.09,8.2,182468.56,134703.39,2566560.42,SGD,62,Road,04-10-2025,04-10-2025,0,Approved,Cancelled,2225226.38
PO003231,25-07-2025,S0178,P0014,WH005,CT00056,International,680,22103.62,15030461.6,653392.88,4.38,658334.22,1704499.18,18046687.88,JPY,0.56,Air,15-08-2025,15-08-2025,0,Approved,Delivered,15030461.6
PO003232,25-10-2025,S0233,P0061,WH008,CT00485,International,706,41595.22,29366225.32,325892.92,9.61,2822094.25,1933814.99,34448027.48,AUD,54,Rail,12-11-2025,12-11-2025,0,Pending,Delivered,29366225.32
PO003233,18-04-2025,S0140,P0260,WH009,CT00363,International,628,26817.33,16841283.24,431658.36,3.89,655125.92,2071975.38,20000042.9,JPY,0.56,Sea,07-05-2025,07-05-2025,0,Pending,Delivered,16841283.24
PO003234,12-01-2025,S0173,P0130,WH008,CT00461,International,870,28765.59,25026063.3,632952.03,16.24,4064232.68,3456709.33,33179957.34,AUD,54,Air,21-01-2025,24-01-2025,3,Approved,Delivered,25026063.3
PO003235,28-03-2026,S0175,P0094,WH005,CT00412,International,778,25345.87,19719086.86,598172.26,5.84,1151594.67,1272942.75,22741796.54,CNY,11.6,Air,09-04-2026,09-04-2026,0,Approved,Partially Delivered,19719086.86
PO003236,17-11-2025,S0145,P0061,WH010,CT00275,International,421,40858.79,17201550.59,490938.94,14.62,2514866.7,2186969.2,22394325.43,AED,22.7,Road,07-12-2025,08-12-2025,1,Approved,Cancelled,17201550.59
PO003237,31-12-2025,S0141,P0227,WH006,CT00121,International,39,26569.57,1036213.23,18454.29,16.44,170353.46,107226.05,1332247.03,AED,22.7,Road,09-01-2026,09-01-2026,0,Pending,Cancelled,1036213.23
PO003238,25-01-2025,S0171,P0125,WH007,CT00006,International,484,12589.78,6093453.52,207928.92,6.14,374138.05,677184.08,7352704.57,GBP,106,Sea,09-02-2025,10-02-2025,1,Pending,Partially Delivered,6093453.52
PO003239,28-04-2025,S0248,P0164,WH007,CT00591,International,993,80193.13,79631778.09,2541429.6,16.23,12924237.58,8600994.18,103698439.5,GBP,106,Rail,13-05-2025,16-05-2025,3,Pending,Delivered,79631778.09
PO003240,04-02-2025,S0236,P0089,WH009,CT00077,International,490,30089.95,14744075.5,148326.59,5,737203.78,1030695.29,16660301.16,EUR,90.5,Air,20-02-2025,20-02-2025,0,Approved,Partially Delivered,14744075.5
PO003241,20-04-2026,S0150,P0024,WH005,CT00018,International,407,28062.73,11421531.11,307984.43,16.46,1879984.02,1546064.96,15155564.52,SGD,62,Rail,18-05-2026,23-05-2026,5,Approved,Delivered,11421531.11
PO003242,23-07-2025,S0233,P0131,WH008,CT00178,International,405,23252.71,9417347.55,302573.04,14.85,1398476.11,983960.42,12102357.12,AUD,54,Sea,17-08-2025,17-08-2025,0,Pending,Delivered,9417347.55
PO003243,29-07-2026,S0128,P0200,WH010,CT00542,International,614,87107.54,53484029.56,2106209.19,8.78,4695897.8,3171390.13,63457526.68,AUD,54,Rail,29-08-2026,29-08-2026,0,Approved,Delivered,53484029.56
PO003244,29-05-2026,S0205,P0262,WH005,CT00225,International,270,75312.77,20334447.9,864021,13.33,2710581.91,2497437.86,26406488.67,AED,22.7,Rail,30-06-2026,30-06-2026,0,Approved,Cancelled,20334447.9
PO003245,18-03-2025,S0243,P0005,WH005,CT00263,International,359,36067.52,12948239.68,127941.32,5.21,674603.29,1337061.7,15087845.99,CNY,11.6,Sea,16-04-2025,18-04-2025,2,Pending,Partially Delivered,12948239.68
PO003246,06-04-2026,S0184,P0267,WH005,CT00313,International,462,10474.96,4839431.52,164418.57,6.35,307303.9,305039.04,5616193.03,USD,83.5,Road,06-05-2026,09-05-2026,3,Approved,Partially Delivered,4839431.52
PO003247,04-10-2025,S0193,P0293,WH010,CT00433,International,827,47216.08,39047698.16,1291337.57,4.79,1870384.74,2818016.29,45027436.76,AUD,54,Rail,19-10-2025,19-10-2025,0,Approved,Delivered,39047698.16
PO003248,14-10-2025,S0186,P0090,WH007,CT00113,International,70,78417.32,5489212.4,133046.38,7.47,410044.17,421845.33,6454148.28,EUR,90.5,Air,30-10-2025,30-10-2025,0,Approved,Delivered,5489212.4
PO003249,06-07-2025,S0234,P0004,WH006,CT00413,International,822,72143.66,59302088.52,2501941.3,12.01,7122180.83,7078832.35,76005043,AUD,54,Road,28-07-2025,29-07-2025,1,Approved,Partially Delivered,59302088.52
PO003250,11-06-2025,S0210,P0146,WH006,CT00264,International,696,62306.62,43365407.52,573698.09,16.98,7363446.2,3401249.56,54703801.37,EUR,90.5,Rail,19-06-2025,22-06-2025,3,Approved,Cancelled,43365407.52
PO003251,17-12-2025,S0130,P0005,WH005,CT00257,International,735,33010.79,24262930.65,268466.83,2.33,565326.28,1816068.19,26912791.95,SGD,62,Sea,06-01-2026,06-01-2026,0,Approved,Delivered,24262930.65
PO003252,13-04-2026,S0223,P0059,WH010,No Contract,International,958,61990.67,59387061.86,630163.05,8.71,5172613.09,5699603.42,70889441.42,AED,22.7,Road,19-04-2026,19-04-2026,0,Approved,Cancelled,59387061.86
PO003253,12-03-2026,S0206,P0107,WH007,CT00236,International,826,34549.17,28537614.42,691161.91,17.87,5099671.7,3827341.18,38155789.21,GBP,106,Road,21-03-2026,21-03-2026,0,Approved,Partially Delivered,28537614.42
PO003254,21-03-2025,S0244,P0258,WH005,CT00362,International,554,26981.97,14948011.38,510633.89,17.32,2588995.57,1136545.11,19184185.95,EUR,90.5,Road,12-04-2025,12-04-2025,0,Approved,Delivered,14948011.38
PO003255,14-01-2026,S0178,P0253,WH007,CT00232,International,116,66355.74,7697265.84,214579.32,2.94,226299.62,929322.65,9067467.43,JPY,0.56,Road,01-02-2026,06-02-2026,5,Approved,Partially Delivered,7697265.84
PO003256,03-06-2025,S0219,P0101,WH007,No Contract,International,830,50242.57,41701333.1,1016137.56,5.07,2114257.59,4603912.37,49435640.62,EUR,90.5,Sea,19-06-2025,19-06-2025,0,Approved,Delivered,41701333.1
PO003257,21-05-2025,S0197,P0215,WH005,CT00457,International,808,32610.8,26349526.4,1103565.98,10.78,2840478.95,3504237.95,33797809.28,AUD,54,Sea,05-06-2025,05-06-2025,0,Approved,Partially Delivered,26349526.4
PO003258,31-01-2026,S0154,P0166,WH008,CT00474,International,881,17498.2,15415914.2,162792.43,13.96,2152061.62,1809507.45,19540275.7,AUD,54,Air,02-03-2026,02-03-2026,0,Approved,Cancelled,15415914.2
PO003259,11-10-2025,S0180,P0103,WH010,CT00196,International,117,22748.42,2661565.14,34278.09,10.86,289045.97,253234.21,3238123.41,JPY,0.56,Road,08-11-2025,08-11-2025,0,Approved,Cancelled,2661565.14
PO003260,20-04-2026,S0194,P0242,WH009,CT00086,International,507,12766.03,6472377.21,270083.01,9.25,598694.89,875564.86,8216719.97,USD,83.5,Rail,30-04-2026,01-05-2026,1,Approved,Cancelled,6472377.21
PO003261,02-05-2026,S0235,P0133,WH005,CT00167,International,576,68118.93,39236503.68,494095.11,4.02,1577307.45,3925845.23,45233751.47,CNY,11.6,Air,22-05-2026,22-05-2026,0,Approved,Cancelled,39236503.68
PO003262,22-02-2025,S0216,P0078,WH006,CT00381,International,81,51361.09,4160248.29,69512.18,13.53,562881.59,538247.55,5330889.61,SGD,62,Rail,26-03-2025,29-03-2025,3,Approved,Delivered,4160248.29
PO003263,30-07-2026,S0192,P0098,WH005,CT00388,International,659,20492.57,13504603.63,448674.47,3.82,515875.86,814415.74,15283569.7,JPY,0.56,Road,03-09-2026,03-09-2026,0,Approved,Delivered,13504603.63
PO003264,14-01-2026,S0196,P0052,WH010,CT00212,International,432,17609.83,7607446.56,225623.58,6.76,514263.39,578821.91,8926155.44,EUR,90.5,Sea,30-01-2026,01-02-2026,2,Pending,Delivered,7607446.56
PO003265,24-01-2025,S0219,P0110,WH008,No Contract,International,934,18469.25,17250279.5,623080.63,14.74,2542691.2,2054248.45,22470299.78,EUR,90.5,Air,15-02-2025,27-02-2025,12,Approved,Partially Delivered,17250279.5
PO003266,27-07-2025,S0163,P0287,WH010,CT00270,International,89,70843.8,6305098.2,132300.31,2.06,129885.02,650886.92,7218170.45,JPY,0.56,Sea,27-08-2025,29-08-2025,2,Approved,Delivered,6305098.2
PO003267,11-08-2025,S0155,P0053,WH007,CT00526,International,324,35129.16,11381847.84,342453.15,2.86,325520.85,1390797.81,13440619.65,AUD,54,Air,23-08-2025,23-08-2025,0,Approved,Cancelled,11381847.84
PO003268,28-09-2025,S0209,P0043,WH010,CT00051,International,981,22781.97,22349112.57,437509.62,3.39,757634.92,2692597.49,26236854.6,CNY,11.6,Air,23-10-2025,24-10-2025,1,Approved,Delivered,22349112.57
PO003269,06-04-2025,S0194,P0170,WH007,CT00254,International,128,62473.69,7996632.32,251653.32,10.69,854840,1063078.7,10166204.34,USD,83.5,Air,22-04-2025,24-04-2025,2,Approved,Delivered,7996632.32
PO003270,24-02-2026,S0248,P0150,WH009,CT00591,International,280,72484.16,20295564.8,629150.04,15.19,3082896.29,1567137.79,25574748.92,GBP,106,Air,01-03-2026,06-03-2026,5,Approved,Delivered,20295564.8
PO003271,25-05-2025,S0187,P0098,WH005,CT00168,International,619,22233.68,13762647.92,287697.62,16.94,2331392.56,1590787.12,17972525.22,AED,22.7,Sea,15-06-2025,15-06-2025,0,Approved,Cancelled,13762647.92
PO003272,19-03-2026,S0180,P0087,WH010,CT00196,International,857,73344.68,62856390.76,652253.32,8.61,5411935.24,6830504.54,75751083.86,JPY,0.56,Rail,22-04-2026,22-04-2026,0,Pending,Partially Delivered,62856390.76
PO003273,26-05-2026,S0219,P0010,WH006,No Contract,International,209,8823.77,1844167.93,33718.51,4.62,85200.56,212177.82,2175264.82,EUR,90.5,Sea,10-06-2026,12-06-2026,2,Approved,Cancelled,1844167.93
PO003274,14-07-2026,S0153,P0248,WH006,CT00092,International,953,80909.42,77106677.26,2698431.51,11.6,8944374.56,7889500.97,96638984.3,EUR,90.5,Sea,13-08-2026,14-08-2026,1,Pending,Delivered,77106677.26
PO003275,08-06-2025,S0200,P0110,WH010,CT00192,International,239,17699.05,4230072.95,182758.67,12.23,517337.92,384685.38,5314854.92,EUR,90.5,Road,01-07-2025,01-07-2025,0,Approved,Cancelled,4230072.95
PO003276,03-11-2025,S0220,P0220,WH008,CT00188,International,983,88045.75,86548972.25,613053.33,2.14,1852148.01,6631885.64,95646059.23,CNY,11.6,Rail,07-12-2025,08-12-2025,1,Approved,Partially Delivered,86548972.25
PO003277,17-03-2025,S0229,P0005,WH005,CT00193,International,118,36546.19,4312450.42,167593.93,14.59,629186.52,472247.22,5581478.09,EUR,90.5,Air,07-04-2025,07-04-2025,0,Approved,Delivered,4312450.42
PO003278,14-04-2025,S0140,P0280,WH009,CT00220,International,519,36343.05,18862042.95,252268.79,4.12,777116.17,1913248.89,21804676.8,JPY,0.56,Sea,07-05-2025,08-05-2025,1,Approved,Partially Delivered,18862042.95
PO003279,24-05-2025,S0247,P0076,WH010,CT00243,International,502,61820.01,31033645.02,1202908.71,12.61,3913342.64,2676826.82,38826723.19,EUR,90.5,Sea,24-06-2025,24-06-2025,0,Pending,Delivered,31033645.02
PO003280,15-04-2025,S0214,P0034,WH010,CT00528,International,659,41921.86,27626505.74,1146821.1,16.35,4516933.69,3238765.35,36529025.88,EUR,90.5,Road,08-05-2025,10-05-2025,2,Approved,Delivered,27626505.74
PO003281,10-03-2026,S0216,P0080,WH010,CT00316,International,602,36743.23,22119424.46,981207.88,3.06,676854.39,2130983.46,25908470.19,SGD,62,Sea,06-04-2026,08-04-2026,2,Approved,Delivered,22119424.46
PO003282,13-10-2025,S0179,P0177,WH009,CT00066,International,944,64021.55,60436343.2,2317367.4,2.79,1686173.98,4881876.43,69321761.01,GBP,106,Sea,27-10-2025,27-10-2025,0,Approved,Delivered,60436343.2
PO003283,10-05-2026,S0208,P0065,WH008,CT00289,International,334,40352.99,13477898.66,385540.66,2.63,354468.73,1448587.57,15666495.62,GBP,106,Road,29-05-2026,29-05-2026,0,Approved,Cancelled,13477898.66
PO003284,30-01-2026,S0215,P0210,WH009,CT00365,International,339,73876.9,25044269.1,896283.64,11,2754869.6,2242241.73,30937664.07,AED,22.7,Rail,01-02-2026,01-02-2026,0,Approved,Cancelled,25044269.1
PO003285,26-09-2025,S0184,P0179,WH007,CT00313,International,143,7574.89,1083209.27,33988.97,10.14,109837.42,143883.54,1370919.2,USD,83.5,Road,22-10-2025,23-10-2025,1,Approved,Delivered,1083209.27
PO003286,10-05-2025,S0131,P0121,WH005,CT00401,International,816,17955.63,14651794.08,558826.4,15.86,2323774.54,1043240.19,18577635.21,GBP,106,Road,01-06-2025,09-06-2025,8,Approved,Delivered,14651794.08
PO003287,25-02-2025,S0135,P0203,WH005,CT00072,International,19,21260.62,403951.78,3917.75,15.01,60633.16,35545.9,504048.59,EUR,90.5,Rail,14-03-2025,14-03-2025,0,Approved,Delivered,403951.78
PO003288,14-08-2025,S0203,P0008,WH010,CT00405,International,229,61589.55,14104006.95,215139.46,6.77,954841.27,1003794.7,16277782.38,JPY,0.56,Sea,28-08-2025,28-08-2025,0,Approved,Partially Delivered,14104006.95
PO003289,28-01-2025,S0206,P0219,WH005,CT00236,International,994,86934.7,86413091.8,1356842.81,16.3,14085333.96,11509412.77,113364681.3,GBP,106,Sea,17-02-2025,17-02-2025,0,Pending,Partially Delivered,86413091.8
PO003290,08-06-2025,S0132,P0274,WH010,CT00447,International,241,83734.74,20180072.34,564383.16,17.4,3511332.59,2302814.57,26558602.66,JPY,0.56,Sea,16-06-2025,21-06-2025,5,Approved,Cancelled,20180072.34
PO003291,15-11-2025,S0205,P0202,WH007,CT00225,International,229,28676.68,6566959.72,107528.43,4.23,277782.4,384229.64,7336500.19,AED,22.7,Air,12-12-2025,20-12-2025,8,Approved,Delivered,6566959.72
PO003292,15-08-2025,S0157,P0062,WH006,CT00534,International,910,74411.77,67714710.7,2854592.26,15.78,10685381.35,8612765.05,89867449.36,AUD,54,Road,15-09-2025,15-09-2025,0,Approved,Delivered,67714710.7
PO003293,08-09-2025,S0220,P0008,WH006,CT00188,International,415,66618.11,27646515.65,353691.55,4.28,1183270.87,1491111.08,30674589.15,CNY,11.6,Air,05-10-2025,13-10-2025,8,Approved,Delivered,27646515.65
PO003294,12-11-2025,S0186,P0182,WH008,CT00305,International,767,21635.26,16594244.42,175522.59,9.67,1604663.44,1126991.52,19501421.97,EUR,90.5,Air,27-11-2025,29-11-2025,2,Pending,Partially Delivered,16594244.42
PO003295,09-12-2025,S0245,P0070,WH006,CT00045,International,380,74358.87,28256370.6,529601.47,17.22,4865747.02,1697964.92,35349684.01,JPY,0.56,Sea,19-12-2025,19-12-2025,0,Approved,Delivered,28256370.6
PO003296,11-07-2026,S0170,P0088,WH005,CT00122,International,245,19896.58,4874662.1,54283.9,2.73,133078.28,570733.68,5632757.96,JPY,0.56,Sea,22-07-2026,22-07-2026,0,Approved,Delivered,4874662.1
PO003297,01-03-2026,S0160,P0001,WH005,CT00338,International,860,44726.57,38464850.2,1207021.33,15.24,5862043.17,3589344.6,49123259.3,CNY,11.6,Sea,16-03-2026,16-03-2026,0,Approved,Cancelled,38464850.2
PO003298,16-05-2025,S0232,P0085,WH007,CT00255,International,439,60372.01,26503312.39,1014461.45,15.34,4065608.12,1628475.44,33211857.4,AUD,54,Sea,05-06-2025,05-06-2025,0,Approved,Delivered,26503312.39
PO003299,18-07-2025,S0183,P0257,WH008,CT00471,International,914,59750.8,54612231.2,733603.16,8.12,4434513.17,5295946.24,65076293.77,USD,83.5,Sea,08-08-2025,11-08-2025,3,Approved,Partially Delivered,54612231.2
PO003300,23-10-2025,S0202,P0029,WH007,CT00238,International,74,55170.11,4082588.14,28675.3,17.91,731191.54,271899.38,5114354.36,AUD,54,Air,05-11-2025,06-11-2025,1,Approved,Partially Delivered,4082588.14
PO003301,28-04-2026,S0192,P0185,WH007,CT00388,International,839,50205.46,42122380.94,1573044.45,10.76,4532368.19,5124948.7,53352742.28,JPY,0.56,Sea,26-05-2026,26-05-2026,0,Approved,Delivered,42122380.94
PO003302,08-06-2025,S0128,P0068,WH008,CT00542,International,995,5489.1,5461654.5,222812.97,13.14,717661.4,480580.05,6882708.92,AUD,54,Sea,06-07-2025,14-07-2025,8,Pending,Cancelled,5461654.5
PO003303,15-08-2025,S0172,P0011,WH005,CT00540,International,18,60933.85,1096809.3,11050.32,12.64,138636.7,111502.08,1357998.4,AUD,54,Air,31-08-2025,03-09-2025,3,Approved,Cancelled,1096809.3
PO003304,26-04-2026,S0152,P0188,WH009,CT00223,International,381,2011.74,766472.94,26412.85,9.13,69978.98,88568.54,951433.31,SGD,62,Sea,14-05-2026,14-05-2026,0,Approved,Delivered,766472.94
PO003305,26-07-2025,S0178,P0064,WH005,CT00232,International,498,76547.96,38120884.08,507643.89,13.94,5314051.24,2618156.71,46560735.92,JPY,0.56,Sea,18-08-2025,18-08-2025,0,Approved,Cancelled,38120884.08
PO003306,15-07-2025,S0179,P0201,WH010,CT00066,International,661,80401.58,53145444.38,944177.6,7.7,4092199.22,2934178.16,61115999.36,GBP,106,Rail,23-07-2025,23-07-2025,0,Approved,Delivered,53145444.38
PO003307,17-02-2025,S0197,P0041,WH010,CT00347,International,605,39855.78,24112746.9,720387.6,3.9,940397.13,1361249.15,27134780.78,AUD,54,Road,06-03-2025,06-03-2025,0,Approved,Partially Delivered,24112746.9
PO003308,18-04-2026,S0138,P0029,WH009,CT00351,International,191,62952.89,12024001.99,329444.73,11.56,1389974.63,693327.05,14436748.4,AUD,54,Rail,17-05-2026,17-05-2026,0,Pending,Partially Delivered,12024001.99
PO003309,06-11-2025,S0173,P0264,WH007,CT00191,International,386,14832.63,5725395.18,34002.04,2.42,138554.56,478988.58,6376940.36,AUD,54,Sea,14-11-2025,17-11-2025,3,Pending,Delivered,5725395.18
PO003310,04-12-2025,S0196,P0090,WH010,CT00250,International,460,89204.35,41034001,621405.59,14.75,6052515.15,4390991.84,52098913.58,EUR,90.5,Sea,20-12-2025,22-12-2025,2,Approved,Cancelled,41034001
PO003311,19-03-2025,S0214,P0007,WH008,CT00528,International,197,66899.35,13179171.95,313455.78,6.66,877732.85,1681060.29,16051420.87,EUR,90.5,Sea,12-04-2025,12-04-2025,0,Approved,Delivered,13179171.95
PO003312,07-05-2025,S0221,P0003,WH008,CT00430,International,558,81117.29,45263447.82,282820.84,15.53,7029413.45,2785477.1,55361159.21,EUR,90.5,Sea,10-06-2025,10-06-2025,0,Approved,Cancelled,45263447.82
PO003313,09-01-2026,S0181,P0083,WH007,CT00293,International,482,51038.34,24600479.88,640539.86,9.92,2440367.6,2929134.41,30610521.75,AED,22.7,Road,20-01-2026,22-01-2026,2,Approved,Delivered,24600479.88
PO003314,18-03-2025,S0220,P0143,WH005,CT00436,International,100,77664.19,7766419,104476.32,13.5,1048466.56,764616.14,9683978.02,CNY,11.6,Sea,21-04-2025,23-04-2025,2,Approved,Cancelled,7766419
PO003315,08-04-2025,S0221,P0186,WH010,CT00430,International,908,63201.94,57387361.52,2239948.1,14.79,8487590.77,7805468.54,75920368.93,EUR,90.5,Air,12-05-2025,12-05-2025,0,Approved,Partially Delivered,57387361.52
PO003316,18-01-2025,S0145,P0134,WH009,CT00275,International,965,15429.04,14889023.6,420131.84,17.59,2618979.25,1141219.34,19069354.03,AED,22.7,Air,09-02-2025,09-02-2025,0,Approved,Delivered,14889023.6
PO003317,07-06-2026,S0153,P0117,WH008,CT00092,International,164,46665.74,7653181.36,267632.74,12.92,988791.03,594516.54,9504121.67,EUR,90.5,Air,07-07-2026,07-07-2026,0,Pending,Delivered,7653181.36
PO003318,23-01-2026,S0209,P0077,WH006,CT00464,International,205,32380.39,6637979.95,228922.72,5.05,335217.99,464827.99,7666948.65,CNY,11.6,Road,21-02-2026,24-02-2026,3,Approved,Partially Delivered,6637979.95
PO003319,31-07-2026,S0214,P0246,WH006,CT00528,International,715,75196.69,53765633.35,2131369.29,14.93,8027209.06,6715771.03,70639982.73,EUR,90.5,Air,25-08-2026,27-08-2026,2,Approved,Delivered,53765633.35
PO003320,12-01-2026,S0199,P0047,WH010,CT00302,International,365,87670.5,31999732.5,1203503.35,10.11,3235172.96,3927051.02,40365459.83,EUR,90.5,Rail,08-02-2026,13-02-2026,5,Approved,Cancelled,31999732.5
PO003321,04-08-2025,S0232,P0213,WH009,CT00141,International,477,68550.47,32698574.19,1289001.44,5.98,1955374.74,3853157.53,39796107.9,AUD,54,Air,19-08-2025,22-08-2025,3,Approved,Cancelled,32698574.19
PO003322,29-03-2025,S0243,P0141,WH010,CT00411,International,822,21646.52,17793439.44,481411.91,3.39,603197.6,1813350.79,20691399.74,CNY,11.6,Air,23-04-2025,23-04-2025,0,Pending,Delivered,17793439.44
PO003323,22-02-2025,S0187,P0294,WH006,CT00425,International,412,47981.77,19768489.24,714686.25,3.08,608869.47,2094283.35,23186328.31,AED,22.7,Rail,14-03-2025,14-03-2025,0,Approved,Partially Delivered,19768489.24
PO003324,11-07-2025,S0178,P0037,WH007,CT00323,International,408,30561.19,12468965.52,525703.42,7.67,956369.66,1251541.43,15202580.03,JPY,0.56,Rail,25-07-2025,25-07-2025,0,Approved,Delivered,12468965.52
PO003325,29-01-2025,S0163,P0118,WH005,CT00596,International,844,78068.39,65889721.16,1574110.29,4.06,2675122.68,4403942.69,74542896.82,JPY,0.56,Air,05-03-2025,05-03-2025,0,Approved,Delivered,65889721.16
PO003326,26-10-2025,S0169,P0151,WH010,CT00378,International,966,6261.1,6048222.6,205500.77,7.8,471761.36,522614.76,7248099.49,AUD,54,Sea,17-11-2025,17-11-2025,0,Pending,Delivered,6048222.6
PO003327,29-01-2025,S0186,P0114,WH005,CT00113,International,902,65790.97,59343454.94,1958638.8,16.62,9862882.21,6125868.42,77290844.37,EUR,90.5,Rail,16-02-2025,16-02-2025,0,Approved,Delivered,59343454.94
PO003328,26-12-2025,S0146,P0238,WH005,CT00564,International,110,50007.61,5500837.1,136988.46,4.01,220583.57,428217.98,6286627.11,EUR,90.5,Sea,26-01-2026,29-01-2026,3,Approved,Cancelled,5500837.1
PO003329,18-11-2025,S0173,P0250,WH009,CT00556,International,56,64451.52,3609285.12,22357.35,7.81,281885.17,356286.78,4269814.42,AUD,54,Rail,30-11-2025,02-12-2025,2,Approved,Delivered,3609285.12
PO003330,11-02-2025,S0207,P0013,WH009,CT00301,International,972,17581.12,17088848.64,577273.43,12.45,2127561.66,1809609.35,21603293.08,EUR,90.5,Rail,28-02-2025,03-03-2025,3,Approved,Partially Delivered,17088848.64
PO003331,02-09-2025,S0128,P0141,WH007,CT00286,International,748,22196.26,16602802.48,638879.49,9.49,1575605.96,1389066.21,20206354.14,AUD,54,Sea,06-10-2025,07-10-2025,1,Approved,Partially Delivered,16602802.48
PO003332,16-05-2026,S0193,P0147,WH008,CT00038,International,882,84992.48,74963367.36,2408308.29,7.59,5689719.58,7186677.42,90248072.65,AUD,54,Road,23-05-2026,25-05-2026,2,Approved,Delivered,74963367.36
PO003333,18-12-2025,S0142,P0225,WH008,CT00281,International,136,65966.46,8971438.56,216374.26,3.45,309514.63,1031268.36,10528595.81,JPY,0.56,Air,03-01-2026,11-01-2026,8,Pending,Delivered,8971438.56
PO003334,02-10-2025,S0208,P0063,WH009,CT00289,International,119,32815.41,3905033.79,166824.77,6.4,249922.16,428372.92,4750153.64,GBP,106,Air,20-10-2025,20-10-2025,0,Approved,Delivered,3905033.79
PO003335,17-02-2026,S0166,P0285,WH009,CT00518,International,243,61700.89,14993316.27,381017.09,13.79,2067578.31,2019988.49,19461900.16,EUR,90.5,Road,27-02-2026,11-03-2026,12,Pending,Delivered,14993316.27
PO003336,20-08-2025,S0207,P0077,WH006,CT00301,International,947,32461.72,30741248.84,421593.03,12.16,3738135.86,3202908.43,38103886.16,EUR,90.5,Air,06-09-2025,06-09-2025,0,Approved,Partially Delivered,30741248.84
PO003337,08-09-2025,S0187,P0200,WH006,CT00425,International,682,88288.81,60212968.42,1357743.25,16.86,10151906.48,7645628.99,79368247.14,AED,22.7,Road,30-09-2025,30-09-2025,0,Pending,Delivered,60212968.42
PO003338,20-02-2026,S0141,P0225,WH007,CT00174,International,84,68679.58,5769084.72,119843.23,3.57,205956.32,603804.44,6698688.71,AED,22.7,Air,10-03-2026,10-03-2026,0,Approved,Delivered,5769084.72
PO003339,11-08-2025,S0224,P0101,WH010,CT00467,International,284,54553.89,15493304.76,489140.95,7.15,1107771.29,1432202.18,18522419.18,AUD,54,Air,29-08-2025,30-08-2025,1,Pending,Partially Delivered,15493304.76
PO003340,27-10-2025,S0184,P0200,WH010,CT00451,International,355,82440.02,29266207.1,244797.73,16.29,4767465.14,3619790.27,37898260.24,USD,83.5,Sea,20-11-2025,22-11-2025,2,Approved,Delivered,29266207.1
PO003341,18-04-2026,S0187,P0208,WH009,CT00168,International,324,31892.49,10333166.76,238378.57,8.73,902085.46,1134849.19,12608479.98,AED,22.7,Rail,11-05-2026,11-05-2026,0,Approved,Delivered,10333166.76
PO003342,26-02-2026,S0198,P0239,WH009,CT00567,International,348,47936.74,16681985.52,174855.33,5.52,920845.6,1243442.93,19021129.38,EUR,90.5,Rail,23-03-2026,23-03-2026,0,Approved,Partially Delivered,16681985.52
PO003343,23-06-2025,S0203,P0004,WH006,CT00405,International,163,65540.43,10683090.09,245275.89,5.37,573681.94,1222863.72,12724911.64,JPY,0.56,Sea,13-07-2025,14-07-2025,1,Approved,Partially Delivered,10683090.09
PO003344,10-06-2026,S0188,P0213,WH006,CT00071,International,54,69812.44,3769871.76,61968.15,3.12,117620,286979.53,4236439.44,GBP,106,Air,01-07-2026,02-07-2026,1,Approved,Delivered,3769871.76
PO003345,27-03-2025,S0244,P0063,WH007,CT00119,International,546,33456.26,18267117.96,602386.47,6.51,1189189.38,1819569.47,21878263.28,EUR,90.5,Rail,13-04-2025,13-04-2025,0,Pending,Delivered,18267117.96
PO003346,28-03-2025,S0162,P0032,WH008,CT00062,International,278,19084.71,5305549.38,193516.77,11.29,598996.53,628697.36,6726760.04,CNY,11.6,Air,15-04-2025,17-04-2025,2,Approved,Delivered,5305549.38
PO003347,09-06-2025,S0215,P0010,WH007,CT00365,International,801,8882.54,7114914.54,157887.71,14.14,1006048.92,902260.29,9181111.46,AED,22.7,Sea,21-06-2025,21-06-2025,0,Approved,Delivered,7114914.54
PO003348,02-11-2025,S0130,P0048,WH006,CT00257,International,426,77457.63,32996950.38,687548.62,11.05,3646163.02,2682051.43,40012713.45,SGD,62,Road,21-11-2025,22-11-2025,1,Approved,Delivered,32996950.38
PO003349,25-09-2025,S0163,P0230,WH006,CT00270,International,319,48819.43,15573398.17,135850.55,14.82,2307977.61,1237121.28,19254347.61,JPY,0.56,Road,26-10-2025,26-10-2025,0,Approved,Delivered,15573398.17
PO003350,01-04-2025,S0213,P0292,WH009,CT00499,International,312,64125.25,20007078,646440.7,4.04,808285.95,1909776.91,23371581.56,AED,22.7,Road,14-04-2025,16-04-2025,2,Approved,Delivered,20007078
PO003351,18-01-2026,S0126,P0169,WH007,CT00452,International,607,70604.97,42857216.79,820256.69,17.96,7697156.14,3326952.14,54701581.76,EUR,90.5,Road,23-01-2026,28-01-2026,5,Approved,Cancelled,42857216.79
PO003352,25-04-2026,S0129,P0078,WH007,CT00105,International,539,45779.38,24675085.82,443295.88,5.94,1465700.1,2287464.2,28871546,USD,83.5,Road,13-05-2026,13-05-2026,0,Approved,Delivered,24675085.82
PO003353,21-06-2025,S0150,P0128,WH010,CT00332,International,989,30303.08,29969746.12,907272.28,12.81,3839124.48,3765459.17,38481602.05,SGD,62,Rail,13-07-2025,13-07-2025,0,Approved,Delivered,29969746.12
PO003354,25-01-2026,S0172,P0062,WH007,CT00540,International,771,68488.93,52804965.03,1224779.02,8.74,4615153.94,5194803.24,63839701.23,AUD,54,Air,14-02-2026,14-02-2026,0,Approved,Partially Delivered,52804965.03
PO003355,24-03-2025,S0128,P0291,WH008,CT00210,International,715,71641.26,51223500.9,1646089.63,2.59,1326688.67,6447247.58,60643526.78,AUD,54,Road,23-04-2025,01-05-2025,8,Approved,Cancelled,51223500.9
PO003356,01-07-2025,S0170,P0103,WH006,CT00122,International,747,23007.79,17186819.13,439232.31,6.02,1034646.51,1191341.11,19852039.06,JPY,0.56,Sea,16-07-2025,16-07-2025,0,Approved,Delivered,17186819.13
PO003357,07-08-2025,S0170,P0240,WH006,CT00122,International,605,84841.92,51329361.6,2197215.77,9.55,4901954.03,3726738.27,62155269.67,JPY,0.56,Air,15-08-2025,15-08-2025,0,Approved,Partially Delivered,51329361.6
PO003358,25-09-2025,S0129,P0003,WH010,CT00105,International,349,84159.21,29371564.29,1074124.04,17.1,5022537.49,3597569.35,39065795.17,USD,83.5,Road,20-10-2025,25-10-2025,5,Approved,Delivered,29371564.29
PO003359,23-04-2025,S0171,P0293,WH008,CT00269,International,778,49717.61,38680300.58,1698648.1,5.78,2235721.37,3813132.81,46427802.86,GBP,106,Sea,04-05-2025,12-05-2025,8,Pending,Delivered,38680300.58
PO003360,14-03-2026,S0141,P0234,WH010,CT00174,International,606,21444.5,12995367,129793.1,7.22,938265.5,1450045.03,15513470.63,AED,22.7,Sea,24-03-2026,26-03-2026,2,Approved,Delivered,12995367
PO003361,31-07-2026,S0168,P0264,WH009,CT00505,International,60,14432.26,865935.6,22373.53,11.08,95945.66,88347.11,1072601.9,EUR,90.5,Sea,13-08-2026,13-08-2026,0,Approved,Delivered,865935.6
PO003362,29-08-2025,S0132,P0023,WH009,CT00447,International,99,17982.33,1780250.67,31736.14,8.34,148472.91,144679.29,2105139.01,JPY,0.56,Road,07-09-2025,07-09-2025,0,Approved,Delivered,1780250.67
PO003363,09-10-2025,S0187,P0076,WH010,CT00068,International,126,67086.68,8452921.68,348193.92,17.59,1486868.92,620170.28,10908154.8,AED,22.7,Sea,03-11-2025,03-11-2025,0,Pending,Delivered,8452921.68
PO003364,28-10-2025,S0179,P0294,WH005,CT00066,International,558,42523.74,23728246.92,950122.19,12.46,2956539.57,2766712.37,30401621.05,GBP,106,Sea,11-11-2025,11-11-2025,0,Approved,Delivered,23728246.92
PO003365,24-10-2025,S0195,P0039,WH008,CT00161,International,208,15204.39,3162513.12,53346.92,8.83,279249.91,212987.73,3708097.68,AUD,54,Sea,20-11-2025,22-11-2025,2,Approved,Delivered,3162513.12
PO003366,19-03-2026,S0126,P0115,WH008,CT00452,International,971,28343.25,27521295.75,398555.43,7.33,2017310.98,3152678.1,33089840.26,EUR,90.5,Rail,02-04-2026,02-04-2026,0,Approved,Cancelled,27521295.75
PO003367,05-11-2025,S0129,P0275,WH007,CT00364,International,249,40951.52,10196928.48,69361.07,5.61,572047.69,854260.26,11692597.5,USD,83.5,Rail,22-11-2025,22-11-2025,0,Approved,Delivered,10196928.48
PO003368,25-02-2026,S0216,P0016,WH006,CT00316,International,744,87545.95,65134186.8,1162621.46,11.03,7184300.8,6319778.36,79800887.42,SGD,62,Air,30-03-2026,30-03-2026,0,Approved,Partially Delivered,65134186.8
PO003369,06-01-2026,S0156,P0224,WH006,CT00346,International,70,36422.89,2549602.3,49678.03,6.25,159350.14,143369.75,2902000.22,CNY,11.6,Sea,13-01-2026,15-01-2026,2,Pending,Delivered,2549602.3
PO003370,21-05-2026,S0233,P0276,WH009,CT00171,International,841,80102.59,67366278.19,1163327.29,10.9,7342924.32,8325037.19,84197566.99,AUD,54,Sea,14-06-2026,14-06-2026,0,Approved,Delivered,67366278.19
PO003371,25-06-2025,S0202,P0059,WH007,CT00238,International,477,60903.18,29050816.86,893132.92,17.08,4961879.52,2716597.24,37622426.54,AUD,54,Air,29-06-2025,29-06-2025,0,Pending,Delivered,29050816.86
PO003372,28-07-2026,S0221,P0030,WH007,CT00430,International,917,86559.07,79374667.19,1083754.06,3.76,2984487.49,7859719.52,91302628.26,EUR,90.5,Road,25-08-2026,25-08-2026,0,Approved,Delivered,79374667.19
PO003373,23-09-2025,S0172,P0195,WH007,CT00540,International,947,61686.48,58417096.56,1759647.49,16.52,9650504.35,7029456.74,76856705.14,AUD,54,Rail,14-10-2025,16-10-2025,2,Approved,Partially Delivered,58417096.56
PO003374,29-09-2025,S0151,P0141,WH009,CT00334,International,566,23689.77,13408409.82,301949.43,3.79,508178.73,1353889.18,15572427.16,USD,83.5,Road,15-10-2025,15-10-2025,0,Approved,Delivered,13408409.82
PO003375,14-11-2025,S0242,P0032,WH006,CT00049,International,710,17614.92,12506593.2,113551.48,3.92,490258.45,1283016.48,14393419.61,EUR,90.5,Rail,12-12-2025,12-12-2025,0,Pending,Delivered,12506593.2
PO003376,21-07-2026,S0244,P0274,WH005,CT00119,International,81,88597.53,7176399.93,141593,10.97,787251.07,871405.82,8976649.82,EUR,90.5,Road,09-08-2026,10-08-2026,1,Approved,Partially Delivered,7176399.93
PO003377,23-01-2026,S0197,P0118,WH006,CT00321,International,293,86019.25,25203640.25,281379.13,4.43,1116521.26,2183796.56,28785337.2,AUD,54,Air,09-02-2026,10-02-2026,1,Pending,Delivered,25203640.25
PO003378,22-03-2026,S0135,P0184,WH009,CT00296,International,739,80608.84,59569932.76,335844.79,2.32,1382022.44,3696380.24,64984180.23,EUR,90.5,Sea,09-04-2026,09-04-2026,0,Approved,Delivered,59569932.76
PO003379,30-06-2025,S0221,P0259,WH010,CT00430,International,647,86292.64,55831338.08,1370135.7,2.37,1323202.71,4548601.17,63073277.66,EUR,90.5,Sea,25-07-2025,26-07-2025,1,Pending,Delivered,55831338.08
PO003380,27-12-2025,S0224,P0193,WH005,CT00438,International,470,28178.81,13244040.7,390150.82,15.55,2059448.33,842585.26,16536225.11,AUD,54,Rail,09-01-2026,09-01-2026,0,Approved,Delivered,13244040.7
PO003381,05-07-2025,S0128,P0268,WH008,CT00286,International,501,22082.24,11063202.24,417502.32,17.19,1901764.47,1394591.28,14777060.31,AUD,54,Air,01-08-2025,04-08-2025,3,Approved,Partially Delivered,11063202.24
PO003382,30-07-2025,S0155,P0281,WH009,CT00437,International,551,60680.26,33434823.26,1365309.99,17.18,5744102.64,3656761.58,44200997.47,AUD,54,Road,12-08-2025,14-08-2025,2,Pending,Partially Delivered,33434823.26
PO003383,27-03-2026,S0216,P0211,WH007,CT00381,International,821,46067.77,37821639.17,1510805.87,5.44,2057497.17,3622488.27,45012430.48,SGD,62,Sea,25-04-2026,26-04-2026,1,Approved,Cancelled,37821639.17
PO003384,12-02-2025,S0144,P0058,WH006,CT00571,International,227,7513.77,1705625.79,54617.57,5.13,87498.6,145190.39,1992932.35,GBP,106,Air,27-02-2025,27-02-2025,0,Pending,Cancelled,1705625.79
PO003385,03-11-2025,S0182,P0049,WH005,CT00115,International,664,31174.75,20700034,837419.4,9.37,1939593.19,2793685.41,26270732,JPY,0.56,Air,21-11-2025,21-11-2025,0,Approved,Cancelled,20700034
PO003386,21-05-2026,S0161,P0279,WH005,CT00548,International,578,73831.57,42674647.46,597938.46,5.63,2402582.65,2659515.92,48334684.49,AED,22.7,Air,20-06-2026,20-06-2026,0,Approved,Delivered,42674647.46
PO003387,01-05-2026,S0141,P0037,WH005,CT00174,International,131,31888.54,4177398.74,93304.79,6,250643.92,377200.13,4898547.58,AED,22.7,Air,08-05-2026,13-05-2026,5,Approved,Cancelled,4177398.74
PO003388,13-12-2025,S0164,P0058,WH008,CT00266,International,768,7347.25,5642688,108994.55,9.45,533234.02,427195.57,6712112.14,SGD,62,Road,02-01-2026,02-01-2026,0,Approved,Delivered,5642688
PO003389,13-04-2026,S0193,P0174,WH005,CT00433,International,358,87989.86,31500369.88,1297051.75,17.06,5373963.1,4495258.66,42666643.39,AUD,54,Road,25-04-2026,07-05-2026,12,Approved,Partially Delivered,31500369.88
PO003390,03-01-2025,S0151,P0268,WH010,CT00334,International,753,21844.77,16449111.81,618743.98,10.83,1781438.81,1152767.24,20002061.84,USD,83.5,Road,26-01-2025,27-01-2025,1,Pending,Partially Delivered,16449111.81
PO003391,07-06-2026,S0165,P0163,WH006,CT00303,International,928,57542.51,53399449.28,666926.31,6.48,3460284.31,3414394.78,60941054.68,USD,83.5,Air,10-07-2026,10-07-2026,0,Approved,Delivered,53399449.28
PO003392,19-09-2025,S0200,P0176,WH010,CT00300,International,781,36673.73,28642183.13,826038.58,2.91,833487.53,1711671.36,32013380.6,EUR,90.5,Road,06-10-2025,07-10-2025,1,Approved,Delivered,28642183.13
PO003393,08-09-2025,S0151,P0246,WH006,CT00334,International,369,75255.33,27769216.77,813267.92,2.75,763653.46,3192496.29,32538634.44,USD,83.5,Road,28-09-2025,06-10-2025,8,Approved,Delivered,27769216.77
PO003394,19-03-2026,S0161,P0203,WH009,CT00548,International,564,22742.22,12826612.08,289749.44,13.07,1676438.2,1399333.17,16192132.89,AED,22.7,Air,15-04-2026,18-04-2026,3,Approved,Delivered,12826612.08
PO003395,30-04-2026,S0199,P0281,WH005,CT00302,International,475,55944.01,26573404.75,1053765.54,13.63,3621955.07,1904671.92,33153797.28,EUR,90.5,Road,05-06-2026,05-06-2026,0,Approved,Delivered,26573404.75
PO003396,03-02-2026,S0248,P0233,WH007,CT00508,International,337,36189.1,12195726.7,347973.71,13.06,1592761.91,1356748.03,15493210.35,GBP,106,Air,17-02-2026,22-02-2026,5,Approved,Delivered,12195726.7
PO003397,07-12-2025,S0154,P0056,WH009,CT00385,International,370,41070.07,15195925.9,644936.81,14.41,2189732.92,1855145.48,19885741.11,AUD,54,Rail,12-01-2026,12-01-2026,0,Pending,Delivered,15195925.9
PO003398,23-05-2025,S0175,P0290,WH006,CT00412,International,455,72113.83,32811792.65,483989.81,12.15,3986632.81,3792979.97,41075395.24,CNY,11.6,Sea,26-05-2025,26-05-2025,0,Approved,Partially Delivered,32811792.65
PO003399,04-03-2025,S0203,P0086,WH006,CT00405,International,919,47733.01,43866636.19,1414802.89,3.56,1561652.25,5464691.01,52307782.34,JPY,0.56,Sea,20-03-2025,20-03-2025,0,Approved,Delivered,43866636.19
PO003400,15-07-2025,S0170,P0079,WH005,CT00122,International,900,48890.47,44001423,1554371,10.58,4655350.55,4515991.73,54727136.28,JPY,0.56,Air,28-07-2025,28-07-2025,0,Approved,Delivered,44001423
PO003401,22-06-2026,S0178,P0291,WH008,CT00592,International,559,86128.26,48145697.34,1254312.5,13.55,6523741.99,6638804.18,62562556.01,JPY,0.56,Sea,08-07-2026,13-07-2026,5,Approved,Delivered,48145697.34
PO003402,11-06-2025,S0188,P0090,WH008,CT00084,International,650,82465.68,53602692,510151.19,12.23,6555609.23,6185261.29,66853713.71,GBP,106,Rail,04-07-2025,04-07-2025,0,Approved,Partially Delivered,53602692
PO003403,27-04-2025,S0174,P0056,WH006,CT00344,International,814,39706.58,32321156.12,1143128.14,9.98,3225651.38,2299153.98,38989089.62,SGD,62,Air,21-05-2025,23-05-2025,2,Pending,Partially Delivered,32321156.12
PO003404,13-06-2025,S0158,P0232,WH005,CT00015,International,996,35750.52,35607517.92,981065.66,7.44,2649199.33,2645206.02,41882988.93,EUR,90.5,Road,30-06-2025,30-06-2025,0,Approved,Delivered,35607517.92
PO003405,21-12-2025,S0161,P0300,WH008,CT00548,International,332,2973.17,987092.44,27214.28,12.49,123287.85,78063.86,1215658.43,AED,22.7,Air,17-01-2026,17-01-2026,0,Approved,Delivered,987092.44
PO003406,09-03-2025,S0210,P0254,WH005,CT00264,International,891,68488.05,61022852.55,2454941.15,14.89,9086302.74,7493609.87,80057706.31,EUR,90.5,Air,19-03-2025,19-03-2025,0,Pending,Delivered,61022852.55
PO003407,03-08-2026,S0145,P0259,WH008,CT00275,International,617,84941.48,52408893.16,2159932.12,12.97,6797433.44,6927535.08,68293793.8,AED,22.7,Road,17-08-2026,19-08-2026,2,Pending,Partially Delivered,52408893.16
PO003408,30-05-2026,S0188,P0096,WH008,CT00071,International,371,44458.21,16493995.91,249935.58,17.36,2863357.69,2261214.5,21868503.68,GBP,106,Sea,14-06-2026,14-06-2026,0,Pending,Cancelled,16493995.91
PO003409,15-11-2025,S0200,P0253,WH006,CT00516,International,829,73203.7,60685867.3,818658.28,15.25,9254594.76,8011157.21,78770277.55,EUR,90.5,Road,10-12-2025,10-12-2025,0,Approved,Delivered,60685867.3
PO003410,20-10-2025,S0200,P0009,WH007,CT00300,International,862,41919.89,36134945.18,1204503.23,11.55,4173586.17,3560490.95,45073525.53,EUR,90.5,Air,06-11-2025,06-11-2025,0,Approved,Partially Delivered,36134945.18
PO003411,19-06-2026,S0133,P0219,WH005,CT00273,International,583,87086.22,50771266.26,1613903.17,16.95,8605729.63,3233054.11,64223953.17,EUR,90.5,Air,08-07-2026,10-07-2026,2,Approved,Cancelled,50771266.26
PO003412,18-07-2026,S0222,P0070,WH010,CT00356,International,844,81535.12,68815641.28,717142.88,16.17,11127489.19,4631309.14,85291582.49,AED,22.7,Rail,07-08-2026,09-08-2026,2,Approved,Delivered,68815641.28
PO003413,27-02-2025,S0195,P0033,WH008,CT00161,International,531,48546.88,25778393.28,218190.55,8.48,2186007.75,2920909.38,31103500.96,AUD,54,Road,26-03-2025,26-03-2025,0,Approved,Delivered,25778393.28
PO003414,09-01-2025,S0236,P0171,WH009,CT00172,International,962,35274.37,33933943.94,379428.55,9.29,3152463.39,3347617.55,40813453.43,EUR,90.5,Road,29-01-2025,29-01-2025,0,Approved,Delivered,33933943.94
PO003415,23-03-2026,S0174,P0291,WH007,CT00462,International,842,84485.82,71137060.44,2820302.76,15.26,10855515.42,5226321.42,90039200.04,SGD,62,Rail,21-04-2026,26-04-2026,5,Approved,Partially Delivered,71137060.44
PO003416,07-11-2025,S0147,P0030,WH006,CT00050,International,17,83166.82,1413835.94,63620.48,17.76,251097.26,193699.09,1922252.77,EUR,90.5,Air,26-11-2025,28-11-2025,2,Approved,Delivered,1413835.94
PO003417,26-05-2026,S0198,P0025,WH006,CT00525,International,294,12847.47,3777156.18,141077.03,3.13,118224.99,355340.78,4391798.98,EUR,90.5,Road,29-06-2026,29-06-2026,0,Approved,Cancelled,3777156.18
PO003418,06-08-2025,S0213,P0265,WH010,CT00499,International,785,28815.07,22619829.95,877329.22,3.57,807527.93,1468872.92,25773560.02,AED,22.7,Air,10-08-2025,10-08-2025,0,Pending,Partially Delivered,22619829.95
PO003419,21-04-2025,S0203,P0096,WH007,CT00405,International,680,37099.81,25227870.8,353139.9,6.76,1705404.07,2926531.68,30212946.45,JPY,0.56,Air,10-05-2025,10-05-2025,0,Pending,Delivered,25227870.8
PO003420,12-06-2026,S0210,P0176,WH009,CT00264,International,985,30633.81,30174302.85,1317716.3,8.96,2703617.54,3960715.22,38156351.91,EUR,90.5,Rail,22-06-2026,22-06-2026,0,Approved,Delivered,30174302.85
PO003421,08-07-2026,S0141,P0081,WH008,CT00174,International,864,29373.41,25378626.24,808251.02,12.04,3055586.6,2837640.22,32080104.08,AED,22.7,Sea,23-07-2026,23-07-2026,0,Approved,Delivered,25378626.24
PO003422,23-07-2026,S0185,P0146,WH010,CT00136,International,24,58098.97,1394375.28,8122.23,10.9,151986.91,100050.72,1654535.14,AED,22.7,Air,11-08-2026,14-08-2026,3,Pending,Partially Delivered,1394375.28
PO003423,11-09-2025,S0223,P0181,WH009,No Contract,International,710,3044.19,2161374.9,12452.25,4.8,103746,219439.5,2497012.65,AED,22.7,Road,14-09-2025,14-09-2025,0,Approved,Delivered,2161374.9
PO003424,03-05-2025,S0199,P0101,WH007,CT00458,International,91,49557.43,4509726.13,104104.22,15.63,704870.19,351611.19,5670311.73,EUR,90.5,Road,03-06-2025,04-06-2025,1,Approved,Delivered,4509726.13
PO003425,27-01-2026,S0152,P0270,WH009,CT00223,International,576,65428.16,37686620.16,557916.39,16.12,6075083.17,2259205.21,46578824.93,SGD,62,Road,14-02-2026,14-02-2026,0,Pending,Partially Delivered,37686620.16
PO003426,06-06-2026,S0234,P0074,WH005,CT00413,International,660,49920.56,32947569.6,1385138.68,4.27,1406861.22,3672677.32,39412246.82,AUD,54,Air,30-06-2026,30-06-2026,0,Approved,Cancelled,32947569.6
PO003427,17-09-2025,S0147,P0054,WH005,CT00151,International,913,46084.41,42075066.33,415647.78,16.16,6799330.72,4331866.32,53621911.15,EUR,90.5,Sea,03-10-2025,03-10-2025,0,Approved,Delivered,42075066.33
PO003428,08-06-2026,S0142,P0232,WH007,CT00281,International,505,35643.22,17999826.1,387937.97,12.31,2215778.59,1503932.52,22107475.18,JPY,0.56,Rail,04-07-2026,05-07-2026,1,Approved,Partially Delivered,17999826.1
PO003429,19-10-2025,S0196,P0111,WH009,CT00475,International,301,14861.67,4473362.67,80733.97,5.37,240219.58,503516.28,5297832.5,EUR,90.5,Air,03-11-2025,03-11-2025,0,Approved,Cancelled,4473362.67
PO003430,16-06-2026,S0148,P0093,WH008,CT00426,International,796,41424.11,32973591.56,1404728.32,14.38,4741602.47,4529477.64,43649399.99,AED,22.7,Road,08-07-2026,08-07-2026,0,Approved,Delivered,32973591.56
PO003431,29-06-2025,S0238,P0188,WH008,CT00517,International,627,2022.29,1267975.83,28328.95,17.25,218725.83,112630.4,1627661.01,CNY,11.6,Road,16-07-2025,17-07-2025,1,Pending,Delivered,1267975.83
PO003432,30-04-2026,S0181,P0028,WH009,CT00293,International,138,14304.58,1974032.04,65351.55,2.91,57444.33,152818.65,2249646.57,AED,22.7,Rail,13-05-2026,14-05-2026,1,Approved,Partially Delivered,1974032.04
PO003433,07-02-2025,S0231,P0283,WH009,CT00029,International,627,48942.3,30686822.1,380075.6,9.07,2783294.76,3136306.01,36986498.47,SGD,62,Rail,20-02-2025,20-02-2025,0,Pending,Cancelled,30686822.1
PO003434,11-07-2025,S0237,P0261,WH007,CT00036,International,621,7138.84,4433219.64,159936.72,5.57,246930.33,459086.33,5299173.02,USD,83.5,Rail,08-08-2025,08-08-2025,0,Approved,Delivered,4433219.64
PO003435,13-03-2025,S0232,P0058,WH010,CT00255,International,144,7963.3,1146715.2,16623.12,16.54,189666.69,139331.97,1492336.98,AUD,54,Road,30-03-2025,01-04-2025,2,Approved,Delivered,1146715.2
PO003436,13-09-2025,S0188,P0178,WH009,CT00084,International,318,26569.33,8449046.94,340171.86,17.54,1481962.83,1022808.79,11293990.42,GBP,106,Rail,04-10-2025,04-10-2025,0,Approved,Partially Delivered,8449046.94
PO003437,07-03-2026,S0201,P0173,WH007,CT00226,International,61,33096.44,2018882.84,47577.23,17.61,355525.27,232696.3,2654681.64,EUR,90.5,Road,31-03-2026,02-04-2026,2,Pending,Delivered,2018882.84
PO003438,17-03-2026,S0190,P0048,WH008,CT00218,International,493,84869.49,41840658.57,1100703.27,3.86,1615049.42,2408231.33,46964642.59,SGD,62,Road,21-03-2026,22-03-2026,1,Pending,Delivered,41840658.57
PO003439,11-06-2026,S0246,P0227,WH009,CT00331,International,34,29147.36,991010.24,15195.73,16.7,165498.71,78744.99,1250449.67,USD,83.5,Rail,10-07-2026,12-07-2026,2,Pending,Delivered,991010.24
PO003440,17-03-2026,S0198,P0045,WH005,CT00588,International,125,46056.29,5757036.25,248792.08,15.26,878523.73,433851.52,7318203.58,EUR,90.5,Sea,18-04-2026,18-04-2026,0,Pending,Delivered,5757036.25
PO003441,13-11-2025,S0150,P0122,WH009,CT00332,International,724,48787.05,35321824.2,741338.17,5.85,2066326.72,4426765.88,42556254.97,SGD,62,Rail,06-12-2025,06-12-2025,0,Approved,Cancelled,35321824.2
PO003442,18-10-2025,S0170,P0184,WH005,CT00122,International,36,71031.6,2557137.6,17478.98,3.51,89755.53,308393.53,2972765.64,JPY,0.56,Sea,30-10-2025,02-11-2025,3,Approved,Partially Delivered,2557137.6
PO003443,11-04-2025,S0135,P0041,WH007,CT00072,International,879,39036.8,34313347.2,802796.55,11.48,3939172.26,2520427.55,41575743.56,EUR,90.5,Air,24-04-2025,24-04-2025,0,Pending,Delivered,34313347.2
PO003444,28-05-2025,S0155,P0289,WH006,CT00437,International,949,34094.36,32355547.64,433625.05,11.78,3811483.51,4263568.24,40864224.44,AUD,54,Sea,04-06-2025,04-06-2025,0,Approved,Delivered,32355547.64
PO003445,21-07-2026,S0128,P0294,WH007,CT00337,International,727,48630.92,35354678.84,1396254.41,11.04,3903156.54,3845620.87,44499710.66,AUD,54,Sea,22-08-2026,23-08-2026,1,Approved,Delivered,35354678.84
PO003446,19-12-2025,S0149,P0067,WH010,CT00110,International,579,51826.65,30007630.35,533497.48,9.08,2724692.84,1775460.71,35041281.38,SGD,62,Rail,12-01-2026,12-01-2026,0,Approved,Cancelled,30007630.35
PO003447,15-08-2025,S0156,P0067,WH005,CT00181,International,147,47089.86,6922209.42,288345.49,14.9,1031409.2,972522.38,9214486.49,CNY,11.6,Sea,31-08-2025,31-08-2025,0,Approved,Delivered,6922209.42
PO003448,23-05-2025,S0219,P0065,WH010,No Contract,International,864,42326.91,36570450.24,1457194.96,11.4,4169031.33,3778720.77,45975397.3,EUR,90.5,Sea,09-06-2025,09-06-2025,0,Approved,Delivered,36570450.24
PO003449,25-03-2026,S0128,P0274,WH006,CT00210,International,687,76836.55,52786709.85,1949423.22,2.44,1287995.72,3546129.76,59570258.55,AUD,54,Rail,25-04-2026,26-04-2026,1,Approved,Delivered,52786709.85
PO003450,02-08-2026,S0211,P0258,WH005,CT00395,International,457,28150.68,12864860.76,219353.87,16.01,2059664.21,768429.28,15912308.12,AED,22.7,Road,17-08-2026,18-08-2026,1,Approved,Delivered,12864860.76
PO003451,09-02-2025,S0168,P0143,WH010,CT00374,International,509,88861.1,45230299.9,773998.54,3.05,1379524.15,3719873.2,51103695.79,EUR,90.5,Air,25-02-2025,26-02-2025,1,Approved,Partially Delivered,45230299.9
PO003452,13-05-2026,S0127,P0109,WH007,CT00104,International,451,66802.19,30127787.69,1232831.23,7.97,2401184.68,4041670.18,37803473.78,AED,22.7,Air,31-05-2026,08-06-2026,8,Approved,Cancelled,30127787.69
PO003453,15-01-2026,S0180,P0248,WH009,CT00196,International,97,82683.48,8020297.56,82379.21,5.14,412243.29,946846.51,9461766.57,JPY,0.56,Sea,17-02-2026,18-02-2026,1,Approved,Cancelled,8020297.56
PO003454,26-11-2025,S0240,P0047,WH010,CT00047,International,581,83505.62,48516765.22,2034710.56,5.49,2663570.41,3883279.36,57098325.55,JPY,0.56,Road,03-01-2026,03-01-2026,0,Approved,Delivered,48516765.22
PO003455,07-06-2025,S0232,P0106,WH009,CT00141,International,22,17929.62,394451.64,2885.43,15.18,59877.76,36963.13,494177.96,AUD,54,Sea,30-06-2025,30-06-2025,0,Pending,Partially Delivered,394451.64
PO003456,02-07-2026,S0223,P0140,WH007,No Contract,International,451,71042.34,32040095.34,1373584.31,16.74,5363511.96,4415509.97,43192701.58,AED,22.7,Rail,12-07-2026,13-07-2026,1,Approved,Delivered,32040095.34
PO003457,24-06-2026,S0129,P0125,WH009,CT00364,International,546,10727.38,5857149.48,186013.43,2.1,123000.14,436635.51,6602798.56,USD,83.5,Road,13-07-2026,13-07-2026,0,Approved,Partially Delivered,5857149.48
PO003458,05-03-2026,S0154,P0001,WH010,CT00251,International,370,47339.14,17515481.8,470339.12,6.55,1147264.06,1045219.12,20178304.1,AUD,54,Road,02-04-2026,05-04-2026,3,Approved,Partially Delivered,17515481.8
PO003459,15-04-2025,S0156,P0135,WH007,CT00181,International,433,67654.79,29294524.07,485563.09,9.57,2803485.95,2286475.42,34870048.53,CNY,11.6,Air,23-04-2025,24-04-2025,1,Approved,Delivered,29294524.07
PO003460,16-01-2026,S0213,P0276,WH010,CT00499,International,658,78345.84,51551562.72,936663.43,4.03,2077527.98,3015031.26,57580785.39,AED,22.7,Sea,24-01-2026,24-01-2026,0,Approved,Delivered,51551562.72
PO003461,30-06-2025,S0212,P0224,WH009,CT00522,International,985,34287.74,33773423.9,650734.7,6.79,2293215.48,2576435.58,39293809.66,AUD,54,Rail,17-07-2025,17-07-2025,0,Pending,Delivered,33773423.9
PO003462,11-09-2025,S0175,P0078,WH007,CT00412,International,22,46698.28,1027362.16,33471.17,14.9,153076.96,124332.14,1338242.43,CNY,11.6,Road,13-09-2025,15-09-2025,2,Approved,Delivered,1027362.16
PO003463,22-01-2026,S0162,P0275,WH006,CT00062,International,88,40191.14,3536820.32,46015.89,12.67,448115.13,331782.68,4362734.02,CNY,11.6,Sea,03-02-2026,06-02-2026,3,Approved,Cancelled,3536820.32
PO003464,25-08-2025,S0159,P0063,WH008,CT00333,International,114,33108.61,3774381.54,35803.89,15.88,599371.79,229006.35,4638563.57,USD,83.5,Air,24-09-2025,25-09-2025,1,Approved,Delivered,3774381.54
PO003465,31-10-2025,S0190,P0067,WH010,CT00416,International,300,45791.27,13737381,248818.7,16.78,2305132.53,991420.62,17282752.85,SGD,62,Rail,07-11-2025,07-11-2025,0,Approved,Cancelled,13737381
PO003466,28-07-2025,S0171,P0035,WH007,CT00006,International,621,53704.48,33350482.08,1354874.01,9.23,3078249.5,2376538.45,40160144.04,GBP,106,Rail,15-08-2025,15-08-2025,0,Pending,Cancelled,33350482.08
PO003467,01-03-2026,S0242,P0143,WH005,CT00049,International,448,76905.5,34453664,829454.04,9.28,3197300.02,3350209.39,41830627.45,EUR,90.5,Sea,26-03-2026,27-03-2026,1,Pending,Cancelled,34453664
PO003468,21-04-2025,S0159,P0287,WH005,CT00333,International,412,68505.28,28224175.36,738146.66,12.62,3561890.93,2042786.65,34566999.6,USD,83.5,Road,21-05-2025,21-05-2025,0,Approved,Delivered,28224175.36
PO003469,13-02-2025,S0214,P0289,WH009,CT00528,International,813,37915.06,30824943.78,160149.85,13.1,4038067.64,3015230.19,38038391.46,EUR,90.5,Rail,13-03-2025,13-03-2025,0,Approved,Delivered,30824943.78
PO003470,05-12-2025,S0186,P0103,WH006,CT00305,International,855,23824.96,20370340.8,323643.54,9.67,1969811.96,2009311.87,24673108.17,EUR,90.5,Rail,27-12-2025,29-12-2025,2,Pending,Delivered,20370340.8
PO003471,18-06-2025,S0180,P0291,WH010,CT00196,International,800,72361.16,57888928,1229629.32,13.32,7710805.21,6268082.34,73097444.87,JPY,0.56,Rail,16-07-2025,21-07-2025,5,Approved,Delivered,57888928
PO003472,30-06-2026,S0153,P0137,WH005,CT00539,International,859,17496.77,15029725.43,433061.26,3.24,486963.1,1821178.91,17770928.7,EUR,90.5,Sea,06-08-2026,06-08-2026,0,Approved,Partially Delivered,15029725.43
PO003473,24-03-2025,S0150,P0070,WH005,CT00018,International,568,69854.21,39677191.28,808669.71,8.51,3376528.98,4185697.98,48048087.95,SGD,62,Air,15-04-2025,17-04-2025,2,Approved,Delivered,39677191.28
PO003474,08-07-2026,S0173,P0215,WH005,CT00246,International,762,33621.14,25619308.68,960891.65,13.1,3356129.44,3526896.8,33463226.57,AUD,54,Road,20-07-2026,20-07-2026,0,Approved,Cancelled,25619308.68
PO003475,19-10-2025,S0218,P0185,WH006,CT00074,International,789,53513.86,42222435.54,1230275.6,8.56,3614240.48,4390618.39,51457570.01,GBP,106,Rail,11-11-2025,16-11-2025,5,Approved,Partially Delivered,42222435.54
PO003476,11-06-2026,S0234,P0075,WH007,CT00342,International,382,22753.31,8691764.42,309389.79,9.87,857877.15,780979.35,10640010.71,AUD,54,Air,03-07-2026,03-07-2026,0,Approved,Partially Delivered,8691764.42
PO003477,05-06-2025,S0211,P0151,WH010,CT00395,International,411,6980.12,2868829.32,118019.76,12.74,365488.86,336417.3,3688755.24,AED,22.7,Air,17-06-2025,19-06-2025,2,Approved,Delivered,2868829.32
PO003478,27-07-2025,S0216,P0089,WH005,CT00381,International,668,29765.76,19883527.68,380033.65,4.08,811247.93,2399513.83,23474323.09,SGD,62,Air,19-08-2025,21-08-2025,2,Pending,Partially Delivered,19883527.68
PO003479,07-05-2026,S0231,P0124,WH009,CT00570,International,16,74051.65,1184826.4,30887.2,17.75,210306.69,167688.84,1593709.13,SGD,62,Road,19-05-2026,19-05-2026,0,Approved,Partially Delivered,1184826.4
PO003480,21-12-2025,S0165,P0157,WH006,CT00303,International,38,18634.89,708125.82,20874.02,10.14,71803.96,56757.03,857560.83,USD,83.5,Rail,22-01-2026,03-02-2026,12,Approved,Delivered,708125.82
PO003481,18-01-2025,S0217,P0155,WH010,CT00440,International,564,43366.79,24458869.56,400320.94,17.57,4297423.38,2706311.57,31862925.45,USD,83.5,Sea,29-01-2025,29-01-2025,0,Pending,Cancelled,24458869.56
PO003482,01-01-2025,S0218,P0098,WH008,CT00074,International,173,20696.67,3580523.91,34022.29,4.81,172223.2,380807.42,4167576.82,GBP,106,Road,20-01-2025,20-01-2025,0,Approved,Partially Delivered,3580523.91
PO003483,11-01-2025,S0133,P0089,WH007,CT00090,International,59,34135.75,2014009.25,53835.71,12.25,246716.13,236695.5,2551256.59,EUR,90.5,Sea,08-02-2025,10-02-2025,2,Pending,Partially Delivered,2014009.25
PO003484,29-01-2025,S0153,P0140,WH008,CT00065,International,58,62837.85,3644595.3,100872.1,2.1,76536.5,246178.12,4068182.02,EUR,90.5,Air,28-02-2025,28-02-2025,0,Pending,Delivered,3644595.3
PO003485,25-09-2025,S0211,P0134,WH010,CT00395,International,338,16534.6,5588694.8,234541.28,10.4,581224.26,758594.84,7163055.18,AED,22.7,Rail,10-10-2025,11-10-2025,1,Pending,Partially Delivered,5588694.8
PO003486,14-10-2025,S0157,P0233,WH006,CT00022,International,885,36003.32,31862938.2,914370.11,5.4,1720598.66,3869893.72,38367800.69,AUD,54,Road,06-11-2025,06-11-2025,0,Approved,Cancelled,31862938.2
PO003487,27-03-2026,S0212,P0207,WH010,CT00522,International,864,31852.57,27520620.48,377161.73,12.31,3387788.38,2380302.2,33665872.79,AUD,54,Rail,20-04-2026,22-04-2026,2,Approved,Delivered,27520620.48
PO003488,02-08-2025,S0165,P0001,WH007,CT00558,International,728,45230.28,32927643.84,584118.71,2.49,819898.33,2041367.42,36373028.3,USD,83.5,Sea,27-08-2025,27-08-2025,0,Approved,Cancelled,32927643.84
PO003489,08-01-2025,S0143,P0006,WH005,CT00572,International,23,64817.3,1490797.9,24289.85,3.43,51134.37,85542.48,1651764.6,JPY,0.56,Road,16-01-2025,16-01-2025,0,Pending,Delivered,1490797.9
PO003490,02-05-2025,S0226,P0040,WH007,CT00335,International,774,39716.96,30740927.04,434417.01,17.09,5253624.43,3290493.41,39719461.89,SGD,62,Sea,02-06-2025,02-06-2025,0,Approved,Cancelled,30740927.04
PO003491,14-02-2025,S0135,P0239,WH007,CT00072,International,574,51253.3,29419394.2,1135754.86,5.99,1762221.71,1902725.75,34220096.52,EUR,90.5,Air,01-03-2025,01-03-2025,0,Approved,Cancelled,29419394.2
PO003492,04-05-2026,S0147,P0252,WH010,CT00050,International,68,1099.98,74798.64,378.94,6.76,5056.39,8180.01,88413.98,EUR,90.5,Air,25-05-2026,25-05-2026,0,Approved,Delivered,74798.64
PO003493,11-01-2025,S0198,P0035,WH007,CT00525,International,914,59389.31,54281829.34,545710.31,11.14,6046995.79,4681561.81,65556097.25,EUR,90.5,Air,13-02-2025,13-02-2025,0,Pending,Cancelled,54281829.34
PO003494,31-05-2025,S0129,P0114,WH006,CT00364,International,722,69691.94,50317580.68,1625600.95,8.3,4176359.2,4185523.89,60305064.72,USD,83.5,Sea,25-06-2025,03-07-2025,8,Approved,Delivered,50317580.68
PO003495,13-09-2025,S0126,P0264,WH009,CT00585,International,763,15415.83,11762278.29,528788.42,2.59,304643.01,1293503.74,13889213.46,EUR,90.5,Air,23-09-2025,28-09-2025,5,Pending,Cancelled,11762278.29
PO003496,20-01-2025,S0203,P0036,WH010,CT00405,International,771,79800.89,61526486.19,1205893.98,3.83,2356464.42,6721563.75,71810408.34,JPY,0.56,Road,02-02-2025,02-02-2025,0,Pending,Cancelled,61526486.19
PO003497,08-02-2025,S0189,P0205,WH005,CT00463,International,683,25419.12,17361258.96,490611.96,9.87,1713556.26,2340052.62,21905479.8,EUR,90.5,Air,04-03-2025,06-03-2025,2,Approved,Delivered,17361258.96
PO003498,12-07-2025,S0159,P0062,WH007,CT00535,International,627,75463.38,47315539.26,1438101.04,3.85,1821648.26,5785590.57,56360879.13,USD,83.5,Rail,07-08-2025,09-08-2025,2,Approved,Cancelled,47315539.26
PO003499,02-06-2025,S0201,P0018,WH010,CT00226,International,860,32357.92,27827811.2,1159570.32,6.51,1811590.51,3476997.3,34275969.33,EUR,90.5,Rail,19-06-2025,20-06-2025,1,Pending,Cancelled,27827811.2
PO003500,17-06-2025,S0161,P0027,WH007,CT00548,International,532,66022.19,35123805.08,424452.57,4.94,1735115.97,3665651.83,40949025.45,AED,22.7,Air,10-07-2025,15-07-2025,5,Approved,Delivered,35123805.08
PO003501,14-06-2025,S0165,P0089,WH006,CT00558,International,271,30917.24,8378572.04,333881.56,12.25,1026375.07,671896.82,10410725.49,USD,83.5,Air,16-07-2025,16-07-2025,0,Approved,Partially Delivered,8378572.04
PO003502,02-04-2025,S0246,P0020,WH006,CT00237,International,147,74053.02,10885793.94,286331.52,16.66,1813573.27,1407356.83,14393055.56,USD,83.5,Air,01-05-2025,03-05-2025,2,Approved,Delivered,10885793.94
PO003503,06-04-2026,S0219,P0198,WH006,No Contract,International,882,72338.61,63802654.02,1112102.02,10.32,6584433.89,5883660.81,77382850.74,EUR,90.5,Air,29-04-2026,30-04-2026,1,Approved,Cancelled,63802654.02
PO003504,31-03-2025,S0235,P0021,WH009,CT00167,International,880,28695.25,25251820,697411.85,13.17,3325664.69,2261165.13,31536061.67,CNY,11.6,Sea,25-04-2025,25-04-2025,0,Pending,Delivered,25251820
PO003505,15-07-2025,S0129,P0094,WH010,CT00105,International,512,24382.04,12483604.48,82714.23,2.82,352037.65,1361867.4,14280223.76,USD,83.5,Rail,07-08-2025,19-08-2025,12,Approved,Partially Delivered,12483604.48
PO003506,14-02-2025,S0166,P0287,WH006,CT00431,International,989,73576.58,72767237.62,3232403.43,3.61,2626897.28,7617431.67,86243970,EUR,90.5,Road,27-02-2025,28-02-2025,1,Pending,Partially Delivered,72767237.62
PO003507,17-07-2026,S0151,P0220,WH005,CT00334,International,713,88554.58,63139415.54,1986348.39,3.84,2424553.56,5952388.1,73502705.59,USD,83.5,Rail,11-08-2026,11-08-2026,0,Pending,Delivered,63139415.54
PO003508,25-09-2025,S0180,P0047,WH006,CT00196,International,819,88415.11,72411975.09,1140866.09,5.79,4192653.36,8420018.65,86165513.19,JPY,0.56,Air,25-10-2025,25-10-2025,0,Approved,Delivered,72411975.09
PO003509,21-09-2025,S0183,P0131,WH008,CT00579,International,70,22617.17,1583201.9,26411.56,11.94,189034.31,90024.71,1888672.48,USD,83.5,Rail,08-10-2025,11-10-2025,3,Pending,Delivered,1583201.9
PO003510,15-10-2025,S0135,P0101,WH005,CT00424,International,789,56333.32,44446989.48,1019417.32,6.04,2684598.16,5138826.51,53289831.47,EUR,90.5,Road,28-10-2025,28-10-2025,0,Approved,Cancelled,44446989.48
PO003511,11-10-2025,S0239,P0002,WH005,CT00291,International,398,72794.06,28972035.88,862519.01,11.95,3462158.29,1811416.7,35108129.88,SGD,62,Rail,19-10-2025,22-10-2025,3,Approved,Delivered,28972035.88
PO003512,04-05-2026,S0155,P0295,WH007,CT00437,International,462,59124.34,27315445.08,551292.16,2.68,732053.93,3135855.9,31734647.07,AUD,54,Rail,13-05-2026,14-05-2026,1,Approved,Partially Delivered,27315445.08
PO003513,24-06-2025,S0183,P0031,WH006,CT00546,International,192,12765.94,2451060.48,88491.19,16.59,406630.93,280359.45,3226542.05,USD,83.5,Sea,08-07-2025,08-07-2025,0,Approved,Partially Delivered,2451060.48
PO003514,28-05-2026,S0249,P0219,WH005,CT00280,International,381,82974.53,31613295.93,452070.28,17.72,5601876.04,2069744.68,39736986.93,GBP,106,Rail,15-06-2026,20-06-2026,5,Pending,Cancelled,31613295.93
PO003515,18-06-2026,S0235,P0150,WH009,CT00167,International,92,72239.21,6646007.32,45490.71,11.15,741029.82,554161.83,7986689.68,CNY,11.6,Sea,07-07-2026,07-07-2026,0,Approved,Delivered,6646007.32
PO003516,06-08-2025,S0179,P0121,WH005,CT00066,International,36,17363.74,625094.64,9421.39,8.63,53945.67,56918.65,745380.35,GBP,106,Road,25-08-2025,02-09-2025,8,Pending,Delivered,625094.64
PO003517,17-11-2025,S0239,P0002,WH005,CT00291,International,456,85057.3,38786128.8,759848.84,16.2,6283352.87,5167256.08,50996586.59,SGD,62,Air,25-11-2025,27-11-2025,2,Approved,Delivered,38786128.8
PO003518,23-08-2025,S0215,P0288,WH005,CT00365,International,354,31706.69,11224168.26,323543.25,3.44,386111.39,1089145.06,13022967.96,AED,22.7,Sea,27-08-2025,29-08-2025,2,Pending,Cancelled,11224168.26
PO003519,14-09-2025,S0138,P0284,WH010,CT00283,International,282,36163.62,10198140.84,296288.96,14.47,1475670.98,1282175.09,13252275.87,AUD,54,Sea,08-10-2025,08-10-2025,0,Pending,Delivered,10198140.84
PO003520,23-05-2025,S0245,P0080,WH010,CT00002,International,992,38813.08,38502575.36,1198212.71,2.98,1147376.75,4810673.87,45658838.69,JPY,0.56,Sea,29-05-2025,03-06-2025,5,Approved,Delivered,38502575.36
PO003521,09-03-2025,S0136,P0065,WH006,CT00028,International,848,44765.18,37960872.64,415767.14,6.04,2292836.71,4823197.93,45492674.42,EUR,90.5,Rail,10-04-2025,15-04-2025,5,Approved,Delivered,37960872.64
PO003522,07-03-2026,S0242,P0206,WH005,CT00049,International,251,86073.96,21604563.96,328679.79,2.54,548755.92,2244490.52,24726490.19,EUR,90.5,Sea,06-04-2026,06-04-2026,0,Approved,Cancelled,21604563.96
PO003523,11-01-2025,S0159,P0164,WH006,CT00478,International,965,73445.5,70874907.5,3160363.51,11.85,8398676.54,6011693.01,88445640.56,USD,83.5,Road,03-02-2025,03-02-2025,0,Approved,Cancelled,70874907.5
PO003524,30-05-2026,S0227,P0241,WH007,No Contract,International,11,23923.61,263159.71,3389.23,16.25,42763.45,32283.54,341595.93,EUR,90.5,Road,06-06-2026,08-06-2026,2,Approved,Delivered,263159.71
PO003525,20-05-2026,S0224,P0231,WH005,CT00438,International,225,48513.77,10915598.25,137283.96,10.58,1154870.29,752838.13,12960590.63,AUD,54,Rail,06-06-2026,06-06-2026,0,Approved,Partially Delivered,10915598.25
PO003526,15-02-2025,S0247,P0103,WH007,CT00243,International,603,22515.47,13576828.41,480811.43,3.04,412735.58,915897.48,15386272.9,EUR,90.5,Road,21-03-2025,21-03-2025,0,Approved,Cancelled,13576828.41
PO003527,28-04-2025,S0138,P0101,WH005,CT00351,International,791,54451.25,43070938.75,961445.93,10.66,4591362.07,5235296.04,53859042.79,AUD,54,Road,27-05-2025,27-05-2025,0,Pending,Cancelled,43070938.75
PO003528,02-11-2025,S0145,P0080,WH007,CT00275,International,956,36423.69,34821047.64,1226678.44,2.53,880972.51,2249467.43,39178166.02,AED,22.7,Rail,24-11-2025,24-11-2025,0,Approved,Cancelled,34821047.64
PO003529,29-04-2025,S0193,P0167,WH007,CT00038,International,193,18271.78,3526453.54,66107.67,10.56,372393.49,224183.96,4189138.66,AUD,54,Air,09-05-2025,09-05-2025,0,Approved,Delivered,3526453.54
PO003530,26-04-2025,S0176,P0062,WH010,CT00501,International,390,63282.96,24680354.4,194360.41,9.63,2376718.13,2979414.56,30230847.5,GBP,106,Sea,19-05-2025,19-05-2025,0,Approved,Cancelled,24680354.4
PO003531,16-05-2026,S0138,P0088,WH009,CT00283,International,756,22190.87,16776297.72,131984.15,7.86,1318617,1193749.41,19420648.28,AUD,54,Sea,13-06-2026,13-06-2026,0,Approved,Partially Delivered,16776297.72
PO003532,17-01-2025,S0166,P0080,WH010,CT00340,International,316,40021.54,12646806.64,506322.47,8.67,1096478.14,966421.52,15216028.77,EUR,90.5,Sea,27-01-2025,29-01-2025,2,Pending,Partially Delivered,12646806.64
PO003533,14-11-2025,S0169,P0295,WH006,CT00378,International,818,64821.26,53023790.68,1006756.72,14.72,7805101.99,3298907.17,65134556.56,AUD,54,Sea,29-11-2025,29-11-2025,0,Pending,Delivered,53023790.68
PO003534,25-10-2025,S0130,P0149,WH010,CT00156,International,828,52311.24,43313706.72,1698267.42,7.6,3291841.71,4031173.35,52334989.2,SGD,62,Air,07-11-2025,07-11-2025,0,Approved,Delivered,43313706.72
PO003535,07-09-2025,S0180,P0222,WH007,CT00196,International,520,88860.26,46207335.2,1954163.92,7.05,3257617.13,2800964.49,54220080.74,JPY,0.56,Sea,04-10-2025,05-10-2025,1,Approved,Delivered,46207335.2
PO003536,08-07-2025,S0221,P0126,WH009,CT00430,International,830,62431.15,51817854.5,1742213.67,8.69,4502971.56,5187908.86,63250948.59,EUR,90.5,Sea,07-08-2025,07-08-2025,0,Approved,Delivered,51817854.5
PO003537,30-01-2025,S0197,P0037,WH009,CT00347,International,89,30303.62,2697022.18,98757.17,14.46,389989.41,307089.11,3492857.87,AUD,54,Air,16-02-2025,16-02-2025,0,Pending,Delivered,2697022.18
PO003538,26-05-2025,S0164,P0288,WH010,CT00266,International,724,35693.81,25842318.44,244784.68,3.23,834706.89,1860366.05,28782176.06,SGD,62,Rail,13-06-2025,13-06-2025,0,Approved,Cancelled,25842318.44
PO003539,13-04-2025,S0219,P0283,WH009,No Contract,International,689,50678.44,34917445.16,269645.87,3.58,1250044.54,2851574.59,39288710.16,EUR,90.5,Air,03-05-2025,04-05-2025,1,Pending,Partially Delivered,34917445.16
PO003540,08-04-2025,S0183,P0037,WH008,CT00579,International,415,34543.55,14335573.25,302239.44,16.74,2399774.96,1591356.1,18628943.75,USD,83.5,Air,24-04-2025,26-04-2025,2,Approved,Partially Delivered,14335573.25
PO003541,18-07-2025,S0230,P0053,WH010,CT00118,International,814,33346.06,27143692.84,456943.1,15.19,4123126.94,3228491.51,34952254.39,EUR,90.5,Road,31-07-2025,01-08-2025,1,Pending,Delivered,27143692.84
PO003542,28-07-2026,S0228,P0070,WH007,CT00377,International,236,75159.36,17737608.96,480455.55,8.96,1589289.76,2200106.31,22007460.58,SGD,62,Road,21-08-2026,21-08-2026,0,Approved,Cancelled,17737608.96
PO003543,08-01-2025,S0228,P0241,WH006,CT00377,International,227,27020.63,6133683.01,128750.78,14.1,864849.3,721891.99,7849175.08,SGD,62,Sea,24-01-2025,24-01-2025,0,Approved,Delivered,6133683.01
PO003544,04-01-2025,S0213,P0137,WH005,CT00499,International,102,15862.48,1617972.96,30591.47,16.9,273437.43,187744.14,2109746,AED,22.7,Road,19-01-2025,19-01-2025,0,Pending,Delivered,1617972.96
PO003545,04-04-2025,S0197,P0193,WH006,CT00321,International,444,29886.5,13269606,149222.31,13.1,1738318.39,1179847.22,16336993.92,AUD,54,Air,21-04-2025,22-04-2025,1,Approved,Cancelled,13269606
PO003546,08-03-2026,S0178,P0059,WH006,CT00232,International,659,55062.6,36286253.4,197137.93,6.45,2340463.34,3042788.45,41866643.12,JPY,0.56,Road,01-04-2026,01-04-2026,0,Pending,Delivered,36286253.4
PO003547,18-07-2026,S0187,P0233,WH005,CT00068,International,943,34757.99,32776784.57,384138.11,11.07,3628390.05,3000921.84,39790234.57,AED,22.7,Road,01-08-2026,02-08-2026,1,Pending,Partially Delivered,32776784.57
PO003548,25-03-2025,S0188,P0113,WH007,CT00084,International,835,60116.08,50196926.8,300413.76,8.77,4402270.48,3484244.59,58383855.63,GBP,106,Air,15-04-2025,17-04-2025,2,Approved,Partially Delivered,50196926.8
PO003549,28-09-2025,S0243,P0294,WH008,CT00411,International,983,49679.47,48834919.01,983603.84,8.53,4165618.59,4768343.07,58752484.51,CNY,11.6,Road,18-10-2025,19-10-2025,1,Approved,Delivered,48834919.01
PO003550,12-05-2025,S0170,P0298,WH009,CT00122,International,207,15245.02,3155719.14,74441.27,4.65,146740.94,250105.99,3627007.34,JPY,0.56,Air,26-05-2025,28-05-2025,2,Approved,Cancelled,3155719.14
PO003551,23-04-2026,S0167,P0280,WH009,CT00407,International,579,38407.44,22237907.76,990894.14,7.14,1587786.61,1421191.21,26237779.72,USD,83.5,Rail,12-05-2026,12-05-2026,0,Pending,Delivered,22237907.76
PO003552,09-11-2025,S0153,P0172,WH006,CT00539,International,321,418.77,134425.17,2273.45,8.19,11009.42,10537.15,158245.19,EUR,90.5,Rail,09-12-2025,11-12-2025,2,Pending,Cancelled,134425.17
PO003553,15-06-2026,S0131,P0296,WH008,CT00401,International,99,39329.48,3893618.52,39634.56,2.48,96561.74,479664.63,4509479.45,GBP,106,Rail,07-07-2026,07-07-2026,0,Approved,Delivered,3893618.52
PO003554,25-04-2025,S0212,P0126,WH005,CT00186,International,584,63272.89,36951367.76,244065.99,11.89,4393517.63,3392357.61,44981308.99,AUD,54,Sea,16-05-2025,16-05-2025,0,Approved,Cancelled,36951367.76
PO003555,29-03-2025,S0152,P0202,WH009,CT00375,International,791,30218.48,23902817.68,1014800.06,17.95,4290555.77,2521278.16,31729451.67,SGD,62,Road,17-04-2025,17-04-2025,0,Approved,Partially Delivered,23902817.68
PO003556,19-06-2026,S0166,P0106,WH006,CT00431,International,482,16416.83,7912912.06,84611.15,12.55,993070.46,581185.35,9571779.02,EUR,90.5,Air,26-06-2026,26-06-2026,0,Approved,Partially Delivered,7912912.06
PO003557,22-03-2025,S0227,P0173,WH008,No Contract,International,267,30958.44,8265903.48,348241.01,13.01,1075394.04,794509.15,10484047.68,EUR,90.5,Road,25-03-2025,02-04-2025,8,Approved,Cancelled,8265903.48
PO003558,29-01-2025,S0244,P0080,WH006,CT00119,International,160,43188.51,6910161.6,70729.63,10.38,717274.77,533887.86,8232053.86,EUR,90.5,Air,11-02-2025,13-02-2025,2,Approved,Delivered,6910161.6
PO003559,10-04-2025,S0213,P0109,WH009,CT00499,International,65,60326.19,3921202.35,26402.67,2.5,98030.06,299782.02,4345417.1,AED,22.7,Air,24-04-2025,26-04-2025,2,Approved,Delivered,3921202.35
PO003560,21-05-2025,S0209,P0281,WH006,CT00464,International,148,58873.8,8713322.4,304265.2,5.68,494916.71,712503.84,10225008.15,CNY,11.6,Sea,24-06-2025,29-06-2025,5,Approved,Cancelled,8713322.4
PO003561,16-11-2025,S0215,P0265,WH009,CT00365,International,17,28641.57,486906.69,9250.42,14.72,71672.66,42342.23,610172,AED,22.7,Rail,23-11-2025,01-12-2025,8,Approved,Partially Delivered,486906.69
PO003562,08-05-2025,S0146,P0058,WH006,CT00560,International,162,8560.55,1386809.1,9450.2,7.31,101375.75,96351.89,1593986.94,EUR,90.5,Rail,03-06-2025,04-06-2025,1,Approved,Partially Delivered,1386809.1
PO003563,25-08-2025,S0181,P0139,WH005,CT00293,International,558,59703.35,33314469.3,479241.24,15.66,5217045.89,3195436.25,42206192.68,AED,22.7,Air,06-09-2025,07-09-2025,1,Approved,Partially Delivered,33314469.3
PO003564,25-03-2026,S0204,P0252,WH009,CT00262,International,979,1084.62,1061842.98,43250.29,3.53,37483.06,72786.61,1215362.94,JPY,0.56,Sea,15-04-2026,15-04-2026,0,Approved,Partially Delivered,1061842.98
PO003565,25-03-2025,S0199,P0174,WH006,CT00458,International,301,78005.6,23479685.6,381005.11,8.14,1911246.41,2098801.61,27870738.73,EUR,90.5,Road,21-04-2025,21-04-2025,0,Approved,Delivered,23479685.6
PO003566,24-02-2025,S0133,P0053,WH009,CT00273,International,122,35267.06,4302581.32,40090.9,12.65,544276.54,467394.15,5354342.91,EUR,90.5,Sea,13-03-2025,13-03-2025,0,Approved,Cancelled,4302581.32
PO003567,27-11-2025,S0128,P0063,WH008,CT00337,International,194,33738.57,6545282.58,85460.79,3.72,243484.51,640650.01,7514877.89,AUD,54,Road,02-01-2026,02-01-2026,0,Approved,Delivered,6545282.58
PO003568,21-03-2026,S0193,P0118,WH008,CT00038,International,229,83764.69,19182114.01,508185.36,13.31,2553139.37,1475791.18,23719229.92,AUD,54,Air,07-04-2026,08-04-2026,1,Pending,Partially Delivered,19182114.01
PO003569,23-03-2026,S0163,P0276,WH006,CT00270,International,699,86898.04,60741729.96,1415071.79,3.93,2387149.99,7595463.52,72139415.26,JPY,0.56,Rail,27-04-2026,28-04-2026,1,Approved,Cancelled,60741729.96
PO003570,23-12-2025,S0163,P0009,WH008,CT00596,International,670,46652.34,31257067.8,670869.18,5.11,1597236.16,1677780.56,35202953.7,JPY,0.56,Road,24-01-2026,24-01-2026,0,Approved,Cancelled,31257067.8
PO003571,20-10-2025,S0166,P0074,WH010,CT00139,International,951,53144.78,50540685.78,822084.13,3.89,1966032.68,6083406.9,59412209.49,EUR,90.5,Air,27-10-2025,28-10-2025,1,Pending,Delivered,50540685.78
PO003572,07-03-2025,S0148,P0244,WH009,CT00594,International,575,13863.13,7971299.75,159950.27,11.53,919090.86,1021475.14,10071816.02,AED,22.7,Rail,31-03-2025,01-04-2025,1,Approved,Delivered,7971299.75
PO003573,24-02-2025,S0152,P0225,WH005,CT00375,International,435,69297.66,30144482.1,1276683,10.8,3255604.07,1758977.57,36435746.74,SGD,62,Air,15-03-2025,16-03-2025,1,Approved,Delivered,30144482.1
PO003574,20-04-2026,S0203,P0222,WH005,CT00454,International,846,81764.46,69172733.16,2507567.59,5.61,3880590.33,5231199.14,80792090.22,JPY,0.56,Road,06-05-2026,14-05-2026,8,Approved,Partially Delivered,69172733.16
PO003575,03-05-2026,S0127,P0004,WH006,CT00194,International,760,69850.87,53086661.2,1367297.76,11.4,6051879.38,7194021.26,67699859.6,AED,22.7,Rail,28-05-2026,28-05-2026,0,Approved,Cancelled,53086661.2
PO003576,22-08-2025,S0195,P0208,WH005,CT00161,International,939,28848.81,27089032.59,1150735.31,14.69,3979378.89,3127626.93,35346773.72,AUD,54,Rail,17-09-2025,17-09-2025,0,Pending,Delivered,27089032.59
PO003577,02-08-2025,S0148,P0274,WH010,CT00343,International,659,81759.53,53879530.27,2202474.19,16.54,8911674.31,6082072.82,71075751.59,AED,22.7,Air,31-08-2025,05-09-2025,5,Approved,Delivered,53879530.27
PO003578,07-04-2026,S0235,P0036,WH005,CT00167,International,909,80374.77,73060665.93,1973372.72,6.42,4690494.75,6541937.22,86266470.62,CNY,11.6,Air,28-04-2026,29-04-2026,1,Approved,Delivered,73060665.93
PO003579,14-01-2025,S0231,P0170,WH005,CT00570,International,511,60652.86,30993611.46,1000871.91,6.72,2082770.69,2705732.62,36782986.68,SGD,62,Sea,05-02-2025,08-02-2025,3,Pending,Delivered,30993611.46
PO003580,07-05-2026,S0173,P0097,WH007,CT00246,International,882,70707.67,62364164.94,1782181.56,8.1,5051497.36,4157774.55,73355618.41,AUD,54,Air,19-05-2026,24-05-2026,5,Approved,Partially Delivered,62364164.94
PO003581,10-05-2026,S0160,P0117,WH010,CT00338,International,339,45986.81,15589528.59,371266.33,9.67,1507507.41,2076646.55,19544948.88,CNY,11.6,Rail,23-05-2026,23-05-2026,0,Approved,Delivered,15589528.59
PO003582,25-12-2025,S0159,P0246,WH009,CT00478,International,686,74083.4,50821212.4,1455917.98,9.56,4858507.91,5591761.82,62727400.11,USD,83.5,Rail,19-01-2026,19-01-2026,0,Approved,Cancelled,50821212.4
PO003583,03-12-2025,S0193,P0063,WH008,CT00038,International,137,34082.11,4669249.07,165956.27,14.12,659297.97,609741.96,6104245.27,AUD,54,Sea,15-12-2025,15-12-2025,0,Approved,Delivered,4669249.07
PO003584,30-03-2025,S0229,P0113,WH005,CT00488,International,788,62375.44,49151846.72,2180133.94,9.12,4482648.42,4189550.37,60004179.45,EUR,90.5,Rail,20-04-2025,21-04-2025,1,Approved,Delivered,49151846.72
PO003585,29-07-2026,S0179,P0275,WH005,CT00066,International,524,37654.23,19730816.52,514159.12,9.31,1836939.02,1455652.48,23537567.14,GBP,106,Rail,09-08-2026,17-08-2026,8,Approved,Partially Delivered,19730816.52
PO003586,18-11-2025,S0241,P0049,WH006,CT00541,International,339,28573,9686247,394911.33,7.63,739060.65,805868.02,11626087,CNY,11.6,Air,27-11-2025,28-11-2025,1,Approved,Partially Delivered,9686247
PO003587,20-06-2025,S0246,P0171,WH005,CT00331,International,66,40149.46,2649864.36,14406.67,4.91,130108.34,258425.26,3052804.63,USD,83.5,Sea,19-07-2025,21-07-2025,2,Approved,Delivered,2649864.36
PO003588,17-03-2025,S0201,P0067,WH009,CT00226,International,770,48941.36,37684847.2,1360038.97,17.3,6519478.57,2336733.1,47901097.84,EUR,90.5,Road,06-04-2025,07-04-2025,1,Approved,Delivered,37684847.2
PO003589,24-01-2026,S0237,P0252,WH005,CT00036,International,572,1199,685828,29395,16.39,112407.21,47861.78,875491.99,USD,83.5,Rail,25-02-2026,25-02-2026,0,Approved,Delivered,685828
PO003590,26-10-2025,S0140,P0153,WH010,CT00082,International,492,28036.91,13794159.72,247819.19,9.11,1256647.95,1592154.34,16890781.2,JPY,0.56,Road,20-11-2025,23-11-2025,3,Approved,Partially Delivered,13794159.72
PO003591,26-02-2025,S0175,P0204,WH006,CT00412,International,973,69544.97,67667255.81,1136912.39,7.46,5047977.28,5918404.13,79770549.61,CNY,11.6,Air,02-03-2025,05-03-2025,3,Approved,Cancelled,67667255.81
PO003592,23-11-2025,S0239,P0100,WH006,CT00291,International,706,698.84,493381.04,21228.92,3.77,18600.47,59703.66,592914.09,SGD,62,Road,03-12-2025,03-12-2025,0,Pending,Delivered,493381.04
PO003593,04-01-2025,S0216,P0038,WH009,CT00381,International,556,29325.8,16305144.8,104581.78,10.36,1689213,1161935.1,19260874.68,SGD,62,Road,07-02-2025,07-02-2025,0,Pending,Delivered,16305144.8
PO003594,03-09-2025,S0247,P0278,WH006,CT00243,International,603,18770.35,11318521.05,493084.44,17.75,2009037.49,1017362.84,14838005.82,EUR,90.5,Air,01-10-2025,01-10-2025,0,Approved,Delivered,11318521.05
PO003595,11-12-2025,S0200,P0037,WH010,CT00300,International,277,31346.85,8683077.45,328340.45,3.9,338640.02,511841.94,9861899.86,EUR,90.5,Road,01-01-2026,01-01-2026,0,Approved,Delivered,8683077.45
PO003596,26-06-2025,S0150,P0266,WH010,CT00018,International,424,78209.55,33160849.2,1389552.06,15.05,4990707.8,2986498.82,42527607.88,SGD,62,Rail,26-07-2025,26-07-2025,0,Approved,Partially Delivered,33160849.2
PO003597,10-03-2026,S0188,P0151,WH009,CT00084,International,411,6227.03,2559309.33,57362.68,9.26,236992.04,341967.2,3195631.25,GBP,106,Sea,27-03-2026,29-03-2026,2,Pending,Partially Delivered,2559309.33
PO003598,17-09-2025,S0189,P0188,WH009,CT00463,International,283,1858.19,525867.77,16613.45,10.29,54111.79,30030.06,626623.07,EUR,90.5,Rail,06-10-2025,06-10-2025,0,Approved,Delivered,525867.77
PO003599,09-10-2025,S0137,P0066,WH010,CT00240,International,694,43457.5,30159505,813240.64,15.72,4741074.19,3863088.28,39576908.11,CNY,11.6,Rail,09-11-2025,10-11-2025,1,Approved,Delivered,30159505
PO003600,15-07-2025,S0135,P0165,WH008,CT00259,International,55,55449.17,3049704.35,25355.23,14.97,456540.74,271226.56,3802826.88,EUR,90.5,Sea,03-08-2025,03-08-2025,0,Pending,Delivered,3049704.35
PO003601,05-11-2025,S0137,P0053,WH006,CT00240,International,751,37378.98,28071613.98,469079.07,5.19,1456916.77,2715752.44,32713362.26,CNY,11.6,Sea,07-12-2025,07-12-2025,0,Approved,Cancelled,28071613.98
PO003602,15-02-2026,S0128,P0099,WH007,CT00286,International,11,59133.86,650472.46,21687.41,8.45,54964.92,82913.13,810037.92,AUD,54,Air,13-03-2026,13-03-2026,0,Approved,Delivered,650472.46
PO003603,24-06-2025,S0159,P0030,WH010,CT00535,International,564,84210.97,47494987.08,1525700.38,6.77,3215410.63,3764793.32,56000891.41,USD,83.5,Air,20-07-2025,21-07-2025,1,Pending,Delivered,47494987.08
PO003604,31-05-2025,S0249,P0129,WH007,CT00280,International,356,17755.25,6320869,198732.87,2.13,134634.51,653551.29,7307787.67,GBP,106,Rail,09-06-2025,09-06-2025,0,Approved,Cancelled,6320869
PO003605,22-04-2025,S0162,P0124,WH007,CT00062,International,56,73523.73,4117328.88,172505.9,12.07,496961.6,488456.3,5275252.68,CNY,11.6,Sea,12-05-2025,13-05-2025,1,Pending,Cancelled,4117328.88
PO003606,23-06-2025,S0152,P0132,WH006,CT00375,International,507,30482.54,15454647.78,321780.39,4.48,692368.22,1596221.45,18065017.84,SGD,62,Road,08-07-2025,08-07-2025,0,Approved,Delivered,15454647.78
PO003607,28-04-2026,S0144,P0273,WH005,CT00030,International,940,67947.11,63870283.4,685240.69,16.53,10557757.85,6615177.43,81728459.37,GBP,106,Air,20-05-2026,20-05-2026,0,Approved,Delivered,63870283.4
PO003608,05-02-2025,S0189,P0144,WH006,CT00463,International,619,43257.91,26776646.29,545169.88,16.04,4294974.06,2238275.37,33855065.6,EUR,90.5,Road,03-03-2025,11-03-2025,8,Approved,Delivered,26776646.29
PO003609,23-07-2026,S0132,P0043,WH007,CT00447,International,49,24001.43,1176070.07,27933.23,12.47,146655.94,95564.4,1446223.64,JPY,0.56,Rail,30-07-2026,30-07-2026,0,Approved,Partially Delivered,1176070.07
PO003610,02-05-2025,S0160,P0129,WH009,CT00338,International,860,17266.8,14849448,228346.72,11.88,1764114.42,1872764.83,18714673.97,CNY,11.6,Air,11-05-2025,16-05-2025,5,Approved,Delivered,14849448
PO003611,04-03-2026,S0195,P0209,WH009,CT00161,International,981,90958.91,89230690.71,3745332.48,7.78,6942147.74,9928295.11,109846466,AUD,54,Sea,02-04-2026,02-04-2026,0,Approved,Delivered,89230690.71
PO003612,08-07-2026,S0167,P0131,WH007,CT00067,International,490,22481.52,11015944.8,442538.55,13.78,1517997.19,675450.49,13651931.03,USD,83.5,Sea,25-07-2026,26-07-2026,1,Pending,Delivered,11015944.8
PO003613,29-03-2026,S0172,P0054,WH008,CT00540,International,56,45828.32,2566385.92,31581.77,5.13,131655.6,286808.5,3016431.79,AUD,54,Rail,15-04-2026,20-04-2026,5,Approved,Delivered,2566385.92
PO003614,07-05-2026,S0228,P0247,WH010,CT00377,International,646,32589.01,21052500.46,837364.17,7.89,1661042.29,2096706.81,25647613.73,SGD,62,Road,03-06-2026,11-06-2026,8,Pending,Delivered,21052500.46
PO003615,03-04-2026,S0230,P0220,WH006,CT00118,International,802,89870.14,72075852.28,1978233.47,8.39,6047164.01,5340909.22,85442158.98,EUR,90.5,Air,21-04-2026,24-04-2026,3,Approved,Cancelled,72075852.28
PO003616,05-01-2025,S0166,P0085,WH008,CT00483,International,684,65826.12,45025066.08,1274152.18,11.65,5245420.2,5103031.36,56647669.82,EUR,90.5,Road,10-01-2025,15-01-2025,5,Approved,Partially Delivered,45025066.08
PO003617,05-01-2026,S0211,P0062,WH009,CT00395,International,447,72081.95,32220631.65,1029785.06,10.1,3254283.8,3401896.22,39906596.73,AED,22.7,Rail,15-01-2026,15-01-2026,0,Approved,Delivered,32220631.65
PO003618,20-03-2025,S0231,P0126,WH009,CT00570,International,446,60053.1,26783682.6,335721.67,7.88,2110554.19,3411379.3,32641337.76,SGD,62,Sea,07-04-2025,07-04-2025,0,Approved,Delivered,26783682.6
PO003619,04-09-2025,S0209,P0111,WH007,CT00464,International,614,13853.61,8506116.54,160877.21,2.56,217756.58,571804.43,9456554.76,CNY,11.6,Rail,07-10-2025,15-10-2025,8,Approved,Delivered,8506116.54
PO003620,27-02-2025,S0131,P0076,WH009,CT00401,International,661,69241.33,45768519.13,345266.42,15.48,7084966.76,3647987.5,56846739.81,GBP,106,Sea,24-03-2025,24-03-2025,0,Approved,Partially Delivered,45768519.13
PO003621,24-08-2025,S0188,P0154,WH007,CT00084,International,276,32549.1,8983551.6,74235.27,16.5,1482286.01,1154236.3,11694309.18,GBP,106,Road,10-09-2025,11-09-2025,1,Approved,Partially Delivered,8983551.6
PO003622,01-11-2025,S0219,P0008,WH005,No Contract,International,989,61955.82,61274305.98,739877.72,8.61,5275717.74,7460892.59,74750794.03,EUR,90.5,Sea,17-11-2025,17-11-2025,0,Approved,Partially Delivered,61274305.98
PO003623,27-07-2025,S0240,P0259,WH006,CT00047,International,825,80053.59,66044211.75,2633514.2,17.15,11326582.32,7009617.95,87013926.22,JPY,0.56,Road,02-09-2025,04-09-2025,2,Approved,Cancelled,66044211.75
PO003624,16-09-2025,S0194,P0013,WH006,CT00254,International,994,17254.49,17150963.06,546020.16,13.27,2275932.8,2369545.54,22342461.56,USD,83.5,Air,21-09-2025,21-09-2025,0,Pending,Partially Delivered,17150963.06
PO003625,07-05-2026,S0139,P0076,WH010,CT00322,International,870,66995.72,58286276.4,1480998.5,10.5,6120059.02,3317007.72,69204341.64,AED,22.7,Rail,10-06-2026,18-06-2026,8,Approved,Delivered,58286276.4
PO003626,29-05-2025,S0169,P0278,WH010,CT00287,International,567,20709.7,11742399.9,397744.02,5.2,610604.79,1105720.17,13856468.88,AUD,54,Air,15-06-2025,15-06-2025,0,Approved,Delivered,11742399.9
PO003627,29-12-2025,S0160,P0143,WH010,CT00380,International,106,87447.94,9269481.64,185957.78,14.64,1357052.11,589738.31,11402229.84,CNY,11.6,Road,11-01-2026,11-01-2026,0,Approved,Delivered,9269481.64
PO003628,06-09-2025,S0158,P0124,WH008,CT00015,International,194,65465.05,12700219.7,441080.17,10.56,1341143.2,1363154.58,15845597.65,EUR,90.5,Sea,04-10-2025,05-10-2025,1,Approved,Partially Delivered,12700219.7
PO003629,01-07-2025,S0171,P0117,WH008,CT00269,International,10,51406.88,514068.8,7688.55,16.53,84975.57,32239.8,638972.72,GBP,106,Rail,13-07-2025,13-07-2025,0,Approved,Delivered,514068.8
PO003630,12-02-2025,S0241,P0009,WH005,CT00008,International,242,44931.93,10873527.06,330483.24,6.47,703517.2,802354.52,12709882.02,CNY,11.6,Rail,28-02-2025,28-02-2025,0,Pending,Partially Delivered,10873527.06
PO003631,23-04-2025,S0155,P0132,WH007,CT00526,International,60,28148.92,1688935.2,27633.13,9.68,163488.93,162252.67,2042309.93,AUD,54,Rail,06-05-2025,14-05-2025,8,Approved,Cancelled,1688935.2
PO003632,13-01-2025,S0191,P0120,WH008,CT00496,International,325,78385.61,25475323.25,633589.02,8.57,2183235.2,2056139.4,30348286.87,EUR,90.5,Air,19-01-2025,19-01-2025,0,Approved,Delivered,25475323.25
PO003633,24-08-2025,S0208,P0020,WH010,CT00295,International,700,67709.11,47396377,912090.82,2.4,1137513.05,3021772.67,52467753.54,GBP,106,Road,11-09-2025,11-09-2025,0,Approved,Cancelled,47396377
PO003634,08-04-2026,S0219,P0188,WH006,No Contract,International,923,2037.3,1880427.9,59181.19,7.89,148365.76,227022.16,2314997.01,EUR,90.5,Rail,26-04-2026,04-05-2026,8,Approved,Delivered,1880427.9
PO003635,30-06-2026,S0238,P0014,WH006,CT00184,International,725,23698.93,17181724.25,340108.48,15.29,2627085.64,1684480.34,21833398.71,CNY,11.6,Sea,19-07-2026,20-07-2026,1,Pending,Cancelled,17181724.25
PO003636,31-07-2026,S0231,P0081,WH010,CT00029,International,567,29249.56,16584500.52,240728.96,16.73,2774586.94,1823488.7,21423305.12,SGD,62,Air,15-08-2026,15-08-2026,0,Approved,Delivered,16584500.52
PO003637,20-03-2025,S0184,P0250,WH006,CT00224,International,984,64614.64,63580805.76,1795494.57,7.96,5061032.14,7894785.89,78332118.36,USD,83.5,Road,16-04-2025,16-04-2025,0,Approved,Partially Delivered,63580805.76
PO003638,10-09-2025,S0234,P0299,WH006,CT00342,International,596,7252.02,4322203.92,150891.53,12.73,550216.56,522759.24,5546071.25,AUD,54,Road,23-09-2025,23-09-2025,0,Pending,Cancelled,4322203.92
PO003639,10-03-2026,S0157,P0061,WH007,CT00304,International,575,37744.54,21703110.5,975603.38,10.53,2285337.54,2348090.65,27312142.07,AUD,54,Air,03-04-2026,06-04-2026,3,Approved,Delivered,21703110.5
PO003640,27-12-2025,S0143,P0258,WH007,CT00080,International,16,29940.46,479047.36,7038.52,8.1,38802.84,30989.11,555877.83,JPY,0.56,Air,06-01-2026,06-01-2026,0,Approved,Cancelled,479047.36
PO003641,17-08-2025,S0214,P0155,WH007,CT00528,International,242,43013.1,10409170.2,129543.45,16.8,1748740.59,940655.42,13228109.66,EUR,90.5,Sea,07-09-2025,07-09-2025,0,Approved,Delivered,10409170.2
PO003642,26-07-2025,S0230,P0113,WH007,CT00359,International,94,59592.65,5601709.1,63055.26,17.2,963493.97,771274.66,7399532.99,EUR,90.5,Road,09-08-2025,12-08-2025,3,Approved,Delivered,5601709.1
PO003643,10-06-2026,S0128,P0074,WH009,CT00286,International,241,52247.63,12591678.83,494837.14,9.55,1202505.33,1011930.58,15300951.88,AUD,54,Rail,15-07-2026,16-07-2026,1,Approved,Delivered,12591678.83
PO003644,31-05-2025,S0149,P0095,WH006,CT00204,International,764,27534.43,21036304.52,383694.74,7.74,1628209.97,2248295.62,25296504.85,SGD,62,Sea,18-06-2025,18-06-2025,0,Approved,Partially Delivered,21036304.52
PO003645,12-01-2026,S0177,P0038,WH008,CT00208,International,26,27645.45,718781.7,27185.86,15.45,111051.77,48501.93,905521.26,EUR,90.5,Road,22-01-2026,23-01-2026,1,Approved,Cancelled,718781.7
PO003646,24-11-2025,S0155,P0046,WH010,CT00526,International,871,42561.92,37071432.32,1146544.53,12.39,4593150.46,4916582.17,47727709.48,AUD,54,Rail,05-12-2025,08-12-2025,3,Approved,Delivered,37071432.32
PO003647,03-05-2026,S0177,P0267,WH006,CT00235,International,118,12336.2,1455671.6,17741.67,11.79,171623.68,114272.58,1759309.53,EUR,90.5,Rail,16-05-2026,19-05-2026,3,Approved,Partially Delivered,1455671.6
PO003648,15-03-2026,S0186,P0230,WH008,CT00305,International,557,55891.5,31131565.5,329362.58,4.24,1319978.38,2366936.07,35147842.53,EUR,90.5,Air,01-04-2026,01-04-2026,0,Approved,Delivered,31131565.5
PO003649,07-07-2025,S0213,P0262,WH008,CT00499,International,870,65945.16,57372289.2,2444660.08,6.38,3660352.05,3463058.04,66940359.37,AED,22.7,Sea,15-07-2025,16-07-2025,1,Approved,Partially Delivered,57372289.2
PO003650,08-01-2025,S0145,P0213,WH005,CT00275,International,419,68961.59,28894906.21,220245.92,13.48,3895033.36,2020445.69,35030631.18,AED,22.7,Sea,31-01-2025,31-01-2025,0,Pending,Partially Delivered,28894906.21
PO003651,12-05-2025,S0219,P0242,WH007,No Contract,International,585,11456.55,6702081.75,102279.67,9.16,613910.69,714125.66,8132397.77,EUR,90.5,Air,06-06-2025,07-06-2025,1,Approved,Delivered,6702081.75
PO003652,05-03-2025,S0247,P0073,WH008,CT00315,International,197,28898.46,5692996.62,216204.05,5.65,321654.31,543632.96,6774487.94,EUR,90.5,Air,06-04-2025,06-04-2025,0,Approved,Delivered,5692996.62
PO003653,06-06-2025,S0236,P0144,WH009,CT00077,International,604,46912.6,28335210.4,1024544.99,9.52,2697512.03,3629057.54,35686324.96,EUR,90.5,Road,26-06-2025,26-06-2025,0,Pending,Cancelled,28335210.4
PO003654,08-07-2026,S0203,P0225,WH009,CT00405,International,226,72107.4,16296272.4,713672.79,16.93,2758958.92,1482014.98,21250919.09,JPY,0.56,Rail,17-07-2026,18-07-2026,1,Approved,Partially Delivered,16296272.4
PO003655,11-04-2025,S0233,P0055,WH009,CT00178,International,569,31600.03,17980417.07,522364.08,7.51,1350329.32,2238832.98,22091943.45,AUD,54,Rail,04-05-2025,09-05-2025,5,Approved,Delivered,17980417.07
PO003656,01-12-2025,S0226,P0064,WH005,CT00335,International,819,71596.97,58637918.43,391931.38,12.53,7347331.18,6084681.28,72461862.27,SGD,62,Air,05-01-2026,05-01-2026,0,Approved,Cancelled,58637918.43
PO003657,10-08-2025,S0246,P0125,WH007,CT00331,International,806,11480.83,9253548.98,119369.64,17.97,1662862.75,725627.75,11761409.12,USD,83.5,Air,08-09-2025,11-09-2025,3,Approved,Delivered,9253548.98
PO003658,30-04-2026,S0220,P0248,WH008,CT00188,International,441,82233.79,36265101.39,790976.57,14.55,5276572.25,2797232.49,45129882.7,CNY,11.6,Sea,01-06-2026,01-06-2026,0,Pending,Delivered,36265101.39
PO003659,13-06-2026,S0126,P0172,WH006,CT00055,International,780,397.26,309862.8,7800.36,12.1,37493.4,24569.7,379726.26,EUR,90.5,Air,20-06-2026,25-06-2026,5,Approved,Delivered,309862.8
PO003660,05-07-2025,S0159,P0115,WH008,CT00535,International,862,30196.34,26029245.08,296048.31,5.14,1337903.2,1421991.67,29085188.26,USD,83.5,Air,02-08-2025,04-08-2025,2,Approved,Delivered,26029245.08
PO003661,25-06-2026,S0210,P0176,WH010,CT00264,International,233,33787.06,7872384.98,217320.61,13.89,1093474.27,671439.18,9854619.04,EUR,90.5,Sea,14-07-2026,22-07-2026,8,Approved,Delivered,7872384.98
PO003662,18-04-2026,S0158,P0168,WH007,CT00015,International,143,89119.33,12744064.19,331419.45,11.7,1491055.51,1625926.39,16192465.54,EUR,90.5,Road,05-05-2026,05-05-2026,0,Approved,Cancelled,12744064.19
PO003663,16-06-2026,S0203,P0037,WH010,CT00176,International,329,30218.11,9941758.19,246460.71,8.7,864932.96,1123548.3,12176700.16,JPY,0.56,Road,29-06-2026,07-07-2026,8,Pending,Partially Delivered,9941758.19
PO003664,14-03-2025,S0223,P0254,WH009,No Contract,International,745,68551.88,51071150.6,373610.35,9.9,5056043.91,4455301.01,60956105.87,AED,22.7,Rail,24-03-2025,24-03-2025,0,Approved,Delivered,51071150.6
PO003665,05-08-2025,S0187,P0217,WH010,CT00507,International,388,65166.63,25284652.44,563678.15,13.52,3418485.01,3057783.79,32324599.39,AED,22.7,Air,23-08-2025,24-08-2025,1,Approved,Partially Delivered,25284652.44
PO003666,05-07-2025,S0246,P0242,WH008,CT00331,International,155,11791.65,1827705.75,18545.08,4.87,89009.27,186278.47,2121538.57,USD,83.5,Air,31-07-2025,31-07-2025,0,Approved,Cancelled,1827705.75
PO003667,26-10-2025,S0131,P0288,WH009,CT00401,International,349,35251.3,12302703.7,433758.02,3.14,386304.9,1300954.42,14423721.04,GBP,106,Rail,24-11-2025,24-11-2025,0,Approved,Delivered,12302703.7
PO003668,02-12-2025,S0166,P0036,WH010,CT00340,International,126,76631.5,9655569,212205.09,13.2,1274535.11,1135145.12,12277454.32,EUR,90.5,Sea,09-12-2025,10-12-2025,1,Approved,Cancelled,9655569
PO003669,08-12-2025,S0139,P0177,WH009,CT00190,International,639,63666.18,40682689.02,224493.12,3.72,1513396.03,2234336.36,44654914.53,AED,22.7,Air,06-01-2026,09-01-2026,3,Approved,Delivered,40682689.02
PO003670,25-01-2026,S0205,P0029,WH007,CT00569,International,697,62854.19,43809370.43,632194.09,9.17,4017319.27,2560072.55,51018956.34,AED,22.7,Rail,19-02-2026,20-02-2026,1,Pending,Cancelled,43809370.43
PO003671,15-08-2025,S0128,P0005,WH010,CT00286,International,855,34215.33,29254107.15,958911.61,15.05,4402743.13,3330287.09,37946048.98,AUD,54,Sea,20-09-2025,20-09-2025,0,Approved,Delivered,29254107.15
PO003672,06-12-2025,S0237,P0238,WH009,CT00036,International,582,50982.28,29671686.96,1097218.54,11.06,3281688.58,2494743.13,36545337.21,USD,83.5,Rail,28-12-2025,28-12-2025,0,Approved,Delivered,29671686.96
PO003673,25-05-2026,S0128,P0136,WH008,CT00337,International,962,37068.83,35660214.46,593658.32,17.86,6368914.3,2987398.28,45610185.36,AUD,54,Sea,28-06-2026,03-07-2026,5,Pending,Cancelled,35660214.46
PO003674,08-03-2026,S0198,P0051,WH009,CT00588,International,572,5677.46,3247507.12,58126.7,14.35,466017.27,288380.04,4060031.13,EUR,90.5,Sea,04-04-2026,05-04-2026,1,Approved,Partially Delivered,3247507.12
PO003675,08-03-2025,S0248,P0014,WH009,CT00591,International,162,24795.88,4016932.56,119562.51,10.39,417359.29,299306.66,4853161.02,GBP,106,Rail,12-03-2025,12-03-2025,0,Approved,Delivered,4016932.56
PO003676,16-04-2026,S0159,P0283,WH006,CT00333,International,625,55865.54,34915962.5,1313990.23,7.78,2716461.88,2580882.89,41527297.5,USD,83.5,Rail,10-05-2026,13-05-2026,3,Approved,Partially Delivered,34915962.5
PO003677,29-03-2025,S0171,P0253,WH008,CT00006,International,31,68578.4,2125930.4,83738.64,11.44,243206.44,260232.8,2713108.28,GBP,106,Air,18-04-2025,21-04-2025,3,Approved,Partially Delivered,2125930.4
PO003678,06-01-2026,S0160,P0176,WH006,CT00380,International,655,34733.82,22750652.1,577208.35,16.4,3731106.94,2167881.17,29226848.56,CNY,11.6,Air,21-01-2026,22-01-2026,1,Approved,Cancelled,22750652.1
PO003679,22-07-2025,S0185,P0291,WH008,CT00136,International,651,82257.53,53549652.03,1269444.64,9.84,5269285.76,3981496.71,64069879.14,AED,22.7,Rail,08-08-2025,08-08-2025,0,Pending,Delivered,53549652.03
PO003680,08-04-2025,S0163,P0107,WH008,CT00270,International,299,30763.09,9198163.91,158893.6,11.48,1055949.22,921697.64,11334704.37,JPY,0.56,Road,03-05-2025,05-05-2025,2,Approved,Partially Delivered,9198163.91
PO003681,18-04-2026,S0129,P0199,WH008,CT00364,International,508,59193.84,30070470.72,492724.17,10.07,3028096.4,3086392,36677683.29,USD,83.5,Road,09-05-2026,09-05-2026,0,Approved,Delivered,30070470.72
PO003682,14-02-2025,S0235,P0161,WH005,CT00167,International,230,46218.44,10630241.2,124489.77,13.65,1451027.92,1429318.7,13635077.59,CNY,11.6,Rail,09-03-2025,09-03-2025,0,Approved,Cancelled,10630241.2
PO003683,28-11-2025,S0141,P0166,WH010,CT00121,International,984,20982.13,20646415.92,674374.31,10.6,2188520.09,2165248.24,25674558.56,AED,22.7,Sea,16-12-2025,17-12-2025,1,Approved,Cancelled,20646415.92
PO003684,10-01-2025,S0166,P0033,WH008,CT00518,International,108,46510.08,5023088.64,40402.78,8.7,437008.71,506197.73,6006697.86,EUR,90.5,Sea,23-01-2025,23-01-2025,0,Approved,Partially Delivered,5023088.64
PO003685,25-03-2026,S0162,P0293,WH008,CT00062,International,50,43408.2,2170410,57910.42,15.22,330336.4,273616.56,2832273.38,CNY,11.6,Sea,14-04-2026,14-04-2026,0,Pending,Delivered,2170410
PO003686,29-11-2025,S0182,P0252,WH009,CT00260,International,731,1185.11,866315.41,30781.27,13.83,119811.42,64920.7,1081828.8,JPY,0.56,Air,22-12-2025,22-12-2025,0,Approved,Delivered,866315.41
PO003687,04-06-2025,S0151,P0073,WH006,CT00334,International,472,31432.26,14836026.72,489778.71,12.75,1891593.41,1114100.86,18331499.7,USD,83.5,Air,19-06-2025,22-06-2025,3,Pending,Partially Delivered,14836026.72
PO003688,02-08-2026,S0143,P0034,WH007,CT00314,International,973,44742.32,43534277.36,1497070.15,10.6,4614633.4,4515300.39,54161281.3,JPY,0.56,Sea,08-08-2026,10-08-2026,2,Pending,Cancelled,43534277.36
PO003689,12-03-2025,S0191,P0265,WH006,CT00496,International,33,28981.57,956391.81,21325.26,13.48,128921.62,120966.41,1227605.1,EUR,90.5,Road,14-03-2025,22-03-2025,8,Approved,Partially Delivered,956391.81
PO003690,03-08-2026,S0194,P0007,WH005,CT00086,International,380,56752.55,21565969,558179.87,16.97,3659744.94,2902255.63,28686149.44,USD,83.5,Air,17-08-2026,17-08-2026,0,Approved,Partially Delivered,21565969
PO003691,14-06-2025,S0218,P0164,WH005,CT00074,International,670,82430.71,55228575.7,2206269.58,2.17,1198460.09,5984043.57,64617348.94,GBP,106,Air,30-06-2025,01-07-2025,1,Approved,Delivered,55228575.7
PO003692,05-03-2026,S0129,P0130,WH008,CT00364,International,938,29558.68,27726041.84,183346.78,7.87,2182039.49,2888354.49,32979782.6,USD,83.5,Air,25-03-2026,25-03-2026,0,Approved,Delivered,27726041.84
PO003693,06-11-2025,S0184,P0202,WH008,CT00137,International,999,31943.49,31911546.51,1206138.26,17.06,5444109.83,2745183.47,41306978.07,USD,83.5,Road,03-12-2025,03-12-2025,0,Approved,Cancelled,31911546.51
PO003694,11-07-2026,S0162,P0182,WH005,CT00062,International,463,20309.13,9403127.19,250692.96,10.51,988268.67,749690.59,11391779.41,CNY,11.6,Air,28-07-2026,30-07-2026,2,Approved,Partially Delivered,9403127.19
PO003695,03-07-2025,S0163,P0132,WH007,CT00270,International,441,30144.36,13293662.76,504684.06,9.54,1268215.43,1170283.82,16236846.07,JPY,0.56,Sea,05-08-2025,08-08-2025,3,Approved,Cancelled,13293662.76
PO003696,21-03-2025,S0128,P0153,WH005,CT00542,International,775,28615.9,22177322.5,776951.9,3.37,747375.77,1613374.66,25315024.83,AUD,54,Sea,21-04-2025,22-04-2025,1,Pending,Partially Delivered,22177322.5
PO003697,18-02-2026,S0163,P0292,WH008,CT00270,International,736,59142.53,43528902.08,804664.55,15.09,6568511.32,2932188.16,53834266.11,JPY,0.56,Road,20-03-2026,20-03-2026,0,Approved,Partially Delivered,43528902.08
PO003698,19-11-2025,S0193,P0199,WH006,CT00038,International,106,60938.73,6459505.38,86333.93,17.58,1135581.05,588172.7,8269593.06,AUD,54,Road,01-12-2025,01-12-2025,0,Approved,Partially Delivered,6459505.38
PO003699,07-03-2026,S0231,P0149,WH009,CT00029,International,812,43480.72,35306344.64,863367.25,12.6,4448599.42,3533053.04,44151364.35,SGD,62,Rail,24-03-2026,24-03-2026,0,Approved,Cancelled,35306344.64
PO003700,07-06-2026,S0205,P0281,WH009,CT00569,International,416,61988.33,25787145.28,1154242.25,10.77,2777275.55,2292472.94,32011136.02,AED,22.7,Road,01-07-2026,02-07-2026,1,Pending,Cancelled,25787145.28
PO003701,03-01-2025,S0126,P0136,WH007,CT00452,International,522,35181.69,18364842.18,824399.68,12.32,2262548.56,1225023.18,22676813.6,EUR,90.5,Air,08-01-2025,11-01-2025,3,Approved,Partially Delivered,18364842.18
PO003702,12-08-2025,S0178,P0298,WH007,CT00232,International,525,15037.87,7894881.75,134101.78,2.07,163424.05,671194.63,8863602.21,JPY,0.56,Air,30-08-2025,31-08-2025,1,Approved,Cancelled,7894881.75
PO003703,12-07-2026,S0177,P0297,WH008,CT00235,International,66,23148.45,1527797.7,36895.87,12.9,197085.9,89347.07,1851126.54,EUR,90.5,Sea,31-07-2026,31-07-2026,0,Approved,Delivered,1527797.7
PO003704,14-05-2026,S0136,P0221,WH005,CT00277,International,467,49009.38,22887380.46,193373.39,12.9,2952472.08,2426732.27,28459958.2,EUR,90.5,Rail,16-06-2026,18-06-2026,2,Approved,Cancelled,22887380.46
PO003705,29-01-2026,S0232,P0183,WH005,CT00141,International,538,61123.31,32884340.78,709941.52,16.94,5570607.33,3431612.23,42596501.86,AUD,54,Sea,13-02-2026,25-02-2026,12,Approved,Cancelled,32884340.78
PO003706,27-12-2025,S0226,P0025,WH006,CT00335,International,39,14808.28,577522.92,17144.79,8.89,51341.79,53448.59,699458.09,SGD,62,Road,25-01-2026,25-01-2026,0,Approved,Delivered,577522.92
PO003707,06-06-2026,S0146,P0196,WH009,CT00564,International,830,62304.26,51712535.8,1323416,13.86,7167357.46,6594427.21,66797736.47,EUR,90.5,Rail,04-07-2026,04-07-2026,0,Pending,Cancelled,51712535.8
PO003708,10-07-2026,S0217,P0045,WH010,CT00440,International,337,44264.12,14917008.44,670523.79,17.94,2676111.31,1085883.77,19349527.31,USD,83.5,Rail,29-07-2026,30-07-2026,1,Approved,Cancelled,14917008.44
PO003709,20-03-2026,S0153,P0114,WH007,CT00568,International,78,72602.91,5663026.98,158801.72,5.04,285416.56,679922.66,6787167.92,EUR,90.5,Rail,20-04-2026,21-04-2026,1,Approved,Delivered,5663026.98
PO003710,16-01-2025,S0171,P0102,WH005,CT00006,International,631,57762.01,36447828.31,1111085.13,14.86,5416147.29,2455158.4,45430219.13,GBP,106,Road,02-02-2025,02-02-2025,0,Approved,Delivered,36447828.31
PO003711,18-07-2026,S0126,P0229,WH009,CT00585,International,285,7442.02,2120975.7,81795.59,16.75,355263.43,220522.28,2778557,EUR,90.5,Sea,21-07-2026,21-07-2026,0,Approved,Delivered,2120975.7
PO003712,05-03-2025,S0202,P0084,WH009,CT00238,International,726,39008.36,28320069.36,746731.72,3.34,945890.32,3445885.85,33458577.25,AUD,54,Air,10-03-2025,10-03-2025,0,Approved,Cancelled,28320069.36
PO003713,16-06-2025,S0179,P0004,WH005,CT00066,International,487,66121.21,32201029.27,446383.87,14.59,4698130.17,3361692.77,40707236.08,GBP,106,Air,30-06-2025,01-07-2025,1,Approved,Cancelled,32201029.27
PO003714,09-01-2026,S0190,P0228,WH006,CT00416,International,700,89100.33,62370231,2571467.48,4.53,2825371.46,7163436.47,74930506.41,SGD,62,Rail,13-01-2026,18-01-2026,5,Approved,Partially Delivered,62370231
PO003715,24-03-2026,S0190,P0002,WH005,CT00218,International,871,85320.17,74313868.07,1621182.83,7.17,5328304.34,7336335.37,88599690.61,SGD,62,Air,01-04-2026,01-04-2026,0,Pending,Cancelled,74313868.07
PO003716,07-08-2025,S0170,P0153,WH007,CT00122,International,168,29533.69,4961659.92,113971.3,2.65,131483.99,410677.67,5617792.88,JPY,0.56,Air,16-08-2025,16-08-2025,0,Pending,Delivered,4961659.92
PO003717,02-02-2025,S0215,P0281,WH006,CT00365,International,909,54054.56,49135595.04,466237.07,14.74,7242586.71,6484166.79,63328585.61,AED,22.7,Air,07-02-2025,08-02-2025,1,Approved,Delivered,49135595.04
PO003718,23-07-2026,S0175,P0029,WH005,CT00412,International,523,62579.13,32728884.99,678989.37,10.01,3276161.39,2591186.94,39275222.69,CNY,11.6,Road,25-07-2026,25-07-2026,0,Approved,Delivered,32728884.99
PO003719,14-09-2025,S0248,P0013,WH008,CT00591,International,561,16415.43,9209056.23,55287.81,8.88,817764.19,684409.97,10766518.2,GBP,106,Rail,18-09-2025,19-09-2025,1,Approved,Cancelled,9209056.23
PO003720,29-10-2025,S0229,P0232,WH008,CT00488,International,818,33650.28,27525929.04,665633.29,9.17,2524127.69,1765348.77,32481038.79,EUR,90.5,Road,12-11-2025,12-11-2025,0,Approved,Partially Delivered,27525929.04
PO003721,28-07-2026,S0157,P0224,WH008,CT00304,International,629,36753.07,23117681.03,130236.01,10.1,2334885.78,2310307.94,27893110.76,AUD,54,Air,20-08-2026,28-08-2026,8,Approved,Partially Delivered,23117681.03
PO003722,17-09-2025,S0168,P0058,WH010,CT00505,International,118,8471.18,999599.24,13640.8,12.37,123650.43,89446.77,1226337.24,EUR,90.5,Road,27-09-2025,27-09-2025,0,Pending,Delivered,999599.24
PO003723,25-07-2026,S0204,P0141,WH005,CT00354,International,712,22142.2,15765246.4,595056.77,11.14,1756248.45,1795030.44,19911582.06,JPY,0.56,Road,12-08-2026,13-08-2026,1,Approved,Cancelled,15765246.4
PO003724,02-05-2026,S0131,P0032,WH009,CT00401,International,92,18170.73,1671707.16,47048.92,12.18,203613.93,103074.38,2025444.39,GBP,106,Rail,29-05-2026,29-05-2026,0,Approved,Delivered,1671707.16
PO003725,09-06-2026,S0215,P0292,WH005,CT00365,International,358,63370.19,22686528.02,322133.69,4.99,1132057.75,2630085.84,26770805.3,AED,22.7,Rail,19-06-2026,19-06-2026,0,Approved,Delivered,22686528.02
PO003726,12-11-2025,S0130,P0061,WH010,CT00257,International,660,37395.62,24681109.2,701955.75,14.48,3573824.61,3259614.67,32216504.23,SGD,62,Sea,05-12-2025,05-12-2025,0,Approved,Delivered,24681109.2
PO003727,02-05-2026,S0129,P0086,WH009,CT00105,International,960,43682.41,41935113.6,312339.33,3.27,1371278.21,2953002.59,46571733.73,USD,83.5,Rail,23-05-2026,23-05-2026,0,Approved,Delivered,41935113.6
PO003728,09-08-2025,S0224,P0008,WH009,CT00357,International,570,66260.51,37768490.7,1224661.97,5.96,2251002.05,3379672.34,44623827.06,AUD,54,Road,30-08-2025,31-08-2025,1,Pending,Cancelled,37768490.7
PO003729,27-02-2025,S0227,P0238,WH010,No Contract,International,308,46180.37,14223553.96,450972.05,5.47,778028.4,1341026.12,16793580.53,EUR,90.5,Rail,06-03-2025,06-03-2025,0,Pending,Delivered,14223553.96
PO003730,29-12-2025,S0210,P0296,WH005,CT00264,International,295,39431.76,11632369.2,176841.68,7.6,884060.06,1056631.84,13749902.78,EUR,90.5,Road,14-01-2026,16-01-2026,2,Approved,Delivered,11632369.2
PO003731,30-01-2026,S0203,P0120,WH005,CT00176,International,60,81848.45,4910907,195164.3,10.79,529886.87,596150.89,6232109.06,JPY,0.56,Road,16-02-2026,18-02-2026,2,Approved,Cancelled,4910907
PO003732,07-12-2025,S0206,P0167,WH008,CT00011,International,197,18154.61,3576458.17,31864.96,16.48,589400.31,381038.95,4578762.39,GBP,106,Sea,16-12-2025,19-12-2025,3,Approved,Delivered,3576458.17
PO003733,18-05-2026,S0144,P0018,WH007,CT00030,International,761,32805.11,24964688.71,466524.67,8.24,2057090.35,1974181.95,29462485.68,GBP,106,Rail,09-06-2026,09-06-2026,0,Pending,Delivered,24964688.71
PO003734,28-09-2025,S0246,P0036,WH009,CT00331,International,518,75055.92,38878966.56,677260.69,13.53,5260324.18,3167257.45,47983808.88,USD,83.5,Air,25-10-2025,02-11-2025,8,Pending,Cancelled,38878966.56
PO003735,10-11-2025,S0220,P0094,WH005,CT00249,International,937,27062.35,25357421.95,704057.99,2.04,517291.41,1954683.92,28533455.27,CNY,11.6,Road,15-12-2025,16-12-2025,1,Approved,Cancelled,25357421.95
PO003736,24-10-2025,S0186,P0293,WH010,CT00420,International,68,51150.82,3478255.76,95234.27,2.44,84869.44,239527.97,3897887.44,EUR,90.5,Rail,13-11-2025,13-11-2025,0,Pending,Partially Delivered,3478255.76
PO003737,10-02-2026,S0181,P0232,WH008,CT00293,International,941,34281.24,32258646.84,722771.82,7.92,2554884.83,2666971.2,38203274.69,AED,22.7,Rail,24-02-2026,25-02-2026,1,Approved,Partially Delivered,32258646.84
PO003738,22-05-2025,S0247,P0129,WH008,CT00243,International,506,20330.77,10287369.62,88295.73,2.78,285988.88,1059928.57,11721582.8,EUR,90.5,Air,19-06-2025,19-06-2025,0,Approved,Delivered,10287369.62
PO003739,10-02-2026,S0228,P0172,WH008,CT00148,International,445,444.58,197838.1,7366.66,6.01,11890.07,16788.04,233882.87,SGD,62,Rail,09-03-2026,11-03-2026,2,Approved,Cancelled,197838.1
PO003740,11-12-2025,S0207,P0260,WH008,CT00230,International,233,28123.1,6552682.3,226361.91,17.07,1118542.87,860654.84,8758241.92,EUR,90.5,Road,29-12-2025,30-12-2025,1,Pending,Cancelled,6552682.3
PO003741,26-04-2026,S0168,P0084,WH005,CT00374,International,440,39547.42,17400864.8,484173.62,2.47,429801.36,1053722.52,19368562.3,EUR,90.5,Rail,09-05-2026,10-05-2026,1,Approved,Delivered,17400864.8
PO003742,24-01-2025,S0197,P0145,WH005,CT00347,International,705,70552.15,49739265.75,743329.84,14.23,7077897.52,4899407.54,62459900.65,AUD,54,Sea,07-02-2025,07-02-2025,0,Approved,Cancelled,49739265.75
PO003743,01-04-2026,S0128,P0036,WH005,CT00286,International,680,82805.31,56307610.8,2138123.43,13.8,7770450.29,5159404.96,71375589.48,AUD,54,Road,01-05-2026,09-05-2026,8,Pending,Delivered,56307610.8
PO003744,06-08-2025,S0150,P0249,WH009,CT00332,International,857,11369.27,9743464.39,68057.29,12.65,1232548.25,1261907.31,12305977.24,SGD,62,Road,05-09-2025,10-09-2025,5,Pending,Partially Delivered,9743464.39
PO003745,05-04-2026,S0157,P0037,WH005,CT00022,International,603,36104.85,21771224.55,345269.4,11.76,2560296.01,2094835.78,26771625.74,AUD,54,Air,06-05-2026,06-05-2026,0,Approved,Delivered,21771224.55
PO003746,06-06-2025,S0236,P0045,WH007,CT00077,International,698,46707.52,32601848.96,950760.44,12.47,4065450.57,3672736.56,41290796.53,EUR,90.5,Rail,19-06-2025,19-06-2025,0,Approved,Partially Delivered,32601848.96
PO003747,06-03-2026,S0134,P0124,WH006,CT00349,International,38,64937.24,2467615.12,52130.36,16.41,404935.64,304581.39,3229262.51,GBP,106,Road,27-03-2026,27-03-2026,0,Pending,Delivered,2467615.12
PO003748,25-12-2025,S0153,P0084,WH005,CT00065,International,174,35513.95,6179427.3,246373.23,11.76,726700.65,601691.46,7754192.64,EUR,90.5,Sea,27-01-2026,08-02-2026,12,Approved,Cancelled,6179427.3
PO003749,30-01-2026,S0161,P0009,WH009,CT00548,International,111,41758.67,4635212.37,91477.19,7.67,355520.79,426066.1,5508276.45,AED,22.7,Sea,23-02-2026,23-02-2026,0,Approved,Partially Delivered,4635212.37
PO003750,02-07-2025,S0140,P0296,WH005,CT00363,International,388,40182.48,15590802.24,125128.82,14.88,2319911.37,1256923.56,19292765.99,JPY,0.56,Rail,25-07-2025,02-08-2025,8,Approved,Delivered,15590802.24
PO003751,21-06-2025,S0172,P0064,WH009,CT00540,International,72,78583.69,5658025.68,246609.57,4.56,258005.97,334926.77,6497567.99,AUD,54,Road,06-07-2025,09-07-2025,3,Pending,Partially Delivered,5658025.68
PO003752,15-05-2025,S0138,P0159,WH006,CT00351,International,146,27504.39,4015640.94,22028.59,5.58,224072.76,408055.93,4669798.22,AUD,54,Air,15-06-2025,15-06-2025,0,Approved,Delivered,4015640.94
PO003753,12-09-2025,S0247,P0054,WH010,CT00315,International,412,42774.74,17623192.88,612309.67,17.72,3122829.78,1442331.28,22800663.61,EUR,90.5,Road,14-10-2025,14-10-2025,0,Approved,Partially Delivered,17623192.88
PO003754,19-01-2025,S0238,P0238,WH007,CT00211,International,818,49231.12,40271056.16,732421.7,9.81,3950590.61,2642354.45,47596422.92,CNY,11.6,Rail,09-02-2025,11-02-2025,2,Pending,Partially Delivered,40271056.16
PO003755,21-05-2025,S0199,P0049,WH006,CT00458,International,479,26564.62,12724452.98,435124.36,5.2,661671.55,1320742.69,15141991.58,EUR,90.5,Road,20-06-2025,20-06-2025,0,Approved,Delivered,12724452.98
PO003756,28-03-2025,S0215,P0211,WH010,CT00365,International,734,41262.95,30287005.3,963088.15,7.41,2244267.09,2237262.73,35731623.27,AED,22.7,Air,31-03-2025,31-03-2025,0,Approved,Delivered,30287005.3
PO003757,18-04-2026,S0177,P0122,WH010,CT00208,International,621,45698.88,28379004.48,230214.84,17.59,4991866.89,3759657.26,37360743.47,EUR,90.5,Sea,03-05-2026,03-05-2026,0,Pending,Cancelled,28379004.48
PO003758,31-12-2025,S0128,P0251,WH008,CT00286,International,441,36725.48,16195936.68,653303.48,13.95,2259333.17,1652082.35,20760655.68,AUD,54,Air,28-01-2026,30-01-2026,2,Approved,Cancelled,16195936.68
PO003759,08-07-2025,S0230,P0150,WH007,CT00359,International,857,60789.69,52096764.33,875968.77,17.25,8986691.85,3804473.63,65763898.58,EUR,90.5,Rail,26-07-2025,26-07-2025,0,Approved,Delivered,52096764.33
PO003760,11-01-2025,S0170,P0003,WH009,CT00122,International,993,75841.76,75310867.68,525790.68,4.77,3592328.39,9085077.66,88514064.41,JPY,0.56,Road,25-01-2025,25-01-2025,0,Approved,Delivered,75310867.68
PO003761,29-01-2025,S0228,P0261,WH005,CT00148,International,542,6703.71,3633410.82,29111.08,4.32,156963.35,324901.48,4144386.73,SGD,62,Air,18-02-2025,20-02-2025,2,Approved,Delivered,3633410.82
PO003762,16-08-2025,S0153,P0002,WH007,CT00539,International,645,82851.84,53439436.8,884319.87,12.47,6663897.77,6014681.91,67002336.35,EUR,90.5,Air,17-09-2025,19-09-2025,2,Approved,Delivered,53439436.8
PO003763,21-07-2025,S0178,P0234,WH010,CT00232,International,607,24679.19,14980268.33,471764.91,13.37,2002861.88,2056872.35,19511767.47,JPY,0.56,Rail,04-08-2025,05-08-2025,1,Approved,Delivered,14980268.33
PO003764,29-11-2025,S0128,P0198,WH010,CT00210,International,210,68927.29,14474730.9,465026.38,10.63,1538663.89,955334.21,17433755.38,AUD,54,Sea,24-12-2025,24-12-2025,0,Approved,Delivered,14474730.9
PO003765,30-05-2026,S0208,P0268,WH009,CT00026,International,822,20842.48,17132518.56,523258.29,3.97,680160.99,2120535.24,20456473.08,GBP,106,Sea,25-06-2026,30-06-2026,5,Approved,Delivered,17132518.56
PO003766,25-02-2026,S0239,P0233,WH006,CT00291,International,572,33554.12,19192956.64,602818.19,15.47,2969150.39,1814939.83,24579865.05,SGD,62,Road,28-02-2026,28-02-2026,0,Approved,Cancelled,19192956.64
PO003767,05-08-2025,S0157,P0247,WH009,CT00304,International,726,31591.69,22935566.94,495063.99,4.65,1066503.86,2006896.83,26504031.62,AUD,54,Air,04-09-2025,04-09-2025,0,Pending,Cancelled,22935566.94
PO003768,09-01-2026,S0165,P0057,WH006,CT00303,International,897,43966.98,39438381.06,366905.03,7.15,2819844.25,4844324.38,47469454.72,USD,83.5,Air,13-02-2026,13-02-2026,0,Approved,Partially Delivered,39438381.06
PO003769,23-03-2025,S0236,P0101,WH009,CT00172,International,406,54510.53,22131275.18,648055.7,9.52,2106897.4,1640780.04,26527008.32,EUR,90.5,Road,08-04-2025,09-04-2025,1,Approved,Cancelled,22131275.18
PO003770,06-05-2025,S0129,P0155,WH006,CT00364,International,842,44278.03,37282101.26,1633283.02,16.91,6304403.32,2334813.69,47554601.29,USD,83.5,Sea,30-05-2025,31-05-2025,1,Approved,Partially Delivered,37282101.26
PO003771,06-04-2026,S0206,P0252,WH007,CT00182,International,719,1011.32,727139.08,28938.94,16.15,117432.96,58797.61,932308.59,GBP,106,Air,24-04-2026,24-04-2026,0,Approved,Delivered,727139.08
PO003772,14-08-2025,S0220,P0207,WH007,CT00188,International,168,32641.84,5483829.12,235990.42,10.59,580737.5,666312.36,6966869.4,CNY,11.6,Rail,15-09-2025,16-09-2025,1,Pending,Delivered,5483829.12
PO003773,11-04-2026,S0174,P0234,WH005,CT00327,International,584,25310.63,14781407.92,650335.38,9.5,1404233.75,1832205.03,18668182.08,SGD,62,Sea,11-05-2026,11-05-2026,0,Approved,Delivered,14781407.92
PO003774,24-10-2025,S0212,P0260,WH009,CT00522,International,44,32025.41,1409118.04,15910.88,2.5,35227.95,167751.35,1628008.22,AUD,54,Rail,16-11-2025,16-11-2025,0,Approved,Delivered,1409118.04
PO003775,24-02-2026,S0159,P0079,WH005,CT00333,International,716,45280.22,32420637.52,922508.72,3.63,1176869.14,3993940.36,38513955.74,USD,83.5,Sea,21-03-2026,22-03-2026,1,Approved,Delivered,32420637.52
PO003776,11-05-2025,S0185,P0028,WH006,CT00136,International,923,14219.85,13124921.55,426203.94,13.35,1752177.03,951983.05,16255285.57,AED,22.7,Sea,31-05-2025,01-06-2025,1,Approved,Delivered,13124921.55
PO003777,18-12-2025,S0229,P0287,WH007,CT00434,International,723,79892.5,57762277.5,698294.21,13.67,7896103.33,4854188.05,71210863.09,EUR,90.5,Sea,03-01-2026,08-01-2026,5,Approved,Delivered,57762277.5
PO003778,15-06-2026,S0205,P0250,WH010,CT00225,International,99,56455.87,5589131.13,231855.47,10.64,594683.55,573961.22,6989631.37,AED,22.7,Sea,09-07-2026,09-07-2026,0,Approved,Partially Delivered,5589131.13
PO003779,04-07-2025,S0225,P0259,WH005,CT00173,International,493,87335.09,43056199.37,1420307.65,8.72,3754500.59,3974331.84,52205339.45,USD,83.5,Rail,05-08-2025,06-08-2025,1,Approved,Cancelled,43056199.37
PO003780,21-03-2026,S0199,P0158,WH010,CT00458,International,727,37767.99,27457328.73,585464.39,7.54,2070282.59,1701418.61,31814494.32,EUR,90.5,Rail,19-04-2026,22-04-2026,3,Pending,Partially Delivered,27457328.73
PO003781,17-08-2025,S0165,P0019,WH009,CT00558,International,359,45028.99,16165407.41,321112.77,15.16,2450675.76,1579138.28,20516334.22,USD,83.5,Air,21-09-2025,21-09-2025,0,Approved,Delivered,16165407.41
PO003782,09-06-2026,S0184,P0218,WH005,CT00451,International,135,46102.95,6223898.25,109377.51,4.28,266382.85,778575.19,7378233.8,USD,83.5,Rail,13-07-2026,14-07-2026,1,Approved,Delivered,6223898.25
PO003783,11-01-2026,S0140,P0065,WH005,CT00363,International,279,44188.22,12328513.38,539520.83,5.81,716286.63,1587982.88,15172303.72,JPY,0.56,Rail,01-02-2026,06-02-2026,5,Approved,Delivered,12328513.38
PO003784,13-04-2025,S0141,P0164,WH006,CT00174,International,855,86172.68,73677641.4,3042848.06,9.96,7338293.08,6793831.51,90852614.05,AED,22.7,Road,30-04-2025,01-05-2025,1,Approved,Cancelled,73677641.4
PO003785,09-11-2025,S0225,P0047,WH008,CT00094,International,106,82629.98,8758777.88,236402.81,2.28,199700.14,811645.57,10006526.4,USD,83.5,Air,12-12-2025,12-12-2025,0,Approved,Delivered,8758777.88
PO003786,03-04-2026,S0229,P0044,WH010,CT00488,International,723,50682.06,36643129.38,1165455.84,2.73,1000357.43,2510375.9,41319318.55,EUR,90.5,Air,26-04-2026,04-05-2026,8,Approved,Cancelled,36643129.38
PO003787,25-03-2026,S0153,P0143,WH008,CT00299,International,895,85298.34,76342014.3,1522020.01,5.2,3969784.74,7111090.1,88944909.15,EUR,90.5,Sea,24-04-2026,24-04-2026,0,Approved,Delivered,76342014.3
PO003788,27-07-2026,S0126,P0237,WH007,CT00452,International,386,24567.65,9483112.9,305505.47,11.06,1048832.29,598855.75,11436306.41,EUR,90.5,Air,10-08-2026,10-08-2026,0,Approved,Delivered,9483112.9
PO003789,26-05-2026,S0142,P0185,WH010,CT00281,International,653,51518.98,33641893.94,1072628.79,11.65,3919280.64,2419719.56,41053522.93,JPY,0.56,Air,17-06-2026,17-06-2026,0,Approved,Partially Delivered,33641893.94
PO003790,22-06-2025,S0167,P0136,WH005,CT00407,International,402,37479.44,15066734.88,400444.64,10.16,1530780.26,1506361.34,18504321.12,USD,83.5,Air,12-07-2025,12-07-2025,0,Pending,Delivered,15066734.88
PO003791,19-07-2026,S0158,P0235,WH009,CT00015,International,886,54203.33,48024150.38,1331502.63,2.74,1315861.72,3766482.24,54437996.97,EUR,90.5,Rail,14-08-2026,22-08-2026,8,Approved,Partially Delivered,48024150.38
PO003792,11-04-2025,S0235,P0286,WH005,CT00167,International,327,57650.03,18851559.81,119401.25,9.74,1836141.93,2335326.17,23142429.16,CNY,11.6,Road,05-05-2025,06-05-2025,1,Approved,Partially Delivered,18851559.81
PO003793,13-02-2026,S0206,P0027,WH005,CT00061,International,512,63594.71,32560491.52,1079591.31,6.33,2061079.11,2071382.7,37772544.64,GBP,106,Rail,27-02-2026,27-02-2026,0,Approved,Partially Delivered,32560491.52
PO003794,23-01-2025,S0187,P0143,WH007,CT00039,International,815,83014.97,67657200.55,2452199.84,16.44,11122843.77,5114475.32,86346719.48,AED,22.7,Air,07-02-2025,07-02-2025,0,Approved,Partially Delivered,67657200.55
PO003795,09-02-2025,S0145,P0083,WH007,CT00275,International,481,59729.2,28729745.2,1045352.6,8.57,2462139.16,2508133.91,34745370.87,AED,22.7,Road,23-02-2025,03-03-2025,8,Approved,Delivered,28729745.2
PO003796,08-02-2025,S0137,P0147,WH007,CT00240,International,890,76792.56,68345378.4,1161605.39,2.89,1975181.44,5614447.34,77096612.57,CNY,11.6,Rail,10-03-2025,10-03-2025,0,Approved,Partially Delivered,68345378.4
PO003797,12-09-2025,S0249,P0138,WH007,CT00466,International,593,57961.24,34371015.32,1071225.27,7.36,2529706.73,2743102.44,40715049.76,GBP,106,Rail,21-09-2025,21-09-2025,0,Approved,Delivered,34371015.32
PO003798,22-05-2025,S0167,P0288,WH009,CT00306,International,192,31883.89,6121706.88,233550.05,3.28,200791.99,468956.89,7025005.81,USD,83.5,Road,11-06-2025,13-06-2025,2,Approved,Delivered,6121706.88
PO003799,06-09-2025,S0176,P0194,WH006,CT00501,International,506,66416.72,33606860.32,1400892.25,4.89,1643375.47,3044109.82,39695237.86,GBP,106,Sea,22-09-2025,22-09-2025,0,Approved,Delivered,33606860.32
PO003800,05-06-2026,S0230,P0059,WH006,CT00118,International,225,59683.25,13428731.25,504949.33,9.3,1248872.01,1399388.44,16581941.03,EUR,90.5,Road,22-06-2026,22-06-2026,0,Approved,Delivered,13428731.25
PO003801,14-06-2025,S0127,P0014,WH005,CT00456,International,31,25328,785168,10434.27,2.57,20178.82,62489.31,878270.4,AED,22.7,Rail,01-07-2025,02-07-2025,1,Approved,Cancelled,785168
PO003802,11-12-2025,S0209,P0220,WH005,CT00051,International,520,88700.99,46124514.8,994973.34,9.69,4469465.48,5960261.41,57549215.03,CNY,11.6,Air,04-01-2026,06-01-2026,2,Approved,Cancelled,46124514.8
PO003803,11-05-2025,S0142,P0235,WH010,CT00281,International,831,55037.61,45736253.91,658752.84,8.16,3732078.32,3684034.28,53811119.35,JPY,0.56,Sea,28-05-2025,29-05-2025,1,Approved,Cancelled,45736253.91
PO003804,02-06-2025,S0223,P0143,WH008,No Contract,International,890,89125.25,79321472.5,2267668.86,13.8,10946363.2,11003164.94,103538669.5,AED,22.7,Air,05-06-2025,05-06-2025,0,Pending,Partially Delivered,79321472.5
PO003805,04-08-2026,S0232,P0262,WH005,CT00255,International,262,65917.02,17270259.24,660489.35,12.99,2243406.68,1232684.23,21406839.5,AUD,54,Rail,28-08-2026,29-08-2026,1,Pending,Cancelled,17270259.24
PO003806,19-03-2025,S0228,P0253,WH010,CT00377,International,195,77455.36,15103795.2,305664.39,9,1359341.57,1435160.64,18203961.8,SGD,62,Air,08-04-2025,08-04-2025,0,Approved,Delivered,15103795.2
PO003807,09-05-2025,S0245,P0007,WH005,CT00297,International,660,56816.9,37499154,1331257.4,16.34,6127361.76,5141097.23,50098870.39,JPY,0.56,Road,22-05-2025,24-05-2025,2,Approved,Partially Delivered,37499154
PO003808,20-02-2026,S0170,P0232,WH008,CT00122,International,995,36443.19,36260974.05,1392329.81,7.29,2643425.01,2478639.21,42775368.08,JPY,0.56,Sea,07-03-2026,07-03-2026,0,Approved,Delivered,36260974.05
PO003809,27-04-2026,S0165,P0187,WH006,CT00558,International,711,39937.77,28395754.47,717277.85,11.94,3390453.08,3140680.42,35644165.82,USD,83.5,Sea,23-05-2026,23-05-2026,0,Approved,Partially Delivered,28395754.47
PO003810,30-07-2026,S0248,P0277,WH007,CT00508,International,816,77282.87,63062821.92,2813803.69,6.98,4401784.97,4309434.75,74587845.33,GBP,106,Rail,06-08-2026,06-08-2026,0,Pending,Cancelled,63062821.92
PO003811,01-02-2025,S0184,P0023,WH010,CT00451,International,452,20326.39,9187528.28,356381.74,10.83,995009.31,1095468.22,11634387.55,USD,83.5,Air,04-03-2025,04-03-2025,0,Approved,Delivered,9187528.28
PO003812,09-07-2026,S0195,P0274,WH005,CT00161,International,488,82512.1,40265904.8,1424209.28,12.51,5037264.69,4703025.52,51430404.29,AUD,54,Rail,06-08-2026,07-08-2026,1,Pending,Cancelled,40265904.8
PO003813,07-07-2025,S0250,P0042,WH010,CT00376,International,361,64522.64,23292673.04,172684.03,10.48,2441072.13,1396405.8,27302835,EUR,90.5,Road,18-07-2025,26-07-2025,8,Approved,Cancelled,23292673.04
PO003814,10-01-2025,S0167,P0282,WH009,CT00067,International,956,45003.15,43023011.4,1709195.04,16.98,7305307.34,4732753.41,56770267.19,USD,83.5,Rail,28-01-2025,28-01-2025,0,Approved,Partially Delivered,43023011.4
PO003815,26-03-2025,S0215,P0021,WH007,CT00365,International,889,29249.61,26002903.29,718766.13,2.49,647472.29,1717142.92,29086284.63,AED,22.7,Sea,05-04-2025,05-04-2025,0,Approved,Delivered,26002903.29
PO003816,15-04-2026,S0188,P0275,WH010,CT00071,International,517,33939.01,17546468.17,162112.36,15.37,2696892.16,1585368.87,21990841.56,GBP,106,Rail,07-05-2026,08-05-2026,1,Approved,Partially Delivered,17546468.17
PO003817,10-09-2025,S0144,P0125,WH008,CT00032,International,53,12133.43,643071.79,4600.05,12.91,83020.57,39146.42,769838.83,GBP,106,Road,22-09-2025,22-09-2025,0,Approved,Partially Delivered,643071.79
PO003818,14-07-2025,S0166,P0040,WH010,CT00483,International,783,38624.08,30242654.64,1155261.12,17.76,5371095.46,4045169.51,40814180.73,EUR,90.5,Sea,21-07-2025,22-07-2025,1,Approved,Delivered,30242654.64
PO003819,31-01-2026,S0213,P0189,WH009,CT00499,International,228,46013.96,10491182.88,131177.08,9.38,984072.95,1389357.82,12995790.73,AED,22.7,Rail,14-02-2026,19-02-2026,5,Approved,Partially Delivered,10491182.88
PO003820,08-08-2025,S0200,P0188,WH009,CT00516,International,302,2059.75,622044.5,8184.4,16.53,102823.96,68076.06,801128.92,EUR,90.5,Air,30-08-2025,30-08-2025,0,Pending,Partially Delivered,622044.5
PO003821,16-07-2026,S0134,P0072,WH005,CT00418,International,276,6950.28,1918277.28,24392.97,14.53,278725.69,200776.75,2422172.69,GBP,106,Air,12-08-2026,17-08-2026,5,Approved,Delivered,1918277.28
PO003822,14-04-2026,S0242,P0111,WH007,CT00049,International,750,14927.43,11195572.5,351198.19,10,1119557.25,706849.87,13373177.81,EUR,90.5,Rail,12-05-2026,14-05-2026,2,Approved,Cancelled,11195572.5
PO003823,27-01-2025,S0139,P0264,WH008,CT00024,International,863,15061.7,12998247.1,308362.23,16.89,2195403.94,1060061.83,16562075.1,AED,22.7,Rail,27-02-2025,27-02-2025,0,Pending,Delivered,12998247.1
PO003824,04-05-2025,S0243,P0173,WH006,CT00263,International,538,32996.2,17751955.6,643825.26,15.44,2740901.94,2157815.82,23294498.62,CNY,11.6,Sea,23-05-2025,26-05-2025,3,Pending,Delivered,17751955.6
PO003825,15-09-2025,S0162,P0030,WH007,CT00062,International,872,73095.56,63739328.32,958065.16,2.21,1408639.16,7208168.59,73314201.23,CNY,11.6,Rail,05-10-2025,05-10-2025,0,Pending,Cancelled,63739328.32
PO003826,04-12-2025,S0140,P0284,WH007,CT00220,International,827,34348.12,28405895.24,956787.47,6.29,1786730.81,2635892.95,33785306.47,JPY,0.56,Road,29-12-2025,29-12-2025,0,Approved,Partially Delivered,28405895.24
PO003827,28-05-2026,S0187,P0102,WH006,CT00039,International,392,49622.91,19452180.72,109889.95,8.49,1651490.14,2016037.3,23229598.11,AED,22.7,Air,16-06-2026,16-06-2026,0,Approved,Delivered,19452180.72
PO003828,31-03-2025,S0180,P0053,WH010,CT00196,International,406,33411.16,13564930.96,418534.32,15.7,2129694.16,1234301.7,17347461.14,JPY,0.56,Air,30-04-2025,30-04-2025,0,Approved,Cancelled,13564930.96
PO003829,08-03-2026,S0222,P0218,WH008,CT00222,International,800,46610.4,37288320,524592.24,11.77,4388835.26,3471840.53,45673588.03,AED,22.7,Sea,04-04-2026,04-04-2026,0,Pending,Delivered,37288320
PO003830,01-02-2025,S0146,P0195,WH007,CT00564,International,657,51854.54,34068432.78,897228.28,12.99,4425489.42,2026861.66,41418012.14,EUR,90.5,Air,25-02-2025,26-02-2025,1,Approved,Delivered,34068432.78
PO003831,01-02-2026,S0186,P0293,WH006,CT00305,International,671,49499.07,33213875.97,591622.13,4.36,1448124.99,3092460.55,38346083.64,EUR,90.5,Sea,17-02-2026,18-02-2026,1,Approved,Partially Delivered,33213875.97
PO003832,06-11-2025,S0141,P0196,WH010,CT00598,International,380,73518.81,27937147.8,858952.31,2.69,751509.28,3434101.32,32981710.71,AED,22.7,Air,19-11-2025,19-11-2025,0,Approved,Partially Delivered,27937147.8
PO003833,16-07-2025,S0199,P0213,WH008,CT00302,International,45,61423.86,2764073.7,98953.68,7.71,213110.08,267687.34,3343824.8,EUR,90.5,Rail,13-08-2025,13-08-2025,0,Approved,Cancelled,2764073.7
PO003834,12-11-2025,S0143,P0105,WH007,CT00080,International,864,10633.68,9187499.52,58055.72,17.17,1577493.67,1078964.85,11902013.76,JPY,0.56,Rail,24-11-2025,24-11-2025,0,Approved,Delivered,9187499.52
PO003835,23-05-2025,S0169,P0100,WH005,CT00476,International,30,764.72,22941.6,219.25,14.15,3246.24,2330.3,28737.39,AUD,54,Road,10-06-2025,10-06-2025,0,Approved,Delivered,22941.6
PO003836,10-12-2025,S0147,P0179,WH008,CT00079,International,354,7814.41,2766301.14,55177.72,4.24,117291.17,263951.84,3202721.87,EUR,90.5,Sea,28-12-2025,30-12-2025,2,Approved,Cancelled,2766301.14
PO003837,26-01-2026,S0166,P0008,WH008,CT00431,International,246,66008.7,16238140.2,140696.92,3.54,574830.16,2027796.07,18981463.35,EUR,90.5,Air,08-02-2026,10-02-2026,2,Approved,Delivered,16238140.2
PO003838,05-03-2026,S0144,P0137,WH007,CT00030,International,798,16772.22,13384231.56,567106.37,6.26,837852.9,1614659.05,16403849.88,GBP,106,Rail,20-03-2026,20-03-2026,0,Pending,Delivered,13384231.56
PO003839,20-07-2026,S0185,P0227,WH009,CT00136,International,945,29851.29,28209469.05,1226480.2,9.32,2629122.52,2909801.98,34974873.75,AED,22.7,Road,06-08-2026,09-08-2026,3,Approved,Delivered,28209469.05
PO003840,12-03-2025,S0210,P0049,WH007,CT00264,International,167,25861.34,4318843.78,114803,11.47,495371.38,405102.03,5334120.19,EUR,90.5,Road,23-03-2025,25-03-2025,2,Approved,Delivered,4318843.78
PO003841,13-05-2025,S0180,P0186,WH009,CT00196,International,263,59312.38,15599155.94,360603.67,16.66,2598819.38,1634584.95,20193163.94,JPY,0.56,Rail,18-06-2025,18-06-2025,0,Approved,Delivered,15599155.94
PO003842,02-11-2025,S0178,P0144,WH005,CT00232,International,903,44146.86,39864614.58,1693027.74,14.1,5620910.66,4204816.99,51383369.97,JPY,0.56,Air,26-11-2025,26-11-2025,0,Approved,Delivered,39864614.58
PO003843,03-11-2025,S0147,P0088,WH010,CT00079,International,940,20660.1,19420494,314616.35,11.86,2303270.59,1762316.25,23800697.19,EUR,90.5,Sea,23-11-2025,01-12-2025,8,Approved,Partially Delivered,19420494
PO003844,24-02-2026,S0238,P0004,WH007,CT00517,International,667,73018.67,48703452.89,1394050.38,10.04,4889826.67,4335132.68,59322462.62,CNY,11.6,Road,08-03-2026,13-03-2026,5,Approved,Delivered,48703452.89
PO003845,24-02-2025,S0192,P0280,WH010,CT00319,International,915,37715.66,34509828.9,339178.21,15.06,5197180.23,3393311.29,43439498.63,JPY,0.56,Sea,27-03-2025,29-03-2025,2,Pending,Cancelled,34509828.9
PO003846,29-03-2026,S0234,P0001,WH010,CT00342,International,557,48322.49,26915626.93,468362.56,15.45,4158464.36,2626117.13,34168570.98,AUD,54,Rail,11-04-2026,11-04-2026,0,Approved,Delivered,26915626.93
PO003847,26-12-2025,S0170,P0265,WH007,CT00122,International,377,27817.47,10487186.19,344345.03,17.93,1880352.48,1310062.07,14021945.77,JPY,0.56,Sea,13-01-2026,15-01-2026,2,Approved,Delivered,10487186.19
PO003848,21-04-2026,S0224,P0272,WH009,CT00438,International,151,70615.49,10662938.99,70165.31,9.75,1039636.55,1241807.44,13014548.29,AUD,54,Road,04-05-2026,09-05-2026,5,Approved,Partially Delivered,10662938.99
PO003849,23-07-2025,S0201,P0183,WH009,CT00226,International,405,65129.46,26377431.3,1127412.56,16.91,4460423.63,3291814.68,35257082.17,EUR,90.5,Sea,17-08-2025,22-08-2025,5,Approved,Delivered,26377431.3
PO003850,13-06-2025,S0237,P0142,WH006,CT00036,International,348,49060.6,17073088.8,649607.27,15.56,2656572.62,1780991.8,22160260.49,USD,83.5,Sea,13-07-2025,13-07-2025,0,Approved,Delivered,17073088.8
PO003851,19-07-2026,S0207,P0030,WH008,CT00230,International,525,72763.51,38200842.75,1539146.54,2.3,878619.38,3406792.94,44025401.61,EUR,90.5,Rail,06-08-2026,07-08-2026,1,Approved,Cancelled,38200842.75
PO003852,06-02-2026,S0127,P0064,WH010,CT00104,International,680,76130.77,51768923.6,2152834.11,12,6212270.83,6035335,66169363.54,AED,22.7,Rail,06-03-2026,06-03-2026,0,Approved,Cancelled,51768923.6
PO003853,21-06-2025,S0208,P0024,WH006,CT00289,International,615,26169.17,16094039.55,294219.01,7.87,1266600.91,2002294.83,19657154.3,GBP,106,Road,11-07-2025,11-07-2025,0,Approved,Cancelled,16094039.55
PO003854,03-10-2025,S0240,P0246,WH008,CT00047,International,809,72631.11,58758567.99,2136618.44,8.01,4706561.3,6753631.46,72355379.19,JPY,0.56,Road,08-11-2025,08-11-2025,0,Approved,Cancelled,58758567.99
PO003855,30-05-2026,S0181,P0245,WH005,CT00293,International,255,54801.63,13974415.65,597768.09,3.43,479322.46,1295854.76,16347360.96,AED,22.7,Air,10-06-2026,11-06-2026,1,Approved,Partially Delivered,13974415.65
PO003856,21-09-2025,S0249,P0064,WH006,CT00466,International,91,79301.28,7216416.48,68330.76,12.01,866691.62,669127.49,8820566.35,GBP,106,Air,30-09-2025,01-10-2025,1,Approved,Cancelled,7216416.48
PO003857,15-09-2025,S0151,P0196,WH008,CT00334,International,39,69336.07,2704106.73,43291.24,4.48,121143.98,151893.92,3020435.87,USD,83.5,Rail,02-10-2025,02-10-2025,0,Approved,Delivered,2704106.73
PO003858,02-03-2025,S0243,P0068,WH009,CT00411,International,176,5324.47,937106.72,18289.88,5.06,47417.6,72763.71,1075577.91,CNY,11.6,Road,30-03-2025,30-03-2025,0,Approved,Delivered,937106.72
PO003859,16-02-2025,S0128,P0034,WH009,CT00337,International,586,43573.76,25534223.36,259188.01,14.6,3727996.61,2429832.95,31951240.93,AUD,54,Air,24-03-2025,24-03-2025,0,Approved,Cancelled,25534223.36
PO003860,27-01-2025,S0176,P0094,WH007,CT00501,International,95,26305.74,2499045.3,15246.16,12.5,312380.66,158932.83,2985604.95,GBP,106,Rail,19-02-2025,19-02-2025,0,Pending,Delivered,2499045.3
PO003861,07-03-2025,S0147,P0041,WH008,CT00050,International,730,35038.04,25577769.2,551010.24,15.77,4033614.2,2343870.18,32506263.82,EUR,90.5,Sea,28-03-2025,31-03-2025,3,Approved,Delivered,25577769.2
PO003862,11-08-2025,S0208,P0269,WH009,CT00026,International,770,81017.6,62383552,843507.2,16.23,10124850.49,7035303.05,80387212.74,GBP,106,Air,09-09-2025,10-09-2025,1,Approved,Partially Delivered,62383552
PO003863,17-06-2025,S0199,P0004,WH007,CT00302,International,944,65776.32,62092846.08,1615271.22,16.31,10127343.2,8632461.07,82467921.57,EUR,90.5,Air,23-07-2025,23-07-2025,0,Approved,Delivered,62092846.08
PO003864,22-05-2025,S0246,P0086,WH006,CT00237,International,20,40235.49,804709.8,16061.32,5.46,43937.16,79796.12,944504.4,USD,83.5,Sea,21-06-2025,21-06-2025,0,Approved,Cancelled,804709.8
PO003865,17-02-2025,S0197,P0204,WH005,CT00457,International,305,71787.94,21895321.7,131970.73,5.59,1223948.48,1591819.91,24843060.82,AUD,54,Air,26-02-2025,27-02-2025,1,Approved,Cancelled,21895321.7
PO003866,09-02-2025,S0146,P0284,WH006,CT00560,International,354,35644.91,12618298.14,263755.02,8.06,1017034.83,1584709.24,15483797.23,EUR,90.5,Road,09-03-2025,09-03-2025,0,Approved,Delivered,12618298.14
PO003867,11-01-2025,S0190,P0024,WH009,CT00416,International,433,30117.37,13040821.21,121896.27,4.97,648128.81,1274512,15085358.29,SGD,62,Air,18-01-2025,18-01-2025,0,Approved,Cancelled,13040821.21
PO003868,12-11-2025,S0191,P0050,WH007,CT00496,International,33,41216.55,1360146.15,56736.08,13.95,189740.39,158725.76,1765348.38,EUR,90.5,Road,24-11-2025,25-11-2025,1,Pending,Partially Delivered,1360146.15
PO003869,21-11-2025,S0139,P0264,WH007,CT00322,International,596,13645.33,8132616.68,173149.43,5.84,474944.81,925548.27,9706259.19,AED,22.7,Air,15-12-2025,15-12-2025,0,Approved,Delivered,8132616.68
PO003870,15-03-2026,S0191,P0220,WH005,CT00496,International,246,80134.8,19713160.8,616512.8,17.89,3526684.47,2464244.22,26320602.29,EUR,90.5,Sea,19-03-2026,19-03-2026,0,Pending,Delivered,19713160.8
PO003871,05-05-2026,S0190,P0002,WH008,CT00218,International,62,74020.57,4589275.34,25140.88,5.16,236806.61,511293.67,5362516.5,SGD,62,Sea,12-05-2026,20-05-2026,8,Approved,Delivered,4589275.34
PO003872,05-10-2025,S0167,P0255,WH008,CT00067,International,933,43965.47,41019783.51,1737213.17,8.12,3330806.42,4490879.27,50578682.37,USD,83.5,Road,31-10-2025,02-11-2025,2,Approved,Delivered,41019783.51
PO003873,08-03-2025,S0154,P0069,WH007,CT00251,International,657,41213.21,27077078.97,511178.72,16.47,4459594.91,1661927.82,33709780.42,AUD,54,Air,08-04-2025,08-04-2025,0,Pending,Delivered,27077078.97
PO003874,17-04-2026,S0135,P0250,WH010,CT00259,International,448,62621.08,28054243.84,816843.72,12.53,3515196.75,2262636.85,34648921.16,EUR,90.5,Air,29-04-2026,02-05-2026,3,Approved,Delivered,28054243.84
PO003875,25-06-2025,S0206,P0227,WH005,CT00182,International,147,26681.61,3922196.67,157492.57,6.01,235724.02,325392.98,4640806.24,GBP,106,Road,15-07-2025,15-07-2025,0,Approved,Delivered,3922196.67
PO003876,23-05-2025,S0165,P0081,WH008,CT00303,International,322,31239.11,10058993.42,54017.14,13.82,1390152.89,1229766.66,12732930.11,USD,83.5,Sea,22-06-2025,22-06-2025,0,Approved,Partially Delivered,10058993.42
PO003877,08-10-2025,S0175,P0106,WH009,CT00412,International,309,18332,5664588,175127.05,5.08,287761.07,378934.25,6506410.37,CNY,11.6,Rail,16-10-2025,16-10-2025,0,Approved,Delivered,5664588
PO003878,16-09-2025,S0185,P0294,WH007,CT00136,International,520,43250.69,22490358.8,411831.08,17.1,3845851.35,3111983.32,29860024.55,AED,22.7,Air,04-10-2025,05-10-2025,1,Approved,Delivered,22490358.8
PO003879,12-01-2026,S0242,P0165,WH005,CT00049,International,894,51633.55,46160393.7,1471608.32,4.78,2206466.82,3939829.38,53778298.22,EUR,90.5,Sea,09-02-2026,09-02-2026,0,Approved,Partially Delivered,46160393.7
PO003880,02-04-2025,S0213,P0020,WH006,CT00499,International,708,64140.7,45411615.6,343839.95,6.56,2979001.98,3817444.3,52551901.83,AED,22.7,Air,10-04-2025,13-04-2025,3,Approved,Delivered,45411615.6
PO003881,19-11-2025,S0219,P0009,WH008,No Contract,International,739,42234.95,31211628.05,176653.88,13.98,4363385.6,3570941.21,39322608.74,EUR,90.5,Sea,07-12-2025,07-12-2025,0,Pending,Delivered,31211628.05
PO003882,22-07-2025,S0198,P0063,WH009,CT00053,International,229,32056.49,7340936.21,328525.02,11.1,814843.92,768626.76,9252931.91,EUR,90.5,Sea,22-08-2025,24-08-2025,2,Approved,Partially Delivered,7340936.21
PO003883,18-08-2025,S0214,P0044,WH005,CT00528,International,880,50632.27,44556397.6,690596.41,17.82,7939950.05,3154987.93,56341931.99,EUR,90.5,Road,10-09-2025,10-09-2025,0,Approved,Delivered,44556397.6
PO003884,01-08-2026,S0181,P0270,WH010,CT00099,International,421,72719.51,30614913.71,1146454.34,8.62,2639005.56,2129449.45,36529823.06,AED,22.7,Road,17-08-2026,17-08-2026,0,Pending,Partially Delivered,30614913.71
PO003885,07-07-2025,S0221,P0125,WH010,CT00430,International,693,12885.28,8929499.04,113811.83,8.04,717931.72,1096191.25,10857433.84,EUR,90.5,Sea,08-08-2025,10-08-2025,2,Approved,Partially Delivered,8929499.04
PO003886,07-03-2025,S0197,P0198,WH005,CT00321,International,139,73686.03,10242358.17,236055.55,11.46,1173774.25,1112610.39,12764798.36,AUD,54,Road,22-03-2025,27-03-2025,5,Pending,Cancelled,10242358.17
PO003887,20-05-2025,S0142,P0183,WH009,CT00281,International,552,62275.13,34375871.76,335941.99,5.65,1942236.75,1863392.69,38517443.19,JPY,0.56,Sea,06-06-2025,06-06-2025,0,Pending,Partially Delivered,34375871.76
PO003888,25-12-2025,S0235,P0239,WH007,CT00167,International,853,54018.59,46077857.27,461879.11,16.05,7395496.09,3762673.84,57697906.31,CNY,11.6,Air,21-01-2026,29-01-2026,8,Pending,Delivered,46077857.27
PO003889,23-07-2025,S0205,P0087,WH005,CT00569,International,719,79302.51,57018504.69,1286446.6,15.9,9065942.25,6825322.85,74196216.39,AED,22.7,Road,24-08-2025,01-09-2025,8,Approved,Delivered,57018504.69
PO003890,14-06-2026,S0139,P0164,WH008,CT00435,International,649,81785.25,53078627.25,2162039.23,7.58,4023359.95,3557881.96,62821908.39,AED,22.7,Road,07-07-2026,07-07-2026,0,Approved,Partially Delivered,53078627.25
PO003891,02-07-2026,S0154,P0071,WH008,CT00251,International,263,33077.86,8699477.18,339568.51,14.9,1296222.1,1024238.25,11359506.04,AUD,54,Sea,30-07-2026,30-07-2026,0,Approved,Cancelled,8699477.18
PO003892,22-11-2025,S0231,P0224,WH009,CT00029,International,357,35583.04,12703145.28,540885.27,4.79,608480.66,894297.53,14746808.74,SGD,62,Sea,11-12-2025,14-12-2025,3,Approved,Delivered,12703145.28
PO003893,25-06-2026,S0247,P0195,WH005,CT00058,International,538,60811.06,32716350.28,1088319.66,6.17,2018598.81,3767002.91,39590271.66,EUR,90.5,Sea,20-07-2026,20-07-2026,0,Approved,Delivered,32716350.28
PO003894,27-06-2025,S0212,P0224,WH006,CT00522,International,633,33780,21382740,719596.49,12.37,2645044.94,2543347.03,27290728.46,AUD,54,Road,20-07-2025,20-07-2025,0,Approved,Partially Delivered,21382740
PO003895,13-04-2025,S0204,P0043,WH007,CT00354,International,129,22705.83,2929052.07,94681.57,13.46,394250.41,277511.81,3695495.86,JPY,0.56,Rail,03-05-2025,03-05-2025,0,Pending,Delivered,2929052.07
PO003896,08-04-2026,S0201,P0212,WH006,CT00226,International,165,82555.29,13621622.85,215997.85,15.36,2092281.27,965983.93,16895885.9,EUR,90.5,Sea,01-05-2026,01-05-2026,0,Approved,Delivered,13621622.85
PO003897,15-11-2025,S0160,P0175,WH010,CT00503,International,577,7746.84,4469926.68,101810.34,11.11,496608.85,386015.47,5454361.34,CNY,11.6,Air,22-11-2025,23-11-2025,1,Approved,Cancelled,4469926.68
PO003898,11-01-2026,S0191,P0082,WH010,CT00496,International,99,59602.41,5900638.59,123920.7,15.62,921679.75,800461.47,7746700.51,EUR,90.5,Road,14-01-2026,14-01-2026,0,Approved,Delivered,5900638.59
PO003899,04-07-2026,S0232,P0016,WH008,CT00255,International,467,88178.26,41179247.42,849316.6,16.51,6798693.75,4240913.69,53068171.46,AUD,54,Sea,18-07-2026,18-07-2026,0,Approved,Delivered,41179247.42
PO003900,18-06-2025,S0172,P0032,WH010,CT00540,International,308,19279.74,5938159.92,122537.47,4.8,285031.68,583315.16,6929044.23,AUD,54,Sea,30-06-2025,12-07-2025,12,Approved,Delivered,5938159.92
PO003901,21-01-2025,S0162,P0240,WH010,CT00062,International,211,77794.37,16414612.07,88743.67,11.63,1909019.38,2169080.87,20581455.99,CNY,11.6,Air,02-02-2025,03-02-2025,1,Approved,Delivered,16414612.07
PO003902,02-06-2026,S0188,P0008,WH006,CT00071,International,39,64022.19,2496865.41,60071.73,4.12,102870.85,291669.34,2951477.33,GBP,106,Air,21-06-2026,26-06-2026,5,Approved,Partially Delivered,2496865.41
PO003903,29-10-2025,S0153,P0141,WH008,CT00145,International,933,23323.72,21761030.76,273875.92,4.2,913963.29,1644763.6,24593633.57,EUR,90.5,Rail,04-12-2025,05-12-2025,1,Approved,Delivered,21761030.76
PO003904,02-05-2026,S0218,P0287,WH007,CT00074,International,111,72923.5,8094508.5,317757.14,3.39,274403.84,998244.43,9684913.91,GBP,106,Air,26-05-2026,27-05-2026,1,Approved,Delivered,8094508.5
PO003905,02-02-2025,S0137,P0278,WH007,CT00533,International,887,20830.72,18476848.64,371183.02,11.2,2069407.05,2206114.55,23123553.26,CNY,11.6,Air,08-03-2025,08-03-2025,0,Pending,Cancelled,18476848.64
PO003906,25-10-2025,S0137,P0185,WH008,CT00240,International,347,50622.76,17566097.72,439036.45,7.96,1398261.38,1269809.21,20673204.76,CNY,11.6,Air,29-11-2025,30-11-2025,1,Pending,Cancelled,17566097.72
PO003907,24-02-2025,S0190,P0118,WH009,CT00218,International,262,85870.91,22498178.42,230532.77,3.23,726691.16,2666377.09,26121779.44,SGD,62,Air,07-03-2025,07-03-2025,0,Approved,Partially Delivered,22498178.42
PO003908,27-05-2026,S0135,P0032,WH010,CT00072,International,293,18880.63,5532024.59,32395.25,5.93,328049.06,619481.73,6511950.63,EUR,90.5,Sea,14-06-2026,14-06-2026,0,Approved,Delivered,5532024.59
PO003909,12-11-2025,S0176,P0140,WH006,CT00501,International,272,70724.6,19237091.2,431525.16,11.5,2212265.49,2307169.78,24188051.63,GBP,106,Rail,27-11-2025,29-11-2025,2,Approved,Delivered,19237091.2
PO003910,06-09-2025,S0224,P0237,WH008,CT00467,International,947,23428.33,22186628.51,841092.85,11.07,2456059.78,2513179.75,27996960.89,AUD,54,Rail,18-09-2025,18-09-2025,0,Approved,Delivered,22186628.51
PO003911,05-08-2025,S0148,P0023,WH010,CT00426,International,837,21097.84,17658892.08,210215.05,8.51,1502771.72,1275172.43,20647051.28,AED,22.7,Rail,02-09-2025,02-09-2025,0,Approved,Delivered,17658892.08
PO003912,15-05-2025,S0207,P0086,WH008,CT00230,International,584,40477.25,23638714,206897.55,10.07,2380418.5,2167867.6,28393897.65,EUR,90.5,Road,01-06-2025,01-06-2025,0,Approved,Delivered,23638714
PO003913,04-07-2026,S0129,P0164,WH007,CT00364,International,934,74804.77,69867655.18,1802333.42,12.24,8551800.99,5920169.74,86141959.33,USD,83.5,Air,28-07-2026,28-07-2026,0,Pending,Cancelled,69867655.18
PO003914,18-01-2026,S0174,P0012,WH006,CT00519,International,453,82865.42,37538035.26,1057971.18,13.35,5011327.71,5152961.85,48760296,SGD,62,Sea,13-02-2026,13-02-2026,0,Approved,Cancelled,37538035.26
PO003915,08-05-2026,S0183,P0067,WH010,CT00579,International,72,46165.08,3323885.76,73523.45,13.55,450386.52,452604.46,4300400.19,USD,83.5,Rail,24-05-2026,24-05-2026,0,Approved,Partially Delivered,3323885.76
PO003916,18-07-2026,S0201,P0023,WH007,CT00226,International,299,19074.29,5703212.71,185633.5,7.04,401506.17,516540.95,6806893.33,EUR,90.5,Air,03-08-2026,05-08-2026,2,Pending,Cancelled,5703212.71
PO003917,20-06-2025,S0140,P0200,WH006,CT00082,International,732,88327.44,64655686.08,2864533.33,11.97,7739285.62,5580950.84,80840455.87,JPY,0.56,Sea,17-07-2025,17-07-2025,0,Approved,Delivered,64655686.08
PO003918,12-07-2025,S0207,P0066,WH010,CT00301,International,263,49776.45,13091206.35,131407.18,12.44,1628546.07,797221,15648380.6,EUR,90.5,Road,30-07-2025,30-07-2025,0,Pending,Delivered,13091206.35
PO003919,02-08-2025,S0174,P0106,WH008,CT00327,International,262,17287.44,4529309.28,66758.72,14.48,655843.98,269389.88,5521301.86,SGD,62,Road,27-08-2025,04-09-2025,8,Approved,Delivered,4529309.28
PO003920,25-10-2025,S0191,P0216,WH008,CT00496,International,367,51099.77,18753615.59,441673.06,7.42,1391518.28,2189405.77,22776212.7,EUR,90.5,Road,30-10-2025,02-11-2025,3,Approved,Partially Delivered,18753615.59
PO003921,07-02-2025,S0222,P0068,WH009,CT00222,International,764,5444.75,4159789,145963.58,16.99,706748.15,546213.38,5558714.11,AED,22.7,Sea,28-02-2025,03-03-2025,3,Approved,Partially Delivered,4159789
PO003922,14-03-2026,S0138,P0265,WH009,CT00351,International,516,29247.41,15091663.56,205480.1,2.95,445204.08,956602.56,16698950.3,AUD,54,Air,11-04-2026,11-04-2026,0,Approved,Delivered,15091663.56
PO003923,03-02-2025,S0187,P0033,WH010,CT00507,International,507,45769.66,23205217.62,777983.58,10.26,2380855.33,2354701.26,28718757.79,AED,22.7,Road,22-02-2025,22-02-2025,0,Approved,Delivered,23205217.62
PO003924,06-01-2025,S0207,P0130,WH008,CT00301,International,295,28426.14,8385711.3,171018.02,6.92,580291.22,1012810.3,10149830.84,EUR,90.5,Air,24-01-2025,24-01-2025,0,Approved,Delivered,8385711.3
PO003925,07-05-2025,S0213,P0082,WH007,CT00499,International,296,55943.03,16559136.88,686774.84,8.85,1465483.61,2085305.04,20796700.37,AED,22.7,Sea,19-05-2025,19-05-2025,0,Pending,Delivered,16559136.88
PO003926,24-02-2026,S0179,P0116,WH007,CT00066,International,634,78463.78,49746036.52,850024.94,8.48,4218463.9,6043668.79,60858194.15,GBP,106,Air,15-03-2026,15-03-2026,0,Approved,Delivered,49746036.52
PO003927,25-04-2026,S0241,P0259,WH009,CT00008,International,442,90110.32,39828761.44,1028841.62,11.95,4759536.99,3380668.39,48997808.44,CNY,11.6,Air,11-05-2026,19-05-2026,8,Pending,Delivered,39828761.44
PO003928,16-01-2026,S0189,P0005,WH008,CT00463,International,82,35580.85,2917629.7,125082.38,8.52,248582.05,305339.08,3596633.21,EUR,90.5,Sea,02-02-2026,04-02-2026,2,Approved,Delivered,2917629.7
PO003929,30-03-2026,S0145,P0266,WH006,CT00275,International,505,78572.34,39679031.7,445183.16,14.31,5678069.44,4047807.47,49850091.77,AED,22.7,Rail,16-04-2026,16-04-2026,0,Approved,Delivered,39679031.7
PO003930,25-05-2026,S0158,P0017,WH007,CT00015,International,865,70437.41,60928359.65,2532238.81,8.39,5111889.37,6239951.96,74812439.79,EUR,90.5,Air,22-06-2026,23-06-2026,1,Approved,Delivered,60928359.65
PO003931,22-07-2025,S0151,P0228,WH007,CT00334,International,367,78890.4,28952776.8,464756.47,2.85,825154.14,2223915.65,32466603.06,USD,83.5,Rail,10-08-2025,18-08-2025,8,Approved,Delivered,28952776.8
PO003932,12-05-2025,S0208,P0228,WH008,CT00295,International,722,77351.89,55848064.58,328867.57,4.74,2647198.26,6120090.49,64944220.9,GBP,106,Rail,06-06-2025,06-06-2025,0,Pending,Cancelled,55848064.58
PO003933,01-10-2025,S0130,P0079,WH005,CT00257,International,301,49689.66,14956587.66,271130.33,11.07,1655694.25,874901.93,17758314.17,SGD,62,Sea,16-10-2025,21-10-2025,5,Approved,Delivered,14956587.66
PO003934,12-10-2025,S0183,P0274,WH007,CT00546,International,252,80241.22,20220787.44,698628.54,12.57,2541752.98,2380062.23,25841231.19,USD,83.5,Road,25-10-2025,25-10-2025,0,Approved,Partially Delivered,20220787.44
PO003935,01-08-2026,S0157,P0036,WH010,CT00022,International,297,83364.32,24759203.04,854265.82,6.61,1636583.32,2362672.32,29612724.5,AUD,54,Sea,24-08-2026,24-08-2026,0,Approved,Delivered,24759203.04
PO003936,18-02-2026,S0234,P0146,WH006,CT00342,International,99,69974.03,6927428.97,215104.95,13.51,935895.65,658736.52,8737166.09,AUD,54,Air,11-03-2026,13-03-2026,2,Approved,Partially Delivered,6927428.97
PO003937,12-04-2026,S0175,P0105,WH010,CT00412,International,499,10305.35,5142369.65,141658.7,13.07,672107.71,647328.48,6603464.54,CNY,11.6,Sea,19-04-2026,19-04-2026,0,Approved,Delivered,5142369.65
PO003938,03-08-2026,S0228,P0118,WH008,CT00148,International,978,82917.94,81093745.32,3446457.12,6.82,5530593.43,5137530.12,95208325.99,SGD,62,Rail,30-08-2026,30-08-2026,0,Approved,Delivered,81093745.32
PO003939,26-10-2025,S0201,P0061,WH007,CT00226,International,465,39195.91,18226098.15,635579.42,15.68,2857852.19,1466705.93,23186235.69,EUR,90.5,Air,14-11-2025,15-11-2025,1,Approved,Delivered,18226098.15
PO003940,23-03-2025,S0134,P0064,WH008,CT00418,International,342,83244.95,28469772.9,312995.75,15.87,4518152.96,2853613.04,36154534.65,GBP,106,Sea,13-04-2025,13-04-2025,0,Approved,Delivered,28469772.9
PO003941,24-11-2025,S0193,P0155,WH008,CT00433,International,760,41462.38,31511408.8,615937.08,15.93,5019767.42,3381994.73,40529108.03,AUD,54,Rail,03-12-2025,06-12-2025,3,Pending,Delivered,31511408.8
PO003942,04-01-2025,S0216,P0160,WH007,CT00381,International,843,42676.96,35976677.28,1228308.66,16.38,5892979.74,2597930.2,45695895.88,SGD,62,Road,30-01-2025,31-01-2025,1,Approved,Delivered,35976677.28
PO003943,06-06-2026,S0214,P0175,WH010,CT00528,International,320,6925.3,2216096,48245.69,17.66,391362.55,222496.13,2878200.37,EUR,90.5,Sea,30-06-2026,30-06-2026,0,Approved,Delivered,2216096
PO003944,11-09-2025,S0207,P0241,WH005,CT00230,International,605,26105.64,15793912.2,431075.64,12.95,2045311.63,2000925.24,20271224.71,EUR,90.5,Sea,29-09-2025,29-09-2025,0,Approved,Delivered,15793912.2
PO003945,01-02-2025,S0144,P0225,WH009,CT00571,International,772,79253.05,61183354.6,2548143,17.77,10872282.11,6966537.94,81570317.65,GBP,106,Rail,13-02-2025,14-02-2025,1,Approved,Delivered,61183354.6
PO003946,25-11-2025,S0178,P0296,WH006,CT00323,International,802,40169.97,32216315.94,823667.11,14.79,4764793.13,3691778.66,41496554.84,JPY,0.56,Sea,12-12-2025,17-12-2025,5,Approved,Delivered,32216315.94
PO003947,16-05-2026,S0164,P0041,WH010,CT00266,International,292,32766.66,9567864.72,423343.39,3.13,299474.17,1221892.87,11512575.15,SGD,62,Road,09-06-2026,12-06-2026,3,Pending,Cancelled,9567864.72
PO003948,27-04-2025,S0135,P0015,WH005,CT00296,International,332,74821.79,24840834.28,395287.75,11.42,2836823.27,2293137.94,30366083.24,EUR,90.5,Air,16-05-2025,16-05-2025,0,Approved,Delivered,24840834.28
PO003949,20-06-2025,S0174,P0154,WH005,CT00462,International,215,30567.19,6571945.85,243065.83,14.67,964104.46,443284.25,8222400.39,SGD,62,Sea,11-07-2025,11-07-2025,0,Approved,Delivered,6571945.85
PO003950,12-08-2025,S0182,P0251,WH007,CT00260,International,232,41699.38,9674256.16,132765.65,4.75,459527.17,737351.14,11003900.12,JPY,0.56,Air,04-09-2025,04-09-2025,0,Approved,Cancelled,9674256.16
PO003951,25-05-2025,S0202,P0289,WH009,CT00238,International,331,33358.96,11041815.76,268588.32,17.38,1919067.58,1470400,14699871.66,AUD,54,Air,07-06-2025,10-06-2025,3,Approved,Partially Delivered,11041815.76
PO003952,15-03-2025,S0250,P0244,WH010,CT00219,International,206,14832.01,3055394.06,74175.23,4.01,122521.3,386361.52,3638452.11,EUR,90.5,Rail,25-03-2025,30-03-2025,5,Pending,Delivered,3055394.06
PO003953,23-06-2026,S0223,P0006,WH010,No Contract,International,984,64282.09,63253576.56,1126035.54,17.68,11183232.34,4039761.28,79602605.72,AED,22.7,Road,29-06-2026,07-07-2026,8,Approved,Partially Delivered,63253576.56
PO003954,09-04-2026,S0197,P0119,WH007,CT00457,International,946,2281.3,2158109.8,24663.3,12.77,275590.62,162704.94,2621068.66,AUD,54,Road,22-04-2026,27-04-2026,5,Pending,Cancelled,2158109.8
PO003955,26-01-2026,S0202,P0035,WH010,CT00238,International,688,58698.94,40384870.72,1520095.74,6.62,2673478.44,5282584.98,49861029.88,AUD,54,Sea,06-02-2026,06-02-2026,0,Pending,Cancelled,40384870.72
PO003956,23-12-2025,S0135,P0218,WH005,CT00072,International,275,46547.32,12800513,364215.84,7.5,960038.48,1136128.06,15260895.38,EUR,90.5,Air,11-01-2026,16-01-2026,5,Approved,Delivered,12800513
PO003957,10-07-2025,S0187,P0129,WH009,CT00039,International,393,19408.87,7627685.91,287995.43,10.37,790991.03,524572.56,9231244.93,AED,22.7,Road,24-07-2025,24-07-2025,0,Approved,Cancelled,7627685.91
PO003958,24-10-2025,S0241,P0003,WH008,CT00541,International,422,76387.94,32235710.68,258269.34,14.3,4609706.63,2705830.58,39809517.23,CNY,11.6,Sea,08-11-2025,16-11-2025,8,Pending,Cancelled,32235710.68
PO003959,06-05-2025,S0129,P0031,WH008,CT00105,International,795,13553.8,10775271,70481.41,16.2,1745593.9,1197023.17,13788369.48,USD,83.5,Sea,27-05-2025,30-05-2025,3,Approved,Cancelled,10775271
PO003960,03-03-2025,S0230,P0202,WH007,CT00359,International,576,33840.53,19492145.28,611702.89,3.84,748498.38,1484297.42,22336643.97,EUR,90.5,Air,11-03-2025,12-03-2025,1,Approved,Partially Delivered,19492145.28
PO003961,11-02-2025,S0248,P0203,WH005,CT00591,International,289,20085.35,5804666.15,203984.77,14.62,848642.19,648109.62,7505402.73,GBP,106,Air,21-02-2025,24-02-2025,3,Approved,Delivered,5804666.15
PO003962,25-10-2025,S0127,P0105,WH007,CT00194,International,543,12068.85,6553385.55,201142.72,8.18,536066.94,651161.78,7941756.99,AED,22.7,Sea,14-11-2025,17-11-2025,3,Pending,Delivered,6553385.55
PO003963,07-03-2026,S0138,P0016,WH005,CT00351,International,562,78944.29,44366690.98,1022467.6,17.2,7631070.85,6039596.64,59059826.07,AUD,54,Road,08-04-2026,20-04-2026,12,Approved,Partially Delivered,44366690.98
PO003964,15-03-2026,S0150,P0037,WH006,CT00018,International,620,33343.28,20672833.6,290000.35,11.53,2383577.71,2501346.16,25847757.82,SGD,62,Air,10-04-2026,10-04-2026,0,Approved,Partially Delivered,20672833.6
PO003965,07-12-2025,S0237,P0184,WH005,CT00036,International,592,68964.53,40827001.76,1370019.95,2.59,1057419.35,2430771.46,45685212.52,USD,83.5,Air,01-01-2026,01-01-2026,0,Approved,Delivered,40827001.76
PO003966,19-05-2025,S0176,P0116,WH006,CT00501,International,346,69998.15,24219359.9,272342.18,2.29,554623.34,2228451.97,27274777.39,GBP,106,Rail,09-06-2025,10-06-2025,1,Approved,Cancelled,24219359.9
PO003967,15-04-2025,S0188,P0039,WH010,CT00084,International,402,15486.44,6225548.88,77497.56,5.18,322483.43,489727.36,7115257.23,GBP,106,Road,29-04-2025,30-04-2025,1,Pending,Partially Delivered,6225548.88
PO003968,13-08-2025,S0165,P0170,WH009,CT00558,International,110,59054.73,6496020.3,83182.41,10.69,694424.57,539202.05,7812829.33,USD,83.5,Air,17-09-2025,17-09-2025,0,Approved,Partially Delivered,6496020.3
PO003969,09-03-2026,S0156,P0208,WH007,CT00181,International,144,33692.32,4851694.08,47423.29,15,727754.11,519515.81,6146387.29,CNY,11.6,Air,19-03-2026,19-03-2026,0,Approved,Delivered,4851694.08
PO003970,07-05-2025,S0222,P0217,WH005,CT00222,International,575,65877.24,37879413,1615680.83,14.97,5670548.13,5105374.55,50271016.51,AED,22.7,Road,02-06-2025,05-06-2025,3,Pending,Delivered,37879413
PO003971,01-12-2025,S0232,P0154,WH007,CT00255,International,709,29844.39,21159672.51,289591.91,5.3,1121462.64,2602182.71,25172909.77,AUD,54,Sea,16-12-2025,16-12-2025,0,Approved,Delivered,21159672.51
PO003972,27-07-2025,S0199,P0229,WH009,CT00302,International,171,6798.26,1162502.46,6259.2,8.24,95790.2,111497.15,1376049.01,EUR,90.5,Air,31-08-2025,31-08-2025,0,Pending,Partially Delivered,1162502.46
PO003973,25-01-2026,S0190,P0223,WH008,CT00416,International,780,2380.25,1856595,28956.77,15.9,295198.6,219195.62,2399945.99,SGD,62,Rail,29-01-2026,30-01-2026,1,Approved,Cancelled,1856595
PO003974,31-05-2026,S0148,P0290,WH005,CT00426,International,560,74451.07,41692599.2,1611446.61,13.2,5503423.09,5605151.41,54412620.31,AED,22.7,Road,23-06-2026,26-06-2026,3,Pending,Partially Delivered,41692599.2
PO003975,24-07-2026,S0249,P0251,WH010,CT00280,International,183,36873.98,6747938.34,86121.14,10.7,722029.4,654178.3,8210267.18,GBP,106,Air,13-08-2026,13-08-2026,0,Approved,Partially Delivered,6747938.34
PO003976,09-05-2026,S0209,P0029,WH008,CT00352,International,402,57001.56,22914627.12,385368.48,11.94,2736006.48,2705933.95,28741936.03,CNY,11.6,Rail,08-06-2026,08-06-2026,0,Approved,Delivered,22914627.12
PO003977,18-01-2025,S0158,P0255,WH009,CT00015,International,418,45489.36,19014552.48,708311.29,8.62,1639054.42,2101722.63,23463640.82,EUR,90.5,Sea,06-02-2025,09-02-2025,3,Approved,Delivered,19014552.48
PO003978,17-05-2025,S0137,P0277,WH010,CT00533,International,285,85111.71,24256837.35,884549.47,2.29,555481.58,3001794.95,28698663.35,CNY,11.6,Rail,14-06-2025,14-06-2025,0,Approved,Delivered,24256837.35
PO003979,12-06-2025,S0143,P0201,WH006,CT00531,International,765,78362.98,59947679.7,1495812.76,2.38,1426754.78,5163039.88,68033287.12,JPY,0.56,Air,24-06-2025,24-06-2025,0,Approved,Delivered,59947679.7
PO003980,09-08-2025,S0191,P0025,WH010,CT00496,International,696,14128.14,9833185.44,360919.09,10.91,1072800.53,639777.48,11906682.54,EUR,90.5,Road,14-08-2025,14-08-2025,0,Approved,Delivered,9833185.44
PO003981,10-03-2026,S0161,P0005,WH005,CT00548,International,124,37269.95,4621473.8,203051.31,10.96,506513.53,445926.31,5776964.95,AED,22.7,Rail,10-04-2026,11-04-2026,1,Approved,Delivered,4621473.8
PO003982,04-02-2025,S0229,P0075,WH010,CT00434,International,194,24755.55,4802576.7,86763.44,7.95,381804.85,448872.73,5720017.72,EUR,90.5,Road,21-02-2025,01-03-2025,8,Approved,Cancelled,4802576.7
PO003983,27-03-2026,S0223,P0261,WH006,No Contract,International,239,7101.85,1697342.15,43983.36,14.43,244926.47,121064.58,2107316.56,AED,22.7,Road,31-03-2026,01-04-2026,1,Approved,Delivered,1697342.15
PO003984,08-02-2025,S0188,P0146,WH005,CT00071,International,388,69783.57,27076025.16,181282.29,18,4873684.53,2735230.53,34866222.51,GBP,106,Road,22-02-2025,27-02-2025,5,Approved,Cancelled,27076025.16
PO003985,14-11-2025,S0192,P0108,WH010,CT00319,International,169,39681.62,6706193.78,187790.09,13.68,917407.31,737790.36,8549181.54,JPY,0.56,Sea,17-12-2025,19-12-2025,2,Pending,Delivered,6706193.78
PO003986,22-07-2025,S0141,P0165,WH006,CT00174,International,682,56382.71,38453008.22,1296131.61,16.44,6321674.55,3518526.96,49589341.34,AED,22.7,Rail,05-08-2025,05-08-2025,0,Approved,Delivered,38453008.22
PO003987,03-12-2025,S0187,P0148,WH009,CT00425,International,840,52877,44416680,569425.61,9.44,4192934.59,3155868.37,52334908.57,AED,22.7,Sea,23-12-2025,25-12-2025,2,Approved,Delivered,44416680
PO003988,06-07-2026,S0138,P0057,WH008,CT00351,International,216,43280.09,9348499.44,235976.42,6.75,631023.71,857619.13,11073118.7,AUD,54,Sea,30-07-2026,02-08-2026,3,Approved,Cancelled,9348499.44
PO003989,24-07-2025,S0235,P0004,WH007,CT00167,International,734,62251.44,45692556.96,1122280.12,17.59,8037320.77,5855469.72,60707627.57,CNY,11.6,Air,17-08-2025,17-08-2025,0,Approved,Delivered,45692556.96
PO003990,28-07-2026,S0245,P0122,WH007,CT00045,International,126,53828.8,6782428.8,228416.25,11.63,788796.47,818652.05,8618293.57,JPY,0.56,Road,06-08-2026,06-08-2026,0,Pending,Cancelled,6782428.8
PO003991,06-03-2026,S0198,P0126,WH008,CT00053,International,824,62675.25,51644406,2204131.86,11.62,6001079.98,4939370.56,64788988.4,EUR,90.5,Air,02-04-2026,02-04-2026,0,Approved,Partially Delivered,51644406
PO003992,07-08-2025,S0144,P0238,WH005,CT00030,International,178,48492.36,8631640.08,189569.95,2.53,218380.49,1036388.12,10075978.64,GBP,106,Road,29-08-2025,31-08-2025,2,Approved,Delivered,8631640.08
PO003993,25-02-2025,S0153,P0259,WH007,CT00299,International,445,87502.03,38938403.35,1539680.64,7.95,3095603.07,3118624.62,46692311.68,EUR,90.5,Rail,31-03-2025,31-03-2025,0,Approved,Delivered,38938403.35
PO003994,01-05-2025,S0221,P0123,WH008,CT00244,International,308,42270.44,13019295.52,290363.2,17.76,2312226.88,862576.67,16484462.27,EUR,90.5,Road,05-06-2025,05-06-2025,0,Approved,Delivered,13019295.52
PO003995,18-06-2026,S0153,P0292,WH010,CT00539,International,423,68711.08,29064786.84,426570.82,13.06,3795861.16,3887362.43,37174581.25,EUR,90.5,Sea,18-07-2026,18-07-2026,0,Approved,Cancelled,29064786.84
PO003996,08-06-2026,S0199,P0123,WH009,CT00302,International,232,49085.9,11387928.8,499464.46,5.75,654805.91,1181477.12,13723676.29,EUR,90.5,Road,12-07-2026,12-07-2026,0,Pending,Cancelled,11387928.8
PO003997,29-09-2025,S0204,P0284,WH008,CT00354,International,179,38561.83,6902567.57,114050.68,2.83,195342.66,734786.41,7946747.32,JPY,0.56,Air,20-10-2025,20-10-2025,0,Approved,Delivered,6902567.57
PO003998,05-05-2026,S0128,P0032,WH006,CT00210,International,435,18407.45,8007240.75,69497.17,9.91,793517.56,786196.54,9656452.02,AUD,54,Rail,02-06-2026,02-06-2026,0,Approved,Cancelled,8007240.75
PO003999,17-01-2025,S0138,P0230,WH010,CT00283,International,119,56229.98,6691367.62,294055.56,5.33,356649.89,637616.06,7979689.13,AUD,54,Road,08-02-2025,09-02-2025,1,Pending,Partially Delivered,6691367.62
PO004000,28-11-2025,S0219,P0028,WH006,No Contract,International,113,15264.56,1724895.28,72622.84,11.18,192843.29,191060.17,2181421.58,EUR,90.5,Air,23-12-2025,24-12-2025,1,Approved,Delivered,1724895.28
PO004001,06-10-2025,S0128,P0249,WH006,CT00286,International,479,11076.09,5305447.11,78163.01,16.04,850993.72,689284.48,6923888.32,AUD,54,Road,04-11-2025,09-11-2025,5,Approved,Cancelled,5305447.11
PO004002,29-08-2025,S0176,P0101,WH005,CT00501,International,833,52712.45,43909470.85,510657.39,15.9,6981605.87,2623600.83,54025334.94,GBP,106,Rail,14-09-2025,14-09-2025,0,Approved,Cancelled,43909470.85
PO004003,23-07-2025,S0238,P0042,WH005,CT00184,International,975,64018.82,62418349.5,1162433.54,10.59,6610103.21,7493482.78,77684369.03,CNY,11.6,Air,12-08-2025,17-08-2025,5,Approved,Delivered,62418349.5
PO004004,03-08-2025,S0181,P0274,WH008,CT00293,International,588,89727.32,52759664.16,1940190.16,17.98,9486187.62,7259451.78,71445493.72,AED,22.7,Road,12-08-2025,14-08-2025,2,Pending,Delivered,52759664.16
PO004005,11-03-2025,S0225,P0143,WH006,CT00094,International,98,84304.57,8261847.86,182705.19,9.79,808834.91,644426.14,9897814.1,USD,83.5,Air,17-04-2025,17-04-2025,0,Approved,Delivered,8261847.86
PO004006,24-01-2026,S0157,P0175,WH010,CT00022,International,761,6517.45,4959779.45,139352.3,16.43,814891.76,595906.67,6509930.18,AUD,54,Air,18-02-2026,20-02-2026,2,Approved,Delivered,4959779.45
PO004007,17-03-2025,S0214,P0146,WH006,CT00489,International,64,65780.7,4209964.8,145429.44,12.56,528771.58,463585.9,5347751.72,EUR,90.5,Rail,12-04-2025,12-04-2025,0,Pending,Delivered,4209964.8
PO004008,02-05-2025,S0218,P0162,WH008,CT00074,International,157,64458.08,10119918.56,245768.13,17.14,1734554.04,1179818.06,13280058.79,GBP,106,Rail,25-05-2025,30-05-2025,5,Approved,Delivered,10119918.56
PO004009,09-12-2025,S0146,P0265,WH010,CT00564,International,886,28376.27,25141375.22,422237.35,12.21,3069761.91,2244012.96,30877387.44,EUR,90.5,Air,03-01-2026,03-01-2026,0,Pending,Cancelled,25141375.22
PO004010,28-01-2025,S0151,P0291,WH005,CT00334,International,742,77892.67,57796361.14,342239.71,4.74,2739547.52,5746132.14,66624280.51,USD,83.5,Air,19-02-2025,21-02-2025,2,Pending,Cancelled,57796361.14
PO004011,14-05-2025,S0218,P0128,WH009,CT00074,International,62,31652.21,1962437.02,35874.08,10.82,212335.69,192929.37,2403576.16,GBP,106,Road,10-06-2025,11-06-2025,1,Pending,Cancelled,1962437.02
PO004012,16-12-2025,S0250,P0202,WH005,CT00219,International,772,29190.98,22535436.56,264347.53,11.31,2548757.87,2774695.33,28123237.29,EUR,90.5,Sea,27-12-2025,27-12-2025,0,Approved,Cancelled,22535436.56
PO004013,21-07-2025,S0207,P0064,WH006,CT00230,International,858,73943.77,63443754.66,557071.22,2.91,1846213.26,3476113.79,69323152.93,EUR,90.5,Air,14-08-2025,14-08-2025,0,Approved,Delivered,63443754.66
PO004014,09-03-2026,S0174,P0278,WH006,CT00462,International,592,20485.68,12127522.56,77877.21,3.77,457207.6,1195119.2,13857726.57,SGD,62,Rail,08-04-2026,10-04-2026,2,Approved,Delivered,12127522.56
PO004015,28-07-2025,S0206,P0108,WH006,CT00061,International,904,37032.65,33477515.6,201403.62,10.73,3592137.42,3889868.66,41160925.3,GBP,106,Road,06-08-2025,14-08-2025,8,Pending,Delivered,33477515.6
PO004016,06-02-2025,S0244,P0066,WH005,CT00566,International,539,43990.25,23710744.75,317653.25,15.55,3687020.81,3193183.82,30908602.63,EUR,90.5,Sea,27-02-2025,01-03-2025,2,Approved,Delivered,23710744.75
PO004017,03-10-2025,S0226,P0296,WH006,CT00335,International,16,36615.43,585846.88,6659.29,11.38,66669.37,68975.88,728151.42,SGD,62,Air,03-11-2025,03-11-2025,0,Pending,Partially Delivered,585846.88
PO004018,26-07-2025,S0205,P0086,WH007,CT00569,International,401,44843.24,17982139.24,699552.71,3.38,607796.31,1986140.07,21275628.33,AED,22.7,Sea,23-08-2025,23-08-2025,0,Approved,Partially Delivered,17982139.24
PO004019,11-03-2025,S0209,P0167,WH010,CT00464,International,695,17778.48,12356043.6,367056.76,16.58,2048632.03,1379540.5,16151272.89,CNY,11.6,Air,10-04-2025,22-04-2025,12,Approved,Cancelled,12356043.6
PO004020,08-10-2025,S0190,P0068,WH006,CT00218,International,330,4754.64,1569031.2,34924.73,6.23,97750.64,128439.16,1830145.73,SGD,62,Rail,21-10-2025,24-10-2025,3,Approved,Partially Delivered,1569031.2
PO004021,21-09-2025,S0156,P0243,WH009,CT00346,International,311,816.32,253875.52,2990.04,3.61,9164.91,26407.54,292438.01,CNY,11.6,Air,02-10-2025,04-10-2025,2,Approved,Cancelled,253875.52
PO004022,17-03-2026,S0174,P0008,WH007,CT00344,International,626,59603.65,37311884.9,208882.25,17.63,6578085.31,2786302.22,46885154.68,SGD,62,Sea,11-04-2026,11-04-2026,0,Approved,Delivered,37311884.9
PO004023,02-06-2025,S0201,P0293,WH006,CT00226,International,317,44604.39,14139591.63,422052.09,9.33,1319223.9,1089794.36,16970661.98,EUR,90.5,Air,20-06-2025,20-06-2025,0,Pending,Delivered,14139591.63
PO004024,12-06-2025,S0174,P0118,WH010,CT00519,International,730,81225.83,59294855.9,1154268.24,6.36,3771152.84,3959589.15,68179866.13,SGD,62,Rail,06-07-2025,06-07-2025,0,Approved,Partially Delivered,59294855.9
PO004025,24-10-2025,S0240,P0147,WH005,CT00047,International,260,79465.36,20660993.6,170014.77,16.44,3396667.35,2169996.89,26397672.61,JPY,0.56,Rail,01-12-2025,02-12-2025,1,Approved,Delivered,20660993.6
PO004026,20-01-2025,S0198,P0138,WH007,CT00053,International,606,56124.11,34011210.66,934612.7,9.23,3139234.74,3135036.57,41220094.67,EUR,90.5,Sea,17-02-2025,17-02-2025,0,Approved,Delivered,34011210.66
PO004027,13-03-2025,S0142,P0158,WH010,CT00281,International,407,37013.46,15064478.22,601021.75,11.26,1696260.25,1084690.14,18446450.36,JPY,0.56,Air,04-04-2025,12-04-2025,8,Pending,Partially Delivered,15064478.22
PO004028,11-05-2026,S0205,P0129,WH007,CT00569,International,798,20342.22,16233091.56,299974.87,2.52,409073.91,1412103.09,18354243.43,AED,22.7,Rail,12-06-2026,13-06-2026,1,Approved,Delivered,16233091.56
PO004029,02-08-2025,S0249,P0143,WH010,CT00010,International,398,87315.08,34751401.84,1056331.51,10.25,3562018.69,3913903.63,43283655.67,GBP,106,Road,14-08-2025,16-08-2025,2,Approved,Cancelled,34751401.84
PO004030,23-05-2026,S0134,P0115,WH005,CT00418,International,838,32941.02,27604574.76,798899.05,7.26,2004092.13,2409031.4,32816597.34,GBP,106,Rail,17-06-2026,17-06-2026,0,Approved,Delivered,27604574.76
PO004031,24-12-2025,S0181,P0159,WH009,CT00293,International,752,27180.35,20439623.2,118214.85,11.58,2366908.37,1963334.57,24888080.99,AED,22.7,Sea,03-01-2026,05-01-2026,2,Approved,Partially Delivered,20439623.2
PO004032,22-02-2026,S0228,P0163,WH010,CT00148,International,938,49037.86,45997512.68,338088.22,5.72,2631057.73,5747562.26,54714220.89,SGD,62,Sea,16-03-2026,17-03-2026,1,Approved,Delivered,45997512.68
PO004033,17-01-2026,S0231,P0152,WH006,CT00570,International,907,27899.22,25304592.54,490659.05,17.76,4494095.64,2472743.62,32762090.85,SGD,62,Rail,01-02-2026,01-02-2026,0,Pending,Partially Delivered,25304592.54
PO004034,14-11-2025,S0228,P0134,WH010,CT00148,International,131,16098.1,2108851.1,44778.27,8.17,172293.13,219788.51,2545711.01,SGD,62,Sea,03-12-2025,03-12-2025,0,Pending,Partially Delivered,2108851.1
PO004035,19-04-2025,S0210,P0221,WH005,CT00264,International,754,48306.78,36423312.12,769187.6,11.75,4279739.17,4072349.73,45544588.62,EUR,90.5,Air,08-05-2025,10-05-2025,2,Approved,Delivered,36423312.12
PO004036,15-11-2025,S0150,P0176,WH007,CT00332,International,576,32548.86,18748143.36,639356.38,8.46,1586092.93,1432085.46,22405678.13,SGD,62,Air,07-12-2025,08-12-2025,1,Approved,Partially Delivered,18748143.36
PO004037,12-06-2025,S0168,P0089,WH008,CT00505,International,232,34423.59,7986272.88,55900.65,6.87,548656.95,594160.07,9184990.55,EUR,90.5,Air,21-06-2025,23-06-2025,2,Pending,Partially Delivered,7986272.88
PO004038,11-01-2026,S0176,P0124,WH009,CT00501,International,336,65654.47,22059901.92,488963.45,5.4,1191234.7,2092499.57,25832599.64,GBP,106,Sea,28-01-2026,28-01-2026,0,Approved,Delivered,22059901.92
PO004039,17-01-2025,S0182,P0117,WH010,CT00358,International,979,54726.56,53577302.24,1464106.01,16.03,8588441.55,3947306.95,67577156.75,JPY,0.56,Sea,15-02-2025,16-02-2025,1,Pending,Delivered,53577302.24
PO004040,07-05-2025,S0240,P0144,WH006,CT00047,International,16,41756.62,668105.92,9400.81,10.65,71153.28,68276.41,816936.42,JPY,0.56,Sea,10-06-2025,10-06-2025,0,Approved,Cancelled,668105.92
PO004041,19-08-2025,S0148,P0091,WH005,CT00343,International,479,37037.11,17740775.69,112557.41,7.25,1286206.24,2235124.21,21374663.55,AED,22.7,Sea,07-09-2025,08-09-2025,1,Approved,Cancelled,17740775.69
PO004042,07-07-2025,S0196,P0143,WH007,CT00250,International,77,74563.77,5741410.29,161298.53,16.61,953648.25,387226.81,7243583.88,EUR,90.5,Air,02-08-2025,07-08-2025,5,Pending,Partially Delivered,5741410.29
PO004043,17-08-2025,S0164,P0153,WH005,CT00266,International,49,27656.89,1355187.61,15020.92,9.61,130233.53,121148.26,1621590.32,SGD,62,Sea,05-09-2025,05-09-2025,0,Approved,Delivered,1355187.61
PO004044,08-03-2026,S0155,P0019,WH009,CT00369,International,619,41527.48,25705510.12,146958.6,9.59,2465158.42,2556026.56,30873653.7,AUD,54,Sea,22-03-2026,22-03-2026,0,Approved,Delivered,25705510.12
PO004045,16-10-2025,S0200,P0180,WH007,CT00192,International,203,34163.55,6935200.65,167793.42,6.73,466739,492802.66,8062535.73,EUR,90.5,Air,01-11-2025,06-11-2025,5,Approved,Delivered,6935200.65
PO004046,19-03-2025,S0150,P0149,WH010,CT00018,International,193,44603.18,8608413.74,219516.68,6.52,561268.58,571843.48,9961042.48,SGD,62,Rail,21-04-2025,21-04-2025,0,Approved,Delivered,8608413.74
PO004047,29-08-2025,S0224,P0244,WH010,CT00438,International,51,13695.22,698456.22,28951.37,5.01,34992.66,69595.26,831995.51,AUD,54,Sea,17-09-2025,17-09-2025,0,Approved,Delivered,698456.22
PO004048,07-12-2025,S0247,P0206,WH010,CT00058,International,694,78279.68,54326097.92,846098.74,5.27,2862985.36,3612960.58,61648142.6,EUR,90.5,Rail,12-01-2026,14-01-2026,2,Pending,Delivered,54326097.92
PO004049,10-04-2025,S0167,P0276,WH007,CT00025,International,735,86430.59,63526483.65,1211290.15,6.68,4243569.11,5090315.83,74071658.74,USD,83.5,Rail,06-05-2025,06-05-2025,0,Approved,Cancelled,63526483.65
PO004050,17-10-2025,S0207,P0209,WH009,CT00301,International,591,79870.47,47203447.77,544364.56,4.76,2246884.11,5492046.87,55486743.31,EUR,90.5,Sea,10-11-2025,18-11-2025,8,Approved,Cancelled,47203447.77
PO004051,23-09-2025,S0212,P0222,WH005,CT00186,International,470,86554.56,40680643.2,390045.18,10.65,4332488.5,2449841.84,47853018.72,AUD,54,Air,10-10-2025,10-10-2025,0,Approved,Partially Delivered,40680643.2
PO004052,08-04-2025,S0240,P0045,WH010,CT00047,International,65,49605.36,3224348.4,111839.55,13.3,428838.34,363719.82,4128746.11,JPY,0.56,Rail,13-05-2025,15-05-2025,2,Approved,Partially Delivered,3224348.4
PO004053,20-02-2025,S0239,P0214,WH010,CT00291,International,993,23709.95,23543980.35,649423.31,11.97,2818214.45,2564195.86,29575813.97,SGD,62,Air,25-02-2025,26-02-2025,1,Approved,Partially Delivered,23543980.35
PO004054,17-07-2025,S0240,P0113,WH009,CT00047,International,106,56231.38,5960526.28,101954.49,10,596052.63,664983.6,7323517,JPY,0.56,Road,24-08-2025,24-08-2025,0,Pending,Partially Delivered,5960526.28
PO004055,31-12-2025,S0164,P0137,WH008,CT00266,International,68,16196.4,1101355.2,44058.38,13.69,150775.53,127244.99,1423434.1,SGD,62,Road,23-01-2026,23-01-2026,0,Approved,Delivered,1101355.2
PO004056,01-10-2025,S0224,P0056,WH007,CT00318,International,544,39077.64,21258236.16,681718.09,4.96,1054408.51,1186572.54,24180935.3,AUD,54,Sea,18-10-2025,20-10-2025,2,Approved,Delivered,21258236.16
PO004057,17-04-2026,S0250,P0098,WH005,CT00442,International,105,21423.25,2249441.25,79831.13,5.56,125068.93,261756.46,2716097.77,EUR,90.5,Rail,04-05-2026,04-05-2026,0,Approved,Delivered,2249441.25
PO004058,31-12-2025,S0134,P0116,WH008,CT00033,International,269,70638.96,19001880.24,328352.74,5.84,1109709.81,1869903.09,22309845.88,GBP,106,Road,25-01-2026,30-01-2026,5,Approved,Partially Delivered,19001880.24
PO004059,14-03-2026,S0224,P0091,WH005,CT00357,International,587,32518.33,19088259.71,266405.98,15.81,3017853.86,2066053.2,24438572.75,AUD,54,Road,03-04-2026,03-04-2026,0,Approved,Partially Delivered,19088259.71
PO004060,09-12-2025,S0163,P0220,WH007,CT00596,International,304,81268.69,24705681.76,873270.94,4.85,1198225.57,1671695.78,28448874.05,JPY,0.56,Rail,14-01-2026,14-01-2026,0,Approved,Delivered,24705681.76
PO004061,15-06-2026,S0177,P0019,WH005,CT00235,International,689,41128.87,28337791.43,528991.27,8.74,2476722.97,3316336.65,34659842.32,EUR,90.5,Rail,03-07-2026,03-07-2026,0,Approved,Partially Delivered,28337791.43
PO004062,14-03-2025,S0236,P0193,WH006,CT00077,International,12,25361.47,304337.64,4464.91,10.4,31651.11,37118.84,377572.5,EUR,90.5,Air,04-04-2025,04-04-2025,0,Approved,Cancelled,304337.64
PO004063,13-02-2025,S0174,P0170,WH010,CT00344,International,530,70759.68,37502630.4,1676061.65,15.69,5884162.71,3662089.92,48724944.68,SGD,62,Road,13-03-2025,13-03-2025,0,Approved,Delivered,37502630.4
PO004064,12-02-2025,S0227,P0268,WH010,No Contract,International,796,23675.57,18845753.72,189870.51,10.36,1952420.09,1515077.69,22503122.01,EUR,90.5,Road,23-02-2025,23-02-2025,0,Approved,Cancelled,18845753.72
PO004065,09-08-2025,S0167,P0065,WH010,CT00306,International,743,44817.31,33299261.33,1328709.17,2.34,779202.72,3102646.39,38509819.61,USD,83.5,Sea,26-08-2025,26-08-2025,0,Approved,Delivered,33299261.33
PO004066,01-03-2025,S0203,P0143,WH007,CT00176,International,623,81671.7,50881469.1,277229.67,17.63,8970403,6244883.85,66373985.62,JPY,0.56,Air,10-03-2025,11-03-2025,1,Approved,Partially Delivered,50881469.1
PO004067,03-01-2026,S0151,P0232,WH009,CT00334,International,922,34164.58,31499742.76,1412176.77,4.48,1411188.48,2285413.63,36608521.64,USD,83.5,Rail,26-01-2026,29-01-2026,3,Approved,Delivered,31499742.76
PO004068,17-05-2026,S0139,P0059,WH008,CT00024,International,179,60642.22,10854957.38,219658.02,13.65,1481701.68,747331.21,13303648.29,AED,22.7,Road,14-06-2026,14-06-2026,0,Approved,Partially Delivered,10854957.38
PO004069,02-05-2025,S0199,P0077,WH008,CT00458,International,438,31707.6,13887928.8,574846.72,7.75,1076314.48,1712052.23,17251142.23,EUR,90.5,Sea,31-05-2025,31-05-2025,0,Approved,Delivered,13887928.8
PO004070,21-08-2025,S0142,P0057,WH006,CT00281,International,515,42427.68,21850255.2,906996.54,2.28,498185.82,2641165.03,25896602.59,JPY,0.56,Sea,12-09-2025,12-09-2025,0,Approved,Delivered,21850255.2
PO004071,12-01-2025,S0150,P0194,WH009,CT00332,International,108,69266.19,7480748.52,202685.97,14.63,1094433.51,918513.35,9696381.35,SGD,62,Air,06-02-2025,06-02-2025,0,Approved,Partially Delivered,7480748.52
PO004072,13-02-2026,S0249,P0135,WH006,CT00280,International,284,72271.06,20524981.04,876855.33,14.05,2883759.84,1430002.72,25715598.93,GBP,106,Rail,04-03-2026,05-03-2026,1,Approved,Delivered,20524981.04
PO004073,05-06-2026,S0221,P0194,WH009,CT00244,International,853,70684.33,60293733.49,1117934.95,11.24,6777015.64,5359302,73547986.08,EUR,90.5,Air,09-07-2026,10-07-2026,1,Approved,Partially Delivered,60293733.49
PO004074,25-08-2025,S0207,P0151,WH005,CT00230,International,220,7285.18,1602739.6,36487.76,14.18,227268.48,159533.5,2026029.34,EUR,90.5,Air,16-09-2025,18-09-2025,2,Pending,Delivered,1602739.6
PO004075,04-07-2026,S0136,P0045,WH007,CT00028,International,963,43852.15,42229620.45,1042746.65,7.36,3108100.07,3273049.46,49653516.63,EUR,90.5,Sea,06-08-2026,07-08-2026,1,Pending,Delivered,42229620.45
PO004076,06-05-2025,S0141,P0195,WH006,CT00598,International,630,55456.86,34937821.8,1527414.76,2.28,796582.34,3900281.36,41162100.26,AED,22.7,Road,20-05-2025,25-05-2025,5,Approved,Cancelled,34937821.8
PO004077,05-03-2025,S0180,P0229,WH006,CT00196,International,340,7801.34,2652455.6,31763.42,17.86,473728.57,185108.85,3343056.44,JPY,0.56,Sea,09-04-2025,09-04-2025,0,Approved,Delivered,2652455.6
PO004078,08-02-2026,S0201,P0289,WH010,CT00226,International,600,37454.52,22472712,901967.28,6.16,1384319.06,2011910.82,26770909.16,EUR,90.5,Rail,24-02-2026,24-02-2026,0,Approved,Delivered,22472712
PO004079,23-09-2025,S0236,P0246,WH007,CT00077,International,522,78930.3,41201616.6,1406716.64,3.74,1540940.46,2633101.86,46782375.56,EUR,90.5,Road,11-10-2025,11-10-2025,0,Approved,Partially Delivered,41201616.6
PO004080,04-02-2025,S0199,P0140,WH006,CT00302,International,781,67943.97,53064240.57,2332075.36,2.49,1321299.59,6012336.49,62729952.01,EUR,90.5,Air,14-03-2025,17-03-2025,3,Pending,Delivered,53064240.57
PO004081,23-01-2025,S0164,P0284,WH010,CT00580,International,397,34766.64,13802356.08,468237.54,11.89,1641100.14,1848172.17,17759865.93,SGD,62,Sea,17-02-2025,17-02-2025,0,Approved,Delivered,13802356.08
PO004082,10-05-2025,S0163,P0278,WH009,CT00596,International,751,22006.32,16526746.32,295220.98,12.43,2054274.57,1797046.07,20673287.94,JPY,0.56,Rail,07-06-2025,07-06-2025,0,Approved,Delivered,16526746.32
PO004083,19-07-2026,S0144,P0267,WH007,CT00016,International,818,10385.54,8495371.72,270493.06,6.6,560694.53,833727.82,10160287.13,GBP,106,Air,05-08-2026,08-08-2026,3,Approved,Delivered,8495371.72
PO004084,27-01-2026,S0226,P0073,WH010,CT00335,International,558,33818.72,18870845.76,373075.21,14.04,2649466.74,1526469.58,23419857.29,SGD,62,Sea,23-02-2026,23-02-2026,0,Approved,Delivered,18870845.76
PO004085,23-10-2025,S0217,P0166,WH006,CT00440,International,466,20627.71,9612512.86,428316.73,17.39,1671615.99,640293.49,12352739.07,USD,83.5,Rail,06-11-2025,06-11-2025,0,Pending,Delivered,9612512.86
PO004086,01-11-2025,S0225,P0006,WH006,CT00094,International,292,64050.47,18702737.24,632830.81,2.27,424552.14,1201590.99,20961711.18,USD,83.5,Air,01-12-2025,02-12-2025,1,Approved,Cancelled,18702737.24
PO004087,03-04-2026,S0196,P0275,WH010,CT00212,International,391,35730.12,13970476.92,305280.54,8.7,1215431.49,1503073.89,16994262.84,EUR,90.5,Air,19-04-2026,19-04-2026,0,Approved,Delivered,13970476.92
PO004088,23-09-2025,S0201,P0041,WH008,CT00226,International,718,34034.85,24437022.3,398146.38,2.56,625587.77,2214137.27,27674893.72,EUR,90.5,Road,15-10-2025,15-10-2025,0,Pending,Delivered,24437022.3
PO004089,06-01-2026,S0139,P0013,WH006,CT00190,International,197,15420.13,3037765.61,39087.04,9.15,277955.55,264954.02,3619762.22,AED,22.7,Sea,30-01-2026,30-01-2026,0,Pending,Delivered,3037765.61
PO004090,25-05-2026,S0127,P0022,WH006,CT00456,International,252,60447.73,15232827.96,552730.36,13.61,2073187.89,1503676.83,19362423.04,AED,22.7,Air,17-06-2026,17-06-2026,0,Approved,Cancelled,15232827.96
PO004091,29-11-2025,S0208,P0012,WH008,CT00026,International,559,87111.69,48695434.71,1724358.14,4.21,2050077.8,4192018.12,56661888.77,GBP,106,Air,23-12-2025,23-12-2025,0,Pending,Delivered,48695434.71
PO004092,25-02-2026,S0163,P0041,WH008,CT00596,International,677,35007.29,23699935.33,1040827.48,15.86,3758809.74,1621402.35,30120974.9,JPY,0.56,Sea,29-03-2026,31-03-2026,2,Approved,Cancelled,23699935.33
PO004093,18-07-2026,S0225,P0300,WH009,CT00094,International,543,2575.54,1398518.22,52439.41,11.49,160689.74,112905.74,1724553.11,USD,83.5,Air,14-08-2026,14-08-2026,0,Pending,Cancelled,1398518.22
PO004094,13-07-2026,S0201,P0061,WH005,CT00226,International,986,42759.74,42161103.64,1726930.22,11.44,4823230.26,4246020.61,52957284.73,EUR,90.5,Air,30-07-2026,01-08-2026,2,Pending,Partially Delivered,42161103.64
PO004095,13-07-2025,S0208,P0283,WH007,CT00026,International,318,48823.74,15525949.32,383141.8,14.12,2192264.04,1282541.99,19383897.15,GBP,106,Air,04-08-2025,04-08-2025,0,Approved,Delivered,15525949.32
PO004096,11-04-2025,S0210,P0227,WH007,CT00264,International,634,27914.2,17697602.8,647813.12,15.56,2753747,1927348.52,23026511.44,EUR,90.5,Rail,20-04-2025,20-04-2025,0,Approved,Cancelled,17697602.8
PO004097,07-07-2026,S0237,P0278,WH005,CT00036,International,259,20363.13,5274050.67,149669.59,8.81,464643.86,364460.21,6252824.33,USD,83.5,Sea,06-08-2026,06-08-2026,0,Approved,Cancelled,5274050.67
PO004098,09-06-2026,S0184,P0068,WH006,CT00313,International,554,5433.34,3010070.36,119084.05,6.57,197761.62,236412.99,3563329.02,USD,83.5,Air,13-07-2026,14-07-2026,1,Pending,Cancelled,3010070.36
PO004099,24-01-2026,S0240,P0202,WH006,CT00047,International,509,29164.79,14844878.11,237685.97,12.95,1922411.72,1025278.03,18030253.83,JPY,0.56,Air,28-02-2026,28-02-2026,0,Approved,Cancelled,14844878.11
PO004100,16-05-2025,S0190,P0182,WH006,CT00416,International,698,22789.79,15907273.42,270285.16,11.75,1869104.63,1749441.49,19796104.7,SGD,62,Rail,25-05-2025,25-05-2025,0,Approved,Delivered,15907273.42
PO004101,28-09-2025,S0210,P0109,WH010,CT00264,International,374,58933.95,22041297.3,722915.25,4.78,1053574.01,1327986.48,25145773.04,EUR,90.5,Air,06-10-2025,06-10-2025,0,Approved,Partially Delivered,22041297.3
PO004102,24-05-2025,S0185,P0033,WH005,CT00136,International,122,41614.7,5076993.4,149810.89,16.91,858519.58,418005.1,6503328.97,AED,22.7,Air,12-06-2025,12-06-2025,0,Pending,Partially Delivered,5076993.4
PO004103,27-06-2025,S0217,P0061,WH010,CT00440,International,331,43386.53,14360941.43,332511.1,6.32,907611.5,829788.19,16430852.22,USD,83.5,Sea,09-07-2025,12-07-2025,3,Approved,Delivered,14360941.43
PO004104,26-07-2026,S0231,P0244,WH007,CT00029,International,107,13999.93,1497992.51,63441.08,7.14,106956.67,170225.45,1838615.71,SGD,62,Sea,07-08-2026,07-08-2026,0,Approved,Partially Delivered,1497992.51
PO004105,02-03-2026,S0206,P0064,WH007,CT00236,International,916,77839.8,71301256.8,1440752.44,13.14,9368985.14,6992745.16,89103739.54,GBP,106,Road,16-03-2026,16-03-2026,0,Approved,Partially Delivered,71301256.8
PO004106,17-05-2026,S0152,P0021,WH009,CT00375,International,573,25318.79,14507666.67,401650.05,6.42,931392.2,1515484.23,17356193.15,SGD,62,Sea,04-06-2026,04-06-2026,0,Approved,Delivered,14507666.67
PO004107,28-10-2025,S0234,P0251,WH009,CT00413,International,729,42103.63,30693546.27,883118.7,14.28,4383038.41,1968553.7,37928257.08,AUD,54,Sea,12-11-2025,12-11-2025,0,Approved,Delivered,30693546.27
PO004108,16-11-2025,S0194,P0123,WH008,CT00207,International,551,43265.06,23839048.06,204810.68,2.42,576904.96,2787457.77,27408221.47,USD,83.5,Rail,23-11-2025,23-11-2025,0,Approved,Delivered,23839048.06
PO004109,11-09-2025,S0194,P0173,WH006,CT00086,International,244,33907.11,8273334.84,291717.88,5.32,440141.41,983836.03,9989030.16,USD,83.5,Road,19-09-2025,19-09-2025,0,Pending,Cancelled,8273334.84
PO004110,20-07-2025,S0241,P0165,WH006,CT00541,International,788,50743.73,39986059.24,1595235.23,11.53,4610392.63,2628257.08,48819944.18,CNY,11.6,Road,09-08-2025,09-08-2025,0,Approved,Cancelled,39986059.24
PO004111,18-06-2025,S0243,P0116,WH005,CT00411,International,660,73782.09,48696179.4,2187407.82,5.91,2877944.2,4337150.21,58098681.63,CNY,11.6,Road,07-07-2025,08-07-2025,1,Approved,Cancelled,48696179.4
PO004112,09-08-2025,S0228,P0192,WH008,CT00377,International,44,49094.14,2160142.16,42864.38,3.9,84245.54,166986.56,2454238.64,SGD,62,Air,31-08-2025,01-09-2025,1,Approved,Cancelled,2160142.16
PO004113,23-03-2026,S0221,P0161,WH007,CT00430,International,382,49326.78,18842829.96,244342.85,8.66,1631789.07,2240998.41,22959960.29,EUR,90.5,Road,21-04-2026,21-04-2026,0,Approved,Delivered,18842829.96
PO004114,28-03-2026,S0164,P0135,WH005,CT00580,International,774,68848.77,53288947.98,1106790.94,11.7,6234806.91,4133850.26,64764396.09,SGD,62,Sea,19-04-2026,19-04-2026,0,Approved,Cancelled,53288947.98
PO004115,02-04-2026,S0231,P0262,WH008,CT00029,International,476,74205.15,35321651.4,250046.22,17.25,6092984.87,2225057.28,43889739.77,SGD,62,Sea,17-04-2026,19-04-2026,2,Approved,Partially Delivered,35321651.4
PO004116,13-12-2025,S0225,P0244,WH007,CT00094,International,27,15686.71,423541.17,10025.92,7.76,32866.79,35324.55,501758.43,USD,83.5,Sea,12-01-2026,13-01-2026,1,Approved,Cancelled,423541.17
PO004117,23-01-2025,S0130,P0048,WH005,CT00345,International,416,82990.5,34524048,999322.76,14.45,4988724.94,4356635.59,44868731.29,SGD,62,Sea,15-02-2025,15-02-2025,0,Approved,Delivered,34524048
PO004118,11-05-2026,S0200,P0110,WH006,CT00300,International,690,17700.1,12213069,241366.94,9.91,1210315.14,1629642.89,15294393.97,EUR,90.5,Road,02-06-2026,02-06-2026,0,Approved,Delivered,12213069
PO004119,02-04-2026,S0194,P0194,WH007,CT00254,International,480,78113.03,37494254.4,1083341.07,3.93,1473524.2,4352984.45,44404104.12,USD,83.5,Sea,18-04-2026,18-04-2026,0,Approved,Delivered,37494254.4
PO004120,02-01-2026,S0196,P0219,WH008,CT00212,International,353,84031.76,29663211.28,240053.2,10.88,3227357.39,3015695.05,36146316.92,EUR,90.5,Air,25-01-2026,25-01-2026,0,Approved,Delivered,29663211.28
PO004121,05-05-2026,S0142,P0293,WH006,CT00281,International,809,49734.69,40235364.21,324193.01,12.41,4993208.7,4931630.98,50484396.9,JPY,0.56,Air,29-05-2026,01-06-2026,3,Approved,Cancelled,40235364.21
PO004122,09-05-2026,S0188,P0225,WH008,CT00071,International,12,65471.08,785652.96,17981.46,7.15,56174.19,72752.37,932560.98,GBP,106,Rail,26-05-2026,26-05-2026,0,Approved,Delivered,785652.96
PO004123,18-06-2026,S0149,P0086,WH009,CT00204,International,202,44679.09,9025176.18,146389.88,15.41,1390779.65,1130172.89,11692518.6,SGD,62,Air,08-07-2026,08-07-2026,0,Pending,Delivered,9025176.18
PO004124,30-08-2025,S0199,P0064,WH010,CT00458,International,302,82116.35,24799137.7,479341.11,16.35,4054659.01,1772433.39,31105571.21,EUR,90.5,Sea,05-10-2025,17-10-2025,12,Pending,Cancelled,24799137.7
PO004125,30-12-2025,S0171,P0164,WH007,CT00269,International,533,73674.88,39268711.04,385348.02,2.73,1072035.81,2572594.84,43298689.71,GBP,106,Air,19-01-2026,20-01-2026,1,Approved,Delivered,39268711.04
PO004126,14-04-2025,S0161,P0029,WH007,CT00548,International,887,53014.56,47023914.72,726573.69,5.37,2525184.22,2990167.85,53265840.48,AED,22.7,Air,10-05-2025,10-05-2025,0,Pending,Cancelled,47023914.72
PO004127,03-01-2025,S0146,P0099,WH006,CT00560,International,755,60466.48,45652192.4,914359.22,3.03,1383261.43,4745353.04,52695166.09,EUR,90.5,Air,25-01-2025,25-01-2025,0,Approved,Partially Delivered,45652192.4
PO004128,23-12-2025,S0156,P0092,WH005,CT00181,International,975,18550.12,18086367,656996.17,3.03,548016.92,1348990.05,20640370.14,CNY,11.6,Air,29-12-2025,30-12-2025,1,Pending,Partially Delivered,18086367
PO004129,04-04-2026,S0129,P0046,WH005,CT00364,International,49,46464.73,2276771.77,23159.36,11.24,255909.15,262466.24,2818306.52,USD,83.5,Rail,27-04-2026,05-05-2026,8,Approved,Partially Delivered,2276771.77
PO004130,21-07-2025,S0218,P0284,WH009,CT00133,International,425,38209.59,16239075.75,106024.64,14.72,2390391.95,1181756,19917248.34,GBP,106,Air,14-08-2025,17-08-2025,3,Pending,Cancelled,16239075.75
PO004131,23-03-2025,S0144,P0204,WH005,CT00030,International,733,71697.12,52553988.96,1118430.65,12.37,6500928.43,4075538.5,64248886.54,GBP,106,Rail,04-04-2025,09-04-2025,5,Approved,Cancelled,52553988.96
PO004132,14-02-2025,S0165,P0137,WH007,CT00303,International,425,16172.47,6873299.75,301635.2,15.95,1096291.31,671568.65,8942794.91,USD,83.5,Sea,22-03-2025,22-03-2025,0,Approved,Delivered,6873299.75
PO004133,07-03-2026,S0242,P0141,WH006,CT00559,International,860,25601.07,22016920.2,873947.39,16.67,3670220.6,2498089.98,29059178.17,EUR,90.5,Rail,12-04-2026,14-04-2026,2,Pending,Cancelled,22016920.2
PO004134,11-10-2025,S0161,P0073,WH009,CT00548,International,517,28714.86,14845582.62,627982.68,8.78,1303442.15,941716.11,17718723.56,AED,22.7,Rail,11-11-2025,11-11-2025,0,Approved,Partially Delivered,14845582.62
PO004135,27-05-2025,S0166,P0066,WH005,CT00483,International,551,47072.16,25936760.16,792727.48,14.21,3685613.62,2360298.85,32775400.11,EUR,90.5,Air,02-06-2025,03-06-2025,1,Pending,Partially Delivered,25936760.16
PO004136,23-05-2025,S0249,P0128,WH010,CT00280,International,826,29575.34,24429230.84,969243.74,17.22,4206713.55,3288540.83,32893728.96,GBP,106,Rail,12-06-2025,12-06-2025,0,Approved,Delivered,24429230.84
PO004137,04-08-2025,S0173,P0180,WH009,CT00191,International,488,32395.94,15809218.72,201166.23,5.4,853697.81,917150.77,17781233.53,AUD,54,Air,12-08-2025,14-08-2025,2,Approved,Partially Delivered,15809218.72
PO004138,10-07-2025,S0178,P0080,WH009,CT00232,International,990,43952.02,43512499.8,1329328.9,7.08,3080684.99,4485029.11,52407542.8,JPY,0.56,Sea,26-07-2025,27-07-2025,1,Approved,Delivered,43512499.8
PO004139,27-04-2025,S0189,P0027,WH009,CT00463,International,871,59152.03,51521418.13,1366068.82,7.99,4116561.31,5999186.11,63003234.37,EUR,90.5,Sea,25-05-2025,25-05-2025,0,Approved,Cancelled,51521418.13
PO004140,15-08-2025,S0238,P0024,WH009,CT00517,International,739,28820.19,21298120.41,771909.96,5.98,1273627.6,1203549.89,24547207.86,CNY,11.6,Sea,31-08-2025,31-08-2025,0,Approved,Delivered,21298120.41
PO004141,21-01-2025,S0182,P0061,WH006,CT00358,International,63,38405.49,2419545.87,45512.11,6.68,161625.66,210216.83,2836900.47,JPY,0.56,Air,13-02-2025,14-02-2025,1,Approved,Delivered,2419545.87
PO004142,05-03-2025,S0157,P0119,WH007,CT00022,International,939,2563.82,2407426.98,83669.89,5.65,136019.62,150876.65,2777993.14,AUD,54,Rail,29-03-2025,29-03-2025,0,Approved,Delivered,2407426.98
PO004143,09-03-2025,S0136,P0097,WH005,CT00087,International,913,69171.28,63153378.64,330103.77,8.97,5664858.06,6397562.55,75545903.02,EUR,90.5,Air,10-04-2025,11-04-2025,1,Pending,Cancelled,63153378.64
PO004144,28-05-2025,S0238,P0190,WH006,CT00517,International,472,68185.44,32183527.68,452969.34,4.51,1451477.1,2516857.55,36604831.67,CNY,11.6,Road,17-06-2025,17-06-2025,0,Approved,Cancelled,32183527.68
PO004145,22-01-2026,S0126,P0267,WH006,CT00585,International,43,10875.52,467647.36,14616.8,9.45,44192.68,30939.55,557396.39,EUR,90.5,Air,31-01-2026,12-02-2026,12,Approved,Partially Delivered,467647.36
PO004146,28-10-2025,S0162,P0128,WH010,CT00062,International,476,32384.91,15415217.16,480184.06,17.21,2652958.87,1113774.06,19662134.15,CNY,11.6,Air,11-11-2025,16-11-2025,5,Approved,Cancelled,15415217.16
PO004147,02-10-2025,S0232,P0261,WH007,CT00141,International,142,6605,937910,29726.55,4.78,44832.1,69619.99,1082088.64,AUD,54,Air,25-10-2025,26-10-2025,1,Approved,Partially Delivered,937910
PO004148,07-04-2025,S0147,P0028,WH009,CT00079,International,898,14610.46,13120193.08,365044.33,4.52,593032.73,762531.87,14840802.01,EUR,90.5,Road,24-04-2025,24-04-2025,0,Approved,Partially Delivered,13120193.08
PO004149,05-02-2025,S0213,P0026,WH008,CT00499,International,24,80001.01,1920024.24,51872.01,7.53,144577.83,231688.96,2348163.04,AED,22.7,Sea,17-02-2025,22-02-2025,5,Approved,Delivered,1920024.24
PO004150,14-08-2025,S0151,P0075,WH010,CT00334,International,140,22229.98,3112197.2,91354.09,2.86,89008.84,264066.02,3556626.15,USD,83.5,Sea,31-08-2025,31-08-2025,0,Approved,Delivered,3112197.2
PO004151,18-05-2026,S0233,P0139,WH010,CT00178,International,933,62809.15,58600936.95,1736820.6,11.09,6498843.91,3614160.57,70450762.03,AUD,54,Road,07-06-2026,10-06-2026,3,Approved,Delivered,58600936.95
PO004152,24-05-2026,S0226,P0253,WH007,CT00335,International,161,74598.02,12010281.22,126753.02,4.25,510436.95,1032780.71,13680251.9,SGD,62,Rail,18-06-2026,20-06-2026,2,Approved,Delivered,12010281.22
PO004153,24-01-2026,S0144,P0105,WH007,CT00016,International,84,10433.61,876423.24,7271.25,16.35,143295.2,111417.79,1138407.48,GBP,106,Air,08-02-2026,08-02-2026,0,Approved,Cancelled,876423.24
PO004154,31-03-2026,S0207,P0268,WH008,CT00301,International,428,21365.77,9144549.56,342061.15,15.66,1432036.46,729265.41,11647912.58,EUR,90.5,Air,27-04-2026,28-04-2026,1,Approved,Partially Delivered,9144549.56
PO004155,26-11-2025,S0157,P0122,WH007,CT00022,International,939,51676.47,48524205.33,1194278.38,4.69,2275785.23,2814990.49,54809259.43,AUD,54,Rail,20-12-2025,25-12-2025,5,Approved,Partially Delivered,48524205.33
PO004156,17-04-2026,S0147,P0203,WH009,CT00050,International,667,21767.9,14519189.3,524821.72,4.43,643200.09,1437543.24,17124754.35,EUR,90.5,Air,13-05-2026,21-05-2026,8,Pending,Delivered,14519189.3
PO004157,08-01-2025,S0244,P0253,WH008,CT00132,International,431,77387,33353797,945921.06,6.45,2151319.91,3328180.32,39779218.29,EUR,90.5,Sea,23-01-2025,24-01-2025,1,Approved,Delivered,33353797
PO004158,27-03-2026,S0167,P0124,WH007,CT00306,International,149,74696.25,11129741.25,422775.33,7.8,868119.82,760449.5,13181085.9,USD,83.5,Sea,13-04-2026,13-04-2026,0,Approved,Delivered,11129741.25
PO004159,24-01-2026,S0239,P0168,WH005,CT00291,International,744,82821.51,61619203.44,914668.51,11.43,7043074.95,4611430.97,74188377.87,SGD,62,Air,02-02-2026,02-02-2026,0,Approved,Delivered,61619203.44
PO004160,05-12-2025,S0180,P0245,WH010,CT00196,International,371,51936.49,19268437.79,301991.83,16.66,3210121.74,2639632.28,25420183.64,JPY,0.56,Road,03-01-2026,03-01-2026,0,Approved,Delivered,19268437.79
PO004161,17-03-2025,S0131,P0103,WH010,CT00401,International,989,21533.8,21296928.2,322013.63,17.81,3792982.91,2162332.69,27574257.43,GBP,106,Sea,09-04-2025,09-04-2025,0,Approved,Delivered,21296928.2
PO004162,10-07-2026,S0129,P0239,WH009,CT00364,International,50,54181.42,2709071,68115.86,13.51,365995.49,232011.95,3375194.3,USD,83.5,Rail,24-07-2026,24-07-2026,0,Approved,Cancelled,2709071
PO004163,20-07-2025,S0190,P0233,WH009,CT00218,International,664,35039.5,23266228,147413.5,2.86,665414.12,1299118.44,25378174.06,SGD,62,Road,02-08-2025,02-08-2025,0,Approved,Partially Delivered,23266228
PO004164,22-01-2025,S0244,P0010,WH010,CT00119,International,381,10032.65,3822439.65,93203.73,14.64,559605.16,372020.49,4847269.03,EUR,90.5,Sea,14-02-2025,14-02-2025,0,Pending,Delivered,3822439.65
PO004165,05-03-2025,S0177,P0295,WH009,CT00235,International,66,69697.35,4600025.1,197177.88,7.84,360641.97,273207.65,5431052.6,EUR,90.5,Sea,18-03-2025,18-03-2025,0,Approved,Partially Delivered,4600025.1
PO004166,18-08-2025,S0141,P0252,WH010,CT00598,International,673,1204.54,810655.42,6785.52,3.38,27400.15,79738.57,924579.66,AED,22.7,Rail,05-09-2025,06-09-2025,1,Approved,Delivered,810655.42
PO004167,24-05-2026,S0187,P0247,WH009,CT00168,International,110,32749.72,3602469.2,37770.23,4.9,176520.99,386470.57,4203230.99,AED,22.7,Road,13-06-2026,13-06-2026,0,Approved,Partially Delivered,3602469.2
PO004168,11-11-2025,S0191,P0036,WH007,CT00496,International,167,75459.11,12601671.37,483986.13,12.37,1558826.75,1695823.85,16340308.1,EUR,90.5,Air,21-11-2025,03-12-2025,12,Pending,Cancelled,12601671.37
PO004169,07-07-2026,S0165,P0207,WH008,CT00558,International,295,32294.67,9526927.65,420180.79,11.91,1134657.08,1262614.71,12344380.23,USD,83.5,Sea,09-08-2026,12-08-2026,3,Approved,Delivered,9526927.65
PO004170,02-09-2025,S0152,P0189,WH010,CT00375,International,850,48737.81,41427138.5,1293360.05,2.17,898968.91,4323214.65,47942682.11,SGD,62,Air,19-09-2025,19-09-2025,0,Pending,Partially Delivered,41427138.5
PO004171,20-01-2025,S0228,P0241,WH005,CT00148,International,610,25825.5,15753555,702369.68,12.98,2044811.44,1043767.14,19544503.26,SGD,62,Road,16-02-2025,16-02-2025,0,Approved,Delivered,15753555
PO004172,15-04-2026,S0184,P0258,WH006,CT00451,International,821,27639.24,22691816.04,609170.55,4.97,1127783.26,1734039.17,26162809.02,USD,83.5,Air,19-05-2026,22-05-2026,3,Pending,Partially Delivered,22691816.04
PO004173,04-10-2025,S0191,P0118,WH006,CT00496,International,670,71484.44,47894574.8,473193.22,17.44,8352813.85,4258149.1,60978730.97,EUR,90.5,Road,13-10-2025,13-10-2025,0,Approved,Partially Delivered,47894574.8
PO004174,15-10-2025,S0132,P0261,WH005,CT00447,International,50,6980.51,349025.5,3287.12,16.89,58950.41,27597.67,438860.7,JPY,0.56,Sea,26-10-2025,26-10-2025,0,Approved,Cancelled,349025.5
PO004175,11-02-2025,S0142,P0149,WH010,CT00281,International,139,46236,6426804,51431.27,17.54,1127261.42,504930.52,8110427.21,JPY,0.56,Rail,28-02-2025,12-03-2025,12,Approved,Partially Delivered,6426804
PO004176,29-04-2025,S0145,P0030,WH007,CT00275,International,394,75795.46,29863411.24,941023.97,11.78,3517909.84,2334063.43,36656408.48,AED,22.7,Rail,15-05-2025,15-05-2025,0,Pending,Delivered,29863411.24
PO004177,13-01-2025,S0191,P0197,WH006,CT00496,International,964,22900.96,22076525.44,876409.55,8.62,1902996.49,2313314.5,27169245.98,EUR,90.5,Sea,18-01-2025,20-01-2025,2,Approved,Delivered,22076525.44
PO004178,01-04-2026,S0242,P0117,WH010,CT00559,International,455,49161.26,22368373.3,830108.88,2.81,628551.29,1782778.8,25609812.27,EUR,90.5,Air,30-04-2026,08-05-2026,8,Approved,Partially Delivered,22368373.3
PO004179,27-05-2026,S0133,P0122,WH006,CT00090,International,604,53977.74,32602554.96,469720.36,6.54,2132207.09,2563663.5,37768145.91,EUR,90.5,Sea,23-06-2026,23-06-2026,0,Pending,Cancelled,32602554.96
PO004180,15-01-2026,S0140,P0070,WH008,CT00512,International,541,68492.75,37054577.75,1658551.67,5.92,2193631,2443056.25,43349816.67,JPY,0.56,Air,08-02-2026,09-02-2026,1,Pending,Delivered,37054577.75
PO004181,28-01-2025,S0227,P0087,WH009,No Contract,International,126,85069.37,10718740.62,436555.27,6.39,684927.53,1168509.96,13008733.38,EUR,90.5,Road,01-02-2025,04-02-2025,3,Pending,Cancelled,10718740.62
PO004182,08-08-2025,S0170,P0018,WH008,CT00122,International,380,31357.58,11915880.4,448196.67,15.01,1788573.65,1226838.64,15379489.36,JPY,0.56,Road,20-08-2025,20-08-2025,0,Pending,Delivered,11915880.4
PO004183,08-07-2026,S0175,P0134,WH010,CT00412,International,947,15381.51,14566289.97,547574.53,3.27,476317.68,1113112.45,16703294.63,CNY,11.6,Air,11-07-2026,12-07-2026,1,Approved,Cancelled,14566289.97
PO004184,24-01-2025,S0210,P0225,WH008,CT00264,International,54,70545.25,3809443.5,107570.69,6.48,246851.94,425729.54,4589595.67,EUR,90.5,Road,09-02-2025,10-02-2025,1,Pending,Cancelled,3809443.5
PO004185,04-11-2025,S0175,P0270,WH006,CT00412,International,256,76482.01,19579394.56,798208.45,10.5,2055836.43,1378053.42,23811492.86,CNY,11.6,Road,10-11-2025,11-11-2025,1,Pending,Cancelled,19579394.56
PO004186,19-08-2025,S0169,P0035,WH005,CT00063,International,906,50936.36,46148342.16,1814065.71,6.4,2953493.9,4725805.56,55641707.33,AUD,54,Air,11-09-2025,13-09-2025,2,Approved,Cancelled,46148342.16
PO004187,06-06-2026,S0137,P0003,WH005,CT00240,International,487,72253.29,35187352.23,910672.27,14.68,5165503.31,2316223.86,43579751.67,CNY,11.6,Road,12-07-2026,12-07-2026,0,Approved,Delivered,35187352.23
PO004188,03-10-2025,S0170,P0074,WH005,CT00122,International,640,50572.94,32366681.6,428614.4,12.2,3948735.16,4135284.26,40879315.42,JPY,0.56,Road,13-10-2025,21-10-2025,8,Approved,Delivered,32366681.6
PO004189,07-01-2025,S0232,P0012,WH005,CT00141,International,780,86684.21,67613683.8,1809147.31,14.59,9864836.47,8236596.3,87524263.88,AUD,54,Air,20-01-2025,20-01-2025,0,Approved,Delivered,67613683.8
PO004190,29-09-2025,S0145,P0056,WH007,CT00275,International,130,44407.13,5772926.9,94795.66,9.72,561128.49,408532.38,6837383.43,AED,22.7,Road,21-10-2025,21-10-2025,0,Approved,Cancelled,5772926.9
PO004191,01-06-2025,S0173,P0283,WH007,CT00191,International,467,53491.82,24980679.94,248200.28,15.04,3757094.26,2387469.23,31373443.71,AUD,54,Rail,03-06-2025,03-06-2025,0,Approved,Partially Delivered,24980679.94
PO004192,30-03-2025,S0217,P0125,WH005,CT00440,International,57,10879.49,620130.93,21280.19,11.73,72741.36,76991.29,791143.77,USD,83.5,Rail,17-04-2025,17-04-2025,0,Approved,Partially Delivered,620130.93
PO004193,10-07-2026,S0236,P0092,WH005,CT00172,International,182,19963.94,3633437.08,132373.43,11.24,408398.33,297792.41,4472001.25,EUR,90.5,Rail,27-07-2026,30-07-2026,3,Approved,Delivered,3633437.08
PO004194,17-12-2025,S0180,P0080,WH008,CT00196,International,385,37690.32,14510773.2,171600.81,9.07,1316127.13,1761900.33,17760401.47,JPY,0.56,Sea,19-01-2026,20-01-2026,1,Approved,Delivered,14510773.2
PO004195,27-07-2025,S0213,P0256,WH007,CT00499,International,91,50389.96,4585486.36,107354.64,14.94,685071.66,425535.1,5803447.76,AED,22.7,Rail,05-08-2025,07-08-2025,2,Approved,Delivered,4585486.36
PO004196,05-04-2025,S0191,P0149,WH009,CT00496,International,481,44208.87,21264466.47,302268.2,15.95,3391682.4,1449035.99,26407453.06,EUR,90.5,Sea,07-04-2025,09-04-2025,2,Approved,Partially Delivered,21264466.47
PO004197,14-03-2026,S0184,P0054,WH005,CT00451,International,557,45194.94,25173581.58,1047687.16,14.95,3763450.45,2108441.2,32093160.39,USD,83.5,Sea,16-04-2026,16-04-2026,0,Approved,Cancelled,25173581.58
PO004198,21-10-2025,S0223,P0079,WH010,No Contract,International,315,49325.26,15537456.9,486240.85,5.61,871651.33,1407120.41,18302469.49,AED,22.7,Sea,01-11-2025,03-11-2025,2,Approved,Cancelled,15537456.9
PO004199,27-12-2025,S0199,P0230,WH009,CT00586,International,460,50106.67,23049068.2,243640.35,2.83,652288.63,2027977.46,25972974.64,EUR,90.5,Rail,01-02-2026,02-02-2026,1,Approved,Cancelled,23049068.2
PO004200,06-05-2025,S0180,P0076,WH008,CT00196,International,797,70180.4,55933778.8,2393224.38,16.93,9469588.75,4678216.91,72474808.84,JPY,0.56,Air,11-06-2025,11-06-2025,0,Approved,Delivered,55933778.8
PO004201,09-04-2025,S0221,P0179,WH009,CT00430,International,830,7849,6514670,189125.16,17.05,1110751.24,507450.85,8321997.25,EUR,90.5,Sea,06-05-2025,06-05-2025,0,Approved,Delivered,6514670
PO004202,28-01-2025,S0237,P0047,WH009,CT00036,International,819,79011.68,64710565.92,2655256.07,2.53,1637177.32,7567323.44,76570322.75,USD,83.5,Air,25-02-2025,27-02-2025,2,Approved,Cancelled,64710565.92
PO004203,03-01-2025,S0206,P0291,WH010,CT00182,International,220,86670.56,19067523.2,551686.15,13.44,2562675.12,1499212.33,23681096.8,GBP,106,Road,21-01-2025,21-01-2025,0,Approved,Delivered,19067523.2
PO004204,24-11-2025,S0156,P0152,WH005,CT00181,International,793,26650.86,21134131.98,908580.98,7.03,1485729.48,2166050.11,25694492.55,CNY,11.6,Road,03-12-2025,04-12-2025,1,Pending,Delivered,21134131.98
PO004205,21-12-2025,S0131,P0205,WH009,CT00401,International,706,24157.8,17055406.8,306869.82,12.01,2048354.36,1046781.75,20457412.73,GBP,106,Air,15-01-2026,23-01-2026,8,Approved,Partially Delivered,17055406.8
PO004206,29-03-2026,S0208,P0240,WH009,CT00026,International,160,84818.65,13570984,229953.41,15.2,2062789.57,1291611.44,17155338.42,GBP,106,Rail,23-04-2026,28-04-2026,5,Approved,Delivered,13570984
PO004207,30-01-2026,S0163,P0210,WH008,CT00596,International,813,72190.61,58690965.93,455142.63,7.19,4219880.45,3990153.75,67356142.76,JPY,0.56,Air,03-03-2026,08-03-2026,5,Pending,Cancelled,58690965.93
PO004208,01-08-2025,S0215,P0279,WH006,CT00365,International,914,72754.88,66497960.32,2972778.94,10.88,7234978.08,7987869.57,84693586.91,AED,22.7,Road,05-08-2025,05-08-2025,0,Approved,Delivered,66497960.32
PO004209,30-06-2026,S0161,P0281,WH008,CT00548,International,939,54361.77,51045702.03,2267624.97,5.87,2996382.71,5457811.37,61767521.08,AED,22.7,Road,31-07-2026,31-07-2026,0,Approved,Cancelled,51045702.03
PO004210,25-02-2026,S0247,P0270,WH007,CT00243,International,684,63845.13,43670068.92,894080.49,11.17,4877946.7,4632452.72,54074548.83,EUR,90.5,Rail,01-04-2026,01-04-2026,0,Approved,Cancelled,43670068.92
PO004211,13-07-2026,S0219,P0088,WH006,No Contract,International,508,21613.35,10979581.8,465832.58,6.09,668656.53,1018947.29,13133018.2,EUR,90.5,Sea,01-08-2026,01-08-2026,0,Approved,Partially Delivered,10979581.8
PO004212,24-01-2026,S0182,P0154,WH007,CT00115,International,15,32118.5,481777.5,17383.51,12.36,59547.7,42424.98,601133.69,JPY,0.56,Sea,20-02-2026,20-02-2026,0,Approved,Delivered,481777.5
PO004213,19-05-2026,S0173,P0186,WH008,CT00191,International,764,62690.89,47895839.96,558211,6.4,3065333.76,2615275.45,54134660.17,AUD,54,Air,01-06-2026,01-06-2026,0,Approved,Delivered,47895839.96
PO004214,24-01-2025,S0167,P0121,WH005,CT00067,International,33,17001.45,561047.85,4833.36,14.9,83596.13,67833.74,717311.08,USD,83.5,Rail,10-02-2025,11-02-2025,1,Approved,Cancelled,561047.85
PO004215,01-03-2025,S0240,P0267,WH007,CT00047,International,192,11669.26,2240497.92,92818.43,16.87,377972,281777.87,2993066.22,JPY,0.56,Rail,01-04-2025,01-04-2025,0,Approved,Cancelled,2240497.92
PO004216,25-01-2026,S0169,P0045,WH006,CT00063,International,741,52486.71,38892652.11,1042259.78,11.37,4422094.54,2631728.74,46988735.17,AUD,54,Air,13-02-2026,14-02-2026,1,Approved,Delivered,38892652.11
PO004217,04-01-2026,S0180,P0096,WH006,CT00196,International,832,43523.72,36211735.04,580692.46,7.99,2893317.63,2903255.01,42589000.14,JPY,0.56,Sea,29-01-2026,29-01-2026,0,Approved,Cancelled,36211735.04
PO004218,05-05-2025,S0135,P0265,WH008,CT00072,International,883,27419.11,24211074.13,915259.1,5.57,1348556.83,3139148.77,29614038.83,EUR,90.5,Sea,23-05-2025,24-05-2025,1,Approved,Delivered,24211074.13
PO004219,26-09-2025,S0196,P0164,WH007,CT00475,International,188,83849.23,15763655.24,118830.13,4,630546.21,1556415.57,18069447.15,EUR,90.5,Sea,13-10-2025,13-10-2025,0,Pending,Delivered,15763655.24
PO004220,10-02-2026,S0194,P0122,WH005,CT00254,International,843,47480.99,40026474.57,627122.14,11.68,4675092.23,4029694.31,49358383.25,USD,83.5,Sea,23-02-2026,26-02-2026,3,Approved,Partially Delivered,40026474.57
PO004221,27-01-2026,S0174,P0201,WH010,CT00519,International,805,77281.63,62211712.15,1451600.84,10.61,6600662.66,7089045.8,77353021.45,SGD,62,Rail,25-02-2026,25-02-2026,0,Approved,Partially Delivered,62211712.15
PO004222,25-01-2025,S0175,P0273,WH008,CT00412,International,72,69655.33,5015183.76,100694.58,8.72,437324.02,398228.07,5951430.43,CNY,11.6,Rail,02-02-2025,02-02-2025,0,Pending,Partially Delivered,5015183.76
PO004223,03-02-2025,S0170,P0289,WH007,CT00122,International,229,35780.75,8193791.75,334335.56,3.49,285963.33,760560.67,9574651.31,JPY,0.56,Air,12-02-2025,15-02-2025,3,Pending,Cancelled,8193791.75
PO004224,14-06-2026,S0153,P0152,WH005,CT00092,International,131,28769.13,3768756.03,147224.08,6.4,241200.39,307517.68,4464698.18,EUR,90.5,Road,15-07-2026,16-07-2026,1,Approved,Delivered,3768756.03
PO004225,20-05-2025,S0186,P0054,WH009,CT00305,International,258,42408.26,10941331.08,207360.84,12.48,1365478.12,1234655.86,13748825.9,EUR,90.5,Air,15-06-2025,15-06-2025,0,Pending,Cancelled,10941331.08
PO004226,15-02-2025,S0181,P0254,WH007,CT00293,International,670,77597.72,51990472.4,1316965.99,6.52,3389778.8,5065413.66,61762630.85,AED,22.7,Sea,04-03-2025,04-03-2025,0,Approved,Partially Delivered,51990472.4
PO004227,16-06-2025,S0193,P0125,WH010,CT00433,International,229,11156.56,2554852.24,27495.83,6.98,178328.69,200858.86,2961535.62,AUD,54,Rail,03-07-2025,03-07-2025,0,Approved,Cancelled,2554852.24
PO004228,04-06-2026,S0159,P0193,WH006,CT00535,International,407,26653.05,10847791.35,285396.71,16.13,1749748.74,657150.16,13540086.96,USD,83.5,Air,02-07-2026,02-07-2026,0,Approved,Delivered,10847791.35
PO004229,13-07-2026,S0138,P0144,WH009,CT00351,International,258,48904.68,12617407.44,149891.33,5.13,647273,1454546.67,14869118.44,AUD,54,Rail,12-08-2026,13-08-2026,1,Approved,Partially Delivered,12617407.44
PO004230,17-04-2026,S0188,P0183,WH009,CT00084,International,194,70036.4,13587061.6,556575.61,17.5,2377735.78,1531064.02,18052437.01,GBP,106,Sea,01-05-2026,01-05-2026,0,Approved,Partially Delivered,13587061.6
PO004231,02-07-2026,S0218,P0081,WH005,CT00133,International,826,28008.72,23135202.72,689439.56,5.53,1279376.71,1917290.99,27021309.98,GBP,106,Road,26-07-2026,27-07-2026,1,Pending,Cancelled,23135202.72
PO004232,20-05-2026,S0212,P0225,WH006,CT00186,International,674,68952.2,46473782.8,711649.43,15.99,7431157.87,3195044.16,57811634.26,AUD,54,Sea,08-06-2026,08-06-2026,0,Approved,Delivered,46473782.8
PO004233,04-08-2026,S0198,P0281,WH006,CT00053,International,993,61561.4,61130470.2,383698.53,11.48,7017777.98,5845618.89,74377565.6,EUR,90.5,Sea,07-09-2026,07-09-2026,0,Approved,Delivered,61130470.2
PO004234,08-02-2025,S0179,P0060,WH006,CT00066,International,238,5058.46,1203913.48,30263.46,12.33,148442.53,71465.98,1454085.45,GBP,106,Sea,26-02-2025,26-02-2025,0,Approved,Delivered,1203913.48
PO004235,02-08-2026,S0233,P0006,WH008,CT00178,International,248,65598.86,16268517.28,642923.86,8.36,1360048.04,998476.68,19269965.86,AUD,54,Road,21-08-2026,22-08-2026,1,Approved,Delivered,16268517.28
PO004236,16-02-2025,S0150,P0098,WH010,CT00332,International,859,18364.28,15774916.52,446896.55,17.69,2790582.73,1384196.57,20396592.37,SGD,62,Sea,20-03-2025,21-03-2025,1,Approved,Partially Delivered,15774916.52
PO004237,19-09-2025,S0170,P0007,WH010,CT00122,International,488,54841.44,26762622.72,732986.43,15.64,4185674.19,3680754.92,35362038.26,JPY,0.56,Air,28-09-2025,28-09-2025,0,Approved,Cancelled,26762622.72
PO004238,25-07-2026,S0224,P0011,WH006,CT00357,International,747,55813.72,41692848.84,341437.47,7.01,2922668.7,2528030.53,47484985.54,AUD,54,Rail,08-08-2026,10-08-2026,2,Approved,Delivered,41692848.84
PO004239,01-03-2026,S0205,P0244,WH006,CT00225,International,41,13427.08,550510.28,21936.57,16.83,92650.88,58975.65,724073.38,AED,22.7,Rail,24-03-2026,24-03-2026,0,Approved,Delivered,550510.28
PO004240,09-01-2026,S0148,P0145,WH007,CT00402,International,82,66266.17,5433825.94,167683.43,4.91,266800.85,626619.74,6494929.96,AED,22.7,Road,31-01-2026,31-01-2026,0,Approved,Delivered,5433825.94
PO004241,13-05-2025,S0131,P0089,WH010,CT00401,International,635,29810.31,18929546.85,112728.77,13.66,2585776.1,1633736.12,23261787.84,GBP,106,Sea,06-06-2025,08-06-2025,2,Approved,Partially Delivered,18929546.85
PO004242,07-08-2025,S0230,P0273,WH005,CT00359,International,980,72655.81,71202693.8,510587.03,9.44,6721534.29,7155346.06,85590161.18,EUR,90.5,Rail,14-08-2025,15-08-2025,1,Approved,Partially Delivered,71202693.8
PO004243,29-08-2025,S0161,P0128,WH006,CT00548,International,747,33410.7,24957792.9,222366.66,6.28,1567349.39,2805680.07,29553189.02,AED,22.7,Road,24-09-2025,24-09-2025,0,Approved,Delivered,24957792.9
PO004244,11-09-2025,S0148,P0147,WH006,CT00343,International,600,75737.54,45442524,1180377.66,15.49,7039046.97,4188824.68,57850773.31,AED,22.7,Air,02-10-2025,02-10-2025,0,Pending,Delivered,45442524
PO004245,01-05-2026,S0211,P0283,WH008,CT00395,International,693,52027.31,36054925.83,1556187.12,10.56,3807400.17,4255792.32,45674305.44,AED,22.7,Rail,11-05-2026,11-05-2026,0,Approved,Delivered,36054925.83
PO004246,03-11-2025,S0247,P0238,WH008,CT00315,International,627,46384.24,29082918.48,1120458.7,16.73,4865572.26,2661357.33,37730306.77,EUR,90.5,Air,08-12-2025,20-12-2025,12,Approved,Delivered,29082918.48
PO004247,13-11-2025,S0220,P0016,WH006,CT00436,International,482,77996.75,37594433.5,900719.68,14.46,5436155.08,4489566.44,48420874.7,CNY,11.6,Air,21-12-2025,21-12-2025,0,Approved,Delivered,37594433.5
PO004248,10-03-2026,S0214,P0130,WH006,CT00489,International,775,26503.16,20539949,232728.89,10.23,2101236.78,2128276.94,25002191.61,EUR,90.5,Air,28-03-2026,28-03-2026,0,Pending,Delivered,20539949
PO004249,01-01-2025,S0191,P0234,WH010,CT00496,International,583,25418.3,14818868.9,186875.65,3.53,523106.07,1457214.92,16986065.54,EUR,90.5,Sea,12-01-2025,12-01-2025,0,Approved,Partially Delivered,14818868.9
PO004250,22-04-2026,S0197,P0202,WH009,CT00457,International,874,33654.04,29413630.96,570073.54,14.91,4385572.38,2007422.48,36376699.36,AUD,54,Sea,07-05-2026,15-05-2026,8,Pending,Delivered,29413630.96
PO004251,30-09-2025,S0164,P0096,WH005,CT00580,International,138,42438.19,5856470.22,247291.49,11.03,645968.67,725297.97,7475028.35,SGD,62,Air,17-10-2025,17-10-2025,0,Approved,Partially Delivered,5856470.22
PO004252,29-07-2025,S0248,P0118,WH009,CT00591,International,788,85824.62,67629800.56,2943045.48,3.47,2346754.08,4948550.83,77868150.95,GBP,106,Air,02-08-2025,02-08-2025,0,Approved,Cancelled,67629800.56
PO004253,10-03-2026,S0137,P0138,WH005,CT00373,International,809,59284.11,47960844.99,407795.5,12.29,5894387.85,6070038.97,60333067.31,CNY,11.6,Road,09-04-2026,09-04-2026,0,Approved,Delivered,47960844.99
PO004254,01-12-2025,S0198,P0074,WH009,CT00567,International,970,54025.85,52405074.5,999695.69,8.14,4265773.06,3005880.36,60676423.61,EUR,90.5,Air,01-01-2026,03-01-2026,2,Approved,Delivered,52405074.5
PO004255,14-03-2025,S0165,P0292,WH008,CT00558,International,788,64825.6,51082572.8,443112.33,3.74,1910488.22,6399188.88,59835362.23,USD,83.5,Road,17-04-2025,17-04-2025,0,Pending,Cancelled,51082572.8
PO004256,03-12-2025,S0243,P0092,WH006,CT00411,International,713,19725.27,14064117.51,155106.73,4.82,677890.46,1051179.82,15948294.52,CNY,11.6,Road,30-12-2025,30-12-2025,0,Approved,Delivered,14064117.51
PO004257,20-02-2025,S0152,P0249,WH005,CT00375,International,797,11262.84,8976483.48,204778.11,8.01,719016.33,605145.76,10505423.68,SGD,62,Road,09-03-2025,09-03-2025,0,Approved,Delivered,8976483.48
PO004258,23-05-2026,S0166,P0283,WH007,CT00518,International,178,56150.41,9994772.98,307277.05,14.35,1434249.92,1384980.92,13121280.87,EUR,90.5,Rail,28-05-2026,02-06-2026,5,Approved,Partially Delivered,9994772.98
PO004259,08-03-2025,S0200,P0208,WH007,CT00516,International,592,32794.65,19414432.8,558241.14,15.36,2982056.88,1988107.23,24942838.05,EUR,90.5,Air,28-03-2025,31-03-2025,3,Approved,Delivered,19414432.8
PO004260,29-07-2026,S0219,P0003,WH005,No Contract,International,386,87736.01,33866099.86,733098.02,2.08,704414.88,2271780.04,37575392.8,EUR,90.5,Air,21-08-2026,26-08-2026,5,Approved,Cancelled,33866099.86
PO004261,16-08-2025,S0219,P0125,WH009,No Contract,International,996,11943.9,11896124.4,408035.58,10.74,1277643.76,932180.69,14513984.43,EUR,90.5,Road,10-09-2025,11-09-2025,1,Approved,Delivered,11896124.4
PO004262,07-05-2025,S0141,P0208,WH010,CT00174,International,866,28642.36,24804283.76,1113935.87,16.2,4018293.97,1683316.48,31619830.08,AED,22.7,Road,22-05-2025,22-05-2025,0,Approved,Partially Delivered,24804283.76
PO004263,21-03-2026,S0157,P0254,WH005,CT00304,International,998,70086.54,69946366.92,1252570.94,13.35,9337839.98,7126744.28,87663522.12,AUD,54,Rail,12-04-2026,12-04-2026,0,Approved,Partially Delivered,69946366.92
PO004264,07-07-2026,S0142,P0157,WH010,CT00281,International,915,18159.5,16615942.5,110247.09,15.21,2527284.85,1459729.98,20713204.42,JPY,0.56,Rail,30-07-2026,30-07-2026,0,Approved,Partially Delivered,16615942.5
PO004265,20-07-2025,S0182,P0126,WH008,CT00260,International,734,59157.2,43421384.8,588354.19,14.73,6395969.98,3622938.52,54028647.49,JPY,0.56,Rail,09-08-2025,09-08-2025,0,Approved,Delivered,43421384.8
PO004266,16-06-2025,S0174,P0209,WH009,CT00462,International,193,77176.59,14895081.87,365311.77,3.23,481111.14,1020776.58,16762281.36,SGD,62,Rail,13-07-2025,13-07-2025,0,Approved,Partially Delivered,14895081.87
PO004267,26-06-2026,S0209,P0089,WH006,CT00051,International,100,31524.84,3152484,44849.08,17.32,546010.23,398514,4141857.31,CNY,11.6,Road,22-07-2026,24-07-2026,2,Approved,Delivered,3152484
PO004268,09-12-2025,S0134,P0181,WH010,CT00418,International,582,3175.52,1848152.64,74327.67,16.78,310120.01,213062.07,2445662.39,GBP,106,Sea,01-01-2026,03-01-2026,2,Pending,Delivered,1848152.64
PO004269,15-01-2025,S0214,P0215,WH005,CT00489,International,158,35912.67,5674201.86,115856.27,17.3,981636.92,404770.47,7176465.52,EUR,90.5,Air,12-02-2025,13-02-2025,1,Approved,Delivered,5674201.86
PO004270,02-03-2025,S0187,P0166,WH006,CT00093,International,822,18028.68,14819574.96,164804.73,9.87,1462692.05,1675237.78,18122309.52,AED,22.7,Road,21-03-2025,22-03-2025,1,Pending,Delivered,14819574.96
PO004271,11-07-2026,S0158,P0174,WH008,CT00015,International,502,80163.07,40241861.14,1604158.95,8.94,3597622.39,4643241.41,50086883.89,EUR,90.5,Air,01-08-2026,02-08-2026,1,Pending,Delivered,40241861.14
PO004272,07-04-2026,S0137,P0240,WH008,CT00533,International,810,82397.01,66741578.1,2832140.52,17.57,11726495.27,8958963.55,90259177.44,CNY,11.6,Rail,14-05-2026,14-05-2026,0,Pending,Partially Delivered,66741578.1
PO004273,25-03-2025,S0236,P0137,WH008,CT00077,International,666,17022.1,11336718.6,328523.32,4.55,515820.7,1236179.69,13417242.31,EUR,90.5,Air,11-04-2025,11-04-2025,0,Approved,Delivered,11336718.6
PO004274,19-03-2025,S0131,P0082,WH006,CT00401,International,85,50201.9,4267161.5,160340.03,14.12,602523.2,260770.72,5290795.45,GBP,106,Sea,07-04-2025,07-04-2025,0,Approved,Partially Delivered,4267161.5
PO004275,20-10-2025,S0228,P0287,WH010,CT00377,International,692,69085.86,47807415.12,1712604.66,9.02,4312228.84,5521875.69,59354124.31,SGD,62,Rail,16-11-2025,17-11-2025,1,Approved,Delivered,47807415.12
PO004276,10-05-2026,S0198,P0012,WH005,CT00567,International,334,84604.19,28257799.46,532384.88,4.38,1237691.62,3550460.4,33578336.36,EUR,90.5,Rail,02-06-2026,07-06-2026,5,Approved,Cancelled,28257799.46
PO004277,11-04-2026,S0199,P0044,WH008,CT00586,International,989,57390.36,56759066.04,1800616.68,8.97,5091288.22,6708166.46,70359137.4,EUR,90.5,Rail,10-05-2026,12-05-2026,2,Pending,Delivered,56759066.04
PO004278,16-05-2026,S0242,P0024,WH006,CT00559,International,438,27130.28,11883062.64,460846.95,3.17,376693.09,1384105.83,14104708.51,EUR,90.5,Road,19-06-2026,19-06-2026,0,Approved,Delivered,11883062.64
PO004279,18-11-2025,S0173,P0137,WH008,CT00461,International,873,17564.76,15334035.48,582188.42,14.06,2155965.39,1315917.17,19388106.46,AUD,54,Air,28-11-2025,06-12-2025,8,Approved,Partially Delivered,15334035.48
PO004280,21-04-2026,S0208,P0126,WH006,CT00205,International,530,56995.9,30207827,753257.77,15.04,4543257.18,2445044.06,37949386.01,GBP,106,Sea,20-05-2026,20-05-2026,0,Approved,Delivered,30207827
PO004281,16-05-2025,S0130,P0006,WH009,CT00156,International,847,67020.17,56766083.99,2510390.33,16.37,9292607.95,4787216.13,73356298.4,SGD,62,Road,03-06-2025,03-06-2025,0,Pending,Cancelled,56766083.99
PO004282,11-08-2025,S0156,P0209,WH010,CT00346,International,381,77770.41,29630526.21,773539.79,5.68,1683013.89,1610191.13,33697271.02,CNY,11.6,Sea,19-08-2025,19-08-2025,0,Pending,Partially Delivered,29630526.21
PO004283,09-04-2026,S0169,P0135,WH005,CT00265,International,896,72296.24,64777431.04,1819680,5.01,3245349.3,5432890.71,75275351.05,AUD,54,Air,01-05-2026,02-05-2026,1,Approved,Delivered,64777431.04
PO004284,20-02-2025,S0143,P0230,WH005,CT00080,International,486,56944.53,27675041.58,1019847.64,3.98,1101466.65,3064057.72,32860413.59,JPY,0.56,Air,28-02-2025,28-02-2025,0,Approved,Delivered,27675041.58
PO004285,31-01-2025,S0151,P0163,WH005,CT00334,International,464,55182.06,25604475.84,939977.96,16.32,4178650.46,1609958.27,32333062.53,USD,83.5,Road,17-02-2025,17-02-2025,0,Pending,Delivered,25604475.84
PO004286,18-08-2025,S0178,P0242,WH009,CT00323,International,926,10789.31,9990901.06,303342.45,2.84,283741.59,929813.62,11507798.72,JPY,0.56,Sea,03-09-2025,04-09-2025,1,Approved,Cancelled,9990901.06
PO004287,03-05-2026,S0229,P0285,WH008,CT00193,International,296,66153.72,19581501.12,847971.77,3.62,708850.34,2324134.24,23462457.47,EUR,90.5,Air,26-05-2026,27-05-2026,1,Approved,Delivered,19581501.12
PO004288,16-01-2025,S0162,P0275,WH007,CT00062,International,357,35837.83,12794105.31,128273.25,5.61,717749.31,861885.82,14502013.69,CNY,11.6,Road,01-02-2025,01-02-2025,0,Approved,Cancelled,12794105.31
PO004289,11-05-2026,S0218,P0257,WH008,CT00133,International,521,62414.6,32518006.6,581891.3,11.68,3798103.17,3011426.72,39909427.79,GBP,106,Road,02-06-2026,05-06-2026,3,Approved,Delivered,32518006.6
PO004290,01-06-2026,S0173,P0233,WH005,CT00556,International,108,34778.51,3756079.08,38285.23,4.5,169023.56,276212.01,4239599.88,AUD,54,Sea,11-06-2026,11-06-2026,0,Approved,Delivered,3756079.08
PO004291,04-06-2026,S0206,P0112,WH005,CT00061,International,959,21473.53,20593115.27,567175.46,3.36,691928.67,2183958.66,24036178.06,GBP,106,Road,13-06-2026,14-06-2026,1,Approved,Cancelled,20593115.27
PO004292,05-07-2026,S0199,P0143,WH008,CT00586,International,153,89796.62,13738882.86,318117.58,4.95,680074.7,1659775.89,16396851.03,EUR,90.5,Air,08-08-2026,20-08-2026,12,Pending,Partially Delivered,13738882.86
PO004293,01-05-2025,S0205,P0099,WH009,CT00225,International,420,60402.07,25368869.4,732353,7.31,1854464.35,3287518.94,31243205.69,AED,22.7,Road,02-06-2025,02-06-2025,0,Pending,Delivered,25368869.4
PO004294,25-06-2025,S0201,P0285,WH008,CT00226,International,663,69488.5,46070875.5,254027.48,17.92,8255900.89,6396134.56,60976938.43,EUR,90.5,Sea,14-07-2025,15-07-2025,1,Approved,Cancelled,46070875.5
PO004295,12-02-2025,S0155,P0148,WH006,CT00437,International,658,52952.18,34842534.44,699515.54,15.9,5539962.98,4136548.12,45218561.08,AUD,54,Road,18-02-2025,18-02-2025,0,Approved,Delivered,34842534.44
PO004296,06-08-2025,S0131,P0284,WH007,CT00401,International,969,34304.89,33241438.41,270341.62,3.19,1060401.89,2485359.34,37057541.26,GBP,106,Road,29-08-2025,30-08-2025,1,Approved,Cancelled,33241438.41
PO004297,04-10-2025,S0187,P0288,WH010,CT00393,International,727,36852.55,26791803.85,717182.79,15.6,4179521.4,2400004.66,34088512.7,AED,22.7,Road,23-10-2025,26-10-2025,3,Approved,Delivered,26791803.85
PO004298,21-02-2026,S0247,P0029,WH007,CT00243,International,924,55421.5,51209466,675633,15.62,7998918.59,6418236.81,66302254.4,EUR,90.5,Sea,27-03-2026,27-03-2026,0,Approved,Delivered,51209466
PO004299,03-12-2025,S0226,P0021,WH006,CT00335,International,352,28229.72,9936861.44,345583.51,7.28,723403.51,1184091.74,12189940.2,SGD,62,Air,31-12-2025,31-12-2025,0,Pending,Delivered,9936861.44
PO004300,23-02-2025,S0155,P0010,WH010,CT00526,International,151,8439.4,1274349.4,42783.47,10.69,136227.95,157377.74,1610738.56,AUD,54,Air,04-03-2025,04-03-2025,0,Approved,Cancelled,1274349.4
PO004301,20-04-2026,S0177,P0106,WH008,CT00235,International,864,17392.88,15027448.32,418004.89,7.06,1060937.85,855108.22,17361499.28,EUR,90.5,Air,02-05-2026,03-05-2026,1,Approved,Cancelled,15027448.32
PO004302,14-08-2025,S0194,P0034,WH007,CT00086,International,901,40748.55,36714443.55,883563.39,2.09,767331.87,3899042.12,42264380.93,USD,83.5,Air,20-08-2025,21-08-2025,1,Approved,Partially Delivered,36714443.55
PO004303,17-03-2026,S0213,P0209,WH009,CT00499,International,110,80945.83,8904041.3,80396,2.49,221710.63,739782.35,9945930.28,AED,22.7,Road,23-03-2026,23-03-2026,0,Pending,Delivered,8904041.3
PO004304,15-11-2025,S0218,P0133,WH010,CT00074,International,393,61957.73,24349387.89,543416.31,15.14,3686497.33,3021876.03,31601177.56,GBP,106,Rail,02-12-2025,02-12-2025,0,Approved,Delivered,24349387.89
PO004305,04-06-2026,S0249,P0086,WH007,CT00466,International,923,46542.44,42958672.12,282316.43,15.81,6791766.06,4539425.3,54572179.91,GBP,106,Road,22-06-2026,23-06-2026,1,Approved,Delivered,42958672.12
PO004306,12-02-2026,S0232,P0254,WH008,CT00255,International,401,66352.38,26607304.38,645934.9,5.57,1482026.85,2626733.07,31361999.2,AUD,54,Sea,02-03-2026,05-03-2026,3,Approved,Delivered,26607304.38
PO004307,29-05-2025,S0128,P0241,WH005,CT00286,International,637,25591.67,16301893.79,617540.54,9.37,1527487.45,1440568.84,19887490.62,AUD,54,Sea,29-06-2025,02-07-2025,3,Approved,Cancelled,16301893.79
PO004308,17-04-2025,S0192,P0039,WH008,CT00319,International,646,15862.25,10247013.5,117312.53,16.2,1660016.19,1108802.83,13133145.05,JPY,0.56,Road,12-05-2025,13-05-2025,1,Approved,Delivered,10247013.5
PO004309,21-09-2025,S0139,P0115,WH009,CT00190,International,656,27978.69,18354020.64,231851.58,12.73,2336466.83,1558955.76,22481294.81,AED,22.7,Road,25-10-2025,25-10-2025,0,Pending,Delivered,18354020.64
PO004310,30-03-2026,S0173,P0206,WH010,CT00556,International,95,73018.14,6936723.3,79870.05,15.5,1075192.11,645103.81,8736889.27,AUD,54,Rail,08-04-2026,08-04-2026,0,Pending,Delivered,6936723.3
PO004311,08-12-2025,S0195,P0006,WH010,CT00161,International,470,73773.74,34673657.8,1255707.08,10.15,3519376.27,3174010.68,42622751.83,AUD,54,Air,07-01-2026,10-01-2026,3,Pending,Delivered,34673657.8
PO004312,31-05-2025,S0194,P0203,WH005,CT00086,International,646,20168.43,13028805.78,466100.12,14.91,1942594.94,1535446.94,16972947.78,USD,83.5,Sea,05-06-2025,05-06-2025,0,Approved,Partially Delivered,13028805.78
PO004313,12-12-2025,S0136,P0207,WH005,CT00087,International,860,33142.95,28502937,368671.88,5.59,1593314.18,2995622.53,33460545.59,EUR,90.5,Sea,16-01-2026,16-01-2026,0,Approved,Delivered,28502937
PO004314,30-12-2025,S0163,P0221,WH005,CT00270,International,907,51445.59,46661150.13,1238571.04,14.58,6803195.69,5551699.77,60254616.63,JPY,0.56,Rail,30-01-2026,31-01-2026,1,Approved,Delivered,46661150.13
PO004315,29-07-2026,S0139,P0138,WH005,CT00322,International,724,55352.42,40075152.08,708453.81,2.9,1162179.41,2112731.91,44058517.21,AED,22.7,Rail,27-08-2026,27-08-2026,0,Approved,Cancelled,40075152.08
PO004316,25-11-2025,S0227,P0263,WH009,No Contract,International,584,69475.56,40573727.04,1624158.38,15.44,6264583.45,4284621.07,52747089.94,EUR,90.5,Sea,02-12-2025,02-12-2025,0,Approved,Cancelled,40573727.04
PO004317,28-12-2025,S0157,P0151,WH008,CT00534,International,663,6661.97,4416886.11,140349.15,7.6,335683.34,362995.62,5255914.22,AUD,54,Air,23-01-2026,23-01-2026,0,Approved,Delivered,4416886.11
PO004318,15-01-2025,S0132,P0122,WH006,CT00447,International,122,50785.09,6195780.98,154125.25,14.29,885377.1,388720.55,7624003.88,JPY,0.56,Sea,18-01-2025,18-01-2025,0,Approved,Partially Delivered,6195780.98
PO004319,17-05-2025,S0134,P0032,WH008,CT00349,International,361,15976.57,5767541.77,201456.42,8.9,513311.22,461658.74,6943968.15,GBP,106,Air,14-06-2025,19-06-2025,5,Approved,Partially Delivered,5767541.77
PO004320,13-11-2025,S0216,P0186,WH007,CT00381,International,158,64473.14,10186756.12,273726.52,3.37,343293.68,1206480.01,12010256.33,SGD,62,Road,08-12-2025,08-12-2025,0,Approved,Partially Delivered,10186756.12
PO004321,14-06-2025,S0207,P0124,WH006,CT00230,International,890,65350.04,58161535.6,2272072.92,12.29,7148052.73,5538514.61,73120175.86,EUR,90.5,Sea,04-07-2025,04-07-2025,0,Approved,Partially Delivered,58161535.6
PO004322,30-06-2025,S0225,P0152,WH005,CT00173,International,468,32086.54,15016500.72,604056.35,3.35,503052.77,1422422.75,17546032.59,USD,83.5,Air,05-08-2025,05-08-2025,0,Pending,Delivered,15016500.72
PO004323,03-03-2025,S0193,P0014,WH006,CT00038,International,513,23513,12062169,535247.24,6.35,765947.73,1464719.79,14828083.76,AUD,54,Sea,17-03-2025,18-03-2025,1,Approved,Partially Delivered,12062169
PO004324,11-01-2025,S0187,P0117,WH005,CT00425,International,861,46862.2,40348354.2,1330790.51,6.92,2792106.11,2432519.17,46903769.99,AED,22.7,Road,31-01-2025,03-02-2025,3,Approved,Delivered,40348354.2
PO004325,13-07-2025,S0193,P0240,WH008,CT00433,International,566,86996.84,49240211.44,1539209.1,12.82,6312595.11,5625600.97,62717616.62,AUD,54,Air,23-07-2025,23-07-2025,0,Pending,Partially Delivered,49240211.44
PO004326,30-04-2025,S0182,P0062,WH007,CT00358,International,621,73672.6,45750684.6,729084.7,7.93,3628029.29,4719505.39,54827303.98,JPY,0.56,Sea,26-05-2025,26-05-2025,0,Approved,Partially Delivered,45750684.6
PO004327,26-09-2025,S0244,P0221,WH007,CT00132,International,596,51881.15,30921165.4,1016796.24,13.89,4294949.87,3608037.85,39840949.36,EUR,90.5,Air,15-10-2025,15-10-2025,0,Approved,Cancelled,30921165.4
PO004328,06-01-2026,S0220,P0276,WH006,CT00249,International,905,80444.23,72802028.15,1076272.73,9.95,7243801.8,7187601.63,88309704.31,CNY,11.6,Sea,07-02-2026,10-02-2026,3,Pending,Cancelled,72802028.15
PO004329,23-04-2026,S0126,P0249,WH005,CT00055,International,535,12230.04,6543071.4,99265.79,2.61,170774.16,463432.56,7276543.91,EUR,90.5,Sea,28-04-2026,30-04-2026,2,Pending,Delivered,6543071.4
PO004330,08-07-2026,S0139,P0189,WH005,CT00435,International,530,52061.39,27592536.7,496591.19,4.48,1236145.64,1933286.39,31258559.92,AED,22.7,Sea,07-08-2026,08-08-2026,1,Approved,Partially Delivered,27592536.7
PO004331,02-03-2025,S0205,P0219,WH008,CT00225,International,164,79658.96,13064069.44,431967.53,14.52,1896902.88,812724.07,16205663.92,AED,22.7,Air,23-03-2025,24-03-2025,1,Approved,Partially Delivered,13064069.44
PO004332,31-05-2026,S0164,P0153,WH007,CT00580,International,785,28845.21,22643489.85,702435.84,12.5,2830436.23,2496976.6,28673338.52,SGD,62,Road,24-06-2026,25-06-2026,1,Approved,Cancelled,22643489.85
PO004333,27-04-2026,S0126,P0169,WH005,CT00452,International,448,82968.63,37169946.24,724113.8,3.97,1475646.87,3945530.31,43315237.22,EUR,90.5,Road,09-05-2026,09-05-2026,0,Approved,Partially Delivered,37169946.24
PO004334,19-05-2025,S0185,P0110,WH008,CT00136,International,387,18718.56,7244082.72,39118.23,7.79,564314.04,859246.47,8706761.46,AED,22.7,Road,31-05-2025,02-06-2025,2,Pending,Cancelled,7244082.72
PO004335,05-08-2025,S0214,P0051,WH006,CT00489,International,202,5729.59,1157377.18,25691.17,9.02,104395.42,138422.31,1425886.08,EUR,90.5,Air,01-09-2025,06-09-2025,5,Pending,Delivered,1157377.18
PO004336,30-01-2026,S0237,P0081,WH006,CT00036,International,487,28844.68,14047359.16,586826.69,8.74,1227739.19,1338766.61,17200691.65,USD,83.5,Sea,27-02-2026,27-02-2026,0,Pending,Partially Delivered,14047359.16
PO004337,20-05-2026,S0175,P0286,WH010,CT00412,International,85,59207.32,5032622.2,189509.65,12.58,633103.87,418769.49,6274005.21,CNY,11.6,Rail,23-05-2026,23-05-2026,0,Approved,Delivered,5032622.2
PO004338,11-12-2025,S0179,P0184,WH010,CT00066,International,139,75492.48,10493454.72,266497.11,17.26,1811170.28,916455.35,13487577.46,GBP,106,Air,28-12-2025,02-01-2026,5,Pending,Cancelled,10493454.72
PO004339,23-11-2025,S0241,P0032,WH008,CT00008,International,413,19317.39,7978082.07,208229.48,8.17,651809.31,569804.32,9407925.18,CNY,11.6,Road,09-12-2025,12-12-2025,3,Approved,Partially Delivered,7978082.07
PO004340,31-07-2025,S0141,P0215,WH010,CT00174,International,328,31573.21,10356012.88,411441.66,12.26,1269647.18,939034.16,12976135.88,AED,22.7,Sea,10-08-2025,11-08-2025,1,Approved,Delivered,10356012.88
PO004341,10-05-2025,S0170,P0256,WH005,CT00122,International,324,50889.45,16488181.8,506774.29,17.65,2910164.09,1109946.99,21015067.17,JPY,0.56,Rail,25-05-2025,25-05-2025,0,Pending,Delivered,16488181.8
PO004342,05-05-2025,S0219,P0095,WH008,No Contract,International,108,27459.97,2965676.76,24998.37,5.48,162519.09,215221.4,3368415.62,EUR,90.5,Rail,21-05-2025,26-05-2025,5,Pending,Delivered,2965676.76
PO004343,06-11-2025,S0188,P0159,WH007,CT00084,International,660,31659.21,20895078.6,243297.46,15.98,3339033.56,2133909.06,26611318.68,GBP,106,Sea,23-11-2025,24-11-2025,1,Approved,Partially Delivered,20895078.6
PO004344,31-07-2026,S0154,P0079,WH008,CT00474,International,558,44907.88,25058597.04,643680.98,2.37,593888.75,1766722.01,28062888.78,AUD,54,Air,03-09-2026,08-09-2026,5,Approved,Partially Delivered,25058597.04
PO004345,15-03-2025,S0243,P0211,WH006,CT00263,International,577,42114.83,24300256.91,213641.17,13.08,3178473.6,3265643.79,30958015.47,CNY,11.6,Air,14-04-2025,22-04-2025,8,Approved,Partially Delivered,24300256.91
PO004346,30-05-2026,S0207,P0084,WH009,CT00301,International,162,36027.56,5836464.72,254387.63,7.36,429563.8,487955.32,7008371.47,EUR,90.5,Air,24-06-2026,29-06-2026,5,Approved,Delivered,5836464.72
PO004347,21-09-2025,S0127,P0009,WH006,CT00104,International,825,41125.52,33928554,419584.74,4.93,1672677.71,2796784.05,38817600.5,AED,22.7,Road,19-10-2025,21-10-2025,2,Pending,Delivered,33928554
PO004348,23-04-2025,S0224,P0205,WH007,CT00357,International,39,28139.56,1097442.84,38936.9,10.09,110731.98,87847.52,1334959.24,AUD,54,Road,03-05-2025,03-05-2025,0,Pending,Partially Delivered,1097442.84
PO004349,20-12-2025,S0223,P0055,WH010,No Contract,International,222,32192.24,7146677.28,192561.92,4.12,294443.1,526325.44,8160007.74,AED,22.7,Rail,02-01-2026,02-01-2026,0,Pending,Delivered,7146677.28
PO004350,09-09-2025,S0195,P0174,WH009,CT00161,International,232,77374.58,17950902.56,378413.46,13.75,2468249.1,1998301.21,22795866.33,AUD,54,Rail,16-10-2025,16-10-2025,0,Approved,Delivered,17950902.56
PO004351,26-04-2025,S0215,P0203,WH008,CT00365,International,354,21384.97,7570279.38,334955.24,15.67,1186262.78,980028.98,10071526.38,AED,22.7,Air,28-04-2025,01-05-2025,3,Approved,Partially Delivered,7570279.38
PO004352,01-08-2026,S0158,P0082,WH010,CT00015,International,11,50969.92,560669.12,3042.53,11.53,64645.15,44876.07,673232.87,EUR,90.5,Road,29-08-2026,31-08-2026,2,Pending,Cancelled,560669.12
PO004353,15-01-2026,S0243,P0030,WH010,CT00411,International,58,82254.87,4770782.46,155507.88,11.05,527171.46,587255.41,6040717.21,CNY,11.6,Rail,05-02-2026,05-02-2026,0,Pending,Delivered,4770782.46
PO004354,04-02-2026,S0210,P0093,WH009,CT00264,International,545,40740.74,22203703.3,851317.27,11.48,2548985.14,1790750.7,27394756.41,EUR,90.5,Rail,18-02-2026,19-02-2026,1,Approved,Cancelled,22203703.3
PO004355,22-09-2025,S0201,P0012,WH009,CT00226,International,382,91064.73,34786726.86,864150.29,2.26,786180.03,4184641.6,40621698.78,EUR,90.5,Air,16-10-2025,24-10-2025,8,Approved,Delivered,34786726.86
PO004356,28-06-2025,S0185,P0126,WH006,CT00136,International,940,55467.85,52139779,1587495.71,8.76,4567444.64,6942619.13,65237338.48,AED,22.7,Sea,09-07-2025,17-07-2025,8,Approved,Delivered,52139779
PO004357,27-09-2025,S0137,P0057,WH008,CT00240,International,459,39992.4,18356511.6,633951.04,11.4,2092642.32,1276832.17,22359937.13,CNY,11.6,Sea,28-10-2025,28-10-2025,0,Approved,Delivered,18356511.6
PO004358,22-02-2026,S0143,P0079,WH007,CT00314,International,807,52064.21,42015817.47,1020767.76,8.62,3621763.47,5473100.64,52131449.34,JPY,0.56,Rail,01-03-2026,01-03-2026,0,Approved,Partially Delivered,42015817.47
PO004359,01-05-2026,S0163,P0270,WH007,CT00596,International,159,68702.44,10923687.96,271047.19,7.29,796336.85,1382932.74,13374004.74,JPY,0.56,Rail,26-05-2026,03-06-2026,8,Approved,Delivered,10923687.96
PO004360,09-01-2025,S0154,P0076,WH009,CT00385,International,140,65744.85,9204279,221630.29,10.81,994982.56,1124467.97,11545359.82,AUD,54,Air,06-02-2025,06-02-2025,0,Approved,Partially Delivered,9204279
PO004361,20-05-2026,S0153,P0242,WH010,CT00568,International,19,11684.85,222012.15,7405.24,12.99,28839.38,22509.21,280765.98,EUR,90.5,Road,23-06-2026,24-06-2026,1,Approved,Delivered,222012.15
PO004362,30-08-2025,S0247,P0140,WH007,CT00315,International,841,68768.19,57834047.79,413048.37,6.71,3880664.61,3933247.18,66061007.95,EUR,90.5,Sea,29-09-2025,29-09-2025,0,Approved,Delivered,57834047.79
PO004363,01-10-2025,S0161,P0280,WH006,CT00548,International,423,36916.12,15615518.76,241239.54,11.38,1777046.03,1109415.03,18743219.36,AED,22.7,Air,26-10-2025,26-10-2025,0,Approved,Delivered,15615518.76
PO004364,01-01-2026,S0216,P0074,WH006,CT00381,International,145,54910.3,7961993.5,144128.85,12.32,980917.6,663989.61,9751029.56,SGD,62,Air,01-02-2026,04-02-2026,3,Approved,Delivered,7961993.5
PO004365,19-06-2025,S0183,P0008,WH006,CT00546,International,474,59094.49,28010788.26,881648.85,17.3,4845866.37,2306123.67,36044427.15,USD,83.5,Road,12-07-2025,12-07-2025,0,Approved,Delivered,28010788.26
PO004366,18-09-2025,S0189,P0191,WH006,CT00463,International,199,70675.36,14064396.64,539536.78,16.49,2319219.01,863691.72,17786844.15,EUR,90.5,Rail,06-10-2025,18-10-2025,12,Approved,Partially Delivered,14064396.64
PO004367,21-01-2026,S0153,P0188,WH008,CT00092,International,543,2017.18,1095328.74,44878.34,5.25,57504.76,117473.44,1315185.28,EUR,90.5,Air,23-02-2026,24-02-2026,1,Approved,Delivered,1095328.74
PO004368,04-11-2025,S0137,P0114,WH009,CT00533,International,605,66711.7,40360578.5,1477063.9,5.16,2082605.85,4413903.64,48334151.89,CNY,11.6,Rail,07-12-2025,08-12-2025,1,Approved,Delivered,40360578.5
PO004369,26-03-2025,S0153,P0015,WH008,CT00539,International,31,78303.86,2427419.66,20249.25,8.27,200747.61,178609.66,2827026.18,EUR,90.5,Sea,29-04-2025,30-04-2025,1,Pending,Partially Delivered,2427419.66
PO004370,10-04-2026,S0141,P0276,WH008,CT00598,International,876,82051,71876676,2024510.08,2.02,1451908.86,4896866.44,80249961.38,AED,22.7,Road,20-04-2026,20-04-2026,0,Approved,Delivered,71876676
PO004371,04-04-2025,S0215,P0151,WH005,CT00365,International,463,6848.75,3170971.25,111656.16,9.9,313926.15,431527.14,4028080.7,AED,22.7,Sea,11-04-2025,11-04-2025,0,Approved,Delivered,3170971.25
PO004372,18-04-2026,S0200,P0170,WH010,CT00300,International,729,71051.29,51796390.41,2266721.25,5.7,2952394.25,3218855.89,60234361.8,EUR,90.5,Sea,11-05-2026,11-05-2026,0,Pending,Delivered,51796390.41
PO004373,21-12-2025,S0201,P0129,WH005,CT00226,International,863,19223.26,16589673.38,148901.06,16.4,2720706.43,1773057.51,21232338.38,EUR,90.5,Sea,07-01-2026,07-01-2026,0,Approved,Delivered,16589673.38
PO004374,15-06-2026,S0192,P0145,WH005,CT00388,International,874,60701.88,53053443.12,1099651.08,7.1,3766794.46,6353896.78,64273785.44,JPY,0.56,Sea,12-07-2026,12-07-2026,0,Approved,Delivered,53053443.12
PO004375,14-11-2025,S0199,P0038,WH009,CT00586,International,575,27832.31,16003578.25,639550.07,2.17,347277.65,1752018.28,18742424.25,EUR,90.5,Air,14-12-2025,15-12-2025,1,Approved,Delivered,16003578.25
PO004376,06-12-2025,S0249,P0195,WH007,CT00280,International,394,56715.37,22345855.78,964503.38,7.75,1731803.82,1887733.69,26929896.67,GBP,106,Rail,26-12-2025,27-12-2025,1,Approved,Partially Delivered,22345855.78
PO004377,14-07-2026,S0148,P0142,WH006,CT00402,International,500,53025.15,26512575,264194.11,15.19,4027260.14,2835050.28,33639079.53,AED,22.7,Rail,10-08-2026,10-08-2026,0,Approved,Cancelled,26512575
PO004378,14-02-2026,S0200,P0069,WH005,CT00192,International,187,43887.19,8206904.53,57588.18,17.86,1465753.15,1019309.58,10749555.44,EUR,90.5,Rail,07-03-2026,09-03-2026,2,Approved,Delivered,8206904.53
PO004379,24-01-2026,S0135,P0010,WH006,CT00424,International,142,10057.75,1428200.5,49137.48,7.22,103116.08,176748.27,1757202.33,EUR,90.5,Sea,03-02-2026,04-02-2026,1,Approved,Cancelled,1428200.5
PO004380,09-07-2026,S0169,P0026,WH008,CT00378,International,99,84539.33,8369393.67,81416.17,11.02,922307.18,469029.82,9842146.84,AUD,54,Road,27-07-2026,27-07-2026,0,Approved,Partially Delivered,8369393.67
PO004381,04-10-2025,S0162,P0093,WH006,CT00062,International,484,41576.72,20123132.48,566284.45,14.94,3006395.99,1496550.12,25192363.04,CNY,11.6,Rail,20-10-2025,20-10-2025,0,Pending,Cancelled,20123132.48
PO004382,05-05-2026,S0234,P0238,WH006,CT00342,International,73,49432.61,3608580.53,153348.63,14.88,536956.78,325749.94,4624635.88,AUD,54,Air,26-05-2026,29-05-2026,3,Approved,Partially Delivered,3608580.53
PO004383,29-04-2026,S0216,P0190,WH008,CT00316,International,583,64288.01,37479909.83,479671.11,8.81,3301980.06,2252697.75,43514258.75,SGD,62,Rail,29-05-2026,01-06-2026,3,Pending,Cancelled,37479909.83
PO004384,18-09-2025,S0158,P0237,WH006,CT00015,International,117,26979.51,3156602.67,30970.74,5.72,180557.67,354159.67,3722290.75,EUR,90.5,Air,12-10-2025,12-10-2025,0,Approved,Delivered,3156602.67
PO004385,14-12-2025,S0160,P0180,WH009,CT00380,International,334,30332.35,10131004.9,333173.57,10.9,1104279.53,1105523.12,12673981.12,CNY,11.6,Road,18-12-2025,18-12-2025,0,Approved,Delivered,10131004.9
PO004386,02-10-2025,S0174,P0066,WH005,CT00344,International,737,48329.01,35618480.37,983339.8,16.35,5823621.54,2765322.1,45190763.81,SGD,62,Air,29-10-2025,31-10-2025,2,Approved,Cancelled,35618480.37
PO004387,16-03-2025,S0139,P0269,WH006,CT00435,International,548,79323.5,43469278,1849286.97,12.8,5564067.58,4202140.25,55084772.8,AED,22.7,Sea,09-04-2025,10-04-2025,1,Approved,Partially Delivered,43469278
PO004388,25-04-2026,S0217,P0184,WH008,CT00440,International,65,80045.27,5202942.55,104262.8,7.02,365246.57,284149.67,5956601.59,USD,83.5,Air,11-05-2026,11-05-2026,0,Approved,Delivered,5202942.55
PO004389,25-11-2025,S0129,P0217,WH009,CT00364,International,813,63398.94,51543338.22,889353.88,11.65,6004798.9,3988102.78,62425593.78,USD,83.5,Rail,11-12-2025,11-12-2025,0,Approved,Delivered,51543338.22
PO004390,08-01-2026,S0215,P0200,WH005,CT00365,International,101,75109.49,7586058.49,85052.24,5.75,436198.36,709092.59,8816401.68,AED,22.7,Rail,18-01-2026,20-01-2026,2,Pending,Delivered,7586058.49
PO004391,02-08-2026,S0225,P0162,WH010,CT00173,International,82,53811.19,4412517.58,138577.3,10.93,482288.17,506928.07,5540311.12,USD,83.5,Air,09-09-2026,09-09-2026,0,Approved,Cancelled,4412517.58
PO004392,19-01-2026,S0196,P0255,WH009,CT00475,International,685,48703.58,33361952.3,1090370.4,13.12,4377088.14,3624376.58,42453787.42,EUR,90.5,Road,03-02-2026,04-02-2026,1,Pending,Delivered,33361952.3
PO004393,23-01-2025,S0239,P0061,WH007,CT00291,International,381,36474.04,13896609.24,159165.8,3.42,475264.04,1194307.31,15725346.39,SGD,62,Road,01-02-2025,01-02-2025,0,Approved,Delivered,13896609.24
PO004394,20-03-2025,S0172,P0228,WH007,CT00540,International,487,82519.25,40186874.75,571231.89,12.2,4902798.72,4158582.98,49819488.34,AUD,54,Sea,08-04-2025,08-04-2025,0,Approved,Partially Delivered,40186874.75
PO004395,19-02-2026,S0187,P0104,WH006,CT00039,International,700,25680.4,17976280,496061.86,7.93,1425519,1072134.4,20969995.26,AED,22.7,Road,12-03-2026,17-03-2026,5,Approved,Partially Delivered,17976280
PO004396,12-05-2025,S0214,P0029,WH007,CT00528,International,952,62488.54,59489090.08,2317870.62,2.1,1249270.89,7298397.96,70354629.55,EUR,90.5,Air,07-06-2025,07-06-2025,0,Approved,Cancelled,59489090.08
PO004397,23-07-2026,S0193,P0041,WH009,CT00433,International,878,39107.47,34336358.66,709438.41,11.38,3907477.62,2315871.31,41269146,AUD,54,Rail,02-08-2026,05-08-2026,3,Approved,Cancelled,34336358.66
PO004398,03-02-2025,S0237,P0188,WH010,CT00036,International,773,1868.78,1444566.94,33586.4,17.79,256988.46,104571.37,1839713.17,USD,83.5,Sea,05-03-2025,05-03-2025,0,Pending,Delivered,1444566.94
PO004399,11-11-2025,S0181,P0109,WH006,CT00293,International,190,57975.1,11015269,93984.98,16.55,1823027.02,1508384.38,14440665.38,AED,22.7,Rail,17-11-2025,17-11-2025,0,Approved,Delivered,11015269
PO004400,22-09-2025,S0142,P0027,WH008,CT00281,International,746,60571.44,45186294.24,933485.64,4.29,1938492.02,3701086.45,51759358.35,JPY,0.56,Sea,08-10-2025,11-10-2025,3,Pending,Cancelled,45186294.24
PO004401,28-01-2026,S0234,P0134,WH010,CT00342,International,695,15194.41,10560114.95,411738.44,2.92,308355.36,1091856.57,12372065.32,AUD,54,Rail,20-02-2026,20-02-2026,0,Pending,Partially Delivered,10560114.95
PO004402,03-02-2025,S0150,P0106,WH005,CT00332,International,790,16932.57,13376730.3,287724.51,5.45,729031.8,1282766.19,15676252.8,SGD,62,Air,04-03-2025,04-03-2025,0,Approved,Delivered,13376730.3
PO004403,21-07-2025,S0168,P0001,WH009,CT00505,International,596,47092.4,28067070.4,1124873.43,11.15,3129478.35,2110280.01,34431702.19,EUR,90.5,Rail,04-08-2025,04-08-2025,0,Approved,Partially Delivered,28067070.4
PO004404,02-09-2025,S0203,P0042,WH007,CT00405,International,170,73299.55,12460923.5,455784.7,13.98,1742037.11,1722145.67,16380890.98,JPY,0.56,Rail,21-09-2025,21-09-2025,0,Approved,Delivered,12460923.5
PO004405,01-01-2026,S0198,P0271,WH010,CT00525,International,326,13068.99,4260490.74,66361.29,17.96,765184.14,560941.29,5652977.46,EUR,90.5,Air,31-01-2026,31-01-2026,0,Pending,Delivered,4260490.74
PO004406,04-04-2026,S0204,P0200,WH005,CT00262,International,431,81218.79,35005298.49,1150277.79,17.01,5954401.27,4706903.03,46816880.58,JPY,0.56,Rail,25-04-2026,25-04-2026,0,Approved,Partially Delivered,35005298.49
PO004407,29-08-2025,S0176,P0103,WH006,CT00501,International,831,22320.83,18548609.73,227167.09,16.14,2993745.61,2249413.08,24018935.51,GBP,106,Road,16-09-2025,16-09-2025,0,Pending,Delivered,18548609.73
PO004408,20-07-2025,S0160,P0090,WH007,CT00338,International,838,84161.45,70527295.1,3158568.53,9.75,6876411.27,5362363.14,85924638.04,CNY,11.6,Rail,29-07-2025,30-07-2025,1,Approved,Delivered,70527295.1
PO004409,20-03-2025,S0196,P0055,WH005,CT00475,International,66,28492.46,1880502.36,40386.94,3.4,63937.08,222085.96,2206912.34,EUR,90.5,Air,10-04-2025,10-04-2025,0,Pending,Cancelled,1880502.36
PO004410,31-03-2025,S0233,P0183,WH010,CT00178,International,648,58674.92,38021348.16,1228856.5,7.7,2927643.81,3890147.44,46067995.91,AUD,54,Sea,24-04-2025,24-04-2025,0,Approved,Delivered,38021348.16
PO004411,14-04-2026,S0170,P0288,WH010,CT00122,International,511,31447.13,16069483.43,601969.19,13.95,2241692.94,2034823.21,20947968.77,JPY,0.56,Air,21-04-2026,21-04-2026,0,Approved,Partially Delivered,16069483.43
PO004412,15-12-2025,S0218,P0209,WH005,CT00133,International,185,84111.59,15560644.15,381246.62,15.65,2435240.81,936023.06,19313154.64,GBP,106,Sea,01-01-2026,01-01-2026,0,Approved,Delivered,15560644.15
PO004413,18-04-2026,S0200,P0139,WH007,CT00300,International,280,69273.7,19396636,546025.91,3.64,706037.55,1308012.96,21956712.42,EUR,90.5,Air,04-05-2026,04-05-2026,0,Approved,Delivered,19396636
PO004414,07-01-2025,S0175,P0169,WH008,CT00248,International,769,82118.45,63149088.05,2431296.09,8.3,5241374.31,7819682.62,78641441.07,CNY,11.6,Road,11-01-2025,14-01-2025,3,Pending,Delivered,63149088.05
PO004415,13-01-2025,S0158,P0085,WH006,CT00015,International,752,59896.53,45042190.56,1847124.99,4.52,2035907.01,4825580.65,53750803.21,EUR,90.5,Road,05-02-2025,05-02-2025,0,Approved,Cancelled,45042190.56
PO004416,04-09-2025,S0203,P0012,WH009,CT00405,International,272,89722.07,24404403.04,491435.91,6.26,1527715.63,2301452.94,28725007.52,JPY,0.56,Sea,17-09-2025,17-09-2025,0,Approved,Delivered,24404403.04
PO004417,20-02-2026,S0135,P0115,WH005,CT00259,International,658,28649.59,18851430.22,138491.41,8.19,1543932.14,1463802.16,21997655.93,EUR,90.5,Air,11-03-2026,11-03-2026,0,Approved,Delivered,18851430.22
PO004418,18-08-2025,S0169,P0268,WH010,CT00378,International,219,22214.42,4864957.98,210393.37,14.07,684499.59,305416.04,6065266.98,AUD,54,Rail,07-09-2025,07-09-2025,0,Approved,Partially Delivered,4864957.98
PO004419,27-02-2025,S0224,P0052,WH005,CT00438,International,741,18366.27,13609406.07,425712.18,14.59,1985612.35,1626303.37,17647033.97,AUD,54,Air,14-03-2025,14-03-2025,0,Approved,Delivered,13609406.07
PO004420,23-04-2025,S0146,P0191,WH008,CT00560,International,966,79808.91,77095407.06,2378473.45,15.45,11911240.39,9822910.04,101208030.9,EUR,90.5,Sea,22-05-2025,24-05-2025,2,Pending,Delivered,77095407.06
PO004421,02-10-2025,S0171,P0183,WH008,CT00269,International,998,67791.98,67656396.04,2687175.58,12.33,8342033.63,8192428.64,86878033.89,GBP,106,Air,22-10-2025,25-10-2025,3,Approved,Delivered,67656396.04
PO004422,24-12-2025,S0127,P0247,WH010,CT00456,International,116,29681.77,3443085.32,112067.02,9.82,338110.98,343780.14,4237043.46,AED,22.7,Road,17-01-2026,17-01-2026,0,Pending,Partially Delivered,3443085.32
PO004423,13-12-2025,S0137,P0106,WH005,CT00240,International,79,17425.56,1376619.24,30645.95,15.82,217781.16,96146.4,1721192.75,CNY,11.6,Air,13-01-2026,13-01-2026,0,Approved,Partially Delivered,1376619.24
PO004424,29-05-2026,S0246,P0248,WH009,CT00331,International,165,82139.31,13552986.15,170673.81,5.61,760322.52,801852.4,15285834.88,USD,83.5,Sea,21-06-2026,21-06-2026,0,Approved,Delivered,13552986.15
PO004425,17-06-2025,S0221,P0163,WH009,CT00244,International,183,57313.11,10488299.13,357920.27,11.09,1163152.37,809916.35,12819288.12,EUR,90.5,Air,13-07-2025,13-07-2025,0,Approved,Cancelled,10488299.13
PO004426,01-05-2025,S0208,P0122,WH010,CT00289,International,151,49320.05,7447327.55,174624.84,2.37,176501.66,516191.57,8314645.62,GBP,106,Air,27-05-2025,28-05-2025,1,Approved,Delivered,7447327.55
PO004427,23-07-2026,S0233,P0064,WH008,CT00485,International,418,85962.8,35932450.4,1516215.24,3.65,1311534.44,2844563.16,41604763.24,AUD,54,Sea,18-08-2026,18-08-2026,0,Pending,Delivered,35932450.4
PO004428,24-04-2026,S0177,P0027,WH007,CT00235,International,579,63014.02,36485117.58,914875.62,9.73,3550001.94,4814720.38,45764715.52,EUR,90.5,Road,15-05-2026,16-05-2026,1,Approved,Cancelled,36485117.58
PO004429,01-05-2026,S0137,P0023,WH005,CT00240,International,640,17620.02,11276812.8,393991.83,8.09,912294.16,915141.82,13498240.61,CNY,11.6,Sea,01-06-2026,04-06-2026,3,Approved,Cancelled,11276812.8
PO004430,01-03-2025,S0191,P0240,WH008,CT00496,International,895,89640.71,80228435.45,1441492.22,8.95,7180444.97,7423713.76,96274086.4,EUR,90.5,Rail,11-03-2025,14-03-2025,3,Approved,Partially Delivered,80228435.45
PO004431,24-05-2026,S0157,P0131,WH008,CT00304,International,670,25477.91,17070199.7,388682.73,13.06,2229368.08,1154650.87,20842901.38,AUD,54,Sea,14-06-2026,22-06-2026,8,Approved,Partially Delivered,17070199.7
PO004432,14-05-2026,S0246,P0021,WH006,CT00331,International,764,26964.05,20600534.2,759518.39,10.56,2175416.41,2135761.04,25671230.04,USD,83.5,Road,04-06-2026,16-06-2026,12,Approved,Delivered,20600534.2
PO004433,19-09-2025,S0166,P0052,WH009,CT00139,International,989,16584.21,16401783.69,688699.36,3.51,575702.61,1482934.19,19149119.85,EUR,90.5,Rail,01-10-2025,01-10-2025,0,Pending,Partially Delivered,16401783.69
PO004434,05-07-2025,S0218,P0100,WH007,CT00133,International,946,767.96,726490.16,6351.47,11.02,80059.22,88497.05,901397.9,GBP,106,Air,22-07-2025,27-07-2025,5,Approved,Partially Delivered,726490.16
PO004435,03-08-2026,S0243,P0250,WH006,CT00263,International,132,59239.36,7819595.52,282774.35,12.04,941479.3,819532.85,9863382.02,CNY,11.6,Road,31-08-2026,01-09-2026,1,Approved,Delivered,7819595.52
PO004436,30-07-2026,S0179,P0048,WH008,CT00066,International,980,73955.03,72475929.4,490880.97,6.47,4689192.63,5376523.15,83032526.15,GBP,106,Air,13-08-2026,13-08-2026,0,Approved,Cancelled,72475929.4
PO004437,22-01-2025,S0241,P0200,WH005,CT00008,International,19,81130.56,1541480.64,40309.27,13.5,208099.89,161595.75,1951485.55,CNY,11.6,Sea,31-01-2025,31-01-2025,0,Approved,Cancelled,1541480.64
PO004438,16-05-2025,S0168,P0098,WH008,CT00374,International,914,20965.3,19162284.2,717018.63,9.97,1910479.73,2086219.23,23876001.79,EUR,90.5,Air,29-05-2025,29-05-2025,0,Approved,Cancelled,19162284.2
PO004439,13-08-2025,S0177,P0146,WH009,CT00235,International,420,60327.76,25337659.2,486732.95,8.68,2199308.82,1762799.71,29786500.68,EUR,90.5,Road,23-08-2025,26-08-2025,3,Approved,Cancelled,25337659.2
PO004440,14-11-2025,S0148,P0251,WH008,CT00594,International,550,37922.26,20857243,685162.66,5.67,1182605.68,1880291.11,24605302.45,AED,22.7,Rail,02-12-2025,03-12-2025,1,Approved,Cancelled,20857243
PO004441,14-02-2025,S0207,P0167,WH005,CT00230,International,733,16728.63,12262085.79,368557.97,15.66,1920242.63,918770.24,15469656.63,EUR,90.5,Sea,10-03-2025,15-03-2025,5,Approved,Delivered,12262085.79
PO004442,01-01-2026,S0157,P0225,WH005,CT00022,International,24,79533.14,1908795.36,60223.54,15.77,301017.03,184955.19,2454991.12,AUD,54,Rail,22-01-2026,23-01-2026,1,Approved,Cancelled,1908795.36
PO004443,17-03-2026,S0177,P0104,WH007,CT00360,International,22,27998.55,615968.1,23800.92,4.46,27472.18,51515.2,718756.4,EUR,90.5,Rail,06-04-2026,07-04-2026,1,Approved,Cancelled,615968.1
PO004444,17-04-2026,S0186,P0146,WH009,CT00449,International,211,61201.89,12913598.79,281444.1,6.64,857462.96,1384225,15436730.85,EUR,90.5,Air,09-05-2026,12-05-2026,3,Approved,Delivered,12913598.79
PO004445,22-04-2025,S0158,P0183,WH007,CT00015,International,698,62804.7,43837680.6,224251.19,5.73,2511899.1,5575877.79,52149708.68,EUR,90.5,Road,11-05-2025,11-05-2025,0,Approved,Cancelled,43837680.6
PO004446,24-06-2025,S0174,P0024,WH010,CT00519,International,136,28484.77,3873928.72,125287.78,12.48,483466.3,312425.02,4795107.82,SGD,62,Sea,20-07-2025,20-07-2025,0,Approved,Delivered,3873928.72
PO004447,02-01-2025,S0243,P0009,WH008,CT00411,International,467,41289.91,19282387.97,99658.95,12.91,2489356.29,1311979.95,23183383.16,CNY,11.6,Sea,22-01-2025,30-01-2025,8,Approved,Delivered,19282387.97
PO004448,28-12-2025,S0132,P0041,WH008,CT00447,International,519,39045.26,20264489.94,186887.06,7.93,1606974.05,2288575.77,24346926.82,JPY,0.56,Sea,11-01-2026,12-01-2026,1,Pending,Delivered,20264489.94
PO004449,08-09-2025,S0159,P0085,WH008,CT00478,International,407,66379.15,27016314.05,885577.74,14.87,4017325.9,2200427.98,34119645.67,USD,83.5,Sea,30-09-2025,03-10-2025,3,Approved,Delivered,27016314.05
PO004450,25-11-2025,S0168,P0237,WH010,CT00505,International,933,26408.99,24639587.67,516689.05,11.97,2949358.64,3089750.16,31195385.52,EUR,90.5,Road,04-12-2025,09-12-2025,5,Approved,Cancelled,24639587.67
PO004451,14-02-2025,S0190,P0025,WH008,CT00416,International,592,14497.13,8582300.96,272732.82,7.68,659120.71,890920.93,10405075.42,SGD,62,Rail,24-02-2025,25-02-2025,1,Approved,Cancelled,8582300.96
PO004452,02-02-2026,S0146,P0283,WH006,CT00245,International,340,59397.2,20195048,137343.65,9.1,1837749.37,2153213.27,24323354.29,EUR,90.5,Road,25-02-2026,25-02-2026,0,Pending,Partially Delivered,20195048
PO004453,15-09-2025,S0173,P0181,WH007,CT00246,International,744,3386.17,2519310.48,31247.5,5.01,126217.46,267155.65,2943931.09,AUD,54,Road,20-09-2025,21-09-2025,1,Pending,Cancelled,2519310.48
PO004454,01-01-2025,S0139,P0237,WH006,CT00435,International,878,25953.24,22786944.72,274765.1,8.43,1920939.44,1468096.27,26450745.53,AED,22.7,Rail,03-02-2025,05-02-2025,2,Approved,Delivered,22786944.72
PO004455,01-07-2026,S0179,P0196,WH008,CT00066,International,66,66140.09,4365245.94,135223.97,13.97,609824.86,264061.69,5374356.46,GBP,106,Rail,13-07-2026,18-07-2026,5,Approved,Delivered,4365245.94
PO004456,06-12-2025,S0153,P0284,WH007,CT00539,International,872,32551.06,28384524.32,669419.12,3.58,1016165.97,2891069.15,32961178.56,EUR,90.5,Sea,01-01-2026,04-01-2026,3,Approved,Delivered,28384524.32
PO004457,09-10-2025,S0233,P0179,WH008,CT00485,International,994,7164.73,7121741.62,193674.74,3.56,253534,697973.79,8266924.15,AUD,54,Sea,24-10-2025,24-10-2025,0,Approved,Cancelled,7121741.62
PO004458,17-03-2026,S0203,P0298,WH007,CT00454,International,192,16067.04,3084871.68,91411.06,7.63,235375.71,305650.39,3717308.84,JPY,0.56,Road,01-04-2026,03-04-2026,2,Approved,Delivered,3084871.68
PO004459,05-05-2025,S0164,P0299,WH008,CT00580,International,594,6742.68,4005151.92,168411.16,4.61,184637.5,263475.53,4621676.11,SGD,62,Sea,25-05-2025,26-05-2025,1,Approved,Partially Delivered,4005151.92
PO004460,18-04-2025,S0249,P0172,WH010,CT00466,International,413,401.48,165811.24,4765.18,4.64,7693.64,19816.95,198087.01,GBP,106,Air,29-04-2025,29-04-2025,0,Pending,Cancelled,165811.24
PO004461,21-03-2025,S0138,P0111,WH009,CT00283,International,383,13016.94,4985488.02,133045.65,10.23,510015.42,388861.47,6017410.56,AUD,54,Rail,23-04-2025,28-04-2025,5,Approved,Partially Delivered,4985488.02
PO004462,16-08-2025,S0144,P0042,WH009,CT00030,International,307,65039.1,19967003.7,205650.09,3.68,734785.74,1503318.65,22410758.18,GBP,106,Air,03-09-2025,03-09-2025,0,Pending,Partially Delivered,19967003.7
PO004463,12-04-2026,S0233,P0276,WH006,CT00171,International,636,89000.59,56604375.24,805662.65,11.03,6243462.59,4660500.22,68314000.7,AUD,54,Rail,02-05-2026,05-05-2026,3,Pending,Partially Delivered,56604375.24
PO004464,07-07-2025,S0236,P0037,WH006,CT00077,International,991,30456.16,30182054.56,1327957.96,13.77,4156068.91,3111067.61,38777149.04,EUR,90.5,Road,21-07-2025,22-07-2025,1,Pending,Delivered,30182054.56
PO004465,13-08-2025,S0204,P0153,WH008,CT00262,International,960,27610.7,26506272,307905.38,14.45,3830156.3,1586360.45,32230694.13,JPY,0.56,Sea,31-08-2025,02-09-2025,2,Approved,Delivered,26506272
PO004466,16-03-2026,S0196,P0092,WH009,CT00212,International,979,19057.66,18657449.14,637987.66,9.72,1813504.06,1980153.58,23089094.44,EUR,90.5,Sea,06-04-2026,06-04-2026,0,Approved,Cancelled,18657449.14
PO004467,17-09-2025,S0129,P0104,WH008,CT00364,International,334,25796.1,8615897.4,45483.37,12.84,1106281.23,1080976.06,10848638.06,USD,83.5,Air,08-10-2025,09-10-2025,1,Approved,Delivered,8615897.4
PO004468,14-01-2025,S0199,P0225,WH008,CT00586,International,531,72352.72,38419294.32,714758.9,7.42,2850711.64,4284086.9,46268851.76,EUR,90.5,Air,20-02-2025,23-02-2025,3,Approved,Delivered,38419294.32
PO004469,01-05-2026,S0175,P0052,WH005,CT00412,International,744,16554.33,12316421.52,112735.47,8.37,1030884.48,1504058.38,14964099.85,CNY,11.6,Air,08-05-2026,08-05-2026,0,Approved,Delivered,12316421.52
PO004470,20-09-2025,S0207,P0005,WH008,CT00230,International,599,34080.43,20414177.57,525961.52,6.48,1322838.71,2353371.94,24616349.74,EUR,90.5,Rail,13-10-2025,14-10-2025,1,Pending,Cancelled,20414177.57
PO004471,08-07-2025,S0211,P0292,WH010,CT00395,International,451,64652.06,29158079.06,181780.09,6.68,1947759.68,3730009.41,35017628.24,AED,22.7,Sea,19-07-2025,19-07-2025,0,Pending,Partially Delivered,29158079.06
PO004472,31-03-2026,S0166,P0028,WH010,CT00139,International,802,13198.56,10585245.12,454198.82,15.18,1606840.21,932161.56,13578445.71,EUR,90.5,Rail,04-04-2026,04-04-2026,0,Approved,Delivered,10585245.12
PO004473,03-04-2026,S0154,P0087,WH006,CT00474,International,812,81057.46,65818657.52,2519154.97,8.35,5495857.9,7759778.17,81593448.56,AUD,54,Air,07-05-2026,07-05-2026,0,Pending,Delivered,65818657.52
PO004474,08-04-2025,S0241,P0014,WH006,CT00541,International,375,21578.37,8091888.75,159284.4,5.17,418350.65,731640.38,9401164.18,CNY,11.6,Sea,24-04-2025,27-04-2025,3,Approved,Delivered,8091888.75
PO004475,17-05-2025,S0175,P0241,WH010,CT00446,International,272,26515.01,7212082.72,157761.98,17.44,1257787.23,809719.24,9437351.17,CNY,11.6,Rail,24-05-2025,24-05-2025,0,Approved,Delivered,7212082.72
PO004476,13-04-2026,S0165,P0078,WH009,CT00558,International,647,46288.7,29948788.9,353879.01,12.64,3785526.92,3675800.52,37763995.35,USD,83.5,Air,16-05-2026,17-05-2026,1,Approved,Cancelled,29948788.9
PO004477,25-01-2025,S0226,P0135,WH009,CT00335,International,213,70208.66,14954444.58,522016.51,16.02,2395702.02,1019032.43,18891195.54,SGD,62,Sea,23-02-2025,25-02-2025,2,Approved,Partially Delivered,14954444.58
PO004478,08-04-2026,S0221,P0142,WH005,CT00244,International,987,56818.49,56079849.63,1541555.19,2.42,1357132.36,5217341.79,64195878.97,EUR,90.5,Rail,08-05-2026,20-05-2026,12,Approved,Partially Delivered,56079849.63
PO004479,29-04-2026,S0189,P0128,WH007,CT00463,International,908,33161.5,30110642,586106.81,17.78,5353672.15,4230135.45,40280556.41,EUR,90.5,Road,17-05-2026,18-05-2026,1,Approved,Partially Delivered,30110642
PO004480,19-05-2026,S0204,P0210,WH010,CT00262,International,834,76458.02,63765988.68,1992660.59,8.57,5464745.23,5343308.58,76566703.08,JPY,0.56,Road,12-06-2026,12-06-2026,0,Approved,Partially Delivered,63765988.68
PO004481,21-05-2025,S0247,P0080,WH006,CT00243,International,463,36479.09,16889818.67,648072.52,6.71,1133306.83,1162417.1,19833615.12,EUR,90.5,Air,19-06-2025,21-06-2025,2,Approved,Delivered,16889818.67
PO004482,29-03-2025,S0208,P0067,WH009,CT00026,International,621,44061.69,27362309.49,1190234.81,15.81,4325981.13,2610249.73,35488775.16,GBP,106,Road,21-04-2025,21-04-2025,0,Approved,Delivered,27362309.49
PO004483,13-06-2026,S0219,P0079,WH009,No Contract,International,845,44596.26,37683839.7,224865.73,16.34,6157539.41,3124965.83,47191210.67,EUR,90.5,Road,08-07-2026,08-07-2026,0,Approved,Cancelled,37683839.7
PO004484,04-07-2026,S0202,P0028,WH008,CT00348,International,29,14206.32,411983.28,2823.79,2.34,9640.41,45670.4,470117.88,AUD,54,Air,07-07-2026,08-07-2026,1,Approved,Partially Delivered,411983.28
PO004485,02-04-2025,S0213,P0088,WH005,CT00499,International,602,22650.46,13635576.92,472992.13,9.61,1310378.94,1087574.18,16506522.17,AED,22.7,Road,13-04-2025,13-04-2025,0,Approved,Cancelled,13635576.92
PO004486,10-03-2025,S0194,P0004,WH007,CT00207,International,759,71234.52,54067000.68,472618.95,5.27,2849330.94,6493266.04,63882216.61,USD,83.5,Rail,18-03-2025,18-03-2025,0,Approved,Delivered,54067000.68
PO004487,25-01-2025,S0211,P0110,WH007,CT00395,International,872,17745.13,15473753.36,447721.85,3.66,566339.37,1870989.24,18358803.82,AED,22.7,Sea,03-02-2025,08-02-2025,5,Approved,Cancelled,15473753.36
PO004488,21-07-2026,S0167,P0230,WH005,CT00306,International,82,55524.11,4552977.02,66365.86,6.28,285926.96,464319.2,5369589.04,USD,83.5,Air,15-08-2026,15-08-2026,0,Approved,Delivered,4552977.02
PO004489,15-04-2026,S0142,P0256,WH009,CT00281,International,856,49835.51,42659196.56,943473.87,6.08,2593679.15,2917755.26,49114104.84,JPY,0.56,Road,09-05-2026,11-05-2026,2,Approved,Delivered,42659196.56
PO004490,25-01-2025,S0160,P0206,WH005,CT00338,International,189,85974.46,16249172.94,469699.29,6.11,992824.47,1009822.17,18721518.87,CNY,11.6,Road,01-02-2025,02-02-2025,1,Approved,Partially Delivered,16249172.94
PO004491,07-04-2025,S0228,P0244,WH006,CT00377,International,22,12933.73,284542.06,11261.69,15.17,43165.03,32021.99,370990.77,SGD,62,Rail,01-05-2025,01-05-2025,0,Approved,Delivered,284542.06
PO004492,19-11-2025,S0142,P0201,WH007,CT00281,International,577,79011.03,45589364.31,1642409.81,16.93,7718279.38,4113369.93,59063423.43,JPY,0.56,Rail,08-12-2025,10-12-2025,2,Approved,Delivered,45589364.31
PO004493,18-05-2026,S0235,P0055,WH006,CT00167,International,150,33106.32,4965948,144962.24,8.52,423098.77,510765.28,6044774.29,CNY,11.6,Rail,08-06-2026,09-06-2026,1,Approved,Partially Delivered,4965948
PO004494,11-09-2025,S0246,P0230,WH007,CT00331,International,857,59452.64,50950912.48,2287670.2,15.37,7831155.25,5677920.16,66747658.09,USD,83.5,Sea,01-10-2025,01-10-2025,0,Approved,Delivered,50950912.48
PO004495,25-12-2025,S0165,P0087,WH007,CT00558,International,634,83763.25,53105900.5,1229471.25,5.54,2942066.89,3612114.85,60889553.49,USD,83.5,Sea,30-01-2026,31-01-2026,1,Approved,Delivered,53105900.5
PO004496,03-06-2026,S0138,P0199,WH007,CT00283,International,991,57296.82,56781148.62,2174832.16,8.64,4905891.24,3901865.24,67763737.26,AUD,54,Air,01-07-2026,01-07-2026,0,Approved,Partially Delivered,56781148.62
PO004497,17-03-2026,S0226,P0243,WH009,CT00335,International,953,745.88,710823.64,28436.74,17.52,124536.3,48670.4,912467.08,SGD,62,Air,13-04-2026,15-04-2026,2,Approved,Delivered,710823.64
PO004498,03-08-2026,S0247,P0082,WH007,CT00315,International,489,56248.4,27505467.6,728070.61,2.93,805910.2,3429780.29,32469228.7,EUR,90.5,Sea,31-08-2026,01-09-2026,1,Approved,Delivered,27505467.6
PO004499,31-01-2025,S0185,P0065,WH009,CT00136,International,178,41751.17,7431708.26,269942.4,4.83,358951.51,771732.33,8832334.5,AED,22.7,Rail,14-02-2025,14-02-2025,0,Pending,Partially Delivered,7431708.26
PO004500,11-10-2025,S0199,P0015,WH008,CT00458,International,618,79983.83,49430006.94,1176248.81,12.82,6336926.89,5063735.54,62006918.18,EUR,90.5,Sea,16-11-2025,17-11-2025,1,Approved,Partially Delivered,49430006.94
PO004501,01-03-2025,S0232,P0166,WH009,CT00255,International,96,19651.55,1886548.8,68930.18,9.01,169978.05,148634.31,2274091.34,AUD,54,Rail,24-03-2025,26-03-2025,2,Approved,Partially Delivered,1886548.8
PO004502,13-06-2025,S0162,P0263,WH007,CT00062,International,12,74727.32,896727.84,20196.82,14.2,127335.35,116091.4,1160351.41,CNY,11.6,Rail,30-06-2025,01-07-2025,1,Pending,Delivered,896727.84
PO004503,26-11-2025,S0207,P0032,WH009,CT00230,International,506,19096.73,9662945.38,309945.93,17.09,1651397.37,1032404.79,12656693.47,EUR,90.5,Sea,12-12-2025,12-12-2025,0,Pending,Delivered,9662945.38
PO004504,26-05-2025,S0140,P0056,WH005,CT00220,International,940,38965.78,36627833.2,474246.78,11.73,4296444.83,3492781.26,44891306.07,JPY,0.56,Rail,19-06-2025,21-06-2025,2,Approved,Cancelled,36627833.2
PO004505,16-04-2025,S0143,P0240,WH006,CT00572,International,711,90457.92,64315581.12,2259720.09,10.33,6643799.53,5407028.61,78626129.35,JPY,0.56,Air,20-04-2025,20-04-2025,0,Approved,Partially Delivered,64315581.12
PO004506,29-03-2026,S0172,P0156,WH006,CT00540,International,943,68974.22,65042689.46,438588.96,16.45,10699522.42,6029523.12,82210323.96,AUD,54,Road,13-04-2026,16-04-2026,3,Pending,Delivered,65042689.46
PO004507,16-06-2025,S0130,P0243,WH008,CT00257,International,786,728.21,572373.06,9834.58,15.26,87344.13,63371.24,732923.01,SGD,62,Road,30-06-2025,03-07-2025,3,Pending,Delivered,572373.06
PO004508,01-05-2026,S0209,P0255,WH005,CT00051,International,410,49964.79,20485563.9,463822.94,4.98,1020181.08,1863078.89,23832646.81,CNY,11.6,Sea,02-06-2026,02-06-2026,0,Approved,Partially Delivered,20485563.9
PO004509,11-03-2026,S0244,P0007,WH010,CT00132,International,466,59909.48,27917817.68,271335.33,6.75,1884452.69,2041383.21,32114988.91,EUR,90.5,Air,24-03-2026,24-03-2026,0,Approved,Partially Delivered,27917817.68
PO004510,12-03-2026,S0202,P0222,WH008,CT00238,International,278,73828.54,20524334.12,639265.95,15.41,3162799.89,2043027.43,26369427.39,AUD,54,Sea,16-03-2026,16-03-2026,0,Approved,Cancelled,20524334.12
PO004511,20-08-2025,S0247,P0222,WH010,CT00058,International,699,79944.27,55881044.73,2357284.53,9.47,5291934.94,4686837.02,68217101.22,EUR,90.5,Air,14-09-2025,14-09-2025,0,Pending,Cancelled,55881044.73
PO004512,13-04-2026,S0161,P0293,WH009,CT00548,International,145,50141.54,7270523.3,45002.01,11.97,870281.64,480309.06,8666116.01,AED,22.7,Air,11-05-2026,12-05-2026,1,Approved,Partially Delivered,7270523.3
PO004513,27-09-2025,S0154,P0247,WH010,CT00474,International,115,32278.92,3712075.8,85378.94,16.76,622143.9,417283.22,4836881.86,AUD,54,Rail,29-10-2025,10-11-2025,12,Approved,Partially Delivered,3712075.8
PO004514,20-01-2025,S0247,P0209,WH005,CT00315,International,999,81816.11,81734293.89,1595628.65,14.55,11892339.76,5773547.67,100995810,EUR,90.5,Rail,16-02-2025,19-02-2025,3,Approved,Cancelled,81734293.89
PO004515,12-06-2026,S0169,P0194,WH010,CT00476,International,323,71487.18,23090359.14,284425.3,10.64,2456814.21,2235776.27,28067374.92,AUD,54,Rail,03-07-2026,04-07-2026,1,Approved,Cancelled,23090359.14
PO004516,06-07-2026,S0143,P0100,WH008,CT00054,International,955,704.27,672577.85,14793.1,3.11,20917.17,49545.91,757834.03,JPY,0.56,Sea,12-07-2026,12-07-2026,0,Approved,Partially Delivered,672577.85
PO004517,11-10-2025,S0210,P0159,WH010,CT00264,International,880,29229.35,25721828,653680.26,9.13,2348402.9,3192026.7,31915937.86,EUR,90.5,Rail,21-10-2025,21-10-2025,0,Pending,Cancelled,25721828
PO004518,09-01-2026,S0155,P0299,WH007,CT00369,International,349,6516.42,2274230.58,88600.89,13.2,300198.44,188289.92,2851319.83,AUD,54,Air,16-01-2026,16-01-2026,0,Approved,Partially Delivered,2274230.58
PO004519,18-01-2025,S0193,P0246,WH007,CT00038,International,147,70748.35,10400007.45,399531.89,3.63,377520.27,1315060.53,12492120.14,AUD,54,Air,01-02-2025,01-02-2025,0,Pending,Cancelled,10400007.45
PO004520,27-03-2026,S0246,P0072,WH006,CT00237,International,314,6167.29,1936529.06,21695.26,4.91,95083.58,234985.15,2288293.05,USD,83.5,Road,21-04-2026,22-04-2026,1,Pending,Partially Delivered,1936529.06
PO004521,30-05-2025,S0182,P0237,WH007,CT00358,International,484,27223.96,13176396.64,559040.83,13.84,1823613.29,1368140.05,16927190.81,JPY,0.56,Road,19-06-2025,20-06-2025,1,Approved,Partially Delivered,13176396.64
PO004522,11-11-2025,S0226,P0191,WH005,CT00335,International,245,77454.68,18976396.6,271146.12,11.65,2210750.2,2252075.96,23710368.88,SGD,62,Air,06-12-2025,08-12-2025,2,Approved,Cancelled,18976396.6
PO004523,23-07-2025,S0171,P0174,WH006,CT00006,International,690,74126.42,51147229.8,1655690.46,17.05,8720602.68,4879950.99,66403473.93,GBP,106,Road,10-08-2025,12-08-2025,2,Approved,Delivered,51147229.8
PO004524,08-02-2025,S0234,P0244,WH010,CT00342,International,843,15415.33,12995123.19,460697.54,2.29,297588.32,914154.3,14667563.35,AUD,54,Rail,04-03-2025,09-03-2025,5,Approved,Partially Delivered,12995123.19
PO004525,20-06-2026,S0157,P0118,WH010,CT00534,International,749,76946.86,57633198.14,1665426.14,16.6,9567110.89,6631848.31,75497583.48,AUD,54,Road,21-07-2026,22-07-2026,1,Approved,Delivered,57633198.14
PO004526,23-01-2025,S0186,P0089,WH008,CT00449,International,33,34269.18,1130882.94,45750.85,12.69,143509.05,111481.35,1431624.19,EUR,90.5,Rail,08-02-2025,09-02-2025,1,Approved,Delivered,1130882.94
PO004527,24-10-2025,S0249,P0228,WH010,CT00280,International,352,78509.28,27635266.56,790765.16,11.55,3191873.29,1847348.42,33465253.43,GBP,106,Sea,04-11-2025,05-11-2025,1,Approved,Delivered,27635266.56
PO004528,07-07-2025,S0146,P0232,WH006,CT00560,International,865,37770.31,32671318.15,1252675.78,8.05,2630041.11,3226720.75,39780755.79,EUR,90.5,Road,08-08-2025,11-08-2025,3,Approved,Partially Delivered,32671318.15
PO004529,03-01-2025,S0198,P0299,WH009,CT00567,International,908,6917.54,6281126.32,41842.16,5.13,322221.78,660446.65,7305636.91,EUR,90.5,Road,05-02-2025,05-02-2025,0,Approved,Partially Delivered,6281126.32
PO004530,02-08-2026,S0239,P0009,WH010,CT00291,International,272,46874.82,12749951.04,314342.06,7.61,970271.27,800335.79,14834900.16,SGD,62,Air,14-08-2026,22-08-2026,8,Pending,Cancelled,12749951.04
PO004531,19-02-2026,S0211,P0109,WH007,CT00395,International,936,58611.39,54860261.04,836548.61,17.02,9337216.43,3860929.58,68894955.66,AED,22.7,Air,26-02-2026,26-02-2026,0,Approved,Partially Delivered,54860261.04
PO004532,19-06-2025,S0166,P0233,WH010,CT00483,International,894,39388.52,35213336.88,1159319.87,10.93,3848817.72,4557808.87,44779283.34,EUR,90.5,Road,27-06-2025,28-06-2025,1,Pending,Delivered,35213336.88
PO004533,08-08-2025,S0140,P0217,WH005,CT00220,International,86,65511.18,5633961.48,227008.85,6.74,379729,652978.75,6893678.08,JPY,0.56,Air,31-08-2025,31-08-2025,0,Pending,Cancelled,5633961.48
PO004534,14-03-2026,S0153,P0032,WH007,CT00092,International,184,18799.88,3459177.92,148971.17,7.2,249060.81,411072.86,4268282.76,EUR,90.5,Rail,15-04-2026,15-04-2026,0,Approved,Delivered,3459177.92
PO004535,17-07-2026,S0223,P0171,WH007,No Contract,International,100,34452.05,3445205,48216.75,3.85,132640.39,355090.2,3981152.34,AED,22.7,Air,19-07-2026,22-07-2026,3,Approved,Cancelled,3445205
PO004536,14-05-2025,S0162,P0129,WH007,CT00062,International,212,17520.4,3714324.8,125680.05,11.22,416747.24,239592.08,4496344.17,CNY,11.6,Sea,24-05-2025,05-06-2025,12,Approved,Partially Delivered,3714324.8
PO004537,25-01-2026,S0248,P0021,WH007,CT00591,International,486,25659.25,12470395.5,67792.9,9.53,1188428.69,1320668.08,15047285.17,GBP,106,Rail,31-01-2026,01-02-2026,1,Approved,Cancelled,12470395.5
PO004538,15-05-2026,S0139,P0272,WH008,CT00435,International,396,70441.48,27894826.08,705576.13,15.34,4279066.32,3768365.9,36647834.43,AED,22.7,Rail,07-06-2026,08-06-2026,1,Pending,Partially Delivered,27894826.08
PO004539,23-12-2025,S0207,P0145,WH007,CT00230,International,261,68917.99,17987595.39,194490.35,11.37,2045189.6,1103919.18,21331194.52,EUR,90.5,Rail,17-01-2026,17-01-2026,0,Approved,Delivered,17987595.39
PO004540,25-07-2026,S0205,P0034,WH010,CT00569,International,857,40817.36,34980477.52,234255.42,15.75,5509425.21,3668679.61,44392837.76,AED,22.7,Air,21-08-2026,24-08-2026,3,Approved,Partially Delivered,34980477.52
PO004541,17-06-2026,S0130,P0031,WH010,CT00257,International,599,12688.47,7600393.53,161079.19,15.98,1214542.89,500487.56,9476503.17,SGD,62,Rail,07-07-2026,07-07-2026,0,Approved,Cancelled,7600393.53
PO004542,24-06-2025,S0160,P0046,WH006,CT00380,International,524,42626.88,22336485.12,956064.74,14.85,3316968.04,2131397.79,28740915.69,CNY,11.6,Road,06-07-2025,11-07-2025,5,Pending,Partially Delivered,22336485.12
PO004543,09-09-2025,S0190,P0105,WH010,CT00218,International,265,10837.96,2872059.4,37096.8,14.62,419895.08,399331.57,3728382.85,SGD,62,Sea,16-09-2025,16-09-2025,0,Approved,Cancelled,2872059.4
PO004544,01-07-2026,S0145,P0175,WH010,CT00275,International,284,6769.62,1922572.08,39335.79,5.31,102088.58,147698.69,2211695.14,AED,22.7,Sea,19-07-2026,22-07-2026,3,Pending,Delivered,1922572.08
PO004545,06-09-2025,S0131,P0063,WH010,CT00401,International,191,32878.1,6279717.1,177610.87,5.77,362339.68,731625.4,7551293.05,GBP,106,Sea,27-09-2025,27-09-2025,0,Pending,Cancelled,6279717.1
PO004546,05-06-2026,S0176,P0280,WH005,CT00501,International,172,38641,6646252,184381.15,11.04,733746.22,480367.37,8044746.74,GBP,106,Air,18-06-2026,20-06-2026,2,Pending,Delivered,6646252
PO004547,26-07-2026,S0216,P0106,WH008,CT00381,International,644,16317.98,10508779.12,320391.46,12.68,1332513.19,615234.8,12776918.57,SGD,62,Road,21-08-2026,24-08-2026,3,Approved,Delivered,10508779.12
PO004548,16-06-2025,S0145,P0290,WH007,CT00275,International,653,71544.79,46718747.87,736455.06,7.5,3503906.09,5915674.59,56874783.61,AED,22.7,Air,02-07-2025,02-07-2025,0,Approved,Partially Delivered,46718747.87
PO004549,28-01-2025,S0140,P0230,WH005,CT00512,International,852,52621.45,44833475.4,492435.22,10.52,4716481.61,3614245.24,53656637.47,JPY,0.56,Rail,26-02-2025,01-03-2025,3,Approved,Delivered,44833475.4
PO004550,30-06-2025,S0243,P0260,WH009,CT00263,International,435,27616.06,12012986.1,298579.99,11.47,1377889.51,1416732.74,15106188.34,CNY,11.6,Road,24-07-2025,27-07-2025,3,Approved,Delivered,12012986.1
PO004551,15-09-2025,S0198,P0240,WH010,CT00525,International,295,90135.76,26590049.2,831690.14,15.34,4078913.55,2525442.51,34026095.4,EUR,90.5,Air,12-10-2025,12-10-2025,0,Approved,Delivered,26590049.2
PO004552,14-03-2026,S0199,P0181,WH007,CT00302,International,666,2824.5,1881117,67457.1,16.61,312453.53,122293.72,2383321.35,EUR,90.5,Rail,11-04-2026,12-04-2026,1,Approved,Cancelled,1881117
PO004553,13-09-2025,S0212,P0108,WH005,CT00186,International,95,44157.42,4194954.9,187028.2,3.23,135497.04,486802.87,5004283.01,AUD,54,Air,28-09-2025,01-10-2025,3,Approved,Partially Delivered,4194954.9
PO004554,04-08-2026,S0148,P0290,WH009,CT00343,International,520,73834.3,38393836,797859.06,3.37,1293872.27,4735278.33,45220845.66,AED,22.7,Road,28-08-2026,29-08-2026,1,Pending,Delivered,38393836
PO004555,15-11-2025,S0159,P0199,WH010,CT00478,International,932,60478.7,56366148.4,1461552.93,7.5,4227461.13,4119520.5,66174682.96,USD,83.5,Road,15-12-2025,15-12-2025,0,Approved,Delivered,56366148.4
PO004556,18-01-2026,S0242,P0167,WH009,CT00559,International,602,17585.94,10586735.88,233946.37,3.6,381122.49,1197718.45,12399523.19,EUR,90.5,Rail,16-02-2026,16-02-2026,0,Approved,Cancelled,10586735.88
PO004557,02-06-2025,S0166,P0121,WH005,CT00139,International,891,16342.9,14561523.9,236117.84,7.05,1026587.43,1687676.59,17511905.76,EUR,90.5,Rail,16-06-2025,18-06-2025,2,Approved,Delivered,14561523.9
PO004558,07-12-2025,S0208,P0219,WH006,CT00026,International,833,81552.3,67933065.9,1550844.53,10.7,7268838.05,8829626.77,85582375.25,GBP,106,Road,05-01-2026,05-01-2026,0,Pending,Delivered,67933065.9
PO004559,18-07-2025,S0132,P0146,WH010,CT00447,International,125,69555.85,8694481.25,276903.51,9.49,825106.27,717995.71,10514486.74,JPY,0.56,Sea,27-07-2025,01-08-2025,5,Approved,Cancelled,8694481.25
PO004560,14-03-2026,S0147,P0210,WH006,CT00256,International,352,75718.15,26652788.8,138955.44,4.63,1234024.12,3246187.15,31271955.51,EUR,90.5,Sea,04-04-2026,06-04-2026,2,Approved,Delivered,26652788.8
PO004561,12-03-2025,S0176,P0105,WH005,CT00501,International,992,11718.28,11624533.76,317390.88,12.5,1453066.72,1215352.04,14610343.4,GBP,106,Road,02-04-2025,04-04-2025,2,Pending,Partially Delivered,11624533.76
PO004562,09-03-2026,S0234,P0128,WH008,CT00413,International,281,29480.99,8284158.19,370557.33,14.13,1170551.55,888020.6,10713287.67,AUD,54,Rail,22-03-2026,22-03-2026,0,Approved,Delivered,8284158.19
PO004563,11-03-2025,S0226,P0230,WH009,CT00335,International,71,56778.75,4031291.25,128867.01,14.21,572846.49,561153.43,5294158.18,SGD,62,Air,05-04-2025,05-04-2025,0,Approved,Delivered,4031291.25
PO004564,23-01-2026,S0157,P0299,WH010,CT00022,International,146,6346.46,926583.16,14899.25,17.97,166506.99,119166.34,1227155.74,AUD,54,Rail,16-02-2026,17-02-2026,1,Approved,Delivered,926583.16
PO004565,15-03-2026,S0153,P0261,WH005,CT00539,International,567,7241.1,4105703.7,160936.83,2.01,82524.64,388593.26,4737758.43,EUR,90.5,Sea,20-04-2026,23-04-2026,3,Pending,Delivered,4105703.7
PO004566,13-03-2025,S0194,P0141,WH005,CT00254,International,87,22099.41,1922648.67,36568.7,3.42,65754.58,145863.2,2170835.15,USD,83.5,Air,24-03-2025,05-04-2025,12,Approved,Delivered,1922648.67
PO004567,15-03-2025,S0134,P0136,WH007,CT00349,International,139,37844.83,5260431.37,118949.54,17.24,906898.37,660139.42,6946418.7,GBP,106,Rail,08-04-2025,08-04-2025,0,Approved,Delivered,5260431.37
PO004568,11-04-2025,S0216,P0222,WH009,CT00381,International,815,88552.67,72170426.05,510894.05,3.39,2446577.44,7395526.19,82523423.73,SGD,62,Sea,08-05-2025,08-05-2025,0,Approved,Partially Delivered,72170426.05
PO004569,12-07-2026,S0230,P0112,WH007,CT00118,International,595,22894.51,13622233.45,362812.42,8.27,1126558.71,1482085.17,16593689.75,EUR,90.5,Sea,28-07-2026,28-07-2026,0,Approved,Delivered,13622233.45
PO004570,30-01-2025,S0174,P0149,WH005,CT00462,International,907,52231.49,47373961.43,1330683.13,11.22,5315358.47,3759556.93,57779559.96,SGD,62,Air,28-02-2025,05-03-2025,5,Approved,Partially Delivered,47373961.43
PO004571,06-05-2026,S0221,P0250,WH006,CT00430,International,20,53749.02,1074980.4,26109.83,2.56,27519.5,126555.6,1255165.33,EUR,90.5,Sea,06-06-2026,11-06-2026,5,Approved,Delivered,1074980.4
PO004572,20-07-2025,S0231,P0075,WH008,CT00029,International,980,23250.89,22785872.2,896899.08,15.75,3588774.87,2611769.28,29883315.43,SGD,62,Air,05-08-2025,08-08-2025,3,Approved,Delivered,22785872.2
PO004573,18-05-2025,S0208,P0124,WH006,CT00295,International,536,65167.08,34929554.88,1025196.34,8.57,2993462.85,2847212.57,41795426.64,GBP,106,Rail,07-06-2025,10-06-2025,3,Approved,Cancelled,34929554.88
PO004574,17-04-2025,S0202,P0149,WH009,CT00348,International,572,44547.15,25480969.8,1066815.1,9.54,2430884.52,2976722.7,31955392.12,AUD,54,Rail,23-04-2025,05-05-2025,12,Pending,Partially Delivered,25480969.8
PO004575,04-12-2025,S0143,P0068,WH008,CT00080,International,692,4950.59,3425808.28,52587.12,15.9,544703.52,460893.7,4483992.62,JPY,0.56,Road,16-12-2025,24-12-2025,8,Approved,Cancelled,3425808.28
PO004576,06-03-2025,S0206,P0046,WH009,CT00236,International,576,45008.03,25924625.28,1164742.77,16.49,4274970.71,3448232.63,34812571.39,GBP,106,Road,25-03-2025,25-03-2025,0,Pending,Partially Delivered,25924625.28
PO004577,01-09-2025,S0181,P0285,WH010,CT00099,International,531,60635.25,32197317.75,1049387.16,14.7,4733005.71,1972256.58,39951967.2,AED,22.7,Air,07-09-2025,07-09-2025,0,Approved,Delivered,32197317.75
PO004578,30-08-2025,S0127,P0248,WH007,CT00456,International,700,87163.88,61014716,1143391.25,6.32,3856130.05,3820561.09,69834798.39,AED,22.7,Rail,18-09-2025,18-09-2025,0,Approved,Cancelled,61014716
PO004579,15-03-2026,S0212,P0236,WH005,CT00186,International,588,67589.18,39742437.84,344692.09,16.09,6394558.25,4713887.92,51195576.1,AUD,54,Road,06-04-2026,07-04-2026,1,Pending,Cancelled,39742437.84
PO004580,24-03-2026,S0167,P0076,WH006,CT00285,International,733,61508.68,45085862.44,1786816.95,15.88,7159634.96,4478809.98,58511124.33,USD,83.5,Sea,15-04-2026,18-04-2026,3,Approved,Delivered,45085862.44
PO004581,31-05-2026,S0242,P0023,WH007,CT00559,International,511,21008.65,10735420.15,125948.38,14.29,1534091.54,1158728.33,13554188.4,EUR,90.5,Road,04-07-2026,04-07-2026,0,Approved,Delivered,10735420.15
PO004582,11-03-2025,S0133,P0279,WH009,CT00090,International,521,73104.25,38087314.25,457955.65,17.48,6657662.53,2411992.4,47614924.83,EUR,90.5,Air,06-04-2025,06-04-2025,0,Pending,Delivered,38087314.25
PO004583,25-01-2026,S0130,P0048,WH010,CT00156,International,712,71871.84,51172750.08,401601.3,15.97,8172288.19,6051968.54,65798608.11,SGD,62,Sea,08-02-2026,08-02-2026,0,Pending,Delivered,51172750.08
PO004584,01-07-2025,S0170,P0189,WH008,CT00122,International,945,44734.06,42273686.7,643671.68,2.72,1149844.28,3292625.21,47359827.87,JPY,0.56,Sea,19-07-2025,19-07-2025,0,Approved,Delivered,42273686.7
PO004585,07-05-2025,S0142,P0270,WH007,CT00281,International,527,76115.7,40112973.9,940798.45,2.05,822315.96,3861603.99,45737692.3,JPY,0.56,Air,30-05-2025,30-05-2025,0,Pending,Cancelled,40112973.9
PO004586,17-03-2026,S0188,P0171,WH009,CT00071,International,344,36028.66,12393859.04,376725.56,16.15,2001608.23,1430886.65,16203079.48,GBP,106,Rail,31-03-2026,31-03-2026,0,Pending,Cancelled,12393859.04
PO004587,17-02-2026,S0201,P0017,WH005,CT00226,International,527,65733.52,34641565.04,480403.87,6.28,2175490.28,3751489.33,41048948.52,EUR,90.5,Sea,09-03-2026,09-03-2026,0,Approved,Delivered,34641565.04
PO004588,18-12-2025,S0240,P0269,WH006,CT00047,International,675,85441.64,57673107,2328756.11,15.72,9066212.42,3735628.47,72803704,JPY,0.56,Sea,23-01-2026,23-01-2026,0,Approved,Cancelled,57673107
PO004589,19-03-2026,S0186,P0238,WH005,CT00420,International,719,43847.26,31526179.94,1116785.46,3.85,1213757.93,2464158.14,36320881.47,EUR,90.5,Air,13-04-2026,13-04-2026,0,Pending,Cancelled,31526179.94
PO004590,03-08-2025,S0236,P0005,WH009,CT00077,International,427,33448.55,14282530.85,385100.58,7.3,1042624.75,830542.22,16540798.4,EUR,90.5,Air,17-08-2025,17-08-2025,0,Approved,Partially Delivered,14282530.85
PO004591,08-08-2025,S0203,P0132,WH008,CT00405,International,852,30078.08,25626524.16,367814.85,13.03,3339136.1,3212717.72,32546192.83,JPY,0.56,Road,21-08-2025,29-08-2025,8,Approved,Delivered,25626524.16
PO004592,14-11-2025,S0161,P0181,WH008,CT00548,International,890,3294.2,2931838,17253.53,15.23,446518.93,269737.86,3665348.32,AED,22.7,Sea,07-12-2025,07-12-2025,0,Approved,Delivered,2931838
PO004593,05-08-2025,S0240,P0274,WH009,CT00047,International,961,90731.81,87193269.41,1841364.24,7.78,6783636.36,6096897.39,101915167.4,JPY,0.56,Sea,03-09-2025,03-09-2025,0,Approved,Partially Delivered,87193269.41
PO004594,25-02-2026,S0209,P0154,WH005,CT00051,International,984,31143.26,30644967.84,1156392.71,15.75,4826582.43,2763615.25,39391558.23,CNY,11.6,Road,25-03-2026,25-03-2026,0,Pending,Delivered,30644967.84
PO004595,08-02-2025,S0165,P0109,WH010,CT00558,International,71,59565.18,4229127.78,89691.27,11.55,488464.26,383287.21,5190570.52,USD,83.5,Sea,12-03-2025,12-03-2025,0,Approved,Delivered,4229127.78
PO004596,14-02-2025,S0167,P0111,WH009,CT00042,International,838,12890.75,10802448.5,204544.91,14.61,1578237.73,1069262.12,13654493.26,USD,83.5,Air,06-03-2025,09-03-2025,3,Approved,Delivered,10802448.5
PO004597,14-04-2026,S0166,P0209,WH010,CT00139,International,696,85546.28,59540210.88,1972604.85,12.29,7317491.92,3957256.77,72787564.42,EUR,90.5,Air,18-04-2026,18-04-2026,0,Approved,Partially Delivered,59540210.88
PO004598,17-03-2025,S0208,P0205,WH005,CT00289,International,389,23774.5,9248280.5,342531.26,3.37,311667.05,891642.77,10794121.58,GBP,106,Sea,06-04-2025,06-04-2025,0,Approved,Cancelled,9248280.5
PO004599,02-08-2025,S0127,P0124,WH007,CT00194,International,570,71631.35,40829869.5,658173.43,3.55,1449460.37,3339264.6,46276767.9,AED,22.7,Sea,29-08-2025,01-09-2025,3,Approved,Cancelled,40829869.5
PO004600,25-08-2025,S0185,P0226,WH006,CT00136,International,495,10333.49,5115077.55,133229.34,14.63,748335.85,506186.39,6502829.13,AED,22.7,Air,06-09-2025,11-09-2025,5,Pending,Delivered,5115077.55
PO004601,08-07-2026,S0237,P0058,WH008,CT00036,International,346,7321.48,2533232.08,54936.81,15.03,380744.78,255681.37,3224595.04,USD,83.5,Rail,07-08-2026,07-08-2026,0,Approved,Delivered,2533232.08
PO004602,07-08-2025,S0149,P0108,WH007,CT00274,International,257,41050.92,10550086.44,90815.99,5.14,542274.44,825990.89,12009167.76,SGD,62,Sea,24-08-2025,25-08-2025,1,Approved,Delivered,10550086.44
PO004603,27-03-2025,S0164,P0008,WH008,CT00266,International,573,63838.88,36579678.24,886208.01,15.8,5779589.16,4999324.57,48244799.98,SGD,62,Sea,14-04-2025,14-04-2025,0,Approved,Delivered,36579678.24
PO004604,15-08-2025,S0166,P0141,WH008,CT00139,International,700,25906.78,18134746,617375.62,9.65,1750002.99,1070242.83,21572367.44,EUR,90.5,Rail,28-08-2025,28-08-2025,0,Pending,Delivered,18134746
PO004605,02-02-2026,S0139,P0111,WH010,CT00322,International,464,14604.05,6776279.2,147784.68,3.47,235136.89,654820.14,7814020.91,AED,22.7,Sea,07-03-2026,08-03-2026,1,Approved,Partially Delivered,6776279.2
PO004606,15-07-2025,S0235,P0138,WH009,CT00167,International,810,66778.11,54090269.1,1960265.29,14.52,7853907.07,4600432.29,68504873.75,CNY,11.6,Rail,03-08-2025,05-08-2025,2,Pending,Cancelled,54090269.1
PO004607,14-03-2026,S0159,P0020,WH010,CT00535,International,840,63766.53,53563885.2,1689921.83,2.24,1199831.03,5688475.51,62142113.57,USD,83.5,Air,07-04-2026,07-04-2026,0,Approved,Delivered,53563885.2
PO004608,12-12-2025,S0230,P0099,WH005,CT00359,International,28,59629.9,1669637.2,46672.46,14.42,240761.68,170452.52,2127523.86,EUR,90.5,Rail,28-12-2025,30-12-2025,2,Approved,Delivered,1669637.2
PO004609,26-09-2025,S0152,P0081,WH010,CT00375,International,726,27337.89,19847308.14,761562.41,8.21,1629464,2096436.75,24334771.3,SGD,62,Rail,17-10-2025,19-10-2025,2,Approved,Partially Delivered,19847308.14
PO004610,22-03-2025,S0135,P0173,WH005,CT00424,International,203,35903.46,7288402.38,76930.9,12.34,899388.85,728462.23,8993184.36,EUR,90.5,Air,09-04-2025,10-04-2025,1,Pending,Cancelled,7288402.38
PO004611,26-06-2025,S0188,P0195,WH005,CT00071,International,919,58340.94,53615323.86,1483498.8,15.84,8492667.3,4503434.21,68094924.17,GBP,106,Road,11-07-2025,11-07-2025,0,Approved,Cancelled,53615323.86
PO004612,28-01-2025,S0138,P0095,WH006,CT00351,International,717,24951.25,17890046.25,648894.62,3.31,592160.53,2162182.44,21293283.84,AUD,54,Sea,26-02-2025,26-02-2025,0,Approved,Partially Delivered,17890046.25
PO004613,01-06-2026,S0192,P0183,WH007,CT00388,International,796,64903.67,51663321.32,1296802.65,10.98,5672632.68,3955902.39,62588659.04,JPY,0.56,Sea,29-06-2026,29-06-2026,0,Approved,Delivered,51663321.32
PO004614,02-06-2026,S0133,P0287,WH010,CT00090,International,619,73113.77,45257423.63,380185.64,2.36,1068075.2,2831916.48,49537600.95,EUR,90.5,Rail,23-06-2026,26-06-2026,3,Approved,Cancelled,45257423.63
PO004615,06-12-2025,S0250,P0076,WH008,CT00442,International,407,74902.78,30485431.46,525814.05,2.87,874931.88,1837432.8,33723610.19,EUR,90.5,Sea,24-12-2025,29-12-2025,5,Pending,Partially Delivered,30485431.46
PO004616,18-05-2025,S0234,P0290,WH007,CT00342,International,717,73000.56,52341401.52,2215797.82,6.12,3203293.77,3320303.53,61080796.64,AUD,54,Sea,04-06-2025,04-06-2025,0,Approved,Partially Delivered,52341401.52
PO004617,01-07-2025,S0172,P0126,WH010,CT00540,International,181,64017.64,11587192.84,325324.15,17.88,2071790.08,780711.37,14765018.44,AUD,54,Air,12-07-2025,12-07-2025,0,Pending,Cancelled,11587192.84
PO004618,31-07-2026,S0163,P0250,WH007,CT00270,International,211,62790.96,13248892.56,560446.02,10.63,1408357.28,1573704.13,16791399.99,JPY,0.56,Road,28-08-2026,28-08-2026,0,Approved,Delivered,13248892.56
PO004619,08-12-2025,S0189,P0030,WH008,CT00463,International,537,74242.93,39868453.41,1013255.65,6.95,2770857.51,2623004.86,46275571.43,EUR,90.5,Rail,26-12-2025,28-12-2025,2,Approved,Delivered,39868453.41
PO004620,11-11-2025,S0237,P0189,WH009,CT00036,International,754,53648.05,40450629.7,1174263.56,4.55,1840503.65,3300942.44,46766339.35,USD,83.5,Air,11-12-2025,11-12-2025,0,Pending,Delivered,40450629.7
PO004621,03-12-2025,S0193,P0294,WH010,CT00433,International,455,46083.52,20968001.6,549019.59,13.74,2881003.42,1373032.5,25771057.11,AUD,54,Rail,13-12-2025,13-12-2025,0,Pending,Partially Delivered,20968001.6
PO004622,25-06-2025,S0207,P0162,WH009,CT00301,International,207,64678.54,13388457.78,423895.02,16.92,2265327.06,1370291.13,17447970.99,EUR,90.5,Air,20-07-2025,22-07-2025,2,Approved,Cancelled,13388457.78
PO004623,10-05-2026,S0219,P0202,WH007,No Contract,International,463,30253.97,14007588.11,166872.45,5.48,767615.83,1477063.23,16419139.62,EUR,90.5,Sea,01-06-2026,01-06-2026,0,Approved,Cancelled,14007588.11
PO004624,28-04-2025,S0248,P0068,WH006,CT00508,International,391,4748.52,1856671.32,28235.02,11.83,219644.22,172707.44,2277258,GBP,106,Air,06-05-2025,11-05-2025,5,Approved,Delivered,1856671.32
PO004625,11-06-2025,S0150,P0130,WH008,CT00332,International,640,26818.17,17163628.8,572762.34,11.65,1999562.76,1533996.45,21269950.35,SGD,62,Sea,07-07-2025,07-07-2025,0,Approved,Delivered,17163628.8
PO004626,20-04-2026,S0216,P0030,WH007,CT00381,International,487,87394.07,42560912.09,1246066.85,15.46,6579917.01,5456161.76,55843057.71,SGD,62,Sea,17-05-2026,18-05-2026,1,Approved,Partially Delivered,42560912.09
PO004627,26-01-2025,S0237,P0214,WH008,CT00036,International,520,24107.62,12535962.4,559417.57,10.49,1315022.46,935445.27,15345847.7,USD,83.5,Road,19-02-2025,21-02-2025,2,Approved,Cancelled,12535962.4
PO004628,01-03-2026,S0183,P0117,WH007,CT00546,International,54,49767.42,2687440.68,66983.31,13.31,357698.35,305411.68,3417534.02,USD,83.5,Sea,22-03-2026,23-03-2026,1,Approved,Cancelled,2687440.68
PO004629,19-07-2025,S0192,P0084,WH006,CT00319,International,602,38608.34,23242220.68,451577.71,17.72,4118521.5,2967877.22,30780197.11,JPY,0.56,Air,20-08-2025,20-08-2025,0,Approved,Partially Delivered,23242220.68
PO004630,07-01-2025,S0188,P0271,WH005,CT00071,International,716,13755.35,9848830.6,110457.71,4.31,424484.6,1209490.83,11593263.74,GBP,106,Rail,24-01-2025,24-01-2025,0,Approved,Partially Delivered,9848830.6
PO004631,15-09-2025,S0186,P0119,WH008,CT00449,International,95,2414.89,229414.55,10087.48,9.3,21335.55,14543.49,275381.07,EUR,90.5,Rail,01-10-2025,03-10-2025,2,Pending,Delivered,229414.55
PO004632,27-12-2025,S0165,P0176,WH010,CT00558,International,866,31925.58,27647552.28,967842.76,2.99,826661.81,1928098.86,31370155.71,USD,83.5,Road,21-01-2026,21-01-2026,0,Approved,Delivered,27647552.28
PO004633,22-07-2026,S0173,P0154,WH006,CT00556,International,529,28557.36,15106843.44,390623.97,4.07,614848.53,1499623.68,17611939.62,AUD,54,Road,30-07-2026,30-07-2026,0,Approved,Partially Delivered,15106843.44
PO004634,15-12-2025,S0133,P0047,WH008,CT00273,International,518,81612.19,42275114.42,1880807.99,13.47,5694457.91,2676976.39,52527356.71,EUR,90.5,Sea,04-01-2026,06-01-2026,2,Approved,Delivered,42275114.42
PO004635,22-02-2026,S0134,P0283,WH010,CT00418,International,656,54064.11,35466056.16,1559828.42,3.22,1142007.01,3093926.49,41261818.08,GBP,106,Air,19-03-2026,20-03-2026,1,Pending,Partially Delivered,35466056.16
PO004636,20-06-2025,S0204,P0131,WH008,CT00262,International,924,25200.76,23285502.24,643925.09,17.99,4189061.85,2339148.91,30457638.09,JPY,0.56,Air,03-07-2025,04-07-2025,1,Approved,Cancelled,23285502.24
PO004637,07-05-2025,S0198,P0019,WH007,CT00567,International,142,44304.99,6291308.58,52459.26,15.05,946841.94,439762.94,7730372.72,EUR,90.5,Sea,10-06-2025,10-06-2025,0,Pending,Delivered,6291308.58
PO004638,30-05-2025,S0208,P0260,WH010,CT00295,International,537,30419.91,16335491.67,693477.12,8.77,1432622.62,1292939.63,19754531.04,GBP,106,Road,21-06-2025,24-06-2025,3,Approved,Cancelled,16335491.67
PO004639,24-04-2026,S0217,P0009,WH005,CT00440,International,433,47724.74,20664812.42,784858.94,14.8,3058392.24,1805311.2,26313374.8,USD,83.5,Sea,11-05-2026,12-05-2026,1,Approved,Partially Delivered,20664812.42
PO004640,07-04-2026,S0246,P0002,WH010,CT00237,International,698,80305.01,56052896.98,2091386.64,9.71,5442736.3,5576851.43,69163871.35,USD,83.5,Road,07-05-2026,10-05-2026,3,Approved,Partially Delivered,56052896.98
PO004641,04-12-2025,S0217,P0103,WH010,CT00440,International,961,20648.26,19842977.86,179611.54,6.69,1327495.22,2253788.64,23603873.26,USD,83.5,Sea,22-12-2025,22-12-2025,0,Pending,Delivered,19842977.86
PO004642,13-01-2025,S0204,P0195,WH006,CT00354,International,836,58349.62,48780282.32,2038318.25,15.95,7780455.03,3112908.76,61711964.36,JPY,0.56,Sea,03-02-2025,03-02-2025,0,Approved,Partially Delivered,48780282.32
PO004643,01-03-2025,S0203,P0010,WH009,CT00176,International,305,8951.82,2730305.1,34688.08,3.16,86277.64,218983.71,3070254.53,JPY,0.56,Sea,17-03-2025,25-03-2025,8,Approved,Cancelled,2730305.1
PO004644,17-03-2026,S0205,P0026,WH006,CT00491,International,29,86202.03,2499858.87,111517.68,2.41,60246.6,295793.74,2967416.89,AED,22.7,Sea,18-04-2026,19-04-2026,1,Approved,Cancelled,2499858.87
PO004645,20-06-2025,S0130,P0021,WH005,CT00257,International,453,28615.26,12962712.78,119081.8,16.5,2138847.61,791638.08,16012280.27,SGD,62,Rail,13-07-2025,13-07-2025,0,Approved,Delivered,12962712.78
PO004646,20-04-2026,S0220,P0087,WH007,CT00249,International,35,79539.96,2783898.6,112628.16,10.37,288690.28,330701.67,3515918.71,CNY,11.6,Road,23-05-2026,28-05-2026,5,Approved,Delivered,2783898.6
PO004647,12-06-2025,S0217,P0206,WH005,CT00440,International,506,79229.94,40090349.64,957584.31,15.65,6274139.72,2840534.64,50162608.31,USD,83.5,Sea,21-06-2025,22-06-2025,1,Pending,Cancelled,40090349.64
PO004648,17-03-2025,S0135,P0174,WH009,CT00296,International,909,86011.12,78184108.08,3383132.51,13.08,10226481.34,5059990.22,96853712.15,EUR,90.5,Sea,02-04-2025,02-04-2025,0,Approved,Partially Delivered,78184108.08
PO004649,22-04-2025,S0141,P0102,WH010,CT00598,International,577,52965.02,30560816.54,977934.23,9.52,2909389.73,2325083.49,36773223.99,AED,22.7,Air,29-04-2025,29-04-2025,0,Approved,Delivered,30560816.54
PO004650,20-04-2026,S0232,P0028,WH008,CT00141,International,460,15026.62,6912245.2,71952.06,4.15,286858.18,589971.83,7861027.27,AUD,54,Air,08-05-2026,08-05-2026,0,Approved,Partially Delivered,6912245.2
PO004651,11-12-2025,S0159,P0263,WH005,CT00535,International,532,71181.3,37868451.6,1554943.26,2.24,848253.32,2663272.43,42934920.61,USD,83.5,Air,12-01-2026,13-01-2026,1,Pending,Partially Delivered,37868451.6
PO004652,17-08-2025,S0204,P0228,WH005,CT00354,International,736,78502.97,57778185.92,2500545.81,14.96,8643616.61,3841754.94,72764103.28,JPY,0.56,Road,08-09-2025,08-09-2025,0,Pending,Delivered,57778185.92
PO004653,16-12-2025,S0169,P0005,WH006,CT00476,International,211,37005.79,7808221.69,335678.61,5.95,464589.19,639394.68,9247884.17,AUD,54,Rail,02-01-2026,02-01-2026,0,Approved,Delivered,7808221.69
PO004654,11-07-2026,S0224,P0094,WH009,CT00357,International,326,26848.2,8752513.2,131380.82,4.77,417494.88,517904.74,9819293.64,AUD,54,Air,23-07-2026,23-07-2026,0,Approved,Delivered,8752513.2
PO004655,19-01-2026,S0163,P0070,WH010,CT00270,International,240,76189.77,18285544.8,366934.81,2.64,482738.38,1666416.46,20801634.45,JPY,0.56,Road,23-02-2026,23-02-2026,0,Approved,Delivered,18285544.8
PO004656,12-12-2025,S0179,P0207,WH009,CT00066,International,841,32293.23,27158606.43,285670.08,9.57,2599078.64,3496307.08,33539662.23,GBP,106,Road,28-12-2025,30-12-2025,2,Pending,Cancelled,27158606.43
PO004657,10-12-2025,S0200,P0039,WH005,CT00300,International,656,18521.5,12150104,475866.43,4.82,585635.01,786305.75,13997911.19,EUR,90.5,Rail,31-12-2025,31-12-2025,0,Approved,Delivered,12150104
PO004658,09-04-2025,S0247,P0033,WH010,CT00315,International,286,48422.22,13848754.92,216815.05,4.2,581647.71,1182743.02,15829960.7,EUR,90.5,Sea,15-05-2025,15-05-2025,0,Pending,Delivered,13848754.92
PO004659,16-09-2025,S0213,P0042,WH008,CT00499,International,563,72667.4,40911746.2,1184327.18,9.06,3706604.21,4399038.82,50201716.41,AED,22.7,Sea,26-09-2025,26-09-2025,0,Approved,Cancelled,40911746.2
PO004660,06-02-2026,S0232,P0251,WH009,CT00141,International,686,39283.78,26948673.08,1168186.37,12.15,3274263.78,1857266.77,33248390,AUD,54,Sea,27-02-2026,27-02-2026,0,Approved,Partially Delivered,26948673.08
PO004661,15-06-2026,S0143,P0253,WH009,CT00396,International,625,69546.65,43466656.25,483246.56,5.96,2590612.71,4486700.58,51027216.1,JPY,0.56,Rail,28-06-2026,03-07-2026,5,Pending,Delivered,43466656.25
PO004662,09-02-2026,S0152,P0175,WH008,CT00223,International,141,6802.68,959177.88,19484.46,11.43,109634.03,61074.59,1149370.96,SGD,62,Rail,21-02-2026,24-02-2026,3,Pending,Cancelled,959177.88
PO004663,05-07-2025,S0198,P0195,WH007,CT00053,International,625,57150.16,35718850,345525.12,6.14,2193137.39,3274972.29,41532484.8,EUR,90.5,Road,08-08-2025,13-08-2025,5,Approved,Delivered,35718850
PO004664,01-03-2026,S0137,P0102,WH010,CT00240,International,314,53804.62,16894650.68,537570.6,14.17,2393972,1464940.45,21291133.73,CNY,11.6,Sea,05-04-2026,13-04-2026,8,Approved,Delivered,16894650.68
PO004665,05-04-2026,S0222,P0081,WH006,CT00382,International,268,28180.1,7552266.8,156608.63,11.39,860203.19,880526.16,9449604.78,AED,22.7,Road,30-04-2026,30-04-2026,0,Approved,Cancelled,7552266.8
PO004666,17-09-2025,S0150,P0136,WH008,CT00332,International,610,38393.7,23420157,803569.73,13.65,3196851.43,1488864.16,28909442.32,SGD,62,Road,18-10-2025,18-10-2025,0,Approved,Delivered,23420157
PO004667,30-04-2025,S0218,P0047,WH007,CT00133,International,612,91041.75,55717551,2461332.03,3.27,1821963.92,3870945.37,63871792.32,GBP,106,Rail,23-05-2025,23-05-2025,0,Approved,Partially Delivered,55717551
PO004668,16-06-2026,S0168,P0164,WH010,CT00374,International,265,85495.06,22656190.9,432992.19,3.34,756716.78,1265042.83,25110942.7,EUR,90.5,Sea,06-07-2026,06-07-2026,0,Approved,Delivered,22656190.9
PO004669,08-09-2025,S0206,P0279,WH009,CT00011,International,292,65900.78,19243027.76,371309.46,13.22,2543928.27,1948925.69,24107191.18,GBP,106,Rail,17-09-2025,17-09-2025,0,Approved,Cancelled,19243027.76
PO004670,03-06-2026,S0155,P0209,WH008,CT00369,International,700,80269.66,56188762,1411445.65,13.16,7394441.08,6825996.16,71820644.89,AUD,54,Air,09-06-2026,11-06-2026,2,Approved,Delivered,56188762
PO004671,05-10-2025,S0210,P0197,WH008,CT00264,International,891,24088.86,21463174.26,235071.97,17.6,3777518.67,2036935.4,27512700.3,EUR,90.5,Sea,20-10-2025,28-10-2025,8,Pending,Delivered,21463174.26
PO004672,14-09-2025,S0163,P0170,WH006,CT00596,International,934,66688.19,62286769.46,521778.67,5.69,3544117.18,5342732.93,71695398.24,JPY,0.56,Sea,10-10-2025,10-10-2025,0,Approved,Partially Delivered,62286769.46
PO004673,22-01-2026,S0137,P0158,WH007,CT00533,International,110,37232.66,4095592.6,35254.8,9.51,389490.86,349389.64,4869727.9,CNY,11.6,Air,24-02-2026,25-02-2026,1,Approved,Partially Delivered,4095592.6
PO004674,13-09-2025,S0195,P0123,WH005,CT00161,International,313,47983.72,15018904.36,150580.85,11.24,1688124.85,1819176.37,18676786.43,AUD,54,Rail,12-10-2025,12-10-2025,0,Approved,Cancelled,15018904.36
PO004675,27-12-2025,S0212,P0037,WH008,CT00186,International,81,32709.83,2649496.23,89336.47,6.69,177251.3,344288.11,3260372.11,AUD,54,Air,14-01-2026,14-01-2026,0,Pending,Cancelled,2649496.23
PO004676,12-05-2026,S0220,P0212,WH008,CT00188,International,479,82467.5,39501932.5,1157687.82,12.62,4985143.88,3387307.16,49032071.36,CNY,11.6,Air,19-06-2026,19-06-2026,0,Pending,Delivered,39501932.5
PO004677,25-04-2026,S0233,P0223,WH006,CT00485,International,65,2535.09,164780.85,6753.48,2.42,3987.7,20275.24,195797.27,AUD,54,Rail,14-05-2026,15-05-2026,1,Approved,Delivered,164780.85
PO004678,18-09-2025,S0133,P0138,WH006,CT00090,International,709,58947.58,41793834.22,1002685.12,2.11,881849.9,3515491.41,47193860.65,EUR,90.5,Air,12-10-2025,13-10-2025,1,Approved,Delivered,41793834.22
PO004679,16-07-2025,S0191,P0184,WH006,CT00496,International,694,77882.98,54050788.12,1098985.6,2.04,1102636.08,3033267.45,59285677.25,EUR,90.5,Sea,18-07-2025,18-07-2025,0,Approved,Delivered,54050788.12
PO004680,18-07-2026,S0155,P0208,WH009,CT00369,International,453,32949.51,14926128.03,386564.33,13.02,1943381.87,1074122.63,18330196.86,AUD,54,Sea,01-08-2026,01-08-2026,0,Approved,Delivered,14926128.03
PO004681,25-05-2025,S0144,P0060,WH009,CT00397,International,289,4855.55,1403253.95,20740.23,13.58,190561.89,183426.14,1797982.21,GBP,106,Rail,09-06-2025,11-06-2025,2,Approved,Delivered,1403253.95
PO004682,19-08-2025,S0169,P0054,WH007,CT00265,International,143,46201.55,6606821.65,196423.97,10.31,681163.31,893536.42,8377945.35,AUD,54,Rail,04-09-2025,04-09-2025,0,Pending,Delivered,6606821.65
PO004683,20-04-2026,S0164,P0235,WH007,CT00266,International,843,54035.52,45551943.36,1332551.77,16.01,7292866.13,6368865.13,60546226.39,SGD,62,Rail,12-05-2026,12-05-2026,0,Pending,Cancelled,45551943.36
PO004684,26-08-2025,S0135,P0236,WH010,CT00424,International,227,69669.86,15815058.22,220620.61,4.35,687955.03,1557089.64,18280723.5,EUR,90.5,Road,11-09-2025,11-09-2025,0,Approved,Delivered,15815058.22
PO004685,18-06-2026,S0194,P0151,WH010,CT00207,International,542,6896.19,3737734.98,86198,14.07,525899.31,361774.99,4711607.28,USD,83.5,Air,25-06-2026,03-07-2026,8,Approved,Partially Delivered,3737734.98
PO004686,13-04-2026,S0229,P0246,WH008,CT00193,International,769,76926.51,59156486.19,1484211.82,16.15,9553772.52,5971953.12,76166423.65,EUR,90.5,Rail,28-04-2026,28-04-2026,0,Approved,Cancelled,59156486.19
PO004687,11-06-2026,S0212,P0297,WH006,CT00522,International,928,22568.73,20943781.44,519409.31,17.69,3704954.94,1390753.59,26558899.28,AUD,54,Road,29-06-2026,01-07-2026,2,Approved,Delivered,20943781.44
PO004688,02-01-2026,S0195,P0293,WH007,CT00161,International,691,42372.05,29279086.55,339003.89,13.01,3809209.16,2347883.76,35775183.36,AUD,54,Air,02-02-2026,02-02-2026,0,Approved,Delivered,29279086.55
PO004689,16-04-2026,S0164,P0232,WH006,CT00266,International,750,33070.34,24802755,728627.33,6.67,1654343.76,2361351.22,29547077.31,SGD,62,Sea,12-05-2026,12-05-2026,0,Approved,Cancelled,24802755
PO004690,26-04-2026,S0240,P0233,WH005,CT00047,International,163,34949.62,5696788.06,45688.74,8.86,504735.42,351880.11,6599092.33,JPY,0.56,Road,03-06-2026,03-06-2026,0,Approved,Cancelled,5696788.06
PO004691,27-03-2025,S0141,P0212,WH005,CT00174,International,622,81650.42,50786561.24,2035517.01,4.83,2452990.91,5129103.7,60404172.86,AED,22.7,Sea,09-04-2025,12-04-2025,3,Pending,Delivered,50786561.24
PO004692,06-07-2025,S0176,P0041,WH007,CT00501,International,360,34006.06,12242181.6,98956.22,9.78,1197285.36,719260.43,14257683.61,GBP,106,Rail,22-07-2025,22-07-2025,0,Pending,Cancelled,12242181.6
PO004693,04-01-2025,S0173,P0204,WH006,CT00191,International,827,78171.47,64647805.69,2485923.07,12.16,7861173.17,4564286.22,79559188.15,AUD,54,Rail,13-01-2025,13-01-2025,0,Approved,Partially Delivered,64647805.69
PO004694,05-12-2025,S0165,P0218,WH010,CT00303,International,380,50558.21,19212119.8,287300.14,9.41,1807860.47,1920787.22,23228067.63,USD,83.5,Road,05-01-2026,06-01-2026,1,Approved,Delivered,19212119.8
PO004695,11-01-2026,S0134,P0101,WH006,CT00033,International,32,51610.2,1651526.4,37847.3,9.7,160198.06,117124.44,1966696.2,GBP,106,Air,05-02-2026,05-02-2026,0,Approved,Cancelled,1651526.4
PO004696,12-02-2025,S0191,P0023,WH010,CT00496,International,272,18590.85,5056711.2,171510.65,5.89,297840.29,526997.86,6053060,EUR,90.5,Sea,16-02-2025,16-02-2025,0,Pending,Delivered,5056711.2
PO004697,24-12-2025,S0138,P0190,WH009,CT00283,International,478,69452.48,33198285.44,636373.97,9.03,2997805.18,2330206.56,39162671.15,AUD,54,Rail,19-01-2026,31-01-2026,12,Approved,Cancelled,33198285.44
PO004698,29-05-2025,S0165,P0114,WH006,CT00558,International,701,67541.42,47346535.42,799704.79,12.48,5908847.62,5124431.57,59179519.4,USD,83.5,Rail,23-06-2025,28-06-2025,5,Approved,Partially Delivered,47346535.42
PO004699,28-06-2025,S0181,P0003,WH009,CT00099,International,956,81960.15,78353903.4,1967196.68,15.76,12348575.18,9726535.2,102396210.5,AED,22.7,Rail,12-07-2025,13-07-2025,1,Approved,Partially Delivered,78353903.4
PO004700,26-03-2025,S0208,P0208,WH007,CT00295,International,420,32783.15,13768923,178699.21,17.84,2456375.86,1674829.67,18078827.74,GBP,106,Rail,15-04-2025,15-04-2025,0,Approved,Cancelled,13768923
PO004701,21-01-2026,S0220,P0057,WH010,CT00436,International,589,40528.38,23871215.82,670859.73,6.07,1448982.8,1522732.56,27513790.91,CNY,11.6,Sea,17-02-2026,18-02-2026,1,Approved,Partially Delivered,23871215.82
PO004702,13-07-2026,S0179,P0260,WH006,CT00066,International,874,31276.69,27335827.06,822251.12,4.6,1257448.04,2010137.29,31425663.51,GBP,106,Road,31-07-2026,31-07-2026,0,Approved,Partially Delivered,27335827.06
PO004703,23-04-2026,S0179,P0196,WH008,CT00066,International,471,73488.13,34612909.23,812575.67,7.57,2620197.23,2342771.14,40388453.27,GBP,106,Road,03-05-2026,05-05-2026,2,Pending,Cancelled,34612909.23
PO004704,12-11-2025,S0171,P0024,WH009,CT00269,International,160,27102.99,4336478.4,46763.59,4.91,212921.09,303469.33,4899632.41,GBP,106,Sea,27-11-2025,28-11-2025,1,Approved,Delivered,4336478.4
PO004705,25-08-2025,S0133,P0075,WH009,CT00273,International,168,22971.11,3859146.48,106838.22,7.29,281331.78,350008.76,4597325.24,EUR,90.5,Sea,19-09-2025,22-09-2025,3,Approved,Partially Delivered,3859146.48
PO004706,28-03-2026,S0162,P0132,WH006,CT00062,International,436,29297.97,12773914.92,114818.12,16.8,2146017.71,1505296.5,16540047.25,CNY,11.6,Road,14-04-2026,16-04-2026,2,Pending,Delivered,12773914.92
PO004707,15-02-2025,S0169,P0149,WH007,CT00063,International,566,52096.06,29486369.96,579045.98,16.16,4764997.39,3763810.41,38594223.74,AUD,54,Air,03-03-2025,03-03-2025,0,Approved,Partially Delivered,29486369.96
PO004708,18-07-2025,S0215,P0164,WH009,CT00365,International,179,87251.86,15618082.94,271160.31,17.71,2765962.49,2133365.35,20788571.09,AED,22.7,Air,26-07-2025,26-07-2025,0,Approved,Cancelled,15618082.94
PO004709,22-07-2025,S0159,P0290,WH005,CT00333,International,697,73396.66,51157472.02,1957342.63,12.97,6635124.12,6995634.17,66745572.94,USD,83.5,Road,16-08-2025,17-08-2025,1,Approved,Cancelled,51157472.02
PO004710,13-08-2025,S0198,P0080,WH010,CT00567,International,434,37570.43,16305566.62,531454.29,10.85,1769153.98,1951649.89,20557824.78,EUR,90.5,Air,14-09-2025,15-09-2025,1,Approved,Cancelled,16305566.62
PO004711,19-03-2025,S0249,P0133,WH005,CT00466,International,63,70001.15,4410072.45,144408.09,3.43,151265.49,339278.82,5045024.85,GBP,106,Road,30-03-2025,30-03-2025,0,Approved,Partially Delivered,4410072.45
PO004712,09-05-2025,S0172,P0177,WH010,CT00540,International,978,57493.33,56228476.74,490812.42,5.07,2850783.77,4226647.76,63796720.69,AUD,54,Sea,26-05-2025,26-05-2025,0,Approved,Cancelled,56228476.74
PO004713,08-01-2025,S0137,P0129,WH007,CT00240,International,362,20523.04,7429340.48,62664.94,14.9,1106971.73,444080.78,9043057.93,CNY,11.6,Sea,14-02-2025,15-02-2025,1,Approved,Delivered,7429340.48
PO004714,01-05-2025,S0246,P0290,WH010,CT00237,International,586,69234.92,40571663.12,1777606.06,8.23,3339047.87,4752002.35,50440319.4,USD,83.5,Road,30-05-2025,30-05-2025,0,Approved,Partially Delivered,40571663.12
PO004715,28-08-2025,S0222,P0247,WH007,CT00356,International,674,30176.43,20338913.82,420157.23,9.8,1993213.55,1405132.64,24157417.24,AED,22.7,Road,24-09-2025,26-09-2025,2,Approved,Delivered,20338913.82
PO004716,22-06-2026,S0140,P0122,WH010,CT00512,International,406,53579.4,21753236.4,469580.06,5.95,1294317.57,2509809.46,26026943.49,JPY,0.56,Road,15-07-2026,16-07-2026,1,Approved,Cancelled,21753236.4
PO004717,21-08-2025,S0140,P0288,WH010,CT00220,International,97,35970.74,3489161.78,113113.06,17.85,622815.38,220964.61,4446054.83,JPY,0.56,Rail,13-09-2025,13-09-2025,0,Approved,Partially Delivered,3489161.78
PO004718,02-05-2026,S0195,P0241,WH007,CT00161,International,782,27246.88,21307060.16,259396.73,9.13,1945334.59,1357322.13,24869113.61,AUD,54,Rail,01-06-2026,03-06-2026,2,Approved,Cancelled,21307060.16
PO004719,19-06-2026,S0234,P0002,WH005,CT00342,International,897,80734.45,72418801.65,2676347.02,13.77,9972068.99,7627182.93,92694400.59,AUD,54,Rail,05-07-2026,05-07-2026,0,Approved,Delivered,72418801.65
PO004720,06-04-2026,S0216,P0115,WH009,CT00316,International,670,32200.79,21574529.3,684920.74,14.67,3164983.45,1485204.14,26909637.63,SGD,62,Air,09-05-2026,09-05-2026,0,Approved,Cancelled,21574529.3
PO004721,17-03-2026,S0147,P0159,WH010,CT00079,International,597,29809.28,17796140.16,369668.02,13.06,2324175.9,2304562.7,22794546.78,EUR,90.5,Sea,01-04-2026,01-04-2026,0,Approved,Cancelled,17796140.16
PO004722,26-11-2025,S0242,P0034,WH008,CT00559,International,285,42310.93,12058615.05,328934.84,15.34,1849791.55,1143167.37,15380508.81,EUR,90.5,Rail,30-12-2025,30-12-2025,0,Approved,Partially Delivered,12058615.05
PO004723,03-03-2026,S0161,P0090,WH009,CT00548,International,72,86389.91,6220073.52,135818.71,13.02,809853.57,514819.2,7680565,AED,22.7,Sea,27-03-2026,27-03-2026,0,Approved,Delivered,6220073.52
PO004724,22-02-2026,S0228,P0110,WH008,CT00148,International,953,18551.14,17679236.42,234854.56,7.82,1382516.29,1928295.21,21224902.48,SGD,62,Sea,17-03-2026,17-03-2026,0,Approved,Cancelled,17679236.42
PO004725,30-06-2026,S0141,P0050,WH005,CT00121,International,368,38993.96,14349777.28,267072.03,4.3,617040.42,914642.91,16148532.64,AED,22.7,Road,09-07-2026,09-07-2026,0,Approved,Cancelled,14349777.28
PO004726,02-05-2025,S0241,P0257,WH006,CT00008,International,709,66967.21,47479751.89,1705983.24,13.43,6376530.68,2818034.61,58380300.42,CNY,11.6,Air,15-05-2025,15-05-2025,0,Approved,Cancelled,47479751.89
PO004727,07-09-2025,S0224,P0242,WH010,CT00023,International,959,12279.21,11775762.39,472165.68,15.89,1871168.64,1266313.45,15385410.16,AUD,54,Rail,21-09-2025,21-09-2025,0,Approved,Partially Delivered,11775762.39
PO004728,07-06-2026,S0143,P0031,WH008,CT00531,International,584,13961.01,8153229.84,70091.67,2.54,207092.04,835758.17,9266171.72,JPY,0.56,Air,17-06-2026,19-06-2026,2,Pending,Cancelled,8153229.84
PO004729,23-03-2026,S0216,P0023,WH005,CT00381,International,184,17827.89,3280331.76,89937.43,3.6,118091.94,261643.34,3750004.47,SGD,62,Sea,15-04-2026,20-04-2026,5,Approved,Partially Delivered,3280331.76
PO004730,09-11-2025,S0211,P0149,WH008,CT00395,International,662,50563.45,33473003.9,731407.52,11.34,3795838.64,2758296.35,40758546.41,AED,22.7,Road,20-11-2025,28-11-2025,8,Approved,Cancelled,33473003.9
PO004731,13-10-2025,S0170,P0206,WH005,CT00122,International,862,84181.21,72564203.02,1294574.15,5.31,3853159.18,9024853.76,86736790.11,JPY,0.56,Sea,26-10-2025,26-10-2025,0,Approved,Cancelled,72564203.02
PO004732,15-07-2026,S0195,P0084,WH008,CT00161,International,604,37426.55,22605636.2,571643.9,9.44,2133972.06,2102597.82,27413849.98,AUD,54,Sea,16-08-2026,19-08-2026,3,Approved,Cancelled,22605636.2
PO004733,17-02-2025,S0233,P0149,WH010,CT00178,International,876,51583.34,45187005.84,623904.74,11.39,5146799.97,5547614.29,56505324.84,AUD,54,Rail,06-03-2025,08-03-2025,2,Pending,Cancelled,45187005.84
PO004734,11-01-2026,S0219,P0197,WH006,No Contract,International,278,25747.91,7157918.98,143291.67,2.58,184674.31,467118.59,7953003.55,EUR,90.5,Air,27-01-2026,30-01-2026,3,Approved,Partially Delivered,7157918.98
PO004735,27-10-2025,S0227,P0086,WH010,No Contract,International,837,44268.11,37052408.07,210585.11,15.87,5880217.16,2931920.3,46075130.64,EUR,90.5,Rail,02-11-2025,02-11-2025,0,Approved,Delivered,37052408.07
PO004736,03-04-2025,S0233,P0120,WH006,CT00171,International,553,83304.51,46067394.03,707096.87,4.52,2082246.21,3541454.59,52398191.7,AUD,54,Road,23-04-2025,26-04-2025,3,Pending,Cancelled,46067394.03
PO004737,17-01-2026,S0235,P0119,WH010,CT00167,International,547,2281.13,1247778.11,35387.43,2.27,28324.56,92143.98,1403634.08,CNY,11.6,Road,09-02-2026,10-02-2026,1,Approved,Delivered,1247778.11
PO004738,06-06-2025,S0218,P0079,WH010,CT00133,International,893,44149.8,39425771.4,1499884.48,13.04,5141120.59,5499518.5,51566294.97,GBP,106,Sea,25-06-2025,25-06-2025,0,Approved,Delivered,39425771.4
PO004739,20-06-2025,S0227,P0051,WH005,No Contract,International,343,5178.99,1776393.57,32136.29,2.2,39080.66,200769.1,2048379.62,EUR,90.5,Rail,01-07-2025,01-07-2025,0,Approved,Delivered,1776393.57
PO004740,24-07-2025,S0137,P0105,WH007,CT00533,International,200,10711.9,2142380,92618.32,4.27,91479.63,138372.38,2464850.33,CNY,11.6,Sea,28-08-2025,28-08-2025,0,Approved,Delivered,2142380
PO004741,14-05-2025,S0216,P0051,WH005,CT00381,International,727,5438.68,3953920.36,96348.42,16.26,642907.45,347189.84,5040366.07,SGD,62,Sea,10-06-2025,11-06-2025,1,Approved,Partially Delivered,3953920.36
PO004742,12-08-2025,S0172,P0277,WH007,CT00540,International,420,76650.97,32193407.4,681892.57,8.15,2623762.7,3349449.81,38848512.48,AUD,54,Air,24-08-2025,24-08-2025,0,Approved,Partially Delivered,32193407.4
PO004743,10-06-2025,S0238,P0234,WH008,CT00073,International,907,23017.49,20876863.43,697394.02,17.48,3649275.73,1267128.46,26490661.64,CNY,11.6,Rail,30-06-2025,30-06-2025,0,Approved,Delivered,20876863.43
PO004744,16-07-2026,S0196,P0043,WH009,CT00475,International,195,21573.48,4206828.6,100089.2,12.98,546046.35,377786.96,5230751.11,EUR,90.5,Rail,08-08-2026,09-08-2026,1,Approved,Partially Delivered,4206828.6
PO004745,27-09-2025,S0239,P0085,WH010,CT00291,International,985,59124.31,58237445.35,1704037.92,11.33,6598302.56,3810907.72,70350693.55,SGD,62,Road,09-10-2025,09-10-2025,0,Approved,Partially Delivered,58237445.35
PO004746,12-02-2025,S0204,P0045,WH009,CT00354,International,879,51631.79,45384343.41,515387.86,12.84,5827349.69,4042987.26,55770068.22,JPY,0.56,Road,02-03-2025,03-03-2025,1,Approved,Delivered,45384343.41
PO004747,26-07-2025,S0176,P0051,WH009,CT00501,International,410,4921.41,2017778.1,60937.87,3.77,76070.23,181316.42,2336102.62,GBP,106,Sea,18-08-2025,18-08-2025,0,Approved,Delivered,2017778.1
PO004748,05-10-2025,S0234,P0061,WH010,CT00413,International,272,39053.43,10622532.96,175695.71,16.57,1760153.71,703520.89,13261903.27,AUD,54,Road,18-10-2025,23-10-2025,5,Approved,Partially Delivered,10622532.96
PO004749,31-05-2026,S0161,P0169,WH007,CT00548,International,803,81335.87,65312703.61,525462.39,3.01,1965912.38,7301698.21,75105776.59,AED,22.7,Sea,25-06-2026,26-06-2026,1,Approved,Delivered,65312703.61
PO004750,16-03-2025,S0161,P0283,WH007,CT00548,International,552,56912.8,31415865.6,1255371.34,9.15,2874551.7,4070917.47,39616706.11,AED,22.7,Rail,09-04-2025,09-04-2025,0,Approved,Partially Delivered,31415865.6
PO004751,24-01-2026,S0214,P0277,WH006,CT00528,International,943,70636.4,66610125.2,1402645.72,8.45,5628555.58,3911422.15,77552748.65,EUR,90.5,Sea,17-02-2026,17-02-2026,0,Approved,Delivered,66610125.2
PO004752,13-02-2025,S0248,P0134,WH008,CT00591,International,301,14630.76,4403858.76,189484.33,11.93,525380.35,347177.25,5465900.69,GBP,106,Rail,24-02-2025,25-02-2025,1,Pending,Partially Delivered,4403858.76
PO004753,05-03-2025,S0145,P0168,WH008,CT00275,International,468,75408,35290944,191421.44,17.61,6214735.24,3206171.41,44903272.09,AED,22.7,Sea,23-03-2025,23-03-2025,0,Pending,Delivered,35290944
PO004754,21-12-2025,S0189,P0126,WH005,CT00463,International,196,54555.29,10692836.84,317674.09,12.66,1353713.14,754659.32,13118883.39,EUR,90.5,Road,13-01-2026,21-01-2026,8,Approved,Cancelled,10692836.84
PO004755,16-12-2025,S0231,P0294,WH008,CT00570,International,250,45735.18,11433795,312359.45,16.46,1882002.66,1585816.06,15213973.17,SGD,62,Air,02-01-2026,02-01-2026,0,Approved,Partially Delivered,11433795
PO004756,15-07-2026,S0199,P0198,WH010,CT00302,International,46,63809.63,2935242.98,15129.2,16.94,497230.16,351637.02,3799239.36,EUR,90.5,Road,14-08-2026,17-08-2026,3,Approved,Delivered,2935242.98
PO004757,22-09-2025,S0163,P0290,WH010,CT00596,International,995,77723.77,77335151.15,573174.84,16.68,12899503.21,7667417.96,98475247.16,JPY,0.56,Air,23-10-2025,31-10-2025,8,Approved,Delivered,77335151.15
PO004758,25-03-2025,S0217,P0273,WH008,CT00440,International,400,73208.61,29283444,362130.01,16.87,4940117,2507441.24,37093132.25,USD,83.5,Air,09-04-2025,11-04-2025,2,Approved,Cancelled,29283444
PO004759,30-04-2026,S0132,P0106,WH010,CT00447,International,55,15773.6,867548,26083.14,10.72,93001.15,80609.19,1067241.48,JPY,0.56,Sea,09-05-2026,10-05-2026,1,Approved,Delivered,867548
PO004760,14-04-2025,S0223,P0081,WH010,No Contract,International,70,27546.53,1928257.1,83332.19,10.32,198996.13,166901.13,2377486.55,AED,22.7,Sea,21-04-2025,23-04-2025,2,Approved,Partially Delivered,1928257.1
PO004761,27-08-2025,S0217,P0037,WH006,CT00440,International,701,30703.91,21523440.91,952619.35,7.26,1562601.81,2009133.96,26047796.03,USD,83.5,Sea,11-09-2025,19-09-2025,8,Approved,Cancelled,21523440.91
PO004762,27-01-2026,S0134,P0093,WH010,CT00195,International,800,44214.78,35371824,750848.04,10.51,3717578.7,3403012.6,43243263.34,GBP,106,Rail,20-02-2026,22-02-2026,2,Approved,Partially Delivered,35371824
PO004763,22-09-2025,S0246,P0129,WH008,CT00331,International,370,19096.64,7065756.8,310234.17,13.81,975781.01,898359.38,9250131.36,USD,83.5,Sea,23-10-2025,24-10-2025,1,Approved,Delivered,7065756.8
PO004764,22-01-2026,S0131,P0087,WH009,CT00401,International,498,80842.24,40259435.52,771423.42,10.29,4142695.92,2595345.07,47768899.93,GBP,106,Road,16-02-2026,21-02-2026,5,Pending,Delivered,40259435.52
PO004765,12-08-2025,S0246,P0042,WH007,CT00237,International,861,65856.52,56702463.72,1161977.53,14.02,7949685.41,4915342.16,70729468.82,USD,83.5,Rail,11-09-2025,11-09-2025,0,Approved,Delivered,56702463.72
PO004766,14-08-2025,S0145,P0135,WH007,CT00275,International,68,60657.76,4124727.68,77228.66,15.26,629433.44,250774.43,5082164.21,AED,22.7,Road,02-09-2025,02-09-2025,0,Approved,Cancelled,4124727.68
PO004767,29-07-2026,S0187,P0216,WH008,CT00093,International,586,53953.01,31616463.86,466905.01,17.1,5406415.32,4141595.03,41631379.22,AED,22.7,Rail,12-08-2026,13-08-2026,1,Approved,Cancelled,31616463.86
PO004768,26-05-2025,S0244,P0200,WH007,CT00414,International,715,73889.95,52831314.25,317330.99,10.64,5621251.84,3753973.28,62523870.36,EUR,90.5,Air,17-06-2025,18-06-2025,1,Approved,Delivered,52831314.25
PO004769,06-05-2026,S0246,P0230,WH009,CT00331,International,860,57396,49360560,998938.71,8.49,4190711.54,5861276.62,60411486.87,USD,83.5,Road,03-06-2026,06-06-2026,3,Approved,Cancelled,49360560
PO004770,09-07-2026,S0162,P0016,WH006,CT00062,International,720,89934.9,64753128,1728732.65,3.31,2143328.54,3934547.42,72559736.61,CNY,11.6,Road,25-07-2026,26-07-2026,1,Approved,Delivered,64753128
PO004771,22-12-2025,S0187,P0075,WH010,CT00068,International,250,20359.11,5089777.5,146129.36,2.24,114011.02,593358.11,5943275.99,AED,22.7,Sea,14-01-2026,14-01-2026,0,Approved,Cancelled,5089777.5
PO004772,13-07-2025,S0171,P0288,WH008,CT00269,International,953,34242.62,32633216.86,359629.56,16.67,5439957.25,2833112.68,41265916.35,GBP,106,Sea,24-07-2025,24-07-2025,0,Pending,Cancelled,32633216.86
PO004773,22-04-2026,S0159,P0263,WH008,CT00333,International,937,84175.99,78872902.63,1798518.82,10.06,7934614,9690345.39,98296380.84,USD,83.5,Sea,24-05-2026,24-05-2026,0,Approved,Delivered,78872902.63
PO004774,01-09-2025,S0152,P0212,WH009,CT00223,International,173,77749.76,13450708.48,378736.77,8.15,1096232.74,1366197.98,16291875.97,SGD,62,Air,13-09-2025,14-09-2025,1,Approved,Delivered,13450708.48
PO004775,10-07-2026,S0140,P0231,WH008,CT00363,International,477,41607.84,19846939.68,373649.53,10.24,2032326.62,1811771.39,24064687.22,JPY,0.56,Road,30-07-2026,30-07-2026,0,Approved,Delivered,19846939.68
PO004776,11-05-2026,S0139,P0070,WH009,CT00322,International,818,80850.87,66136011.66,373405.27,8.86,5859650.63,8638671.72,81007739.28,AED,22.7,Sea,14-06-2026,14-06-2026,0,Approved,Cancelled,66136011.66
PO004777,03-07-2026,S0162,P0187,WH007,CT00062,International,649,37142.05,24105190.45,856182.3,2.6,626734.95,2219245.35,27807353.05,CNY,11.6,Rail,19-07-2026,21-07-2026,2,Pending,Partially Delivered,24105190.45
PO004778,20-03-2025,S0242,P0102,WH009,CT00049,International,441,58088.81,25617165.21,700093.6,7.64,1957151.42,1949584.16,30223994.39,EUR,90.5,Air,19-04-2025,01-05-2025,12,Pending,Delivered,25617165.21
PO004779,28-07-2025,S0134,P0225,WH007,CT00349,International,275,74949.99,20611247.25,402744.46,15.85,3266882.69,1942026.37,26222900.77,GBP,106,Road,25-08-2025,06-09-2025,12,Approved,Delivered,20611247.25
PO004780,21-04-2026,S0191,P0143,WH010,CT00496,International,99,78668.14,7788145.86,173317.01,12.42,967287.72,1007119.15,9935869.74,EUR,90.5,Rail,03-05-2026,03-05-2026,0,Approved,Delivered,7788145.86
PO004781,29-12-2025,S0217,P0049,WH005,CT00440,International,770,28958.63,22298145.1,197996.7,11.95,2664628.34,2478051.77,27638821.91,USD,83.5,Air,11-01-2026,16-01-2026,5,Pending,Partially Delivered,22298145.1
PO004782,27-04-2026,S0242,P0035,WH006,CT00559,International,55,52236.19,2872990.45,124581.27,6.55,188180.87,215701.19,3401453.78,EUR,90.5,Rail,02-06-2026,10-06-2026,8,Pending,Delivered,2872990.45
PO004783,03-10-2025,S0216,P0151,WH006,CT00316,International,93,7296.24,678550.32,22409.02,12.21,82850.99,90704.41,874514.74,SGD,62,Sea,04-11-2025,04-11-2025,0,Approved,Delivered,678550.32
PO004784,22-10-2025,S0127,P0261,WH007,CT00104,International,286,6257.24,1789570.64,51660.23,17.83,319080.45,146068.74,2306380.06,AED,22.7,Rail,19-11-2025,24-11-2025,5,Pending,Partially Delivered,1789570.64
PO004785,08-02-2025,S0157,P0073,WH007,CT00534,International,129,32566.13,4201030.77,21907.75,4.11,172662.36,248146.97,4643747.85,AUD,54,Sea,28-02-2025,28-02-2025,0,Pending,Delivered,4201030.77
PO004786,14-11-2025,S0214,P0089,WH007,CT00489,International,460,33728.36,15515045.6,252968.78,4.25,659389.44,1564352.25,17991756.07,EUR,90.5,Sea,02-12-2025,02-12-2025,0,Approved,Partially Delivered,15515045.6
PO004787,24-06-2025,S0208,P0002,WH009,CT00289,International,241,76961.5,18547721.5,563968.03,17.05,3162386.52,2328351.2,24602427.25,GBP,106,Road,14-07-2025,19-07-2025,5,Approved,Delivered,18547721.5
PO004788,11-05-2025,S0158,P0206,WH006,CT00015,International,179,71261.65,12755835.35,239783.21,14.18,1808777.45,1629045.5,16433441.51,EUR,90.5,Road,04-06-2025,12-06-2025,8,Approved,Delivered,12755835.35
PO004789,15-05-2025,S0139,P0135,WH007,CT00024,International,974,63543.76,61891622.24,1843306.43,3.66,2265233.37,4284926.92,70285088.96,AED,22.7,Sea,14-06-2025,14-06-2025,0,Pending,Delivered,61891622.24
PO004790,01-10-2025,S0233,P0240,WH008,CT00178,International,546,79586.52,43454239.92,257808.07,12.7,5518688.47,3918473.99,53149210.45,AUD,54,Road,25-10-2025,25-10-2025,0,Approved,Delivered,43454239.92
PO004791,30-06-2026,S0224,P0207,WH009,CT00467,International,390,30858.85,12034951.5,452969.64,7.36,885772.43,1451621.51,14825315.08,AUD,54,Road,11-07-2026,12-07-2026,1,Pending,Delivered,12034951.5
PO004792,31-05-2026,S0150,P0185,WH006,CT00018,International,441,54794.72,24164471.52,610713.13,3.28,792594.67,1934780.79,27502560.11,SGD,62,Rail,28-06-2026,30-06-2026,2,Pending,Cancelled,24164471.52
PO004793,08-04-2026,S0142,P0150,WH010,CT00281,International,828,68348.93,56592914.04,1483008.92,17.98,10175405.94,7402223.09,75653551.99,JPY,0.56,Sea,02-05-2026,03-05-2026,1,Approved,Partially Delivered,56592914.04
PO004794,19-06-2025,S0146,P0194,WH005,CT00245,International,332,72385.79,24032082.28,828955.26,10.4,2499336.56,2485562.21,29845936.31,EUR,90.5,Rail,15-07-2025,15-07-2025,0,Approved,Delivered,24032082.28
PO004795,29-06-2025,S0195,P0206,WH006,CT00161,International,983,82368.28,80968019.24,2363373.02,2.9,2348072.56,9452023.54,95131488.36,AUD,54,Rail,29-07-2025,30-07-2025,1,Approved,Cancelled,80968019.24
PO004796,03-07-2026,S0136,P0076,WH006,CT00087,International,397,66019.21,26209626.37,1157542.55,13.93,3651000.95,3156642.26,34174812.13,EUR,90.5,Road,03-08-2026,04-08-2026,1,Pending,Delivered,26209626.37
PO004797,22-01-2026,S0160,P0080,WH005,CT00338,International,174,39525.23,6877390.02,88264.54,13.04,896811.66,772492,8634958.22,CNY,11.6,Rail,06-02-2026,06-02-2026,0,Approved,Delivered,6877390.02
PO004798,07-11-2025,S0157,P0145,WH009,CT00022,International,175,63607.69,11131345.75,314734.66,7.74,861566.16,931893.8,13239540.37,AUD,54,Road,29-11-2025,29-11-2025,0,Approved,Partially Delivered,11131345.75
PO004799,07-07-2025,S0214,P0239,WH008,CT00489,International,798,48342.38,38577219.24,1612979.55,11.98,4621550.86,3665146.09,48476895.74,EUR,90.5,Road,28-07-2025,28-07-2025,0,Pending,Cancelled,38577219.24
PO004800,06-04-2025,S0128,P0033,WH010,CT00337,International,684,48692.26,33305505.84,177597.45,11.36,3783505.46,3357336.51,40623945.26,AUD,54,Sea,04-05-2025,04-05-2025,0,Pending,Cancelled,33305505.84
PO004801,12-03-2026,S0198,P0072,WH010,CT00053,International,574,6225.25,3573293.5,147073.9,13.01,464885.48,340656.81,4525909.69,EUR,90.5,Sea,10-04-2026,10-04-2026,0,Approved,Partially Delivered,3573293.5
PO004802,19-02-2025,S0152,P0164,WH005,CT00375,International,868,74341.65,64528552.2,2048961.41,6.5,4194355.89,4486152,75258021.5,SGD,62,Air,05-03-2025,05-03-2025,0,Pending,Partially Delivered,64528552.2
PO004803,02-07-2026,S0161,P0245,WH006,CT00548,International,848,48624.9,41233915.2,822893.76,13.41,5529468.03,3109957.9,50696234.89,AED,22.7,Air,23-07-2026,23-07-2026,0,Approved,Delivered,41233915.2
PO004804,05-06-2025,S0221,P0169,WH010,CT00244,International,739,71444.96,52797825.44,1264467.8,12.88,6800359.92,6939320.8,67801973.96,EUR,90.5,Sea,30-06-2025,30-06-2025,0,Approved,Partially Delivered,52797825.44
PO004805,20-04-2026,S0135,P0265,WH006,CT00259,International,66,31763.12,2096365.92,91673.15,11.78,246951.91,199582.83,2634573.81,EUR,90.5,Sea,08-05-2026,09-05-2026,1,Approved,Delivered,2096365.92
PO004806,07-11-2025,S0195,P0101,WH009,CT00161,International,244,53848.7,13139082.8,305685.02,2.39,314024.08,1381506.56,15140298.46,AUD,54,Air,07-12-2025,07-12-2025,0,Pending,Partially Delivered,13139082.8
PO004807,07-01-2026,S0214,P0271,WH009,CT00528,International,269,13104.11,3525005.59,37121.92,15.26,537915.85,207185.47,4307228.83,EUR,90.5,Road,28-01-2026,28-01-2026,0,Approved,Partially Delivered,3525005.59
PO004808,23-05-2026,S0155,P0002,WH009,CT00526,International,382,84481.02,32271749.64,203867.4,5.86,1891124.53,3716868.62,38083610.19,AUD,54,Air,05-06-2026,07-06-2026,2,Pending,Delivered,32271749.64
PO004809,24-07-2026,S0209,P0242,WH008,CT00352,International,673,12543.91,8442051.43,325436.25,7.03,593476.22,547422.81,9908386.71,CNY,11.6,Sea,27-08-2026,27-08-2026,0,Approved,Delivered,8442051.43
PO004810,27-09-2025,S0135,P0035,WH005,CT00296,International,556,56069.8,31174808.8,194627.23,12,3740977.06,4129415.23,39239828.32,EUR,90.5,Air,16-10-2025,16-10-2025,0,Approved,Cancelled,31174808.8
PO004811,10-11-2025,S0198,P0219,WH009,CT00588,International,155,84512.72,13099471.6,281917.61,10.45,1368894.78,1110301.83,15860585.82,EUR,90.5,Sea,05-12-2025,05-12-2025,0,Approved,Partially Delivered,13099471.6
PO004812,26-09-2025,S0186,P0240,WH007,CT00449,International,145,85199.69,12353955.05,81230.6,13.26,1638134.44,1063185.23,15136505.32,EUR,90.5,Sea,22-10-2025,22-10-2025,0,Approved,Partially Delivered,12353955.05
PO004813,20-06-2025,S0137,P0247,WH009,CT00240,International,483,33818.3,16334238.9,260865.71,11.54,1884971.17,2008178.01,20488253.79,CNY,11.6,Air,17-07-2025,17-07-2025,0,Approved,Partially Delivered,16334238.9
PO004814,31-03-2026,S0144,P0130,WH008,CT00016,International,103,25083.87,2583638.61,36038.9,5.5,142100.12,138106.44,2899884.07,GBP,106,Sea,20-04-2026,20-04-2026,0,Pending,Cancelled,2583638.61
PO004815,03-08-2026,S0188,P0170,WH007,CT00084,International,613,68310.94,41874606.22,1063765.07,3.16,1323237.56,3515158.72,47776767.57,GBP,106,Rail,16-08-2026,16-08-2026,0,Approved,Partially Delivered,41874606.22
PO004816,19-06-2026,S0141,P0066,WH008,CT00598,International,635,43114.19,27377510.65,1163222.33,8.84,2420171.94,1693167.9,32654072.82,AED,22.7,Air,05-07-2026,05-07-2026,0,Pending,Delivered,27377510.65
PO004817,08-10-2025,S0156,P0118,WH006,CT00181,International,813,84382.94,68603330.22,2473682.91,13.36,9165404.92,4552614.12,84795032.17,CNY,11.6,Road,23-10-2025,24-10-2025,1,Approved,Delivered,68603330.22
PO004818,27-01-2026,S0171,P0072,WH010,CT00269,International,286,6158.69,1761385.34,48763.88,8.85,155882.6,193676.98,2159708.8,GBP,106,Sea,12-02-2026,13-02-2026,1,Approved,Delivered,1761385.34
PO004819,28-03-2026,S0244,P0021,WH005,CT00566,International,206,24867.9,5122787.4,61512.18,4.77,244356.96,378230.32,5806886.86,EUR,90.5,Sea,16-04-2026,16-04-2026,0,Approved,Delivered,5122787.4
PO004820,27-08-2025,S0174,P0293,WH005,CT00519,International,78,48831.49,3808856.22,32519.63,11.2,426591.9,399713.77,4667681.52,SGD,62,Road,26-09-2025,01-10-2025,5,Pending,Cancelled,3808856.22
PO004821,18-03-2025,S0126,P0071,WH006,CT00452,International,561,38111.1,21380327.1,343980.47,12.07,2580605.48,2864171.71,27169084.76,EUR,90.5,Air,28-03-2025,28-03-2025,0,Approved,Delivered,21380327.1
PO004822,31-03-2026,S0240,P0036,WH007,CT00047,International,277,90784.07,25147187.39,948877.08,4.92,1237241.62,2451692.38,29784998.47,JPY,0.56,Road,05-05-2026,05-05-2026,0,Approved,Cancelled,25147187.39
PO004823,01-01-2025,S0196,P0110,WH010,CT00212,International,495,17201.19,8514589.05,215432.74,9.87,840389.94,559273.87,10129685.6,EUR,90.5,Rail,26-01-2025,26-01-2025,0,Approved,Delivered,8514589.05
PO004824,10-10-2025,S0211,P0017,WH010,CT00395,International,115,66936.07,7697648.05,71078.32,17.53,1349397.7,941603.28,10059727.35,AED,22.7,Air,17-10-2025,17-10-2025,0,Pending,Delivered,7697648.05
PO004825,12-02-2026,S0146,P0001,WH005,CT00560,International,650,46570.58,30270877,768806.38,2.99,905099.22,3689364.76,35634147.36,EUR,90.5,Rail,14-03-2026,14-03-2026,0,Approved,Cancelled,30270877
PO004826,17-03-2025,S0144,P0021,WH007,CT00030,International,417,24466.53,10202543.01,384834.42,12.66,1291641.95,1387690.92,13266710.3,GBP,106,Road,05-04-2025,05-04-2025,0,Approved,Partially Delivered,10202543.01
PO004827,14-06-2026,S0231,P0177,WH007,CT00029,International,890,57193.09,50901850.1,431751.86,13.88,7065176.79,4823909.54,63222688.29,SGD,62,Air,01-07-2026,01-07-2026,0,Pending,Partially Delivered,50901850.1
PO004828,19-03-2025,S0141,P0164,WH010,CT00121,International,157,81049.08,12724705.56,323489.26,2.83,360109.17,877778.07,14286082.06,AED,22.7,Sea,02-04-2025,02-04-2025,0,Approved,Delivered,12724705.56
PO004829,05-02-2025,S0165,P0070,WH009,CT00303,International,126,75633.99,9529882.74,364036.58,2.48,236341.09,1132401,11262661.41,USD,83.5,Rail,04-03-2025,04-03-2025,0,Pending,Delivered,9529882.74
PO004830,15-06-2026,S0203,P0164,WH010,CT00454,International,546,73087.4,39905720.4,1227583.46,4.77,1903502.86,4574403.82,47611210.54,JPY,0.56,Air,26-06-2026,26-06-2026,0,Approved,Cancelled,39905720.4
PO004831,07-04-2025,S0218,P0157,WH007,CT00074,International,473,20403.84,9651016.32,368274.49,13.89,1340526.17,572630.73,11932447.71,GBP,106,Sea,25-04-2025,25-04-2025,0,Approved,Cancelled,9651016.32
PO004832,10-05-2025,S0156,P0276,WH005,CT00181,International,78,76215.12,5944779.36,71205.59,16.04,953542.61,806823.18,7776350.74,CNY,11.6,Road,21-05-2025,21-05-2025,0,Approved,Delivered,5944779.36
PO004833,16-03-2025,S0146,P0142,WH009,CT00564,International,76,50869.3,3866066.8,110086,4.94,190983.7,252842.5,4419979,EUR,90.5,Sea,17-04-2025,17-04-2025,0,Approved,Cancelled,3866066.8
PO004834,03-02-2026,S0149,P0020,WH006,CT00253,International,322,62810.47,20224971.34,733975.68,12.88,2604976.31,1815769.2,25379692.53,SGD,62,Sea,03-03-2026,03-03-2026,0,Pending,Delivered,20224971.34
PO004835,21-01-2026,S0217,P0072,WH008,CT00440,International,389,7213.67,2806117.63,87698.66,9.11,255637.32,328164.82,3477618.43,USD,83.5,Sea,03-02-2026,03-02-2026,0,Pending,Cancelled,2806117.63
PO004836,09-05-2026,S0243,P0202,WH009,CT00263,International,843,33934.89,28607112.27,727753.94,16.45,4705869.97,2989135.89,37029872.07,CNY,11.6,Rail,31-05-2026,31-05-2026,0,Approved,Delivered,28607112.27
PO004837,22-08-2025,S0148,P0022,WH009,CT00353,International,859,69564.97,59756309.23,1287304.53,8.58,5127091.33,6934453.01,73105158.1,AED,22.7,Sea,18-09-2025,18-09-2025,0,Approved,Delivered,59756309.23
PO004838,12-02-2025,S0186,P0150,WH006,CT00420,International,93,64030.39,5954826.27,192567.55,2.01,119692.01,710493.03,6977578.86,EUR,90.5,Sea,28-02-2025,01-03-2025,1,Pending,Delivered,5954826.27
PO004839,22-03-2025,S0187,P0155,WH005,CT00168,International,76,42849.56,3256566.56,65771.49,9.43,307094.23,224030.35,3853462.63,AED,22.7,Sea,16-04-2025,16-04-2025,0,Approved,Delivered,3256566.56
PO004840,16-10-2025,S0167,P0073,WH009,CT00067,International,733,32096.09,23526433.97,657781.28,15.7,3693650.13,2150351.72,30028217.1,USD,83.5,Sea,08-11-2025,09-11-2025,1,Pending,Delivered,23526433.97
PO004841,25-09-2025,S0156,P0190,WH006,CT00346,International,534,64010.3,34181500.2,925164.42,16.53,5650201.98,2572554.59,43329421.19,CNY,11.6,Sea,05-10-2025,10-10-2025,5,Approved,Partially Delivered,34181500.2
PO004842,27-08-2025,S0220,P0138,WH009,CT00188,International,73,64952.68,4741545.64,200659.25,5.25,248931.15,443222.79,5634358.83,CNY,11.6,Rail,24-09-2025,24-09-2025,0,Approved,Partially Delivered,4741545.64
PO004843,05-09-2025,S0180,P0198,WH006,CT00196,International,758,75021.42,56866236.36,1346139.12,16.12,9166837.3,7728544.83,75107757.61,JPY,0.56,Rail,03-10-2025,03-10-2025,0,Approved,Delivered,56866236.36
PO004844,27-01-2026,S0148,P0020,WH005,CT00402,International,938,64009.57,60040976.66,590968,15.51,9312355.48,7648549.07,77592849.21,AED,22.7,Sea,20-02-2026,25-02-2026,5,Approved,Partially Delivered,60040976.66
PO004845,23-02-2025,S0152,P0299,WH007,CT00223,International,704,7098.42,4997287.68,210791.11,3.5,174905.07,284911.34,5667895.2,SGD,62,Rail,09-03-2025,11-03-2025,2,Pending,Delivered,4997287.68
PO004846,08-05-2025,S0197,P0123,WH009,CT00321,International,438,43142.01,18896200.38,787203.87,4.99,942920.4,1516135.95,22142460.6,AUD,54,Road,21-05-2025,21-05-2025,0,Approved,Cancelled,18896200.38
PO004847,09-05-2026,S0215,P0008,WH007,CT00365,International,40,55389.31,2215572.4,88585.81,17.89,396365.9,318196.93,3018721.04,AED,22.7,Rail,17-05-2026,20-05-2026,3,Approved,Cancelled,2215572.4
PO004848,12-01-2025,S0137,P0211,WH006,CT00240,International,171,42247.21,7224272.91,94280.24,3.92,283191.5,449387.65,8051132.3,CNY,11.6,Rail,13-02-2025,13-02-2025,0,Pending,Partially Delivered,7224272.91
PO004849,29-06-2025,S0170,P0083,WH009,CT00122,International,317,59596.62,18892128.54,302137.84,3.9,736793.01,2325198.74,22256258.13,JPY,0.56,Air,11-07-2025,11-07-2025,0,Approved,Delivered,18892128.54
PO004850,01-01-2026,S0184,P0256,WH007,CT00137,International,132,50589.88,6677864.16,118096.34,8.78,586316.47,388496.11,7770773.08,USD,83.5,Road,01-02-2026,02-02-2026,1,Approved,Delivered,6677864.16
PO004851,15-07-2025,S0232,P0134,WH010,CT00255,International,559,15698.65,8775545.35,191587.59,4.49,394021.99,833772.89,10194927.82,AUD,54,Road,03-08-2025,11-08-2025,8,Pending,Delivered,8775545.35
PO004852,24-07-2026,S0178,P0130,WH008,CT00232,International,186,27212.14,5061458.04,33612.16,4.95,250542.17,301098.88,5646711.25,JPY,0.56,Rail,16-08-2026,17-08-2026,1,Pending,Delivered,5061458.04
PO004853,15-06-2025,S0157,P0158,WH007,CT00534,International,813,34480.96,28033020.48,552153.68,10.54,2954680.36,3768835.23,35308689.75,AUD,54,Road,11-07-2025,11-07-2025,0,Pending,Cancelled,28033020.48
PO004854,15-05-2025,S0140,P0160,WH005,CT00363,International,461,49340.15,22745809.15,715461.89,2.1,477661.99,2652737.13,26591670.16,JPY,0.56,Air,13-06-2025,13-06-2025,0,Approved,Delivered,22745809.15
PO004855,06-06-2025,S0142,P0259,WH005,CT00281,International,404,90682.52,36635738.08,1201089.89,2.58,945202.04,3600571.29,42382601.3,JPY,0.56,Air,23-06-2025,23-06-2025,0,Approved,Delivered,36635738.08
PO004856,06-06-2025,S0224,P0079,WH005,CT00467,International,642,50746.54,32579278.68,1292854.29,15.83,5157299.82,3523643.14,42553075.93,AUD,54,Sea,25-06-2025,25-06-2025,0,Approved,Delivered,32579278.68
PO004857,09-04-2026,S0143,P0300,WH007,CT00396,International,326,2789.12,909253.12,23657.71,16.73,152118.05,115961.62,1200990.5,JPY,0.56,Rail,18-04-2026,18-04-2026,0,Pending,Cancelled,909253.12
PO004858,13-01-2026,S0164,P0082,WH006,CT00580,International,133,50805.07,6757074.31,188725.14,11.12,751386.66,631388.29,8328574.4,SGD,62,Rail,01-02-2026,01-02-2026,0,Pending,Delivered,6757074.31
PO004859,18-01-2026,S0178,P0233,WH010,CT00232,International,191,35737.45,6825852.95,53193.99,5.68,387708.45,842619.09,8109374.48,JPY,0.56,Sea,03-02-2026,05-02-2026,2,Approved,Cancelled,6825852.95
PO004860,13-01-2025,S0203,P0108,WH008,CT00454,International,495,44233.28,21895473.6,681089.32,16.49,3610563.6,1408972.42,27596098.94,JPY,0.56,Rail,23-01-2025,25-01-2025,2,Approved,Delivered,21895473.6
PO004861,25-03-2025,S0207,P0071,WH010,CT00230,International,769,38185.33,29364518.77,354743.3,3.11,913236.53,3015683.01,33648181.61,EUR,90.5,Road,13-04-2025,13-04-2025,0,Approved,Delivered,29364518.77
PO004862,26-07-2026,S0178,P0085,WH010,CT00056,International,755,60411.86,45610954.3,404935.01,5.96,2718412.88,4463344.23,53197646.42,JPY,0.56,Air,17-08-2026,25-08-2026,8,Approved,Partially Delivered,45610954.3
PO004863,10-06-2025,S0142,P0271,WH008,CT00281,International,639,14511.58,9272899.62,186024.39,8.88,823433.49,688236.19,10970593.69,JPY,0.56,Sea,29-06-2025,04-07-2025,5,Approved,Cancelled,9272899.62
PO004864,18-01-2025,S0141,P0295,WH006,CT00598,International,948,71479.01,67762101.48,2681626.75,10.32,6993048.87,5459538.19,82896315.29,AED,22.7,Sea,31-01-2025,31-01-2025,0,Approved,Delivered,67762101.48
PO004865,26-01-2026,S0238,P0181,WH010,CT00211,International,104,3061.53,318399.12,5118.12,14.15,45053.48,39590.04,408160.76,CNY,11.6,Air,07-02-2026,07-02-2026,0,Approved,Cancelled,318399.12
PO004866,14-08-2025,S0209,P0100,WH007,CT00051,International,806,778.61,627559.66,3959.14,9.12,57233.44,36628.97,725381.21,CNY,11.6,Rail,18-09-2025,19-09-2025,1,Pending,Partially Delivered,627559.66
PO004867,17-04-2026,S0236,P0220,WH010,CT00077,International,353,88187.58,31130215.74,329499.64,3.35,1042862.23,2929640.62,35432218.23,EUR,90.5,Road,09-05-2026,11-05-2026,2,Pending,Cancelled,31130215.74
PO004868,18-01-2026,S0149,P0038,WH005,CT00204,International,150,29213.03,4381954.5,178587.03,7.95,348365.38,358622.63,5267529.54,SGD,62,Air,08-02-2026,11-02-2026,3,Pending,Cancelled,4381954.5
PO004869,02-02-2025,S0131,P0231,WH010,CT00401,International,297,44070.44,13088920.68,133821.05,9.5,1243447.46,1003580.02,15469769.21,GBP,106,Sea,21-02-2025,24-02-2025,3,Approved,Cancelled,13088920.68
PO004870,10-03-2026,S0206,P0273,WH005,CT00182,International,160,70327.38,11252380.8,264496.46,4.34,488353.33,1010683.98,13015914.57,GBP,106,Rail,20-03-2026,20-03-2026,0,Approved,Partially Delivered,11252380.8
PO004871,28-06-2026,S0244,P0025,WH006,CT00414,International,699,13457.13,9406533.87,334017.02,5.54,521121.98,658625.59,10920298.46,EUR,90.5,Road,19-07-2026,19-07-2026,0,Approved,Delivered,9406533.87
PO004872,29-09-2025,S0219,P0026,WH006,No Contract,International,929,86006.01,79899583.29,1095071.64,8.09,6463876.29,7451123.31,94909654.53,EUR,90.5,Air,21-10-2025,26-10-2025,5,Approved,Delivered,79899583.29
PO004873,15-06-2025,S0184,P0054,WH006,CT00451,International,849,43689.27,37092190.23,816390.78,17.48,6483714.85,2269653.9,46661949.76,USD,83.5,Rail,12-07-2025,12-07-2025,0,Approved,Delivered,37092190.23
PO004874,22-06-2026,S0153,P0169,WH007,CT00092,International,450,77317.14,34792713,1352949.61,3.52,1224703.5,3775859.08,41146225.19,EUR,90.5,Sea,29-07-2026,01-08-2026,3,Approved,Partially Delivered,34792713
PO004875,18-03-2026,S0178,P0132,WH005,CT00056,International,238,25541,6078758,265169.47,9.77,593894.66,465771.64,7403593.77,JPY,0.56,Sea,02-04-2026,02-04-2026,0,Approved,Delivered,6078758
PO004876,11-08-2025,S0188,P0151,WH006,CT00071,International,41,6947.36,284841.76,4951.96,2.27,6465.91,22789.68,319049.31,GBP,106,Air,30-08-2025,02-09-2025,3,Pending,Partially Delivered,284841.76
PO004877,16-10-2025,S0219,P0101,WH008,No Contract,International,123,54204.08,6667101.84,35861.26,2.2,146676.24,794401.62,7644040.96,EUR,90.5,Rail,03-11-2025,03-11-2025,0,Pending,Delivered,6667101.84
PO004878,10-01-2025,S0209,P0069,WH007,CT00352,International,441,42181.5,18602041.5,204588.28,2.51,466911.24,1988560.26,21262101.28,CNY,11.6,Sea,06-02-2025,06-02-2025,0,Approved,Cancelled,18602041.5
PO004879,28-10-2025,S0172,P0076,WH006,CT00540,International,535,63145.45,33782815.75,1116905.75,14.93,5043774.39,3343209.67,43286705.56,AUD,54,Rail,15-11-2025,15-11-2025,0,Approved,Cancelled,33782815.75
PO004880,02-02-2025,S0134,P0150,WH008,CT00195,International,120,59986.17,7198340.4,263828.78,16.41,1181247.66,1025052.76,9668469.6,GBP,106,Air,23-02-2025,24-02-2025,1,Pending,Partially Delivered,7198340.4
PO004881,13-04-2025,S0194,P0171,WH007,CT00254,International,39,35140.72,1370488.08,53933.85,5.98,81955.19,81528.19,1587905.31,USD,83.5,Road,25-04-2025,25-04-2025,0,Pending,Delivered,1370488.08
PO004882,07-06-2026,S0237,P0097,WH010,CT00036,International,146,72258.92,10549802.32,186020.09,6.13,646702.88,1138868.55,12521393.84,USD,83.5,Road,09-07-2026,12-07-2026,3,Approved,Partially Delivered,10549802.32
PO004883,01-04-2025,S0152,P0147,WH010,CT00223,International,148,77411.84,11456952.32,120211.52,13.8,1581059.42,1469459.18,14627682.44,SGD,62,Road,11-04-2025,11-04-2025,0,Approved,Delivered,11456952.32
PO004884,03-02-2025,S0212,P0170,WH009,CT00522,International,166,65009.52,10791580.32,76473.11,3.65,393892.68,897462.73,12159408.84,AUD,54,Sea,23-02-2025,26-02-2025,3,Approved,Delivered,10791580.32
PO004885,22-10-2025,S0229,P0013,WH009,CT00193,International,227,16686.65,3787869.55,139035.04,8.58,324999.21,322391.43,4574295.23,EUR,90.5,Sea,09-11-2025,09-11-2025,0,Pending,Cancelled,3787869.55
PO004886,18-09-2025,S0165,P0161,WH009,CT00558,International,251,45328.3,11377403.3,217043.56,4.34,493779.3,1189505.97,13277732.13,USD,83.5,Rail,14-10-2025,15-10-2025,1,Approved,Delivered,11377403.3
PO004887,14-04-2026,S0156,P0235,WH006,CT00181,International,249,52313.21,13025989.29,237162.09,7.47,973041.4,882132.22,15118325,CNY,11.6,Rail,22-04-2026,22-04-2026,0,Approved,Partially Delivered,13025989.29
PO004888,06-12-2025,S0139,P0120,WH010,CT00322,International,410,79196.1,32470401,993588.55,15.88,5156299.68,2189329.95,40809619.18,AED,22.7,Rail,02-01-2026,02-01-2026,0,Approved,Delivered,32470401
PO004889,17-09-2025,S0178,P0028,WH006,CT00232,International,363,13674.35,4963789.05,48271.21,15.89,788746.08,658505.81,6459312.15,JPY,0.56,Air,03-10-2025,03-10-2025,0,Approved,Delivered,4963789.05
PO004890,23-01-2026,S0132,P0290,WH007,CT00447,International,36,76596.63,2757478.68,60077.77,4.96,136770.94,161805.23,3116132.62,JPY,0.56,Rail,04-02-2026,04-02-2026,0,Approved,Delivered,2757478.68
PO004891,22-02-2026,S0232,P0100,WH005,CT00141,International,920,677.86,623631.2,9585.13,17.52,109260.19,73343.39,815819.91,AUD,54,Air,10-03-2026,11-03-2026,1,Approved,Delivered,623631.2
PO004892,26-07-2025,S0180,P0012,WH006,CT00196,International,200,85149.73,17029946,502376.95,16.07,2736712.32,1434458.81,21703494.08,JPY,0.56,Air,24-08-2025,24-08-2025,0,Pending,Delivered,17029946
PO004893,28-05-2025,S0155,P0086,WH009,CT00526,International,620,42595.47,26409191.4,362178.53,4.95,1307254.97,2998902.9,31077527.8,AUD,54,Rail,10-06-2025,10-06-2025,0,Pending,Delivered,26409191.4
PO004894,10-04-2026,S0228,P0139,WH008,CT00377,International,644,69784.41,44941160.04,889195.95,8.97,4031222.06,2730563.35,52592141.4,SGD,62,Sea,04-05-2026,05-05-2026,1,Pending,Partially Delivered,44941160.04
PO004895,28-04-2026,S0243,P0166,WH010,CT00411,International,920,18483.88,17005169.6,491313.84,17.65,3001412.43,1837784.03,22335679.9,CNY,11.6,Sea,26-05-2026,26-05-2026,0,Approved,Partially Delivered,17005169.6
PO004896,14-04-2025,S0234,P0212,WH006,CT00413,International,708,75893.52,53732612.16,1797275.96,6.33,3401274.35,6878839.14,65810001.61,AUD,54,Air,05-05-2025,05-05-2025,0,Approved,Delivered,53732612.16
PO004897,24-03-2026,S0208,P0175,WH006,CT00205,International,665,6586.54,4380049.1,30430.33,9.84,430996.83,316710.46,5158186.72,GBP,106,Rail,12-04-2026,12-04-2026,0,Approved,Delivered,4380049.1
PO004898,14-05-2025,S0223,P0236,WH010,No Contract,International,32,66714.9,2134876.8,59761.53,8.32,177621.75,241202.41,2613462.49,AED,22.7,Rail,25-05-2025,28-05-2025,3,Approved,Cancelled,2134876.8
PO004899,20-01-2026,S0130,P0066,WH006,CT00345,International,186,45160.64,8399879.04,289723.5,6.3,529192.38,735357.01,9954151.93,SGD,62,Road,03-02-2026,04-02-2026,1,Approved,Partially Delivered,8399879.04
PO004900,09-03-2026,S0198,P0132,WH005,CT00053,International,802,26917.05,21587474.1,463019.59,17.92,3868475.36,2615195.34,28534164.39,EUR,90.5,Sea,12-04-2026,12-04-2026,0,Approved,Partially Delivered,21587474.1
PO004901,12-07-2026,S0169,P0094,WH006,CT00287,International,50,24181.5,1209075,22426.9,4.89,59123.77,146224.04,1436849.71,AUD,54,Rail,31-07-2026,31-07-2026,0,Pending,Cancelled,1209075
PO004902,18-02-2026,S0216,P0012,WH008,CT00316,International,535,77771.59,41607800.65,219931.52,7.71,3207961.43,5110207.97,50145901.57,SGD,62,Sea,13-03-2026,13-03-2026,0,Approved,Partially Delivered,41607800.65
PO004903,06-01-2026,S0143,P0128,WH006,CT00054,International,767,30987.61,23767496.87,288209.6,17.03,4047604.72,2786849.15,30890160.34,JPY,0.56,Road,18-01-2026,18-01-2026,0,Approved,Partially Delivered,23767496.87
PO004904,07-08-2025,S0167,P0146,WH010,CT00407,International,886,64518.34,57163249.24,561197.98,9.84,5624863.73,4499937.99,67849248.94,USD,83.5,Road,29-08-2025,29-08-2025,0,Approved,Delivered,57163249.24
PO004905,24-07-2025,S0164,P0167,WH006,CT00580,International,96,18260.98,1753054.08,58901.33,17.28,302927.75,248825.3,2363708.46,SGD,62,Air,12-08-2025,12-08-2025,0,Approved,Delivered,1753054.08
PO004906,18-06-2025,S0231,P0288,WH007,CT00570,International,473,36082.39,17066970.47,101237.91,10.79,1841526.11,2006354.53,21016089.02,SGD,62,Air,04-07-2025,04-07-2025,0,Pending,Delivered,17066970.47
PO004907,10-02-2026,S0230,P0078,WH008,CT00118,International,762,49163.93,37462914.66,1527831.88,7.82,2929599.93,3344222.38,45264568.85,EUR,90.5,Sea,26-02-2026,28-02-2026,2,Approved,Delivered,37462914.66
PO004908,14-12-2025,S0153,P0169,WH006,CT00065,International,654,75419.9,49324614.6,619172.49,5,2466230.73,5986046.84,58396064.66,EUR,90.5,Sea,18-01-2026,18-01-2026,0,Approved,Delivered,49324614.6
PO004909,02-04-2026,S0249,P0151,WH007,CT00280,International,41,6399.39,262374.99,5308.28,5.79,15191.51,23059.41,305934.19,GBP,106,Road,11-04-2026,13-04-2026,2,Approved,Delivered,262374.99
PO004910,16-08-2025,S0143,P0158,WH008,CT00531,International,151,34081.58,5146318.58,190778.33,5.43,279445.1,458059.23,6074601.24,JPY,0.56,Sea,24-08-2025,27-08-2025,3,Approved,Delivered,5146318.58
PO004911,27-06-2026,S0219,P0139,WH009,No Contract,International,991,66163.95,65568474.45,1345999.92,5.12,3357105.89,6974973.69,77246553.95,EUR,90.5,Rail,18-07-2026,18-07-2026,0,Approved,Cancelled,65568474.45
PO004912,06-06-2025,S0177,P0134,WH009,CT00208,International,141,15991.5,2254801.5,29972.66,8.84,199324.45,142204.87,2626303.48,EUR,90.5,Road,21-06-2025,21-06-2025,0,Approved,Cancelled,2254801.5
PO004913,29-03-2026,S0150,P0173,WH008,CT00332,International,74,33649.43,2490057.82,85378.38,5.11,127241.95,304358.81,3007036.96,SGD,62,Sea,24-04-2026,24-04-2026,0,Pending,Delivered,2490057.82
PO004914,08-04-2026,S0221,P0264,WH005,CT00244,International,691,14058.32,9714299.12,426890.34,8.66,841258.3,1052764.35,12035212.11,EUR,90.5,Rail,03-05-2026,08-05-2026,5,Approved,Cancelled,9714299.12
PO004915,31-03-2026,S0188,P0050,WH009,CT00071,International,862,43998.73,37926905.26,835555.04,7.5,2844517.89,4568509.13,46175487.32,GBP,106,Air,18-04-2026,18-04-2026,0,Pending,Partially Delivered,37926905.26
PO004916,11-04-2026,S0162,P0193,WH008,CT00062,International,569,25762.73,14658993.37,212337.49,8.16,1196173.86,1411387.22,17478891.94,CNY,11.6,Sea,01-05-2026,01-05-2026,0,Pending,Delivered,14658993.37
PO004917,18-06-2025,S0142,P0237,WH006,CT00281,International,843,26242.9,22122764.7,840566.04,12.07,2670217.7,2947781.26,28581329.7,JPY,0.56,Rail,15-07-2025,15-07-2025,0,Pending,Cancelled,22122764.7
PO004918,13-02-2026,S0153,P0054,WH010,CT00539,International,331,43739.59,14477804.29,573264.21,10.13,1466601.57,1661027.06,18178697.13,EUR,90.5,Rail,14-03-2026,15-03-2026,1,Approved,Delivered,14477804.29
PO004919,02-04-2026,S0190,P0215,WH006,CT00218,International,947,34853.35,33006122.45,1257548.95,8.62,2845127.76,2307491.98,39416291.14,SGD,62,Road,07-04-2026,08-04-2026,1,Approved,Cancelled,33006122.45
PO004920,23-02-2025,S0211,P0122,WH010,CT00395,International,574,47113.27,27043016.98,364823.42,14.57,3940167.57,2572917.2,33920925.17,AED,22.7,Sea,06-03-2025,07-03-2025,1,Pending,Partially Delivered,27043016.98
PO004921,07-01-2026,S0179,P0138,WH005,CT00066,International,411,56070.31,23044897.41,948313.05,9.57,2205396.68,2681906.35,28880513.49,GBP,106,Sea,22-01-2026,22-01-2026,0,Approved,Partially Delivered,23044897.41
PO004922,21-11-2025,S0215,P0229,WH007,CT00365,International,603,7289.19,4395381.57,66491.48,13.38,588102.05,358788.85,5408763.95,AED,22.7,Road,27-11-2025,30-11-2025,3,Approved,Partially Delivered,4395381.57
PO004923,21-03-2026,S0231,P0137,WH009,CT00570,International,278,15768.93,4383762.54,151952.71,17.44,764528.19,446903.02,5747146.46,SGD,62,Road,12-04-2026,24-04-2026,12,Pending,Partially Delivered,4383762.54
PO004924,07-03-2026,S0189,P0192,WH007,CT00463,International,431,42494.84,18315276.04,338732.58,13.39,2452415.46,2245654.2,23352078.28,EUR,90.5,Sea,28-03-2026,28-03-2026,0,Approved,Cancelled,18315276.04
PO004925,02-06-2025,S0164,P0023,WH006,CT00266,International,366,17493.68,6402686.88,126560.18,4.97,318213.54,640618.92,7488079.52,SGD,62,Road,27-06-2025,27-06-2025,0,Pending,Partially Delivered,6402686.88
PO004926,23-05-2026,S0141,P0137,WH010,CT00598,International,382,15361.28,5868008.96,124933.71,8.04,471787.92,641794.87,7106525.46,AED,22.7,Road,10-06-2026,10-06-2026,0,Approved,Delivered,5868008.96
PO004927,12-06-2026,S0138,P0134,WH007,CT00351,International,72,14623.52,1052893.44,42430.2,8.31,87495.44,134502,1317321.08,AUD,54,Air,07-07-2026,09-07-2026,2,Approved,Delivered,1052893.44
PO004928,07-04-2025,S0197,P0072,WH005,CT00457,International,445,7205.37,3206389.65,62910.81,7.95,254907.98,357750.47,3881958.91,AUD,54,Air,27-04-2025,28-04-2025,1,Approved,Partially Delivered,3206389.65
PO004929,08-03-2025,S0187,P0082,WH007,CT00168,International,922,55308.9,50994805.8,1104212.94,8.81,4492642.39,3269728.34,59861389.47,AED,22.7,Road,24-03-2025,27-03-2025,3,Approved,Partially Delivered,50994805.8
PO004930,06-06-2025,S0138,P0212,WH005,CT00283,International,478,79699.49,38096356.22,790781.7,15.22,5798265.42,3793912.59,48479315.93,AUD,54,Rail,01-07-2025,01-07-2025,0,Approved,Partially Delivered,38096356.22
PO004931,26-12-2025,S0204,P0125,WH008,CT00354,International,181,11024.41,1995418.21,11432.13,6.29,125511.81,200467.35,2332829.5,JPY,0.56,Sea,15-01-2026,15-01-2026,0,Approved,Delivered,1995418.21
PO004932,07-12-2025,S0164,P0167,WH007,CT00580,International,608,17207.14,10461941.12,203045.96,15.03,1572429.75,622765.96,12860182.79,SGD,62,Air,31-12-2025,01-01-2026,1,Approved,Cancelled,10461941.12
PO004933,21-02-2025,S0189,P0112,WH006,CT00463,International,134,22386.69,2999816.46,97344.64,8.51,255284.38,393953.32,3746398.8,EUR,90.5,Road,19-03-2025,19-03-2025,0,Pending,Cancelled,2999816.46
PO004934,18-09-2025,S0183,P0215,WH010,CT00546,International,557,34634.07,19291176.99,665243.86,9.48,1828803.58,2267501.82,24052726.25,USD,83.5,Air,09-10-2025,09-10-2025,0,Pending,Cancelled,19291176.99
PO004935,13-06-2025,S0221,P0085,WH008,CT00244,International,514,67687.86,34791560.04,1509908.22,8.64,3005990.79,4271604.29,43579063.34,EUR,90.5,Sea,19-07-2025,20-07-2025,1,Pending,Delivered,34791560.04
PO004936,06-06-2026,S0234,P0078,WH010,CT00413,International,690,44129.17,30449127.3,1098730.58,10.52,3203248.19,3049096.56,37800202.63,AUD,54,Road,28-06-2026,29-06-2026,1,Pending,Cancelled,30449127.3
PO004937,16-02-2026,S0224,P0294,WH006,CT00357,International,41,49219.4,2017995.4,61615.1,9.83,198368.95,203294.98,2481274.43,AUD,54,Sea,27-02-2026,27-02-2026,0,Approved,Delivered,2017995.4
PO004938,01-06-2025,S0152,P0054,WH005,CT00375,International,635,44927.52,28528975.2,699665.81,13.14,3748707.34,3430608.95,36407957.3,SGD,62,Rail,20-06-2025,28-06-2025,8,Approved,Partially Delivered,28528975.2
PO004939,21-01-2026,S0184,P0098,WH006,CT00313,International,346,20867.71,7220227.66,309233.91,7.85,566787.87,650498.43,8746747.87,USD,83.5,Air,14-02-2026,15-02-2026,1,Approved,Cancelled,7220227.66
PO004940,03-08-2025,S0137,P0073,WH007,CT00373,International,387,34912.44,13511114.28,547292.83,11.37,1536213.69,1048347.86,16642968.66,CNY,11.6,Air,08-09-2025,08-09-2025,0,Approved,Cancelled,13511114.28
PO004941,20-07-2025,S0170,P0266,WH005,CT00122,International,344,82145.18,28257941.92,1036345.99,4.55,1285736.36,1549028.8,32129053.07,JPY,0.56,Rail,03-08-2025,06-08-2025,3,Pending,Delivered,28257941.92
PO004942,07-06-2025,S0181,P0250,WH005,CT00293,International,709,53698.08,38071938.72,849247.77,4.3,1637093.36,2098498.79,42656778.64,AED,22.7,Rail,21-06-2025,21-06-2025,0,Approved,Delivered,38071938.72
PO004943,09-04-2026,S0187,P0035,WH009,CT00068,International,56,49135.73,2751600.88,16762.17,11.57,318360.22,277992.07,3364715.34,AED,22.7,Rail,25-04-2026,26-04-2026,1,Pending,Delivered,2751600.88
PO004944,02-04-2026,S0180,P0093,WH006,CT00196,International,674,45841.1,30896901.4,224188.87,5.35,1652984.22,2582887,35356961.49,JPY,0.56,Air,02-05-2026,02-05-2026,0,Approved,Cancelled,30896901.4
PO004945,23-08-2025,S0236,P0175,WH005,CT00172,International,674,7280.05,4906753.7,95567.31,5.03,246809.71,548590.94,5797721.66,EUR,90.5,Rail,06-09-2025,14-09-2025,8,Approved,Delivered,4906753.7
PO004946,28-04-2026,S0193,P0264,WH008,CT00433,International,601,13133.65,7893323.65,269969.43,17.05,1345811.68,737529.95,10246634.71,AUD,54,Sea,13-05-2026,14-05-2026,1,Pending,Delivered,7893323.65
PO004947,01-05-2026,S0198,P0034,WH009,CT00525,International,179,40762,7296398,327125.73,15,1094459.7,790631.72,9508615.15,EUR,90.5,Air,30-05-2026,30-05-2026,0,Pending,Delivered,7296398
PO004948,29-05-2026,S0186,P0060,WH006,CT00305,International,216,5698.33,1230839.28,15180.15,12.85,158162.85,165252.67,1569434.95,EUR,90.5,Sea,14-06-2026,14-06-2026,0,Approved,Partially Delivered,1230839.28
PO004949,19-05-2026,S0161,P0293,WH010,CT00548,International,205,49755.77,10199932.85,437146.12,11.61,1184212.2,804106.86,12625398.03,AED,22.7,Rail,16-06-2026,16-06-2026,0,Approved,Partially Delivered,10199932.85
PO004950,05-06-2026,S0220,P0272,WH006,CT00249,International,79,63071.42,4982642.18,70666.24,10.26,511219.09,390292.12,5954819.63,CNY,11.6,Road,09-07-2026,11-07-2026,2,Approved,Delivered,4982642.18
PO004951,26-04-2026,S0167,P0265,WH007,CT00042,International,955,30768.21,29383640.55,315537.61,2.53,743406.11,2922525.57,33365109.84,USD,83.5,Sea,21-05-2026,02-06-2026,12,Pending,Partially Delivered,29383640.55
PO004952,05-07-2026,S0136,P0217,WH005,CT00277,International,381,61712.58,23512492.98,794848.2,16.66,3917181.33,2399599.52,30624122.03,EUR,90.5,Rail,05-08-2026,10-08-2026,5,Pending,Delivered,23512492.98
PO004953,08-07-2025,S0158,P0205,WH009,CT00015,International,943,27218.47,25667017.21,841571.99,14.43,3703750.58,2786248.39,32998588.17,EUR,90.5,Air,26-07-2025,27-07-2025,1,Pending,Cancelled,25667017.21
PO004954,26-08-2025,S0173,P0173,WH007,CT00246,International,424,34368.05,14572053.2,201022.82,15.76,2296555.58,1876909.82,18946541.42,AUD,54,Sea,05-09-2025,05-09-2025,0,Approved,Partially Delivered,14572053.2
PO004955,09-01-2026,S0192,P0124,WH010,CT00319,International,101,77956.06,7873562.06,134700.07,15.18,1195206.72,913953.9,10117422.75,JPY,0.56,Road,08-02-2026,08-02-2026,0,Approved,Delivered,7873562.06
PO004956,31-03-2026,S0206,P0184,WH006,CT00061,International,35,72532.98,2538654.3,81382.14,8.94,226955.69,329543.78,3176535.91,GBP,106,Sea,11-04-2026,16-04-2026,5,Approved,Partially Delivered,2538654.3
PO004957,03-04-2026,S0127,P0298,WH005,CT00194,International,158,15360.35,2426935.3,19766.6,4.39,106542.46,227888.91,2781133.27,AED,22.7,Road,25-04-2026,25-04-2026,0,Approved,Delivered,2426935.3
PO004958,21-02-2026,S0127,P0194,WH010,CT00194,International,850,68054.11,57845993.5,1401330.01,10.82,6258936.5,3585284.99,69091545,AED,22.7,Rail,11-03-2026,11-03-2026,0,Approved,Delivered,57845993.5
PO004959,11-02-2025,S0162,P0139,WH008,CT00062,International,871,70929.7,61779768.7,498031.56,8.45,5220390.46,5139150.67,72637341.39,CNY,11.6,Rail,27-02-2025,27-02-2025,0,Approved,Partially Delivered,61779768.7
PO004960,30-01-2026,S0221,P0108,WH008,CT00244,International,194,37234.58,7223508.52,321083.2,14.91,1077025.12,985239.09,9606855.93,EUR,90.5,Air,26-02-2026,26-02-2026,0,Approved,Delivered,7223508.52
PO004961,25-09-2025,S0209,P0065,WH010,CT00464,International,885,47314.97,41873748.45,1000755.16,4.95,2072750.55,4889648.11,49836902.27,CNY,11.6,Sea,26-10-2025,27-10-2025,1,Approved,Delivered,41873748.45
PO004962,26-05-2026,S0160,P0244,WH006,CT00380,International,435,15663.04,6813422.4,194210.26,6.74,459224.67,878476.2,8345333.53,CNY,11.6,Sea,04-06-2026,06-06-2026,2,Pending,Delivered,6813422.4
PO004963,05-08-2025,S0129,P0059,WH009,CT00364,International,154,57546.36,8862139.44,91214.95,12.63,1119288.21,818711.77,10891354.37,USD,83.5,Road,27-08-2025,28-08-2025,1,Approved,Cancelled,8862139.44
PO004964,04-06-2025,S0246,P0027,WH006,CT00331,International,669,58049.57,38835162.33,744156.98,5.78,2244672.38,3064245.36,44888237.05,USD,83.5,Air,28-06-2025,28-06-2025,0,Approved,Delivered,38835162.33
PO004965,17-12-2025,S0135,P0063,WH005,CT00072,International,750,30573.78,22930335,910259.8,13.97,3203367.8,1445274.67,28489237.27,EUR,90.5,Air,29-12-2025,29-12-2025,0,Approved,Delivered,22930335
PO004966,03-07-2025,S0184,P0162,WH007,CT00406,International,136,58096.36,7901104.96,108807.67,11.95,944182.04,474477.53,9428572.2,USD,83.5,Air,04-08-2025,04-08-2025,0,Pending,Delivered,7901104.96
PO004967,19-04-2025,S0127,P0158,WH010,CT00194,International,942,39602.61,37305658.62,606323.81,10.69,3987974.91,2196468.62,44096425.96,AED,22.7,Sea,17-05-2025,18-05-2025,1,Approved,Cancelled,37305658.62
PO004968,29-06-2025,S0128,P0275,WH008,CT00210,International,888,39113.7,34732965.6,764575.62,3.3,1146187.86,3104873.35,39748602.43,AUD,54,Air,26-07-2025,26-07-2025,0,Approved,Cancelled,34732965.6
PO004969,04-08-2026,S0203,P0164,WH006,CT00405,International,96,83694.68,8034689.28,46815.98,16.17,1299209.26,604181.81,9984896.33,JPY,0.56,Rail,13-08-2026,14-08-2026,1,Pending,Delivered,8034689.28
PO004970,01-04-2026,S0186,P0269,WH009,CT00305,International,719,82638.76,59417268.44,958512.25,2.51,1491373.44,4856243.09,66723397.22,EUR,90.5,Sea,21-04-2026,21-04-2026,0,Approved,Cancelled,59417268.44
PO004971,22-02-2026,S0218,P0248,WH007,CT00133,International,72,75611.69,5444041.68,72225.45,8.77,477442.46,540349.93,6534059.52,GBP,106,Rail,10-03-2026,11-03-2026,1,Approved,Cancelled,5444041.68
PO004972,29-10-2025,S0219,P0018,WH009,No Contract,International,252,31306.81,7889316.12,194578.97,12.74,1005098.87,1031118.76,10120112.72,EUR,90.5,Sea,20-11-2025,20-11-2025,0,Approved,Delivered,7889316.12
PO004973,27-12-2025,S0185,P0034,WH005,CT00136,International,853,46852.51,39965191.03,993674.16,15.22,6082702.07,5494262.6,52535829.86,AED,22.7,Road,18-01-2026,18-01-2026,0,Approved,Delivered,39965191.03
PO004974,01-05-2025,S0230,P0004,WH007,CT00359,International,48,65093.43,3124484.64,85432.67,5.9,184344.59,275532.73,3669794.63,EUR,90.5,Sea,10-05-2025,13-05-2025,3,Approved,Delivered,3124484.64
PO004975,01-02-2025,S0237,P0096,WH009,CT00036,International,31,37052.24,1148619.44,39671.19,13.54,155523.07,126760.2,1470573.9,USD,83.5,Rail,25-02-2025,25-02-2025,0,Approved,Cancelled,1148619.44
PO004976,09-09-2025,S0242,P0055,WH009,CT00559,International,231,32400.03,7484406.93,105356.46,7.55,565072.72,637437.16,8792273.27,EUR,90.5,Sea,06-10-2025,06-10-2025,0,Approved,Cancelled,7484406.93
PO004977,11-08-2025,S0240,P0150,WH007,CT00047,International,729,65288.84,47595564.36,608504.42,17.91,8524365.58,3801768.46,60530202.82,JPY,0.56,Rail,10-09-2025,10-09-2025,0,Approved,Cancelled,47595564.36
PO004978,12-11-2025,S0149,P0294,WH009,CT00110,International,797,47137.64,37568699.08,1091139.7,2.38,894135.04,3099790.3,42653764.12,SGD,62,Rail,04-12-2025,04-12-2025,0,Approved,Partially Delivered,37568699.08
PO004979,02-03-2026,S0147,P0144,WH005,CT00256,International,548,42255.16,23155827.68,527341.92,2.14,495534.71,2010304.3,26189008.61,EUR,90.5,Road,20-03-2026,23-03-2026,3,Approved,Cancelled,23155827.68
PO004980,20-08-2025,S0198,P0127,WH010,CT00053,International,196,66379.91,13010462.36,494670.82,11.62,1511815.73,1313160.51,16330109.42,EUR,90.5,Road,12-09-2025,12-09-2025,0,Pending,Delivered,13010462.36
PO004981,28-09-2025,S0185,P0085,WH010,CT00136,International,234,60632.11,14187913.74,552953.58,13.43,1905436.82,868078.26,17514382.4,AED,22.7,Air,12-10-2025,12-10-2025,0,Pending,Delivered,14187913.74
PO004982,24-09-2025,S0126,P0010,WH008,CT00055,International,169,9418.8,1591777.2,25879.68,16.77,266941.04,110339.45,1994937.37,EUR,90.5,Rail,01-10-2025,09-10-2025,8,Approved,Delivered,1591777.2
PO004983,19-04-2026,S0202,P0265,WH008,CT00238,International,983,30201.31,29687887.73,1136267.55,11.67,3464576.5,2381667.41,36670399.19,AUD,54,Air,23-04-2026,23-04-2026,0,Approved,Cancelled,29687887.73
PO004984,11-07-2026,S0188,P0006,WH005,CT00071,International,268,73774.01,19771434.68,502244.61,11.75,2323143.57,1566245.97,24163068.83,GBP,106,Air,02-08-2026,04-08-2026,2,Approved,Partially Delivered,19771434.68
PO004985,14-12-2025,S0219,P0012,WH007,No Contract,International,637,77522.47,49381813.39,936198.96,8.63,4261650.5,5968626,60548288.85,EUR,90.5,Rail,31-12-2025,31-12-2025,0,Approved,Delivered,49381813.39
PO004986,03-07-2026,S0126,P0297,WH009,CT00452,International,733,22686.71,16629358.43,544693.02,11.28,1875791.63,1995092.55,21044935.63,EUR,90.5,Road,13-07-2026,13-07-2026,0,Pending,Delivered,16629358.43
PO004987,19-06-2026,S0202,P0192,WH010,CT00348,International,131,47670.01,6244771.31,55326.48,9.11,568898.67,807770.77,7676767.23,AUD,54,Rail,01-07-2026,09-07-2026,8,Approved,Partially Delivered,6244771.31
PO004988,25-06-2026,S0220,P0025,WH006,CT00249,International,76,14971.45,1137830.2,5951.76,5.16,58712.04,112836.9,1315330.9,CNY,11.6,Sea,29-07-2026,29-07-2026,0,Approved,Partially Delivered,1137830.2
PO004989,10-06-2026,S0187,P0133,WH010,CT00393,International,824,71901.24,59246621.76,1257127.67,8.81,5219627.38,6650455.41,72373832.22,AED,22.7,Sea,02-07-2026,03-07-2026,1,Approved,Delivered,59246621.76
PO004990,22-09-2025,S0172,P0137,WH005,CT00540,International,317,16253.31,5152299.27,26893.12,13.17,678557.81,385612.85,6243363.05,AUD,54,Sea,12-10-2025,12-10-2025,0,Pending,Delivered,5152299.27
PO004991,05-03-2026,S0247,P0057,WH006,CT00058,International,488,38037.78,18562436.64,243988.87,5.11,948540.51,2320397.38,22075363.4,EUR,90.5,Road,31-03-2026,31-03-2026,0,Pending,Delivered,18562436.64
PO004992,03-07-2025,S0145,P0210,WH005,CT00275,International,778,72094.69,56089668.82,1970394.64,5.46,3062495.92,3364945.58,64487504.96,AED,22.7,Sea,22-07-2025,22-07-2025,0,Approved,Delivered,56089668.82
PO004993,04-11-2025,S0180,P0279,WH007,CT00196,International,483,67040.04,32380339.32,908824.19,13.1,4241824.45,3942235.5,41473223.46,JPY,0.56,Rail,03-12-2025,03-12-2025,0,Approved,Cancelled,32380339.32
PO004994,06-03-2025,S0208,P0125,WH008,CT00026,International,732,12180.9,8916418.8,186014.78,7.27,648223.65,604098.34,10354755.57,GBP,106,Air,02-04-2025,05-04-2025,3,Approved,Delivered,8916418.8
PO004995,29-07-2025,S0190,P0276,WH006,CT00416,International,789,84398.88,66590716.32,375989.78,12.02,8004204.1,5584601.94,80555512.14,SGD,62,Rail,12-08-2025,13-08-2025,1,Approved,Cancelled,66590716.32
PO004996,04-08-2026,S0176,P0100,WH005,CT00501,International,238,672.35,160019.3,7196.45,14.92,23874.88,22344.27,213434.9,GBP,106,Air,26-08-2026,26-08-2026,0,Approved,Cancelled,160019.3
PO004997,15-02-2025,S0134,P0073,WH008,CT00195,International,587,34056.98,19991447.26,187437.66,5.85,1169499.66,1638533.64,22986918.22,GBP,106,Air,17-03-2025,19-03-2025,2,Pending,Delivered,19991447.26
PO004998,01-02-2026,S0165,P0170,WH010,CT00303,International,615,64537.91,39690814.65,299462.25,6.81,2702944.48,3303206.23,45996427.61,USD,83.5,Air,08-03-2026,08-03-2026,0,Approved,Delivered,39690814.65
PO004999,16-07-2026,S0232,P0212,WH008,CT00255,International,989,74850.34,74026986.26,1356905.71,8.65,6403334.31,8309167.27,90096393.55,AUD,54,Road,03-08-2026,03-08-2026,0,Approved,Delivered,74026986.26
PO005000,23-04-2026,S0195,P0038,WH010,CT00161,International,92,28142.1,2589073.2,88055.57,7.96,206090.23,343412.3,3226631.3,AUD,54,Air,20-05-2026,20-05-2026,0,Approved,Partially Delivered,2589073.2
